crime_id,date,time,xcoord,ycoord,hour,day
903403127,05/03/2023,23:00:00,504813,183914,23,Sun
902416627,11/08/2022,19:20:00,504988,181880,19,Thu
902428587,19/12/2022,10:22:00,505152,182297,10,Mon
902427474,09/11/2022,17:00:00,505253,182511,17,Wed
902415526,29/07/2022,14:00:00,505320,188905,14,Fri
903400651,19/01/2023,16:00:00,505341,184186,16,Thu
903402294,01/03/2023,16:02:00,505342,182995,16,Wed
903402762,25/01/2023,16:30:00,505355,184224,16,Wed
902419495,25/07/2022,23:30:00,505378,182826,23,Mon
902416165,20/07/2022,10:00:00,505384,184262,10,Wed
902421036,29/11/2022,17:10:00,505384,184262,17,Tue
902418454,03/07/2022,17:55:00,505384,184262,17,Sun
902429175,22/11/2022,12:45:00,505399,184247,12,Tue
903401205,28/02/2023,16:05:00,505419,183766,16,Tue
902415728,23/08/2022,18:30:00,505420,184360,18,Tue
903407854,25/02/2023,15:40:00,505422,184177,15,Sat
902423954,08/11/2022,16:30:00,505449,184173,16,Tue
903401520,04/01/2023,16:15:00,505453,184034,16,Wed
902429926,28/11/2022,13:00:00,505459,182119,13,Mon
903406384,01/03/2023,13:30:00,505463,184272,13,Wed
902421396,06/12/2022,19:30:00,505470,181505,19,Tue
903403572,03/02/2023,16:00:00,505482,184167,16,Fri
903408776,13/03/2023,23:55:00,505522,184342,23,Mon
903413721,01/01/2023,00:01:00,505525,181212,0,Sun
903400760,09/01/2023,20:20:00,505548,184150,20,Mon
902415409,02/09/2022,01:00:00,505594,184234,1,Fri
902421601,26/09/2022,19:26:00,505617,184826,19,Mon
902428136,29/11/2022,17:30:00,505629,184361,17,Tue
902421612,10/10/2022,16:00:00,505643,184372,16,Mon
902428695,25/11/2022,17:30:00,505672,184284,17,Fri
902423514,01/11/2022,17:25:00,505689,178847,17,Tue
902417968,25/08/2022,15:40:00,505717,184465,15,Thu
903402061,21/01/2023,12:40:00,505730,184035,12,Sat
902428194,12/11/2022,13:40:00,505734,183968,13,Sat
903401274,27/02/2023,15:00:00,505755,177433,15,Mon
902419009,02/09/2022,02:10:00,505786,177600,2,Fri
903403073,14/02/2023,21:00:00,505789,180839,21,Tue
903409282,05/02/2023,14:26:00,505820,190657,14,Sun
903401605,04/03/2023,00:30:00,505876,178458,0,Sat
902416818,22/08/2022,20:30:00,505885,181895,20,Mon
902428446,30/11/2022,19:30:00,505944,180159,19,Wed
902420096,06/12/2022,21:17:00,505957,180123,21,Tue
903409925,06/03/2023,12:10:00,505963,180777,12,Mon
902428313,21/10/2022,20:30:00,505968,180784,20,Fri
903405852,02/02/2023,14:49:00,505979,190633,14,Thu
903401271,23/01/2023,11:22:00,506023,179934,11,Mon
522424385,26/09/2022,02:48:00,506024,182654,2,Mon
902422061,29/09/2022,14:55:00,506024,182654,14,Thu
333401346,27/03/2023,15:00:00,506046,180175,15,Mon
903407900,02/01/2023,12:28:00,506094,180127,12,Mon
903405491,25/01/2023,21:50:00,506116,180397,21,Wed
902429851,03/10/2022,16:00:00,506122,179307,16,Mon
902418708,21/08/2022,19:08:00,506220,180652,19,Sun
902420124,03/11/2022,23:00:00,506249,185625,23,Thu
902425163,27/10/2022,06:15:00,506277,180883,6,Thu
902425344,07/11/2022,04:16:00,506297,179716,4,Mon
902419029,04/09/2022,23:30:00,506462,185861,23,Sun
902415506,13/07/2022,20:00:00,506529,179236,20,Wed
902417264,08/07/2022,19:20:00,506544,179349,19,Fri
902422353,26/10/2022,19:30:00,506544,179349,19,Wed
902410074,09/07/2022,22:00:00,506566,179821,22,Sat
902416709,02/09/2022,23:56:00,506572,179030,23,Fri
902423895,19/11/2022,15:00:00,506670,182120,15,Sat
903401070,10/01/2023,06:55:00,506685,180959,6,Tue
903403474,28/02/2023,10:11:00,506714,179309,10,Tue
902415898,01/09/2022,23:34:00,506788,178990,23,Thu
903407794,03/03/2023,00:34:00,506903,182060,0,Fri
902421492,18/10/2022,07:16:00,506903,182060,7,Tue
902426423,23/10/2022,23:00:00,506905,182988,23,Sun
903400862,03/02/2023,13:57:00,506975,180271,13,Fri
903401056,21/03/2023,23:30:00,506991,185749,23,Tue
902419357,14/08/2022,16:00:00,507041,181918,16,Sun
902422126,28/11/2022,15:54:00,507051,181110,15,Mon
902425743,26/10/2022,11:00:00,507083,187362,11,Wed
903407256,01/02/2023,00:01:00,507122,179532,0,Wed
902419975,23/07/2022,20:00:00,507190,183915,20,Sat
903406086,24/03/2023,11:45:00,507282,178745,11,Fri
902416344,06/07/2022,16:00:00,507305,185397,16,Wed
902428401,27/09/2022,07:00:00,507327,179578,7,Tue
903408611,16/01/2023,08:15:00,507393,178973,8,Mon
903408354,25/02/2023,20:00:00,507523,184857,20,Sat
903409085,13/03/2023,22:45:00,507523,184857,22,Mon
902427822,12/10/2022,10:10:00,507639,183604,10,Wed
903404123,09/02/2023,22:00:00,507667,184684,22,Thu
902419986,06/08/2022,20:44:00,507699,184426,20,Sat
903401627,31/03/2023,22:15:00,507736,182461,22,Fri
902414417,26/07/2022,12:00:00,507742,178632,12,Tue
903409964,27/02/2023,21:00:00,507742,178632,21,Mon
902414275,18/07/2022,21:00:00,507764,182375,21,Mon
902425740,19/09/2022,21:17:00,508011,186226,21,Mon
902427765,17/11/2022,16:15:00,508045,186473,16,Thu
902428167,15/12/2022,18:40:00,508048,183519,18,Thu
902413027,10/08/2022,11:30:00,508061,180516,11,Wed
503409117,27/03/2023,13:00:00,508126,172940,13,Mon
902426475,22/11/2022,19:30:00,508146,179031,19,Tue
902422314,03/11/2022,04:30:00,508196,185815,4,Thu
902424090,24/09/2022,21:15:00,508207,185782,21,Sat
902410079,04/09/2022,01:00:00,508241,179013,1,Sun
902424021,29/09/2022,00:01:00,508244,183995,0,Thu
902410774,11/07/2022,10:20:00,508279,181454,10,Mon
902419076,04/08/2022,13:00:00,508279,181454,13,Thu
903403012,27/01/2023,16:00:00,508346,182206,16,Fri
902424882,17/10/2022,20:00:00,508364,186791,20,Mon
903409353,13/02/2023,16:30:00,508431,181457,16,Mon
902414204,01/07/2022,00:01:00,508444,179536,0,Fri
902415256,01/08/2022,18:30:00,508540,178619,18,Mon
903403395,15/03/2023,11:30:00,508600,181262,11,Wed
902424847,13/12/2022,22:30:00,508623,177520,22,Tue
902427056,24/11/2022,20:30:00,508642,181537,20,Thu
62429449,19/11/2022,04:00:00,508663,181858,4,Sat
902425243,25/10/2022,16:30:00,508665,189183,16,Tue
902428196,07/12/2022,02:30:00,508675,177657,2,Wed
903409174,27/02/2023,19:45:00,508679,178852,19,Mon
903400496,27/03/2023,15:29:00,508703,181752,15,Mon
902428691,07/10/2022,23:45:00,508723,188283,23,Fri
902422777,16/12/2022,23:40:00,508728,177933,23,Fri
902423084,11/11/2022,02:05:00,508803,186829,2,Fri
902425640,18/09/2022,00:01:00,508807,177458,0,Sun
902412145,18/07/2022,23:00:00,508866,176957,23,Mon
522434614,19/12/2022,00:01:00,508867,176958,0,Mon
503404616,17/03/2023,20:10:00,508889,173237,20,Fri
902428942,14/10/2022,17:37:00,508933,178562,17,Fri
902422186,05/12/2022,19:20:00,508935,179347,19,Mon
903405740,07/01/2023,17:15:00,508958,181062,17,Sat
903402824,07/02/2023,16:00:00,509002,180718,16,Tue
502427468,26/12/2022,18:30:00,509048,173864,18,Mon
902410779,08/09/2022,21:00:00,509082,179262,21,Thu
503400295,15/03/2023,02:00:00,509134,172637,2,Wed
503401046,20/03/2023,15:49:00,509153,174624,15,Mon
902424220,15/09/2022,21:00:00,509159,179210,21,Thu
502428378,28/12/2022,04:13:00,509235,173922,4,Wed
902421958,28/12/2022,18:15:00,509236,191441,18,Wed
902426792,20/10/2022,13:30:00,509247,187389,13,Thu
503403827,31/03/2023,02:30:00,509252,173167,2,Fri
502424435,13/11/2022,07:00:00,509262,173878,7,Sun
902420843,26/10/2022,12:30:00,509267,187358,12,Wed
902418497,19/08/2022,22:50:00,509281,181250,22,Fri
902413547,13/08/2022,23:30:00,509319,182209,23,Sat
903403361,22/01/2023,02:30:00,509339,179393,2,Sun
502422517,02/12/2022,16:45:00,509341,173821,16,Fri
502428671,01/10/2022,21:58:00,509347,174883,21,Sat
502413286,31/07/2022,15:00:00,509356,173967,15,Sun
903403470,10/01/2023,14:51:00,509358,187261,14,Tue
502413907,03/08/2022,19:10:00,509361,173184,19,Wed
903400395,14/03/2023,20:15:00,509397,181366,20,Tue
502413694,07/07/2022,08:00:00,509399,174045,8,Thu
902413357,10/08/2022,05:27:00,509413,179175,5,Wed
903409692,07/02/2023,16:05:00,509420,187160,16,Tue
903400461,22/01/2023,02:00:00,509433,181572,2,Sun
902413258,26/08/2022,22:05:00,509455,179072,22,Fri
903408293,18/02/2023,18:14:00,509458,187129,18,Sat
503401205,03/03/2023,21:00:00,509494,172562,21,Fri
902417468,28/08/2022,12:45:00,509497,187029,12,Sun
902422797,20/12/2022,18:55:00,509505,191520,18,Tue
902412997,17/08/2022,13:00:00,509506,179183,13,Wed
903400616,17/03/2023,20:50:00,509515,179176,20,Fri
902413507,09/08/2022,05:30:00,509544,181791,5,Tue
503400630,21/12/2022,09:00:00,509589,172237,9,Wed
902426625,16/11/2022,14:30:00,509604,180217,14,Wed
902421007,07/12/2022,22:00:00,509613,181552,22,Wed
503403152,02/02/2023,01:30:00,509621,175274,1,Thu
903401874,28/02/2023,16:16:00,509628,186605,16,Tue
502417868,24/08/2022,11:30:00,509630,173505,11,Wed
903404481,20/01/2023,15:25:00,509634,181613,15,Fri
502429933,21/10/2022,15:43:00,509665,172599,15,Fri
902424927,11/12/2022,20:15:00,509666,177116,20,Sun
903404104,19/02/2023,20:45:00,509669,180172,20,Sun
902426254,07/11/2022,22:50:00,509708,180818,22,Mon
902425117,09/12/2022,07:30:00,509722,181583,7,Fri
902424252,13/10/2022,07:50:00,509735,177207,7,Thu
903400926,18/03/2023,00:01:00,509739,179457,0,Sat
903407974,01/03/2023,03:00:00,509739,179457,3,Wed
902411458,27/08/2022,05:00:00,509739,179457,5,Sat
903402380,11/01/2023,19:22:00,509739,179457,19,Wed
902414196,06/08/2022,20:00:00,509739,179457,20,Sat
902414478,29/08/2022,18:15:00,509742,179470,18,Mon
902414604,01/07/2022,16:20:00,509773,179628,16,Fri
902410186,05/08/2022,14:25:00,509798,179790,14,Fri
902426717,09/12/2022,18:20:00,509798,179790,18,Fri
903402105,02/03/2023,00:01:00,509802,178577,0,Thu
502423356,25/11/2022,14:40:00,509827,172333,14,Fri
502425307,04/12/2022,18:35:00,509827,172333,18,Sun
902415377,17/08/2022,13:40:00,509836,177008,13,Wed
502428800,10/09/2022,12:41:00,509837,172530,12,Sat
902426337,10/12/2022,13:25:00,509838,189894,13,Sat
902410336,30/07/2022,12:50:00,509840,179759,12,Sat
903400471,22/01/2023,15:47:00,509863,179841,15,Sun
62422792,02/09/2022,12:00:00,509891,178870,12,Fri
902425587,18/12/2022,20:22:00,509897,180025,20,Sun
902424407,07/12/2022,21:00:00,509910,179656,21,Wed
903406756,16/03/2023,18:00:00,509935,179890,18,Thu
503405660,08/01/2023,21:00:00,509945,173694,21,Sun
902426282,19/10/2022,00:49:00,509952,179961,0,Wed
902410406,27/07/2022,01:30:00,509992,180018,1,Wed
902428078,27/11/2022,12:00:00,510010,179973,12,Sun
902424812,11/10/2022,08:20:00,510012,185794,8,Tue
902427412,10/10/2022,14:25:00,510012,182424,14,Mon
903404110,02/01/2023,19:15:00,510022,179992,19,Mon
502428641,27/09/2022,22:55:00,510027,171674,22,Tue
903409032,30/01/2023,13:50:00,510044,190496,13,Mon
903402843,12/02/2023,18:47:00,510065,181381,18,Sun
903400976,02/02/2023,14:00:00,510074,189240,14,Thu
902426384,11/11/2022,09:00:00,510080,181373,9,Fri
902426687,19/12/2022,12:00:00,510093,181363,12,Mon
902410407,09/08/2022,03:25:00,510116,187194,3,Tue
902421158,27/12/2022,19:32:00,510118,190227,19,Tue
902412926,24/07/2022,09:00:00,510122,181342,9,Sun
902416725,16/07/2022,23:00:00,510127,187158,23,Sat
902423437,09/12/2022,08:20:00,510135,187145,8,Fri
902429753,27/10/2022,15:35:00,510135,187145,15,Thu
503404055,09/03/2023,19:51:00,510144,173725,19,Thu
903409704,20/02/2023,16:45:00,510172,180237,16,Mon
902413964,09/07/2022,10:20:00,510177,181316,10,Sat
522427446,01/10/2022,21:30:00,510223,172374,21,Sat
903401580,11/01/2023,22:50:00,510238,181279,22,Wed
902413148,25/08/2022,11:05:00,510241,180370,11,Thu
503402886,26/03/2023,18:00:00,510242,176950,18,Sun
903407022,28/01/2023,17:50:00,510248,187987,17,Sat
902410994,13/07/2022,14:50:00,510251,178781,14,Wed
903405403,08/02/2023,13:00:00,510257,186923,13,Wed
903406625,06/03/2023,15:30:00,510257,190220,15,Mon
902426518,22/12/2022,18:30:00,510258,190125,18,Thu
902423426,26/11/2022,17:00:00,510260,190197,17,Sat
502425817,06/12/2022,15:45:00,510263,172608,15,Tue
903404090,11/01/2023,16:00:00,510271,190337,16,Wed
902421877,17/12/2022,19:00:00,510271,190337,19,Sat
903406850,08/01/2023,22:52:00,510271,190337,22,Sun
902426474,09/11/2022,16:32:00,510274,180829,16,Wed
502419807,31/07/2022,05:30:00,510357,172802,5,Sun
502418248,21/08/2022,07:08:00,510362,176770,7,Sun
902429333,25/10/2022,00:59:00,510399,188490,0,Tue
502426820,12/09/2022,23:00:00,510406,172739,23,Mon
502428136,25/11/2022,19:27:00,510497,176763,19,Fri
503403063,15/02/2023,11:50:00,510518,172958,11,Wed
902424063,22/10/2022,00:10:00,510525,188527,0,Sat
502414428,18/08/2022,20:50:00,510559,173078,20,Thu
503403513,09/02/2023,19:40:00,510562,173923,19,Thu
502428062,11/10/2022,23:25:00,510572,173147,23,Tue
903407160,07/01/2023,11:30:00,510576,180101,11,Sat
502427932,01/08/2022,13:00:00,510597,173175,13,Mon
503402716,10/03/2023,16:30:00,510618,173219,16,Fri
502422622,07/10/2022,07:40:00,510626,174270,7,Fri
502422821,24/09/2022,21:00:00,510631,174154,21,Sat
503404114,14/02/2023,00:01:00,510636,173388,0,Tue
502414068,21/08/2022,03:00:00,510652,175778,3,Sun
703407803,21/03/2023,19:49:00,510662,173174,19,Tue
903409070,07/01/2023,03:00:00,510665,181028,3,Sat
902420627,09/12/2022,15:20:00,510699,180237,15,Fri
902414457,13/08/2022,04:30:00,510719,182267,4,Sat
903405330,05/01/2023,18:00:00,510719,180955,18,Thu
502425176,30/11/2022,21:15:00,510722,178856,21,Wed
503413924,26/01/2023,13:00:00,510734,177722,13,Thu
502418327,05/08/2022,12:46:00,510736,174114,12,Fri
902420853,26/10/2022,19:15:00,510740,180963,19,Wed
903401385,14/03/2023,11:05:00,510749,188251,11,Tue
902425942,14/10/2022,21:45:00,510752,181095,21,Fri
502415964,03/07/2022,06:17:00,510759,173534,6,Sun
503403551,20/01/2023,20:00:00,510776,172458,20,Fri
22412141,23/07/2022,00:01:00,510803,190366,0,Sat
502424816,23/11/2022,22:45:00,510806,173169,22,Wed
903400642,30/01/2023,19:50:00,510843,182132,19,Mon
502426150,15/09/2022,18:36:00,510846,172826,18,Thu
902429823,23/10/2022,15:10:00,510856,188512,15,Sun
503407264,27/02/2023,19:15:00,510857,178971,19,Mon
902428594,12/11/2022,22:35:00,510868,187772,22,Sat
502422471,29/09/2022,00:01:00,510886,178961,0,Thu
22412418,14/12/2022,06:25:00,510988,190821,6,Wed
502429948,23/12/2022,21:33:00,510999,176486,21,Fri
502429260,16/09/2022,16:00:00,511004,174051,16,Fri
502414807,03/08/2022,19:40:00,511004,174051,19,Wed
903401523,09/02/2023,08:30:00,511027,187930,8,Thu
902415628,23/08/2022,18:00:00,511027,187916,18,Tue
502410677,11/08/2022,11:34:00,511081,175822,11,Thu
902423385,23/11/2022,14:30:00,511083,182256,14,Wed
23402471,03/02/2023,20:31:00,511111,190053,20,Fri
902411257,14/08/2022,17:22:00,511113,182205,17,Sun
902416114,30/06/2022,15:00:00,511114,181594,15,Thu
902419527,11/08/2022,18:00:00,511118,185385,18,Thu
502422210,10/09/2022,21:00:00,511118,172654,21,Sat
502422370,17/09/2022,11:20:00,511147,172943,11,Sat
903406811,16/01/2023,09:30:00,511149,187657,9,Mon
903408762,03/02/2023,18:47:00,511149,187657,18,Fri
903409522,29/01/2023,22:45:00,511157,181033,22,Sun
902428068,28/11/2022,09:55:00,511160,182493,9,Mon
903406595,15/03/2023,14:00:00,511171,182201,14,Wed
502415006,21/07/2022,21:18:00,511171,178847,21,Thu
902415935,18/07/2022,18:00:00,511190,181608,18,Mon
522413149,19/07/2022,11:00:00,511212,185499,11,Tue
903400074,27/02/2023,17:00:00,511219,185516,17,Mon
502422074,29/10/2022,02:45:00,511228,176468,2,Sat
523405290,10/01/2023,14:00:00,511235,179365,14,Tue
902420628,23/12/2022,17:40:00,511235,187768,17,Fri
22418203,13/09/2022,07:00:00,511239,189902,7,Tue
902421910,16/09/2022,15:15:00,511277,182038,15,Fri
903400674,28/02/2023,15:20:00,511279,185462,15,Tue
522413897,06/07/2022,21:00:00,511282,182854,21,Wed
502420946,28/10/2022,17:00:00,511287,176445,17,Fri
23409132,14/02/2023,07:20:00,511289,190023,7,Tue
503405620,04/01/2023,15:40:00,511332,176238,15,Wed
902410394,12/07/2022,20:45:00,511340,181879,20,Tue
903406316,17/03/2023,20:45:00,511356,181007,20,Fri
902419085,22/07/2022,19:30:00,511373,181797,19,Fri
523405260,07/01/2023,19:40:00,511428,178845,19,Sat
522429364,12/09/2022,17:00:00,511457,179406,17,Mon
502414339,01/09/2022,00:40:00,511460,177622,0,Thu
523408302,22/01/2023,02:00:00,511460,179364,2,Sun
902422528,23/12/2022,17:34:00,511463,188067,17,Fri
522420244,11/09/2022,00:42:00,511471,183058,0,Sun
502419317,04/08/2022,08:35:00,511478,177386,8,Thu
903406281,24/01/2023,13:12:00,511507,180606,13,Tue
503405335,07/03/2023,11:30:00,511508,173987,11,Tue
502410977,12/08/2022,15:35:00,511509,176325,15,Fri
503409634,22/02/2023,11:00:00,511510,173011,11,Wed
523409044,15/02/2023,03:30:00,511518,182799,3,Wed
523407202,22/01/2023,12:00:00,511528,183148,12,Sun
502427995,21/11/2022,11:00:00,511538,173247,11,Mon
912420443,31/08/2022,14:45:00,511539,190206,14,Wed
522439821,18/11/2022,17:25:00,511566,179133,17,Fri
522416559,22/07/2022,13:10:00,511568,178911,13,Fri
903406354,25/02/2023,19:45:00,511575,182329,19,Sat
502425087,14/12/2022,18:15:00,511602,177492,18,Wed
902428705,14/11/2022,11:30:00,511606,182350,11,Mon
502420391,03/10/2022,18:45:00,511617,171930,18,Mon
503405930,05/01/2023,23:48:00,511656,175999,23,Thu
502410396,02/08/2022,04:15:00,511684,176260,4,Tue
702411810,04/10/2022,18:20:00,511707,176192,18,Tue
503403383,17/02/2023,21:14:00,511731,171354,21,Fri
902417216,26/07/2022,20:47:00,511733,180517,20,Tue
502414148,20/08/2022,21:40:00,511759,176340,21,Sat
523408627,11/03/2023,20:30:00,511764,183258,20,Sat
523401630,04/01/2023,13:45:00,511790,182971,13,Wed
523402717,12/03/2023,15:47:00,511790,182971,15,Sun
523402265,25/02/2023,18:45:00,511790,182971,18,Sat
522425054,11/09/2022,00:01:00,511799,183297,0,Sun
903404174,27/02/2023,22:15:00,511802,185968,22,Mon
503408344,24/02/2023,18:30:00,511806,178468,18,Fri
23407270,15/01/2023,15:00:00,511808,189819,15,Sun
522439624,20/12/2022,07:00:00,511825,183434,7,Tue
503406073,16/02/2023,18:18:00,511831,176501,18,Thu
503405762,03/02/2023,14:22:00,511849,172557,14,Fri
503401934,23/02/2023,18:55:00,511864,171628,18,Thu
502426427,07/12/2022,13:30:00,511880,171955,13,Wed
522430693,13/12/2022,22:40:00,511897,179452,22,Tue
902428311,28/09/2022,10:55:00,511943,181668,10,Wed
502425632,08/10/2022,17:07:00,511965,175895,17,Sat
502429205,09/11/2022,21:45:00,511965,175895,21,Wed
502429900,10/09/2022,18:00:00,511970,171503,18,Sat
523409028,22/03/2023,17:34:00,511979,179191,17,Wed
522436633,08/12/2022,13:00:00,511980,179455,13,Thu
503403545,08/03/2023,20:23:00,511988,172842,20,Wed
523401607,11/03/2023,07:41:00,511991,179156,7,Sat
503401292,06/02/2023,13:30:00,511995,174989,13,Mon
522420439,31/10/2022,04:00:00,512007,178591,4,Mon
502424641,27/09/2022,18:55:00,512015,171417,18,Tue
903404427,31/03/2023,11:15:00,512044,181925,11,Fri
22418626,07/11/2022,19:00:00,512048,188777,19,Mon
523404790,07/01/2023,00:30:00,512050,182550,0,Sat
522417139,04/07/2022,12:00:00,512074,179876,12,Mon
523400348,24/03/2023,20:00:00,512077,180515,20,Fri
503401996,28/03/2023,00:55:00,512098,173005,0,Tue
902410404,01/07/2022,09:45:00,512100,185358,9,Fri
503408756,22/03/2023,20:54:00,512105,175120,20,Wed
503408483,17/02/2023,22:45:00,512108,173003,22,Fri
522423752,22/08/2022,03:40:00,512109,179288,3,Mon
522423379,31/10/2022,18:30:00,512109,178844,18,Mon
522428730,30/07/2022,22:00:00,512109,178844,22,Sat
502422233,14/10/2022,15:15:00,512111,171855,15,Fri
22416922,29/08/2022,22:50:00,512112,189578,22,Mon
502411478,24/08/2022,16:50:00,512115,172552,16,Wed
502426205,09/11/2022,22:15:00,512115,172552,22,Wed
522434913,06/12/2022,15:15:00,512117,180619,15,Tue
23405940,10/01/2023,15:45:00,512143,189867,15,Tue
22415632,30/08/2022,22:29:00,512150,187776,22,Tue
522434620,08/11/2022,15:45:00,512160,183428,15,Tue
523404763,07/02/2023,16:10:00,512160,184045,16,Tue
22418811,06/08/2022,19:50:00,512183,187887,19,Sat
522418678,12/07/2022,16:00:00,512195,179302,16,Tue
502424228,20/12/2022,12:29:00,512202,173674,12,Tue
902412326,29/07/2022,11:59:00,512205,181693,11,Fri
903400801,14/01/2023,14:00:00,512205,181693,14,Sat
503401953,15/02/2023,05:10:00,512215,176140,5,Wed
502427338,17/12/2022,19:30:00,512215,176140,19,Sat
522421712,18/08/2022,00:59:00,512217,180943,0,Thu
903402653,13/02/2023,20:00:00,512223,182686,20,Mon
912422901,01/08/2022,00:01:00,512229,179944,0,Mon
522416097,03/07/2022,17:30:00,512230,180519,17,Sun
503405873,17/02/2023,12:50:00,512234,172478,12,Fri
522429870,03/08/2022,23:00:00,512238,178806,23,Wed
522428509,27/10/2022,21:00:00,512242,179308,21,Thu
522425888,21/10/2022,15:00:00,512244,182875,15,Fri
503400786,26/03/2023,17:30:00,512254,174909,17,Sun
503408920,04/01/2023,22:21:00,512257,176064,22,Wed
22415524,06/10/2022,12:10:00,512265,189784,12,Thu
522430902,25/11/2022,15:40:00,512265,180595,15,Fri
502428950,13/09/2022,09:00:00,512270,172853,9,Tue
502426650,12/09/2022,10:00:00,512270,172853,10,Mon
522429367,13/10/2022,01:00:00,512285,180330,1,Thu
523408691,21/01/2023,12:26:00,512288,180015,12,Sat
523403145,23/02/2023,18:20:00,512289,184218,18,Thu
522436771,23/11/2022,18:00:00,512289,184218,18,Wed
523403025,22/02/2023,04:15:00,512292,179245,4,Wed
523406671,20/01/2023,02:39:00,512296,178735,2,Fri
523402840,05/01/2023,13:00:00,512301,180500,13,Thu
523403762,28/01/2023,15:30:00,512301,180500,15,Sat
522421621,08/08/2022,20:20:00,512304,179119,20,Mon
903404186,26/03/2023,13:20:00,512306,185911,13,Sun
522420211,07/08/2022,01:20:00,512308,179968,1,Sun
502419054,02/07/2022,03:22:00,512316,176484,3,Sat
502421900,10/09/2022,14:45:00,512318,171284,14,Sat
523402163,07/02/2023,08:11:00,512348,180488,8,Tue
523402325,21/02/2023,09:00:00,512352,182470,9,Tue
523400885,28/02/2023,20:23:00,512355,184470,20,Tue
522436700,06/11/2022,19:30:00,512358,179324,19,Sun
423401771,21/01/2023,00:30:00,512361,180340,0,Sat
902414895,26/07/2022,00:01:00,512363,179997,0,Tue
503401905,04/03/2023,15:59:00,512364,177376,15,Sat
502417669,04/09/2022,23:40:00,512369,175875,23,Sun
502426020,11/09/2022,18:20:00,512378,171825,18,Sun
23403604,16/03/2023,17:45:00,512381,185830,17,Thu
522433333,08/12/2022,21:19:00,512398,179409,21,Thu
523409674,18/02/2023,00:50:00,512403,179367,0,Sat
522422606,28/09/2022,11:40:00,512407,179159,11,Wed
522429995,27/09/2022,01:20:00,512419,179507,1,Tue
522428752,18/08/2022,12:00:00,512419,179507,12,Thu
502425304,29/10/2022,04:00:00,512425,175185,4,Sat
702419260,18/10/2022,18:00:00,512434,171199,18,Tue
522439764,24/12/2022,12:00:00,512448,179802,12,Sat
522421820,29/07/2022,16:00:00,512457,180741,16,Fri
523402750,07/01/2023,03:00:00,512458,180446,3,Sat
523406867,17/03/2023,16:43:00,512462,183864,16,Fri
502420215,10/11/2022,21:20:00,512466,174746,21,Thu
523408025,20/02/2023,00:01:00,512488,180743,0,Mon
523409460,05/01/2023,23:15:00,512495,180362,23,Thu
522422097,17/10/2022,08:20:00,512498,180223,8,Mon
502412386,01/08/2022,01:01:00,512501,176125,1,Mon
702417760,19/10/2022,19:10:00,512507,170569,19,Wed
522426645,21/09/2022,13:45:00,512520,183910,13,Wed
522412588,15/07/2022,15:00:00,512520,183910,15,Fri
23407253,08/03/2023,17:45:00,512520,186647,17,Wed
502419998,27/08/2022,23:25:00,512529,176929,23,Sat
502422088,28/12/2022,23:45:00,512542,175127,23,Wed
522426394,15/09/2022,13:45:00,512548,180998,13,Thu
522424341,09/08/2022,15:30:00,512548,180998,15,Tue
522421307,08/10/2022,17:00:00,512548,180422,17,Sat
522423184,10/09/2022,13:30:00,512550,181150,13,Sat
523401545,21/02/2023,19:30:00,512557,180613,19,Tue
522412129,18/07/2022,01:00:00,512563,178967,1,Mon
522426652,22/08/2022,01:15:00,512574,179662,1,Mon
502411876,29/07/2022,18:30:00,512576,177667,18,Fri
522433444,21/12/2022,21:50:00,512580,180994,21,Wed
522439630,09/11/2022,15:00:00,512588,182671,15,Wed
502421838,16/12/2022,18:45:00,512595,175609,18,Fri
23404653,09/03/2023,20:12:00,512597,180501,20,Thu
503409275,12/03/2023,22:15:00,512597,175284,22,Sun
523406307,11/03/2023,04:00:00,512613,182944,4,Sat
522433451,20/11/2022,10:00:00,512616,179917,10,Sun
523405672,28/01/2023,15:55:00,512616,179917,15,Sat
523402720,03/01/2023,22:40:00,512620,179553,22,Tue
522419298,15/07/2022,15:30:00,512621,182669,15,Fri
522427209,28/10/2022,10:20:00,512622,180392,10,Fri
522422562,22/08/2022,23:00:00,512626,182751,23,Mon
522410779,24/07/2022,18:00:00,512654,180967,18,Sun
522430361,20/11/2022,20:06:00,512657,180426,20,Sun
522428555,22/09/2022,12:45:00,512659,180393,12,Thu
523409964,17/12/2022,15:50:00,512662,179410,15,Sat
23402404,18/03/2023,15:30:00,512664,180393,15,Sat
522426378,25/10/2022,06:30:00,512665,179829,6,Tue
522412629,18/07/2022,08:30:00,512681,179911,8,Mon
523407687,19/03/2023,15:03:00,512681,179657,15,Sun
523404361,18/01/2023,15:28:00,512687,182496,15,Wed
522428732,17/08/2022,21:54:00,512687,179591,21,Wed
522414179,24/07/2022,00:01:00,512694,180127,0,Sun
522439763,13/12/2022,00:01:00,512702,179698,0,Tue
523404641,23/12/2022,17:00:00,512716,179087,17,Fri
522426527,10/10/2022,15:30:00,512726,179206,15,Mon
503400702,27/01/2023,21:20:00,512731,175340,21,Fri
523406402,23/01/2023,00:13:00,512734,180370,0,Mon
522426330,30/07/2022,12:00:00,512734,180386,12,Sat
522432913,07/12/2022,17:45:00,512747,178908,17,Wed
503400560,09/01/2023,04:30:00,512756,173653,4,Mon
523403409,30/03/2023,00:05:00,512757,180158,0,Thu
522422626,29/09/2022,15:10:00,512760,184896,15,Thu
522428657,13/10/2022,15:00:00,512760,184896,15,Thu
502424275,17/11/2022,17:49:00,512762,176147,17,Thu
703409801,31/01/2023,00:30:00,512763,170940,0,Tue
502423391,03/10/2022,20:44:00,512765,174846,20,Mon
522427108,17/10/2022,16:30:00,512769,180277,16,Mon
702413451,09/11/2022,17:00:00,512774,171666,17,Wed
523403677,18/03/2023,18:00:00,512774,180390,18,Sat
522411247,27/06/2022,20:15:00,512778,183078,20,Mon
523409176,08/03/2023,04:01:00,512793,180226,4,Wed
702400958,22/08/2022,15:30:00,512794,171404,15,Mon
502422432,02/10/2022,10:30:00,512794,180385,10,Sun
503405341,10/01/2023,14:00:00,512808,175184,14,Tue
702414571,15/11/2022,05:00:00,512821,174031,5,Tue
522433713,07/12/2022,16:27:00,512822,180318,16,Wed
522430632,29/11/2022,07:00:00,512824,179964,7,Tue
522432700,06/11/2022,13:50:00,512835,180167,13,Sun
522427317,06/10/2022,19:00:00,512842,180321,19,Thu
522422789,04/11/2022,09:30:00,512848,180375,9,Fri
523402788,29/03/2023,19:10:00,512862,184114,19,Wed
503406714,21/02/2023,21:00:00,512877,176054,21,Tue
502417186,31/07/2022,18:30:00,512888,172122,18,Sun
702415280,23/10/2022,20:50:00,512905,173979,20,Sun
523409261,13/01/2023,15:00:00,512906,182621,15,Fri
523403798,30/03/2023,22:41:00,512911,182461,22,Thu
23402661,02/02/2023,11:50:00,512941,187237,11,Thu
22411386,19/11/2022,14:00:00,512941,187237,14,Sat
22415264,12/10/2022,19:45:00,512948,185994,19,Wed
502414886,01/08/2022,17:40:00,512959,172604,17,Mon
503404371,22/01/2023,22:00:00,512964,176216,22,Sun
22416934,08/10/2022,18:11:00,512993,187679,18,Sat
523400509,31/03/2023,15:39:00,512994,180331,15,Fri
502410187,10/08/2022,08:00:00,512994,177576,8,Wed
502413675,17/07/2022,20:05:00,512998,174934,20,Sun
523408866,07/03/2023,13:25:00,513002,182694,13,Tue
702403209,03/09/2022,14:00:00,513025,171093,14,Sat
23405554,27/03/2023,18:10:00,513031,188508,18,Mon
703406020,06/01/2023,19:30:00,513031,171613,19,Fri
502425201,22/09/2022,01:00:00,513038,176228,1,Thu
702407299,28/09/2022,16:40:00,513038,174310,16,Wed
502421224,25/10/2022,17:15:00,513038,176228,17,Tue
502428885,16/11/2022,00:01:00,513049,175339,0,Wed
503409170,09/01/2023,21:20:00,513065,177926,21,Mon
703400072,12/03/2023,21:34:00,513069,171353,21,Sun
503403050,06/01/2023,04:20:00,513080,177420,4,Fri
523409293,10/02/2023,08:30:00,513080,182746,8,Fri
522438501,14/11/2022,19:29:00,513118,182350,19,Mon
502422988,24/12/2022,21:00:00,513128,174879,21,Sat
503403365,10/03/2023,14:20:00,513129,175155,14,Fri
523400835,23/02/2023,15:58:00,513134,182604,15,Thu
502423704,23/10/2022,02:00:00,513153,175325,2,Sun
503402195,13/03/2023,16:40:00,513153,175101,16,Mon
522422533,30/08/2022,20:27:00,513161,184186,20,Tue
523407517,11/03/2023,22:00:00,513161,184186,22,Sat
502419908,16/08/2022,23:23:00,513165,174898,23,Tue
502428356,28/11/2022,19:14:00,513169,176654,19,Mon
503401184,01/03/2023,20:32:00,513169,176654,20,Wed
502424292,15/10/2022,15:00:00,513174,175543,15,Sat
522410609,16/07/2022,21:30:00,513176,180156,21,Sat
522427731,09/08/2022,22:30:00,513176,180156,22,Tue
502421655,15/11/2022,16:05:00,513193,175403,16,Tue
702403879,23/09/2022,16:40:00,513199,171827,16,Fri
703400580,25/01/2023,12:33:00,513206,172030,12,Wed
503409595,14/03/2023,17:30:00,513216,175323,17,Tue
903403810,02/01/2023,01:54:00,513228,184519,1,Mon
902415207,02/08/2022,22:20:00,513228,184519,22,Tue
523408938,24/03/2023,13:42:00,513228,184519,13,Fri
523409740,05/01/2023,16:30:00,513228,184519,16,Thu
523408362,28/01/2023,14:10:00,513230,180060,14,Sat
522428950,01/08/2022,10:00:00,513249,180023,10,Mon
522428897,16/10/2022,12:00:00,513249,180023,12,Sun
522426885,26/09/2022,18:30:00,513249,180023,18,Mon
522426718,05/10/2022,21:00:00,513249,180023,21,Wed
522432311,16/11/2022,23:40:00,513258,183073,23,Wed
503400983,18/02/2023,13:50:00,513263,175571,13,Sat
702412861,13/11/2022,22:22:00,513263,172987,22,Sun
522420019,28/10/2022,23:10:00,513310,181172,23,Fri
702413381,17/11/2022,08:40:00,513330,171218,8,Thu
522412098,15/07/2022,11:25:00,513334,184288,11,Fri
23404274,27/03/2023,08:45:00,513341,188607,8,Mon
22414228,05/12/2022,15:30:00,513342,185598,15,Mon
22416136,11/11/2022,13:25:00,513355,189619,13,Fri
522430564,23/12/2022,23:00:00,513365,181295,23,Fri
23402742,17/02/2023,19:30:00,513379,187389,19,Fri
22419684,16/10/2022,21:30:00,513379,187389,21,Sun
502429296,01/12/2022,00:01:00,513380,175904,0,Thu
522423013,27/08/2022,20:45:00,513394,180144,20,Sat
523407246,26/02/2023,19:15:00,513409,182078,19,Sun
502414506,22/07/2022,15:30:00,513419,176346,15,Fri
523400193,10/02/2023,00:30:00,513436,185251,0,Fri
23409072,21/02/2023,22:42:00,513440,187827,22,Tue
522425121,08/08/2022,05:30:00,513478,180076,5,Mon
702416351,10/11/2022,11:30:00,513488,169640,11,Thu
502421314,30/10/2022,08:00:00,513503,175873,8,Sun
502412798,27/08/2022,19:26:00,513503,175873,19,Sat
522421056,03/10/2022,13:30:00,513506,183066,13,Mon
503405303,06/02/2023,18:00:00,513535,175540,18,Mon
523407636,04/03/2023,14:15:00,513541,181129,14,Sat
22411893,01/10/2022,23:40:00,513550,188484,23,Sat
523407791,21/01/2023,18:30:00,513563,185270,18,Sat
502427491,03/10/2022,22:03:00,513565,175557,22,Mon
502422050,14/09/2022,23:50:00,513565,175557,23,Wed
503403284,01/03/2023,20:44:00,513578,176943,20,Wed
503402312,28/01/2023,15:40:00,513585,175105,15,Sat
502410025,10/07/2022,23:00:00,513592,175578,23,Sun
502414216,23/07/2022,07:00:00,513599,175633,7,Sat
522410279,24/07/2022,14:40:00,513604,180747,14,Sun
503408931,17/01/2023,21:15:00,513613,175575,21,Tue
702416001,28/10/2022,04:16:00,513645,174449,4,Fri
522439302,26/11/2022,09:51:00,513649,179314,9,Sat
502425073,24/10/2022,18:10:00,513651,175587,18,Mon
22408389,12/07/2022,13:45:00,513656,188786,13,Tue
22415744,07/10/2022,11:04:00,513661,186039,11,Fri
502414269,04/09/2022,14:11:00,513672,175066,14,Sun
502426436,24/11/2022,15:15:00,513678,176415,15,Thu
22412268,25/12/2022,23:45:00,513701,185674,23,Sun
22402949,06/07/2022,00:01:00,513703,186710,0,Wed
522429523,29/08/2022,14:30:00,513706,179153,14,Mon
522423302,16/08/2022,15:41:00,513707,181012,15,Tue
22416777,07/12/2022,15:00:00,513709,185592,15,Wed
502429466,30/11/2022,00:30:00,513710,175697,0,Wed
502429132,07/10/2022,23:33:00,513710,175697,23,Fri
503401652,02/02/2023,15:40:00,513725,176667,15,Thu
502419376,30/07/2022,18:00:00,513726,175844,18,Sat
503405420,03/01/2023,08:25:00,513727,176116,8,Tue
522428534,01/04/2022,09:00:00,513730,181096,9,Fri
22416682,07/09/2022,10:00:00,513771,188301,10,Wed
502422705,10/11/2022,12:06:00,513776,175711,12,Thu
503407253,14/02/2023,13:30:00,513776,175711,13,Tue
522425971,13/08/2022,21:30:00,513787,182342,21,Sat
502428933,21/10/2022,14:00:00,513801,175622,14,Fri
502414589,04/09/2022,12:00:00,513801,175622,12,Sun
502422984,04/11/2022,13:00:00,513814,175484,13,Fri
502418528,18/08/2022,02:15:00,513828,174798,2,Thu
503406630,03/01/2023,08:22:00,513830,176141,8,Tue
502428032,07/10/2022,20:02:00,513839,175666,20,Fri
503401422,29/01/2023,22:15:00,513839,175666,22,Sun
503403880,12/01/2023,04:00:00,513841,175713,4,Thu
23409761,02/02/2023,16:05:00,513848,191276,16,Thu
23406920,07/01/2023,05:00:00,513882,186895,5,Sat
502427565,17/11/2022,02:13:00,513891,175006,2,Thu
523407263,07/02/2023,17:45:00,513896,175792,17,Tue
503403534,23/02/2023,22:55:00,513909,174847,22,Thu
702405768,25/08/2022,03:00:00,513911,172425,3,Thu
702405278,25/08/2022,03:00:00,513911,172425,3,Thu
523406098,30/03/2023,00:28:00,513913,180272,0,Thu
503403144,24/02/2023,17:55:00,513919,175051,17,Fri
23402242,16/02/2023,21:00:00,513947,190007,21,Thu
23405062,07/02/2023,16:00:00,513954,185698,16,Tue
22404139,25/06/2022,00:15:00,513968,191156,0,Sat
22400549,30/06/2022,20:50:00,513988,186092,20,Thu
502413076,29/07/2022,23:59:00,513993,176441,23,Fri
502427473,25/10/2022,15:00:00,513994,175076,15,Tue
502422325,11/11/2022,21:45:00,514016,175407,21,Fri
503400610,03/01/2023,08:28:00,514018,176191,8,Tue
22415732,28/08/2022,17:30:00,514025,186443,17,Sun
502428934,01/11/2022,09:55:00,514032,175343,9,Tue
502423628,20/12/2022,21:00:00,514050,175761,21,Tue
503405753,15/02/2023,01:11:00,514051,175374,1,Wed
502418477,06/08/2022,21:45:00,514057,175621,21,Sat
703409011,30/01/2023,16:20:00,514063,171047,16,Mon
22413434,07/10/2022,15:30:00,514065,189256,15,Fri
23408164,29/03/2023,01:00:00,514069,186207,1,Wed
23404254,27/03/2023,11:06:00,514069,186207,11,Mon
22413733,20/09/2022,05:55:00,514077,186137,5,Tue
702404078,25/08/2022,19:45:00,514090,170480,19,Thu
703405732,28/02/2023,03:06:00,514107,175549,3,Tue
22419325,22/10/2022,14:44:00,514118,186381,14,Sat
22415595,04/11/2022,16:16:00,514131,187184,16,Fri
502428380,19/09/2022,22:25:00,514140,176332,22,Mon
22412488,31/12/2022,12:21:00,514141,186309,12,Sat
23402102,07/02/2023,14:10:00,514141,186309,14,Tue
22414158,22/12/2022,16:25:00,514141,186309,16,Thu
23406573,13/03/2023,17:15:00,514141,186309,17,Mon
22403859,22/06/2022,18:07:00,514141,186309,18,Wed
503400393,19/02/2023,01:45:00,514148,175795,1,Sun
503408815,23/02/2023,12:00:00,514151,175020,12,Thu
702411470,20/10/2022,18:00:00,514165,173709,18,Thu
22419973,27/09/2022,12:30:00,514166,188138,12,Tue
502421490,20/09/2022,23:15:00,514166,175828,23,Tue
502422614,30/10/2022,20:18:00,514170,175804,20,Sun
522419499,06/07/2022,19:00:00,514196,182302,19,Wed
703406272,13/03/2023,21:05:00,514198,174390,21,Mon
703402221,03/02/2023,23:25:00,514205,173884,23,Fri
702418392,17/12/2022,10:00:00,514211,173835,10,Sat
703407641,02/02/2023,22:45:00,514213,173550,22,Thu
523407138,23/03/2023,16:30:00,514218,184478,16,Thu
503400906,17/03/2023,00:20:00,514252,176179,0,Fri
23407210,03/01/2023,13:50:00,514252,187176,13,Tue
502417317,04/08/2022,11:50:00,514266,176141,11,Thu
522428618,19/10/2022,14:30:00,514272,181273,14,Wed
702400567,25/07/2022,12:00:00,514273,170107,12,Mon
22411048,20/12/2022,16:55:00,514274,186373,16,Tue
23407142,16/02/2023,16:38:00,514274,186373,16,Thu
22416334,29/09/2022,20:30:00,514274,186373,20,Thu
702417242,02/12/2022,10:15:00,514279,174008,10,Fri
523407663,07/02/2023,21:37:00,514279,182328,21,Tue
22414270,28/07/2022,22:58:00,514280,191473,22,Thu
703400442,05/03/2023,16:00:00,514286,174270,16,Sun
503402652,01/02/2023,22:00:00,514287,175845,22,Wed
23401281,05/02/2023,21:00:00,514304,190110,21,Sun
503403085,13/03/2023,21:27:00,514304,175982,21,Mon
23403281,05/02/2023,19:00:00,514326,186918,19,Sun
702408286,02/07/2022,23:50:00,514326,173488,23,Sat
703409362,10/03/2023,23:10:00,514328,174256,23,Fri
502429824,01/11/2022,01:39:00,514331,176011,1,Tue
22414531,09/08/2022,21:50:00,514337,188590,21,Tue
503404393,19/02/2023,01:54:00,514352,176071,1,Sun
502423623,20/10/2022,03:00:00,514352,176071,3,Thu
502417056,27/07/2022,19:29:00,514353,176512,19,Wed
522431640,09/11/2022,23:15:00,514368,182278,23,Wed
22416061,15/08/2022,22:20:00,514386,191047,22,Mon
22411363,22/09/2022,21:00:00,514389,186783,21,Thu
23401222,12/02/2023,18:40:00,514389,186784,18,Sun
523404526,03/03/2023,17:01:00,514390,182329,17,Fri
23406990,20/01/2023,20:55:00,514428,186763,20,Fri
502411256,26/07/2022,15:00:00,514433,175907,15,Tue
522438642,30/11/2022,11:45:00,514441,182310,11,Wed
522422576,04/10/2022,12:00:00,514450,183836,12,Tue
522431090,10/11/2022,00:01:00,514460,182257,0,Thu
703405014,15/03/2023,00:01:00,514465,174401,0,Wed
522434222,11/11/2022,11:00:00,514487,184938,11,Fri
23401401,20/01/2023,18:45:00,514502,186216,18,Fri
522419149,12/07/2022,10:00:00,514514,183913,10,Tue
503400440,06/01/2023,13:20:00,514514,178020,13,Fri
703405112,25/02/2023,21:15:00,514516,174239,21,Sat
502410599,08/09/2022,12:30:00,514531,178015,12,Thu
23405426,28/03/2023,15:30:00,514562,186889,15,Tue
503405652,02/02/2023,16:06:00,514567,175843,16,Thu
22419755,28/10/2022,09:20:00,514568,188268,9,Fri
522428654,07/09/2022,00:01:00,514576,180152,0,Wed
503403293,19/02/2023,00:18:00,514598,174407,0,Sun
213409442,23/01/2023,09:50:00,514629,179928,9,Mon
702408658,18/08/2022,21:00:00,514639,173251,21,Thu
523403527,13/03/2023,10:30:00,514668,183749,10,Mon
22416408,12/12/2022,18:45:00,514696,190607,18,Mon
702401276,01/07/2022,00:01:00,514746,173173,0,Fri
523409583,06/02/2023,17:00:00,514747,184686,17,Mon
523404185,27/02/2023,13:20:00,514751,183361,13,Mon
523404913,27/01/2023,14:00:00,514762,183871,14,Fri
523403587,16/03/2023,23:00:00,514762,183871,23,Thu
522422636,01/10/2022,16:30:00,514808,183861,16,Sat
22415995,05/11/2022,04:50:00,514819,188523,4,Sat
23405434,23/03/2023,23:15:00,514852,189235,23,Thu
522438812,28/11/2022,03:56:00,514864,179969,3,Mon
522437514,18/12/2022,09:30:00,514864,179969,9,Sun
522423739,26/10/2022,16:42:00,514864,179969,16,Wed
522438374,24/12/2022,21:30:00,514864,179969,21,Sat
22411302,24/08/2022,06:30:00,514869,188732,6,Wed
23401022,11/02/2023,22:00:00,514870,187702,22,Sat
22412895,05/11/2022,14:57:00,514877,186821,14,Sat
522433033,30/11/2022,11:00:00,514886,184725,11,Wed
22417654,11/10/2022,15:50:00,514908,188489,15,Tue
22418854,11/10/2022,15:50:00,514908,188489,15,Tue
22410186,19/11/2022,17:00:00,514908,188489,17,Sat
22410180,29/07/2022,22:00:00,514908,188489,22,Fri
503404752,01/02/2023,05:00:00,514912,174754,5,Wed
503402753,14/02/2023,21:00:00,514917,174780,21,Tue
522434321,18/11/2022,03:30:00,514929,181616,3,Fri
523409271,19/01/2023,19:15:00,514934,181648,19,Thu
23404043,06/03/2023,18:30:00,514990,190350,18,Mon
502421421,24/09/2022,15:30:00,515000,176000,15,Sat
522426813,29/08/2022,03:55:00,515001,184604,3,Mon
523402037,14/03/2023,06:00:00,515010,183559,6,Tue
23406960,14/01/2023,21:40:00,515013,190238,21,Sat
22418851,15/08/2022,06:40:00,515017,190949,6,Mon
23409192,23/02/2023,13:00:00,515029,190064,13,Thu
22413031,09/08/2022,18:45:00,515044,190831,18,Tue
22411665,30/10/2022,01:03:00,515061,190255,1,Sun
63404838,31/03/2023,13:30:00,515063,190712,13,Fri
523408460,06/01/2023,15:00:00,515066,183956,15,Fri
523400104,10/02/2023,15:40:00,515070,180520,15,Fri
22413481,21/08/2022,00:02:00,515078,190739,0,Sun
522424343,31/08/2022,17:35:00,515089,185297,17,Wed
23408582,24/02/2023,12:37:00,515096,188705,12,Fri
523409523,03/02/2023,20:00:00,515105,181747,20,Fri
522425626,26/09/2022,12:00:00,515110,180079,12,Mon
522429804,07/09/2022,09:45:00,515130,185121,9,Wed
22412183,26/09/2022,23:50:00,515153,189899,23,Mon
22414202,24/08/2022,06:00:00,515162,190705,6,Wed
522417438,10/07/2022,17:00:00,515163,180134,17,Sun
522438004,16/12/2022,15:00:00,515194,184534,15,Fri
522438492,03/12/2022,18:30:00,515196,183521,18,Sat
22410523,16/09/2022,22:00:00,515196,188261,22,Fri
22410240,24/07/2022,02:20:00,515199,188128,2,Sun
22419491,22/08/2022,20:28:00,515199,188128,20,Mon
22414246,13/11/2022,16:31:00,515209,188181,16,Sun
22410657,03/12/2022,01:14:00,515222,187181,1,Sat
502412229,30/08/2022,18:30:00,515229,176054,18,Tue
503403564,27/02/2023,16:00:00,515233,176440,16,Mon
22419436,11/11/2022,03:00:00,515236,188287,3,Fri
502425147,09/12/2022,15:30:00,515242,177208,15,Fri
523407475,27/02/2023,15:08:00,515246,181749,15,Mon
522424248,21/10/2022,15:39:00,515251,183953,15,Fri
522427607,09/10/2022,01:11:00,515256,182155,1,Sun
702419510,05/10/2022,12:10:00,515279,173797,12,Wed
22413935,25/10/2022,18:00:00,515305,188105,18,Tue
702404057,23/07/2022,02:30:00,515307,168697,2,Sat
523400391,21/01/2023,20:00:00,515310,181190,20,Sat
702409359,17/09/2022,20:20:00,515311,173218,20,Sat
23405454,24/03/2023,17:50:00,515315,188152,17,Fri
522427825,18/09/2022,17:00:00,515324,179922,17,Sun
23407501,21/01/2023,17:15:00,515326,188288,17,Sat
22418253,22/09/2022,19:55:00,515326,188089,19,Thu
22415383,28/09/2022,20:00:00,515329,188035,20,Wed
22413357,03/12/2022,02:30:00,515330,190010,2,Sat
22400239,01/07/2022,14:00:00,515331,188040,14,Fri
22417616,08/11/2022,23:31:00,515331,188040,23,Tue
22403399,09/07/2022,11:45:00,515339,188217,11,Sat
23402672,22/02/2023,14:20:00,515339,188217,14,Wed
22410446,13/11/2022,15:26:00,515339,188217,15,Sun
22413632,31/08/2022,02:00:00,515349,188088,2,Wed
22412007,23/11/2022,15:30:00,515364,189943,15,Wed
22416103,13/09/2022,01:20:00,515365,189672,1,Tue
503406173,16/02/2023,17:30:00,515378,176307,17,Thu
23402302,09/02/2023,11:00:00,515384,189409,11,Thu
22418800,16/07/2022,20:15:00,515391,189618,20,Sat
22416591,22/08/2022,23:30:00,515391,189618,23,Mon
523409665,26/02/2023,16:15:00,515399,185522,16,Sun
22400689,12/07/2022,19:30:00,515403,189684,19,Tue
522420154,11/09/2022,19:27:00,515404,185514,19,Sun
523407373,08/02/2023,13:50:00,515413,183455,13,Wed
22413368,26/12/2022,18:30:00,515426,189750,18,Mon
22413615,21/10/2022,17:40:00,515428,188131,17,Fri
22419442,01/09/2022,00:01:00,515429,188285,0,Thu
522414508,07/07/2022,18:30:00,515441,180918,18,Thu
22410374,14/10/2022,12:45:00,515446,189692,12,Fri
523409952,01/09/2022,14:15:00,515453,180171,14,Thu
22418448,20/12/2022,18:24:00,515455,185579,18,Tue
23400391,07/02/2023,09:48:00,515458,187847,9,Tue
22411775,01/11/2022,17:25:00,515463,188088,17,Tue
23402701,20/01/2023,21:50:00,515474,189339,21,Fri
23401933,06/03/2023,16:35:00,515476,189514,16,Mon
523400230,04/01/2023,14:43:00,515481,180866,14,Wed
523409002,22/01/2023,16:40:00,515481,180866,16,Sun
523403019,31/03/2023,18:30:00,515481,180866,18,Fri
523402166,07/03/2023,00:15:00,515483,179915,0,Tue
523409354,16/02/2023,06:00:00,515490,180198,6,Thu
22401859,07/07/2022,16:05:00,515497,185600,16,Thu
22416836,11/11/2022,22:26:00,515509,188167,22,Fri
22414615,21/10/2022,17:40:00,515511,188149,17,Fri
22413804,30/09/2022,16:20:00,515513,188091,16,Fri
23402604,18/03/2023,14:55:00,515514,188071,14,Sat
22412991,22/08/2022,15:15:00,515514,188198,15,Mon
22410935,25/10/2022,17:00:00,515514,188071,17,Tue
22418835,25/10/2022,18:25:00,515526,188278,18,Tue
503405005,03/03/2023,18:35:00,515533,176979,18,Fri
332416779,26/09/2022,22:20:00,515537,171086,22,Mon
22418935,15/10/2022,18:56:00,515542,188813,18,Sat
522422079,02/11/2022,18:55:00,515544,181153,18,Wed
22414705,18/10/2022,11:00:00,515557,188073,11,Tue
523405682,30/01/2023,18:30:00,515560,180101,18,Mon
22415245,26/10/2022,11:40:00,515566,189260,11,Wed
22410571,18/08/2022,18:05:00,515595,188271,18,Thu
702408317,13/07/2022,00:30:00,515596,173131,0,Wed
22412396,19/11/2022,21:40:00,515599,189073,21,Sat
22417500,15/07/2022,12:00:00,515603,189487,12,Fri
22418433,19/09/2022,05:15:00,515611,188672,5,Mon
22413154,10/10/2022,13:30:00,515616,188301,13,Mon
23405192,25/02/2023,14:00:00,515616,188301,14,Sat
23403174,30/03/2023,15:00:00,515616,188301,15,Thu
912421660,02/08/2022,16:35:00,515616,188301,16,Tue
22418145,26/10/2022,08:30:00,515630,188910,8,Wed
522422712,18/08/2022,01:05:00,515638,185037,1,Thu
22411081,19/08/2022,17:00:00,515640,191946,17,Fri
522424971,14/08/2022,03:00:00,515652,182875,3,Sun
912420968,27/10/2022,06:50:00,515652,188422,6,Thu
503409554,17/02/2023,23:00:00,515671,176439,23,Fri
22416071,17/08/2022,22:00:00,515677,191805,22,Wed
22419541,12/08/2022,13:50:00,515678,188382,13,Fri
23404860,10/01/2023,00:01:00,515684,188298,0,Tue
523403178,26/03/2023,19:10:00,515686,180352,19,Sun
523407541,16/01/2023,17:20:00,515704,180932,17,Mon
523409014,11/02/2023,16:14:00,515708,180059,16,Sat
702408477,30/07/2022,02:50:00,515709,174195,2,Sat
22415507,24/11/2022,08:50:00,515712,188450,8,Thu
22414858,24/12/2022,14:30:00,515712,188450,14,Sat
23405883,15/03/2023,16:50:00,515712,188450,16,Wed
22410337,29/11/2022,18:15:00,515724,188505,18,Tue
22417993,02/10/2022,09:50:00,515741,187990,9,Sun
522423194,14/09/2022,23:43:00,515743,181929,23,Wed
702415292,14/12/2022,15:00:00,515745,173387,15,Wed
702401218,08/08/2022,21:15:00,515751,172290,21,Mon
703401721,04/02/2023,21:45:00,515772,173716,21,Sat
522414838,04/07/2022,22:00:00,515777,180245,22,Mon
522432352,26/11/2022,13:54:00,515778,182298,13,Sat
522425225,18/09/2022,16:00:00,515784,182360,16,Sun
22418597,10/10/2022,14:53:00,515787,188777,14,Mon
703402203,20/03/2023,18:30:00,515792,171031,18,Mon
503401985,14/03/2023,16:05:00,515798,176712,16,Tue
523406290,10/01/2023,20:30:00,515798,181789,20,Tue
522427507,08/10/2022,23:30:00,515807,184825,23,Sat
522426891,14/08/2022,01:10:00,515841,179506,1,Sun
522430540,10/11/2022,10:45:00,515841,182459,10,Thu
523401744,15/02/2023,14:10:00,515841,179605,14,Wed
522439080,13/11/2022,17:54:00,515856,179384,17,Sun
523401471,19/01/2023,19:56:00,515857,181116,19,Thu
522439294,26/12/2022,13:00:00,515877,182333,13,Mon
522428355,19/09/2022,13:30:00,515893,179567,13,Mon
522435003,05/12/2022,20:20:00,515902,184811,20,Mon
23407071,03/02/2023,12:50:00,515905,188218,12,Fri
522427236,01/10/2022,12:30:00,515918,184668,12,Sat
523404142,26/01/2023,16:30:00,515923,181581,16,Thu
702401519,06/09/2022,23:50:00,515947,171044,23,Tue
522425863,19/08/2022,00:01:00,515957,181329,0,Fri
22411006,05/11/2022,15:09:00,515958,189511,15,Sat
22412408,12/12/2022,20:18:00,515958,189511,20,Mon
522413379,24/07/2022,15:32:00,515960,179485,15,Sun
22419538,19/12/2022,17:25:00,515966,192051,17,Mon
703405430,10/01/2023,23:30:00,515966,173794,23,Tue
702418361,12/11/2022,19:54:00,515972,173274,19,Sat
503403301,13/01/2023,16:59:00,515973,176490,16,Fri
523403863,08/02/2023,02:00:00,515996,180308,2,Wed
22412317,24/11/2022,23:00:00,516003,188485,23,Thu
522425308,14/10/2022,15:00:00,516015,181358,15,Fri
503401920,04/01/2023,16:45:00,516030,177438,16,Wed
523407646,05/03/2023,19:00:00,516042,179215,19,Sun
523402564,10/02/2023,16:30:00,516053,179908,16,Fri
22416410,15/07/2022,23:20:00,516057,189691,23,Fri
522423129,29/10/2022,14:45:00,516059,182392,14,Sat
522419697,06/07/2022,15:30:00,516059,183306,15,Wed
702404986,06/07/2022,11:45:00,516081,173161,11,Wed
702412331,05/11/2022,00:50:00,516087,173122,0,Sat
702410101,27/10/2022,13:25:00,516087,173122,13,Thu
523408677,18/03/2023,14:15:00,516098,183940,14,Sat
23402920,06/01/2023,15:35:00,516131,190913,15,Fri
522411099,15/07/2022,00:01:00,516135,180586,0,Fri
523402926,26/02/2023,21:30:00,516142,180390,21,Sun
22411877,07/12/2022,18:20:00,516209,187825,18,Wed
523403318,20/03/2023,20:15:00,516222,180167,20,Mon
522425987,16/10/2022,00:01:00,516229,180339,0,Sun
523406785,28/02/2023,18:30:00,516230,178762,18,Tue
523400195,28/02/2023,18:40:00,516230,178762,18,Tue
523404985,26/02/2023,21:50:00,516230,180436,21,Sun
503404262,03/02/2023,01:49:00,516257,176675,1,Fri
22414934,08/10/2022,16:00:00,516269,189135,16,Sat
523406304,11/02/2023,02:30:00,516270,179866,2,Sat
703402760,20/01/2023,18:00:00,516270,173220,18,Fri
23401581,23/01/2023,00:01:00,516280,192830,0,Mon
522439681,24/11/2022,00:15:00,516281,178970,0,Thu
523409876,27/02/2023,14:00:00,516289,180300,14,Mon
913400283,10/02/2023,22:00:00,516298,186021,22,Fri
523400836,04/03/2023,22:20:00,516310,180186,22,Sat
522420503,27/08/2022,04:30:00,516312,180257,4,Sat
522418768,12/07/2022,12:05:00,516312,180257,12,Tue
522431080,11/11/2022,20:30:00,516312,180257,20,Fri
523400058,25/03/2023,19:25:00,516315,184054,19,Sat
913408871,19/01/2023,20:30:00,516319,186316,20,Thu
522420376,05/10/2022,20:00:00,516324,182922,20,Wed
522436823,05/12/2022,19:00:00,516334,180277,19,Mon
23402533,05/03/2023,20:25:00,516339,189131,20,Sun
22415525,21/10/2022,21:00:00,516346,192331,21,Fri
523409805,20/02/2023,22:00:00,516351,183261,22,Mon
522437030,01/11/2022,22:30:00,516351,183261,22,Tue
22407039,02/07/2022,04:00:00,516372,191727,4,Sat
22414891,19/08/2022,23:24:00,516376,187616,23,Fri
702408866,30/06/2022,22:00:00,516389,173246,22,Thu
22416597,10/12/2022,19:50:00,516393,189948,19,Sat
22407249,04/07/2022,20:00:00,516406,189454,20,Mon
522429018,18/10/2022,00:40:00,516426,183187,0,Tue
523402773,08/02/2023,20:45:00,516430,180512,20,Wed
522422266,03/10/2022,02:00:00,516445,183216,2,Mon
22417318,14/12/2022,16:40:00,516455,190529,16,Wed
913400254,17/02/2023,23:00:00,516458,185993,23,Fri
522420603,27/08/2022,03:25:00,516485,181574,3,Sat
913404120,03/01/2023,00:01:00,516492,185990,0,Tue
23405712,11/02/2023,19:43:00,516513,188652,19,Sat
522428544,10/09/2022,03:45:00,516514,183207,3,Sat
23409071,03/02/2023,12:25:00,516522,191593,12,Fri
22419951,15/08/2022,18:00:00,516564,188600,18,Mon
502410298,27/08/2022,00:15:00,516566,176893,0,Sat
522421213,26/08/2022,10:00:00,516574,180304,10,Fri
523403084,15/02/2023,22:00:00,516578,179868,22,Wed
22416336,11/11/2022,17:00:00,516587,189019,17,Fri
912415577,04/07/2022,06:55:00,516617,185924,6,Mon
523409056,05/03/2023,21:00:00,516621,183183,21,Sun
703400151,10/02/2023,12:30:00,516627,171325,12,Fri
522425403,27/08/2022,01:50:00,516630,181981,1,Sat
912422647,13/10/2022,14:45:00,516638,188045,14,Thu
703400292,18/03/2023,13:50:00,516649,174835,13,Sat
23402212,10/02/2023,21:45:00,516663,189347,21,Fri
912421833,29/08/2022,12:10:00,516675,188309,12,Mon
523405880,10/01/2023,11:45:00,516676,181852,11,Tue
23407904,19/03/2023,15:45:00,516690,192668,15,Sun
22412952,04/09/2022,19:45:00,516694,192087,19,Sun
702412320,07/10/2022,01:00:00,516724,172430,1,Fri
702405279,23/09/2022,10:30:00,516724,172430,10,Fri
22419578,29/12/2022,16:00:00,516742,192701,16,Thu
912421160,02/08/2022,14:20:00,516778,185775,14,Tue
22411018,13/12/2022,23:18:00,516783,188474,23,Tue
523401798,30/03/2023,17:24:00,516783,180367,17,Thu
522422035,19/09/2022,20:15:00,516785,178801,20,Mon
522434211,16/11/2022,10:30:00,516800,180482,10,Wed
912421581,14/08/2022,02:30:00,516847,185362,2,Sun
703409842,03/03/2023,15:40:00,516877,170430,15,Fri
522428734,10/09/2022,13:50:00,516879,179646,13,Sat
23405063,10/03/2023,12:20:00,516891,188612,12,Fri
913402061,18/01/2023,01:00:00,516922,185058,1,Wed
702402008,05/08/2022,21:50:00,516930,174169,21,Fri
23403670,14/01/2023,08:45:00,516939,192316,8,Sat
912437451,24/11/2022,14:00:00,516948,185156,14,Thu
522432415,30/12/2022,16:40:00,516948,179501,16,Fri
913408201,12/01/2023,20:40:00,516948,185156,20,Thu
912439401,18/11/2022,23:30:00,516951,185145,23,Fri
913409921,15/01/2023,22:50:00,516952,185045,22,Sun
503405530,05/01/2023,15:00:00,516994,178399,15,Thu
523405954,16/02/2023,18:10:00,517013,182103,18,Thu
523400426,03/03/2023,17:00:00,517021,183520,17,Fri
22412601,23/07/2022,22:35:00,517023,192097,22,Sat
22418603,10/09/2022,17:25:00,517028,190801,17,Sat
702406176,01/07/2022,20:30:00,517035,170359,20,Fri
22414188,30/12/2022,14:45:00,517044,192294,14,Fri
702415711,31/10/2022,22:30:00,517044,171975,22,Mon
503406766,24/03/2023,00:55:00,517056,178151,0,Fri
22418182,09/09/2022,02:56:00,517062,189754,2,Fri
522426109,28/10/2022,06:30:00,517096,179960,6,Fri
22416364,12/10/2022,19:15:00,517115,192113,19,Wed
522421055,21/09/2022,22:15:00,517137,179032,22,Wed
502429998,31/12/2022,01:05:00,517142,177510,1,Sat
522417849,21/07/2022,14:00:00,517144,182191,14,Thu
522422900,27/07/2022,20:18:00,517153,179678,20,Wed
523404411,30/12/2022,16:45:00,517161,179691,16,Fri
22416264,07/10/2022,15:44:00,517162,192329,15,Fri
502427952,11/10/2022,17:30:00,517167,177154,17,Tue
912425285,26/09/2022,14:00:00,517175,184712,14,Mon
22415734,07/10/2022,15:40:00,517182,192340,15,Fri
912418938,10/07/2022,17:01:00,517204,185574,17,Sun
523404609,31/03/2023,17:00:00,517210,179597,17,Fri
22419464,13/10/2022,09:50:00,517223,191822,9,Thu
523400824,13/02/2023,16:20:00,517226,180396,16,Mon
912414397,05/07/2022,22:03:00,517261,185619,22,Tue
523406492,24/01/2023,14:00:00,517262,179829,14,Tue
22416771,17/08/2022,12:30:00,517287,189683,12,Wed
702405496,06/07/2022,11:30:00,517302,173630,11,Wed
702419761,13/11/2022,23:30:00,517302,173630,23,Sun
702411452,01/12/2022,15:05:00,517303,172401,15,Thu
703408220,07/01/2023,15:30:00,517305,172366,15,Sat
703405220,07/01/2023,15:15:00,517306,172365,15,Sat
22418308,12/12/2022,17:29:00,517308,188886,17,Mon
912428405,17/09/2022,18:40:00,517330,184719,18,Sat
912422757,14/10/2022,19:55:00,517363,186583,19,Fri
523404700,31/12/2022,04:04:00,517368,180662,4,Sat
523405086,09/03/2023,04:00:00,517368,180587,4,Thu
912424660,02/08/2022,19:00:00,517368,186191,19,Tue
912438130,11/11/2022,22:00:00,517378,188834,22,Fri
522421084,13/09/2022,12:00:00,517388,180041,12,Tue
522421701,06/08/2022,17:45:00,517388,180041,17,Sat
522433013,29/11/2022,17:30:00,517397,180552,17,Tue
403409822,24/02/2023,19:55:00,517399,163851,19,Fri
522410467,03/07/2022,15:30:00,517403,179671,15,Sun
522415489,25/07/2022,06:35:00,517404,179106,6,Mon
502419847,09/08/2022,00:28:00,517418,177129,0,Tue
402402769,29/08/2022,17:30:00,517423,167000,17,Mon
502428088,28/12/2022,23:00:00,517430,170709,23,Wed
523404362,28/01/2023,03:50:00,517430,181756,3,Sat
22411538,19/12/2022,18:30:00,517435,190761,18,Mon
522426496,07/10/2022,20:50:00,517454,181747,20,Fri
523408937,14/03/2023,20:15:00,517456,179413,20,Tue
913404240,05/01/2023,20:15:00,517457,186048,20,Thu
503406701,13/01/2023,16:00:00,517462,177864,16,Fri
22411768,27/12/2022,19:00:00,517467,191063,19,Tue
22414212,21/08/2022,05:00:00,517469,190737,5,Sun
402409539,22/08/2022,23:40:00,517487,167072,23,Mon
912434111,20/11/2022,14:20:00,517495,184536,14,Sun
523401580,06/01/2023,13:30:00,517519,180755,13,Fri
522422635,20/09/2022,12:30:00,517522,181685,12,Tue
522425269,11/10/2022,18:40:00,517523,180589,18,Tue
912420251,10/08/2022,23:45:00,517523,183792,23,Wed
912428007,08/10/2022,19:50:00,517525,185804,19,Sat
523407463,07/02/2023,16:45:00,517528,180632,16,Tue
523409409,31/03/2023,17:00:00,517545,180349,17,Fri
702417591,20/11/2022,18:30:00,517556,174733,18,Sun
522421825,19/09/2022,15:00:00,517557,180164,15,Mon
523402217,12/03/2023,01:40:00,517559,180736,1,Sun
503401770,10/01/2023,16:15:00,517562,177397,16,Tue
502427813,15/10/2022,23:00:00,517567,178322,23,Sat
703407821,04/02/2023,19:35:00,517569,174142,19,Sat
913402772,30/01/2023,20:30:00,517569,183116,20,Mon
523407278,27/03/2023,17:10:00,517571,181576,17,Mon
22416390,02/08/2022,17:00:00,517574,192569,17,Tue
522418808,07/07/2022,22:45:00,517576,180467,22,Thu
702410360,18/10/2022,11:00:00,517577,171966,11,Tue
522436415,30/12/2022,16:45:00,517587,179728,16,Fri
522437440,10/11/2022,10:00:00,517596,180654,10,Thu
523407110,01/01/2023,19:00:00,517598,180427,19,Sun
523409483,07/02/2023,19:36:00,517636,181527,19,Tue
523409313,02/02/2023,16:10:00,517638,180738,16,Thu
912411657,01/07/2022,23:44:00,517646,188311,23,Fri
23409670,16/01/2023,15:45:00,517648,190588,15,Mon
522420298,26/10/2022,19:30:00,517659,179456,19,Wed
403405941,06/02/2023,12:32:00,517660,171584,12,Mon
912423201,06/08/2022,03:15:00,517666,185547,3,Sat
22406369,08/07/2022,19:35:00,517674,189527,19,Fri
523400144,14/02/2023,21:00:00,517674,180682,21,Tue
702402827,17/07/2022,03:30:00,517676,174684,3,Sun
523401463,07/02/2023,17:50:00,517683,180184,17,Tue
523402100,01/01/2023,01:11:00,517689,179188,1,Sun
702413001,28/10/2022,01:30:00,517691,172456,1,Fri
523406875,27/02/2023,22:00:00,517705,180838,22,Mon
522421721,08/08/2022,20:35:00,517708,180478,20,Mon
522415919,19/07/2022,01:00:00,517710,180482,1,Tue
523402855,25/02/2023,20:30:00,517711,179085,20,Sat
402411633,26/11/2022,16:30:00,517712,167140,16,Sat
523401045,23/02/2023,19:30:00,517734,180686,19,Thu
522434310,07/11/2022,12:06:00,517737,179302,12,Mon
913400153,07/02/2023,19:30:00,517739,178652,19,Tue
523408392,31/01/2023,07:45:00,517740,180836,7,Tue
912424363,02/09/2022,11:35:00,517742,188690,11,Fri
912429388,28/10/2022,19:25:00,517752,186137,19,Fri
522418329,19/07/2022,08:45:00,517759,180630,8,Tue
522432724,19/12/2022,18:00:00,517762,183562,18,Mon
702401579,23/09/2022,21:10:00,517763,174859,21,Fri
702419080,22/10/2022,21:30:00,517763,171556,21,Sat
522415658,12/07/2022,19:22:00,517772,181089,19,Tue
912429323,29/08/2022,16:05:00,517777,186948,16,Mon
522427075,23/09/2022,09:00:00,517786,180817,9,Fri
522428436,26/09/2022,13:15:00,517786,180817,13,Mon
522429807,07/10/2022,16:30:00,517786,180817,16,Fri
522427596,23/09/2022,17:05:00,517786,180817,17,Fri
522428556,26/09/2022,20:00:00,517786,180817,20,Mon
522420537,11/10/2022,20:14:00,517786,180817,20,Tue
522425697,17/10/2022,21:20:00,517786,180817,21,Mon
522433324,18/12/2022,16:30:00,517787,180707,16,Sun
402414781,22/10/2022,16:45:00,517792,169329,16,Sat
403408500,01/01/2023,23:00:00,517807,168718,23,Sun
912422268,26/10/2022,19:50:00,517815,183090,19,Wed
702411311,30/10/2022,22:08:00,517820,174915,22,Sun
523407845,24/02/2023,18:47:00,517822,180619,18,Fri
702405598,30/08/2022,12:45:00,517828,174804,12,Tue
402419911,07/10/2022,13:29:00,517834,169275,13,Fri
22415455,28/10/2022,12:44:00,517838,191811,12,Fri
912427496,04/10/2022,19:13:00,517843,183570,19,Tue
913408497,24/03/2023,08:30:00,517846,185251,8,Fri
912438383,20/12/2022,20:34:00,517851,184361,20,Tue
523408233,04/02/2023,14:50:00,517852,180747,14,Sat
422428995,18/10/2022,20:00:00,517853,191221,20,Tue
522421001,06/08/2022,03:00:00,517854,180827,3,Sat
912420467,15/10/2022,02:00:00,517858,186083,2,Sat
22415115,20/10/2022,15:45:00,517859,191170,15,Thu
912423847,13/10/2022,16:00:00,517859,191170,16,Thu
912423270,28/07/2022,18:10:00,517863,185049,18,Thu
913401121,14/01/2023,16:40:00,517864,183384,16,Sat
402414143,28/11/2022,19:30:00,517871,168903,19,Mon
523404317,11/03/2023,20:00:00,517871,180912,20,Sat
522427437,11/10/2022,17:53:00,517883,181261,17,Tue
522427397,17/10/2022,12:00:00,517885,180830,12,Mon
523403686,09/03/2023,13:45:00,517885,180830,13,Thu
523408444,14/02/2023,15:16:00,517885,180830,15,Tue
523406918,22/03/2023,12:00:00,517886,180900,12,Wed
402400318,21/07/2022,20:25:00,517886,167435,20,Thu
523401671,20/01/2023,01:17:00,517888,180876,1,Fri
402413672,11/11/2022,18:05:00,517895,169226,18,Fri
402417211,06/10/2022,09:40:00,517909,170061,9,Thu
403406312,21/02/2023,17:00:00,517909,170061,17,Tue
523405923,03/02/2023,17:40:00,517920,180915,17,Fri
523409627,11/03/2023,17:00:00,517920,180915,17,Sat
523406977,18/03/2023,19:40:00,517920,180915,19,Sat
522427687,12/09/2022,22:20:00,517920,180915,22,Mon
523406347,15/03/2023,15:25:00,517924,180798,15,Wed
522431915,30/12/2022,18:00:00,517924,180798,18,Fri
402403228,24/07/2022,07:00:00,517927,169653,7,Sun
913409278,29/03/2023,20:00:00,517930,183603,20,Wed
703402562,10/03/2023,22:30:00,517932,175116,22,Fri
402408347,30/06/2022,23:24:00,517932,167262,23,Thu
522432881,24/11/2022,16:30:00,517933,181046,16,Thu
912432033,14/12/2022,15:34:00,517938,188429,15,Wed
523403976,08/03/2023,17:00:00,517941,180630,17,Wed
913404738,18/03/2023,14:30:00,517959,185076,14,Sat
402400947,04/07/2022,13:15:00,517962,169337,13,Mon
402404748,29/07/2022,14:00:00,517962,169337,14,Fri
523402644,15/02/2023,13:03:00,517968,180851,13,Wed
402410261,16/10/2022,16:00:00,517969,169410,16,Sun
402419270,26/09/2022,11:05:00,517970,167053,11,Mon
402405789,04/09/2022,20:23:00,517970,169314,20,Sun
912432223,13/12/2022,16:04:00,517974,184548,16,Tue
912437183,20/12/2022,20:45:00,517975,184972,20,Tue
402414412,30/10/2022,22:10:00,517977,169440,22,Sun
522426825,19/09/2022,14:01:00,517978,180804,14,Mon
403403950,16/01/2023,19:00:00,517978,167765,19,Mon
833403743,01/02/2023,09:25:00,517979,169018,9,Wed
703403733,13/02/2023,14:50:00,517983,175088,14,Mon
403401822,24/02/2023,14:48:00,517989,174901,14,Fri
402412681,24/10/2022,18:30:00,517991,169322,18,Mon
402407459,27/08/2022,13:00:00,517994,169438,13,Sat
402414573,06/12/2022,15:40:00,517994,169438,15,Tue
403404911,30/01/2023,16:00:00,517997,169724,16,Mon
522422710,28/07/2022,19:10:00,517999,179342,19,Thu
703404522,01/03/2023,16:30:00,518002,174978,16,Wed
523411772,26/03/2023,00:01:00,518004,180693,0,Sun
913404437,18/03/2023,15:10:00,518008,184274,15,Sat
522426307,08/10/2022,19:25:00,518008,180853,19,Sat
702408328,12/08/2022,14:01:00,518015,175065,14,Fri
22416513,09/09/2022,00:01:00,518019,190566,0,Fri
913408681,21/01/2023,11:00:00,518019,187727,11,Sat
702408407,10/07/2022,19:00:00,518019,175013,19,Sun
913400194,20/02/2023,09:05:00,518021,184006,9,Mon
702400657,24/07/2022,22:05:00,518024,175185,22,Sun
523406144,14/02/2023,22:10:00,518037,180857,22,Tue
912423888,29/10/2022,06:55:00,518039,183734,6,Sat
913402447,19/03/2023,21:00:00,518039,183734,21,Sun
913406198,31/03/2023,18:21:00,518041,184944,18,Fri
523405723,03/02/2023,20:20:00,518044,180680,20,Fri
913407106,05/03/2023,16:20:00,518050,184915,16,Sun
913402830,05/01/2023,20:10:00,518050,184915,20,Thu
912427965,24/09/2022,21:00:00,518050,184915,21,Sat
913401831,24/09/2022,21:30:00,518050,184915,21,Sat
402416403,20/11/2022,05:00:00,518051,169095,5,Sun
702404229,06/09/2022,20:10:00,518052,175158,20,Tue
703407603,22/03/2023,13:00:00,518060,175019,13,Wed
912425509,29/10/2022,06:47:00,518063,183735,6,Sat
523407274,15/02/2023,23:55:00,518064,181165,23,Wed
522434150,10/11/2022,16:20:00,518066,181182,16,Thu
402414203,19/11/2022,12:48:00,518070,167315,12,Sat
402418404,14/12/2022,12:05:00,518072,169199,12,Wed
402413172,09/11/2022,13:30:00,518084,169460,13,Wed
23406731,27/01/2023,20:02:00,518087,185042,20,Fri
913407121,14/01/2023,18:00:00,518091,184893,18,Sat
402414120,13/09/2022,15:25:00,518107,169464,15,Tue
22419974,14/10/2022,16:20:00,518108,189894,16,Fri
912418908,07/07/2022,15:05:00,518109,185050,15,Thu
403403591,08/02/2023,21:10:00,518110,169984,21,Wed
912429907,06/10/2022,18:33:00,518111,184621,18,Thu
402417573,06/12/2022,15:50:00,518112,169663,15,Tue
403409622,24/02/2023,13:50:00,518123,169228,13,Fri
403404674,16/01/2023,16:30:00,518126,168504,16,Mon
912427701,06/08/2022,18:30:00,518129,185316,18,Sat
23409023,02/03/2023,06:55:00,518130,189892,6,Thu
22419885,03/11/2022,15:50:00,518132,191243,15,Thu
22408379,11/07/2022,00:25:00,518135,189891,0,Mon
913407851,18/01/2023,18:55:00,518139,185004,18,Wed
22418724,06/10/2022,16:15:00,518141,189889,16,Thu
702406067,17/07/2022,18:35:00,518145,175275,18,Sun
702411002,20/11/2022,19:30:00,518145,175275,19,Sun
912426752,22/08/2022,13:58:00,518156,185074,13,Mon
912421939,14/10/2022,14:00:00,518160,185078,14,Fri
912436932,03/12/2022,20:30:00,518160,183885,20,Sat
403401780,23/01/2023,16:15:00,518161,169218,16,Mon
403409170,18/01/2023,17:10:00,518161,169218,17,Wed
402409899,07/09/2022,20:10:00,518164,167200,20,Wed
912429861,12/08/2022,18:25:00,518165,184541,18,Fri
522439933,09/12/2022,14:00:00,518167,180540,14,Fri
422438930,05/12/2022,16:45:00,518168,193141,16,Mon
522427077,15/10/2022,08:55:00,518174,180424,8,Sat
912427901,06/08/2022,18:00:00,518175,185251,18,Sat
912417688,14/07/2022,19:00:00,518176,185122,19,Thu
23405903,28/02/2023,21:39:00,518176,189760,21,Tue
402418761,19/10/2022,21:00:00,518179,169259,21,Wed
912415718,30/06/2022,15:38:00,518179,184176,15,Thu
402417933,27/11/2022,14:30:00,518179,169259,14,Sun
402413761,19/10/2022,14:48:00,518179,169259,14,Wed
403409821,01/02/2023,15:15:00,518179,169259,15,Wed
502426923,18/10/2022,23:46:00,518179,169259,23,Tue
402419001,03/10/2022,18:15:00,518184,169571,18,Mon
403405723,21/03/2023,20:32:00,518184,169571,20,Tue
403405161,08/02/2023,22:40:00,518184,169561,22,Wed
913409575,02/03/2023,15:10:00,518186,185130,15,Thu
912428600,27/07/2022,15:40:00,518186,184355,15,Wed
913400684,21/02/2023,16:00:00,518186,185130,16,Tue
402410403,19/11/2022,17:50:00,518186,169372,17,Sat
402410590,01/10/2022,19:50:00,518188,169486,19,Sat
912421777,15/10/2022,15:00:00,518189,184355,15,Sat
913407098,31/03/2023,19:20:00,518190,185064,19,Fri
402419513,22/11/2022,16:55:00,518191,169296,16,Tue
23400904,19/03/2023,17:05:00,518191,185836,17,Sun
22414184,15/10/2022,20:00:00,518191,189884,20,Sat
402419781,23/10/2022,22:05:00,518192,170312,22,Sun
23401571,04/02/2023,05:00:00,518199,191246,5,Sat
22411806,03/11/2022,16:00:00,518199,191246,16,Thu
22419095,03/11/2022,15:50:00,518199,191246,15,Thu
22417495,31/10/2022,17:00:00,518199,191246,17,Mon
22419204,28/09/2022,18:56:00,518199,191246,18,Wed
22416275,31/10/2022,19:46:00,518199,191246,19,Mon
522432254,20/12/2022,19:45:00,518201,182518,19,Tue
23403950,12/01/2023,15:30:00,518203,190318,15,Thu
402413660,24/09/2022,17:00:00,518209,169462,17,Sat
22418305,19/10/2022,16:00:00,518210,189867,16,Wed
912427876,06/10/2022,19:30:00,518211,184237,19,Thu
402407718,23/07/2022,02:30:00,518212,169316,2,Sat
912412249,07/07/2022,18:30:00,518214,185039,18,Thu
23403442,17/02/2023,11:10:00,518215,190486,11,Fri
22412824,04/10/2022,15:00:00,518215,189858,15,Tue
402412822,02/11/2022,21:25:00,518218,167957,21,Wed
912418548,03/07/2022,21:30:00,518218,184701,21,Sun
913404521,13/01/2023,16:10:00,518220,187185,16,Fri
22418722,28/08/2022,19:00:00,518230,189591,19,Sun
522437301,15/11/2022,18:20:00,518232,180823,18,Tue
402415602,27/10/2022,12:35:00,518233,169379,12,Thu
403401961,10/02/2023,13:05:00,518233,169379,13,Fri
912427348,24/10/2022,15:00:00,518235,185110,15,Mon
503407586,26/03/2023,12:00:00,518236,177957,12,Sun
403402882,10/03/2023,22:55:00,518238,167358,22,Fri
913407811,14/01/2023,13:10:00,518239,184386,13,Sat
402411811,07/10/2022,12:10:00,518242,169371,12,Fri
403402582,11/03/2023,03:00:00,518246,169380,3,Sat
402412541,14/10/2022,14:00:00,518250,163564,14,Fri
702418490,26/10/2022,00:01:00,518251,175412,0,Wed
22410797,10/12/2022,23:00:00,518256,191391,23,Sat
402415930,18/09/2022,05:20:00,518258,169483,5,Sun
403406302,19/02/2023,02:45:00,518260,169383,2,Sun
402413171,20/10/2022,15:55:00,518261,169650,15,Thu
912437601,19/11/2022,19:25:00,518261,185641,19,Sat
403402441,04/02/2023,17:40:00,518262,169315,17,Sat
402409267,07/07/2022,01:45:00,518266,169410,1,Thu
912413948,11/07/2022,14:00:00,518275,185212,14,Mon
913408387,23/03/2023,12:20:00,518277,185150,12,Thu
522417658,12/07/2022,19:03:00,518277,182120,19,Tue
912427947,14/10/2022,00:20:00,518285,185156,0,Fri
503405765,12/03/2023,01:00:00,518285,178058,1,Sun
522431415,28/12/2022,23:35:00,518285,180601,23,Wed
402419991,27/10/2022,04:18:00,518293,169367,4,Thu
402413512,30/10/2022,22:00:00,518293,169367,22,Sun
912428146,28/09/2022,19:00:00,518294,185200,19,Wed
912425248,23/10/2022,23:10:00,518294,184839,23,Sun
912430333,14/12/2022,15:30:00,518301,188440,15,Wed
523402322,24/01/2023,16:15:00,518301,180813,16,Tue
403409770,21/01/2023,02:00:00,518307,169245,2,Sat
912425037,12/10/2022,11:00:00,518312,184816,11,Wed
912434371,26/11/2022,22:00:00,518314,185162,22,Sat
913409040,05/01/2023,23:40:00,518316,189798,23,Thu
913404601,17/12/2022,19:00:00,518318,185209,19,Sat
913402910,03/01/2023,19:28:00,518318,185209,19,Tue
913409311,13/01/2023,20:17:00,518318,185209,20,Fri
402412621,09/10/2022,01:00:00,518330,169430,1,Sun
402413381,22/10/2022,00:15:00,518330,169430,0,Sat
522438052,30/11/2022,00:01:00,518334,180341,0,Wed
912420110,28/07/2022,03:00:00,518343,188820,3,Thu
912424475,21/09/2022,09:00:00,518343,188747,9,Wed
522437800,06/11/2022,22:40:00,518347,181088,22,Sun
22415743,21/09/2022,14:20:00,518353,191264,14,Wed
402411440,16/09/2022,15:30:00,518356,169475,15,Fri
403408613,17/03/2023,18:37:00,518356,169475,18,Fri
912438514,24/12/2022,03:30:00,518362,183491,3,Sat
913406675,02/03/2023,17:45:00,518365,188396,17,Thu
22419724,06/10/2022,16:20:00,518372,189910,16,Thu
403402290,23/01/2023,17:00:00,518372,170023,17,Mon
913407081,20/01/2023,17:54:00,518374,185246,17,Fri
912435261,25/11/2022,17:10:00,518383,185214,17,Fri
402411493,10/12/2022,17:00:00,518385,169294,17,Sat
913400406,05/03/2023,17:00:00,518396,184040,17,Sun
403406663,30/03/2023,02:05:00,518402,169360,2,Thu
703408252,05/03/2023,11:00:00,518412,174846,11,Sun
912433871,27/11/2022,23:12:00,518412,187908,23,Sun
912421597,19/10/2022,03:10:00,518414,185227,3,Wed
912429627,11/10/2022,19:00:00,518414,185227,19,Tue
23407032,14/02/2023,11:45:00,518432,189932,11,Tue
913408211,13/01/2023,15:15:00,518444,184541,15,Fri
22415215,19/10/2022,12:55:00,518447,192385,12,Wed
912438414,23/12/2022,23:05:00,518448,188901,23,Fri
702418913,26/12/2022,20:13:00,518452,173854,20,Mon
523400641,16/01/2023,21:20:00,518457,182262,21,Mon
23403162,20/02/2023,04:30:00,518464,191228,4,Mon
912431151,24/11/2022,10:10:00,518474,186116,10,Thu
913416330,25/03/2023,17:30:00,518476,185180,17,Sat
402411724,20/12/2022,17:51:00,518480,169334,17,Tue
23409353,02/03/2023,07:05:00,518485,190165,7,Thu
22412861,16/08/2022,18:25:00,518489,191740,18,Tue
23405004,17/03/2023,19:20:00,518489,191740,19,Fri
22416883,08/09/2022,15:50:00,518492,190142,15,Thu
403406111,21/01/2023,18:00:00,518497,164986,18,Sat
912425287,17/10/2022,14:10:00,518498,185219,14,Mon
702404657,19/07/2022,15:30:00,518501,175688,15,Tue
523403193,10/02/2023,00:45:00,518505,182547,0,Fri
912426742,21/08/2022,01:10:00,518505,183218,1,Sun
913407328,26/03/2023,16:00:00,518514,187694,16,Sun
912423749,03/11/2022,22:15:00,518521,185220,22,Thu
403402033,21/03/2023,22:00:00,518525,165304,22,Tue
422421071,01/09/2022,20:15:00,518532,192755,20,Thu
913404337,18/03/2023,11:10:00,518543,187489,11,Sat
22419446,14/11/2022,02:00:00,518550,189748,2,Mon
702418480,21/10/2022,19:30:00,518555,173918,19,Fri
402400328,23/07/2022,23:00:00,518559,169641,23,Sat
22410948,19/12/2022,23:15:00,518564,191256,23,Mon
912436301,16/11/2022,18:30:00,518596,188110,18,Wed
502410096,01/08/2022,19:33:00,518597,178076,19,Mon
22401959,07/07/2022,22:25:00,518603,191375,22,Thu
402419902,29/10/2022,00:20:00,518607,169531,0,Sat
402417780,30/09/2022,03:20:00,518610,165219,3,Fri
402405848,30/07/2022,23:30:00,518615,166818,23,Sat
912426247,07/10/2022,18:20:00,518618,184801,18,Fri
402414451,16/10/2022,17:15:00,518627,169465,17,Sun
402417593,11/12/2022,17:45:00,518648,168151,17,Sun
403408290,24/01/2023,14:45:00,518657,166853,14,Tue
523403910,02/01/2023,22:00:00,518657,181033,22,Mon
912427520,28/07/2022,22:00:00,518668,185674,22,Thu
403408962,06/03/2023,22:30:00,518671,166510,22,Mon
403406640,12/01/2023,21:30:00,518678,170989,21,Thu
403405761,09/02/2023,21:05:00,518682,168891,21,Thu
402415193,10/12/2022,01:30:00,518690,170656,1,Sat
22411227,28/11/2022,07:30:00,518698,190451,7,Mon
23402810,04/01/2023,13:15:00,518724,191237,13,Wed
22417172,02/09/2022,20:00:00,518724,191237,20,Fri
322439836,05/12/2022,20:00:00,518740,180881,20,Mon
912429796,07/10/2022,18:00:00,518755,185216,18,Fri
402415650,16/09/2022,18:15:00,518756,167514,18,Fri
522422122,18/08/2022,15:00:00,518759,182933,15,Thu
522426468,24/10/2022,15:00:00,518772,183079,15,Mon
402413914,19/12/2022,08:25:00,518775,170049,8,Mon
502423418,16/12/2022,12:00:00,518777,178293,12,Fri
62430892,30/12/2022,23:50:00,518777,185424,23,Fri
912435834,27/12/2022,15:20:00,518778,185774,15,Tue
702406586,05/07/2022,18:45:00,518792,174114,18,Tue
912427976,04/10/2022,11:55:00,518800,185191,11,Tue
912424838,24/10/2022,00:50:00,518803,189710,0,Mon
912436743,01/12/2022,10:00:00,518838,185245,10,Thu
402412551,16/10/2022,20:00:00,518842,168682,20,Sun
912434901,20/11/2022,17:00:00,518849,189782,17,Sun
913400834,16/02/2023,21:30:00,518868,185276,21,Thu
402419731,12/10/2022,17:36:00,518869,164030,17,Wed
523402810,02/01/2023,19:00:00,518872,182401,19,Mon
913400378,31/03/2023,19:35:00,518882,185367,19,Fri
403402830,04/01/2023,10:00:00,518885,164473,10,Wed
402419660,24/09/2022,21:42:00,518887,166658,21,Sat
502429320,11/09/2022,21:30:00,518888,179260,21,Sun
912432920,11/11/2022,16:20:00,518904,185246,16,Fri
912427998,30/10/2022,08:28:00,518909,189752,8,Sun
703402672,13/03/2023,19:20:00,518917,174601,19,Mon
913409093,11/02/2023,00:18:00,518920,186924,0,Sat
913406336,03/03/2023,12:00:00,518927,185766,12,Fri
703407640,14/01/2023,20:30:00,518931,177672,20,Sat
63409455,02/03/2023,19:25:00,518934,191408,19,Thu
913404575,02/03/2023,15:00:00,518936,188725,15,Thu
913405420,28/12/2022,19:24:00,518938,185726,19,Wed
703402322,28/02/2023,15:00:00,518941,174906,15,Tue
702418121,01/11/2022,17:00:00,518950,176325,17,Tue
502421688,29/12/2022,21:20:00,518951,178352,21,Thu
522431100,06/11/2022,08:00:00,518959,180384,8,Sun
522437804,18/12/2022,00:01:00,518963,180426,0,Sun
522434753,11/12/2022,12:00:00,518963,180426,12,Sun
523408858,26/03/2023,16:00:00,518963,180426,16,Sun
523401735,23/02/2023,18:35:00,518963,180426,18,Thu
22402099,13/07/2022,12:21:00,518966,191476,12,Wed
912426358,22/10/2022,16:44:00,518980,185483,16,Sat
522428967,15/10/2022,03:10:00,518991,181185,3,Sat
22412138,18/12/2022,22:45:00,519008,191554,22,Sun
912425147,12/10/2022,16:00:00,519010,185603,16,Wed
23403962,21/02/2023,14:05:00,519017,191864,14,Tue
913401445,17/02/2023,19:14:00,519028,186237,19,Fri
912426078,26/10/2022,12:30:00,519045,185545,12,Wed
503408207,28/03/2023,10:15:00,519047,179237,10,Tue
913405600,01/01/2023,20:25:00,519047,184088,20,Sun
502427568,26/12/2022,15:00:00,519056,177976,15,Mon
913406897,24/03/2023,13:46:00,519063,185597,13,Fri
522423721,08/08/2022,21:35:00,519067,179690,21,Mon
523402461,18/01/2023,19:00:00,519068,182145,19,Wed
523406717,11/03/2023,18:50:00,519074,182274,18,Sat
523409129,25/03/2023,17:00:00,519074,182274,17,Sat
912416357,01/07/2022,16:10:00,519075,188566,16,Fri
912421088,28/10/2022,16:00:00,519078,186402,16,Fri
912429429,01/11/2022,22:00:00,519078,186040,22,Tue
912424244,10/09/2022,21:30:00,519079,189896,21,Sat
522411458,12/07/2022,17:30:00,519086,183456,17,Tue
913408853,08/02/2023,14:00:00,519088,185259,14,Wed
912437690,18/11/2022,16:30:00,519090,186158,16,Fri
912426846,03/10/2022,21:00:00,519091,185954,21,Mon
912431880,16/11/2022,18:29:00,519093,188220,18,Wed
913402023,02/02/2023,19:10:00,519095,185571,19,Thu
422423670,22/08/2022,11:40:00,519099,192577,11,Mon
912424158,25/10/2022,16:20:00,519110,185607,16,Tue
402408728,25/07/2022,17:18:00,519132,166168,17,Mon
22416715,20/10/2022,16:05:00,519145,191489,16,Thu
912434910,11/11/2022,02:50:00,519149,189949,2,Fri
913409262,27/01/2023,08:00:00,519155,186133,8,Fri
912429442,21/08/2022,00:20:00,519156,186194,0,Sun
423402503,03/02/2023,13:30:00,519158,193594,13,Fri
422415878,30/07/2022,21:40:00,519160,192124,21,Sat
912430283,19/12/2022,19:15:00,519162,185967,19,Mon
912426957,14/10/2022,22:40:00,519165,182857,22,Fri
23407702,09/02/2023,15:42:00,519183,191530,15,Thu
912425305,17/09/2022,03:00:00,519186,186197,3,Sat
702418151,09/11/2022,20:33:00,519201,175187,20,Wed
912425386,07/10/2022,08:20:00,519203,188704,8,Fri
523406284,18/02/2023,15:40:00,519208,182068,15,Sat
23406223,01/03/2023,19:07:00,519219,185364,19,Wed
913404360,08/01/2023,15:30:00,519220,186208,15,Sun
913405742,27/01/2023,19:30:00,519229,186375,19,Fri
912418438,10/07/2022,04:10:00,519230,186149,4,Sun
912428170,03/08/2022,13:45:00,519230,188704,13,Wed
912426698,26/10/2022,18:10:00,519230,188704,18,Wed
422411109,02/08/2022,14:40:00,519245,191877,14,Tue
913407514,14/02/2023,16:20:00,519248,186287,16,Tue
912426495,27/09/2022,02:25:00,519259,183916,2,Tue
912416077,30/06/2022,15:45:00,519267,188755,15,Thu
913405462,28/01/2023,19:00:00,519275,186107,19,Sat
913408925,24/02/2023,23:25:00,519275,188707,23,Fri
913409472,30/01/2023,16:25:00,519278,185754,16,Mon
22413974,15/10/2022,12:30:00,519281,190077,12,Sat
523408583,08/02/2023,20:30:00,519288,181385,20,Wed
912423903,27/08/2022,21:37:00,519290,189779,21,Sat
912432314,23/12/2022,20:30:00,519291,186103,20,Fri
22413043,20/09/2022,16:00:00,519295,190030,16,Tue
913401700,01/01/2023,19:00:00,519299,186027,19,Sun
423400960,09/01/2023,16:00:00,519301,191645,16,Mon
912425894,16/09/2022,22:00:00,519311,188722,22,Fri
402419501,04/10/2022,19:51:00,519322,169039,19,Tue
913409664,19/02/2023,19:00:00,519325,188724,19,Sun
912435093,20/12/2022,19:10:00,519326,185569,19,Tue
912429315,18/09/2022,20:30:00,519326,185569,20,Sun
523407807,11/03/2023,18:40:00,519328,182034,18,Sat
422436281,21/12/2022,20:30:00,519334,193216,20,Wed
913400595,04/03/2023,15:40:00,519350,188730,15,Sat
913408256,07/03/2023,16:10:00,519350,188730,16,Tue
912425383,03/09/2022,22:00:00,519361,185603,22,Sat
422430881,18/12/2022,19:15:00,519364,191373,19,Sun
522423975,23/09/2022,20:00:00,519366,180318,20,Fri
502417315,09/07/2022,23:30:00,519372,179009,23,Sat
912410078,11/07/2022,11:55:00,519373,186341,11,Mon
913407636,08/03/2023,14:40:00,519373,186341,14,Wed
913407473,03/02/2023,15:10:00,519373,186341,15,Fri
912436854,29/12/2022,17:20:00,519373,186341,17,Thu
912428361,07/08/2022,18:50:00,519373,186341,18,Sun
913404110,01/01/2023,18:00:00,519373,186341,18,Sun
912423911,07/08/2022,19:00:00,519373,186341,19,Sun
913406977,21/03/2023,21:00:00,519373,186341,21,Tue
912428598,29/10/2022,14:30:00,519378,186203,14,Sat
422421465,16/10/2022,20:00:00,519378,191879,20,Sun
522417987,06/07/2022,05:00:00,519380,180225,5,Wed
912437921,22/11/2022,16:15:00,519381,186080,16,Tue
913407535,26/02/2023,20:00:00,519381,186080,20,Sun
912434753,17/12/2022,19:50:00,519382,185921,19,Sat
913403694,21/02/2023,18:30:00,519384,186222,18,Tue
422424230,16/08/2022,17:30:00,519385,191746,17,Tue
403409682,29/01/2023,00:01:00,519389,169129,0,Sun
522411319,02/07/2022,00:01:00,519393,180408,0,Sat
422428803,15/09/2022,11:15:00,519394,191775,11,Thu
912421652,22/08/2022,13:10:00,519401,185769,13,Mon
912427769,05/11/2022,14:21:00,519401,188761,14,Sat
422427577,07/11/2022,20:55:00,519404,191905,20,Mon
913402375,01/03/2023,16:15:00,519407,186466,16,Wed
913400500,01/01/2023,17:40:00,519408,186271,17,Sun
423409712,25/01/2023,13:34:00,519420,191834,13,Wed
522425211,06/08/2022,21:50:00,519420,180208,21,Sat
912426593,05/09/2022,21:20:00,519422,186383,21,Mon
423409272,30/01/2023,12:30:00,519429,191948,12,Mon
423404512,25/01/2023,14:30:00,519429,191948,14,Wed
422434321,14/12/2022,16:30:00,519429,191948,16,Wed
913403401,09/01/2023,22:00:00,519431,188837,22,Mon
912434991,29/11/2022,22:22:00,519431,186405,22,Tue
422428013,17/09/2022,18:00:00,519436,191959,18,Sat
912423576,06/10/2022,15:05:00,519440,189834,15,Thu
912426343,31/08/2022,12:30:00,519443,189023,12,Wed
422422670,22/08/2022,14:38:00,519445,191893,14,Mon
422416488,31/07/2022,17:00:00,519445,191893,17,Sun
912428188,27/10/2022,18:00:00,519455,186612,18,Thu
523403052,26/01/2023,19:10:00,519462,179611,19,Thu
522437352,30/11/2022,22:30:00,519462,179611,22,Wed
912422010,27/07/2022,19:20:00,519465,186125,19,Wed
912426179,05/11/2022,21:00:00,519465,186125,21,Sat
423401491,23/01/2023,09:43:00,519470,191857,9,Mon
422429386,29/10/2022,14:15:00,519470,191857,14,Sat
563416057,07/03/2023,17:50:00,519470,191857,17,Tue
423401607,16/03/2023,19:30:00,519470,191857,19,Thu
912436731,23/11/2022,12:00:00,519482,184697,12,Wed
422424548,15/11/2022,14:00:00,519483,193185,14,Tue
402413573,06/12/2022,14:40:00,519485,169392,14,Tue
913402963,03/02/2023,16:10:00,519491,186603,16,Fri
912430930,13/11/2022,03:19:00,519493,186183,3,Sun
423409186,16/03/2023,13:30:00,519497,192034,13,Thu
912427759,04/11/2022,21:39:00,519497,186517,21,Fri
422421159,25/11/2022,16:25:00,519498,191921,16,Fri
423403124,16/02/2023,18:30:00,519498,191921,18,Thu
422428047,29/10/2022,13:18:00,519501,191798,13,Sat
913400183,24/01/2023,16:15:00,519504,186606,16,Tue
62423785,11/08/2022,17:00:00,519505,186426,17,Thu
422421599,30/11/2022,16:20:00,519509,192008,16,Wed
422423433,20/09/2022,16:10:00,519513,192134,16,Tue
522415138,10/07/2022,11:35:00,519521,182315,11,Sun
913401613,03/02/2023,15:10:00,519525,186095,15,Fri
423403345,27/02/2023,10:00:00,519532,192014,10,Mon
422421489,29/11/2022,16:00:00,519532,192014,16,Tue
422426486,29/10/2022,18:00:00,519532,192014,18,Sat
423400844,18/02/2023,03:45:00,519547,191941,3,Sat
423407346,11/03/2023,14:45:00,519547,191941,14,Sat
422426567,06/11/2022,17:00:00,519547,191941,17,Sun
423402256,27/02/2023,20:00:00,519547,191941,20,Mon
423404361,15/01/2023,21:30:00,519547,191941,21,Sun
422411307,10/07/2022,12:45:00,519556,191784,12,Sun
402419110,11/09/2022,00:30:00,519562,166140,0,Sun
912423834,10/09/2022,13:45:00,519570,186321,13,Sat
913402585,03/03/2023,13:50:00,519577,188841,13,Fri
422425197,08/11/2022,16:20:00,519582,191573,16,Tue
912438474,31/12/2022,21:10:00,519588,186095,21,Sat
913408886,14/03/2023,14:20:00,519606,186524,14,Tue
913408370,09/01/2023,17:20:00,519606,186524,17,Mon
912433701,18/11/2022,19:30:00,519606,186524,19,Fri
403405531,02/02/2023,21:15:00,519616,169918,21,Thu
523401967,17/03/2023,20:00:00,519620,179769,20,Fri
523404556,06/03/2023,15:00:00,519626,180251,15,Mon
913403700,01/12/2022,23:00:00,519640,186733,23,Thu
423406050,06/01/2023,16:30:00,519644,192040,16,Fri
402406369,30/08/2022,12:30:00,519648,165965,12,Tue
913403047,19/03/2023,09:30:00,519649,188845,9,Sun
522427969,03/11/2022,00:40:00,519660,179510,0,Thu
422420267,08/10/2022,23:00:00,519672,191927,23,Sat
913406633,04/02/2023,17:50:00,519673,186875,17,Sat
422411478,29/07/2022,23:30:00,519673,191712,23,Fri
912424606,28/09/2022,21:00:00,519690,184197,21,Wed
913406538,22/03/2023,23:19:00,519690,184197,23,Wed
913403875,02/03/2023,15:15:00,519704,190958,15,Thu
912423525,20/09/2022,12:06:00,519707,185618,12,Tue
913405127,14/03/2023,16:08:00,519708,188879,16,Tue
913405966,09/03/2023,16:16:00,519708,188879,16,Thu
522432240,04/11/2022,11:50:00,519714,180307,11,Fri
913401015,10/02/2023,15:55:00,519741,186654,15,Fri
913402083,10/02/2023,16:00:00,519741,186654,16,Fri
913405730,05/01/2023,18:30:00,519741,186654,18,Thu
423407590,12/01/2023,16:00:00,519742,191995,16,Thu
912428847,13/10/2022,22:00:00,519747,184411,22,Thu
22410382,02/09/2022,18:05:00,519764,190873,18,Fri
423405584,23/02/2023,08:50:00,519772,191079,8,Thu
523402878,28/03/2023,23:07:00,519784,180330,23,Tue
422438032,28/12/2022,00:01:00,519792,191507,0,Wed
912420023,29/08/2022,07:46:00,519820,188803,7,Mon
522424622,18/08/2022,22:00:00,519824,180268,22,Thu
23402370,15/01/2023,12:30:00,519829,193510,12,Sun
912424278,27/10/2022,18:00:00,519840,186561,18,Thu
913416662,06/02/2023,09:00:00,519853,186326,9,Mon
523410077,13/02/2023,18:00:00,519855,180200,18,Mon
912436711,21/11/2022,08:25:00,519868,188906,8,Mon
912414158,11/07/2022,08:30:00,519868,188906,8,Mon
912412058,11/07/2022,08:30:00,519868,188906,8,Mon
912434153,16/12/2022,15:00:00,519868,188906,15,Fri
912419157,01/07/2022,16:30:00,519868,188785,16,Fri
912429549,03/11/2022,17:25:00,519875,190745,17,Thu
912425681,14/08/2022,06:00:00,519879,188781,6,Sun
913402512,24/01/2023,14:17:00,519881,185693,14,Tue
422424595,19/10/2022,16:00:00,519888,193718,16,Wed
402413261,19/10/2022,00:01:00,519892,166135,0,Wed
523408922,25/01/2023,13:15:00,519892,180004,13,Wed
523402643,06/02/2023,01:25:00,519915,181026,1,Mon
522415508,07/07/2022,00:01:00,519924,180199,0,Thu
522426449,01/11/2022,00:30:00,519924,180199,0,Tue
522429697,06/10/2022,07:00:00,519932,180159,7,Thu
423408004,10/02/2023,10:00:00,519932,191434,10,Fri
912414169,14/07/2022,22:30:00,519932,184673,22,Thu
702418761,14/11/2022,01:00:00,519933,175876,1,Mon
423409255,01/03/2023,14:54:00,519937,192429,14,Wed
913406803,02/02/2023,11:15:00,519942,186629,11,Thu
913409877,22/03/2023,17:10:00,519945,186555,17,Wed
522421773,04/09/2022,02:38:00,519963,180053,2,Sun
912417018,07/07/2022,17:00:00,519973,186213,17,Thu
523408130,03/01/2023,23:30:00,519973,179825,23,Tue
702414731,06/11/2022,07:30:00,519974,175867,7,Sun
23405173,12/03/2023,16:25:00,519993,190367,16,Sun
422424795,18/10/2022,22:00:00,519999,193781,22,Tue
502426052,10/10/2022,09:00:00,520024,177982,9,Mon
423408083,12/02/2023,04:55:00,520027,190600,4,Sun
22410360,16/06/2022,10:00:00,520029,190631,10,Thu
422439821,15/12/2022,17:00:00,520044,192059,17,Thu
912432092,09/12/2022,15:30:00,520047,186188,15,Fri
913402927,17/03/2023,22:15:00,520063,184127,22,Fri
422429630,18/08/2022,00:30:00,520075,190573,0,Thu
703408132,03/03/2023,03:05:00,520075,175809,3,Fri
22413473,26/09/2022,17:10:00,520076,190366,17,Mon
522427172,22/08/2022,21:00:00,520079,179763,21,Mon
423404310,02/01/2023,22:44:00,520097,190512,22,Mon
423403362,30/01/2023,13:00:00,520098,190752,13,Mon
522431453,11/12/2022,00:01:00,520105,180339,0,Sun
423400911,15/01/2023,01:30:00,520106,190540,1,Sun
422426832,10/09/2022,08:00:00,520108,191064,8,Sat
423402151,18/01/2023,10:00:00,520108,190684,10,Wed
213402971,17/01/2023,22:00:00,520108,190684,22,Tue
63401318,29/03/2023,14:00:00,520113,182407,14,Wed
523400312,23/01/2023,14:43:00,520113,182407,14,Mon
402416630,16/09/2022,14:00:00,520115,168725,14,Fri
912433173,19/12/2022,17:04:00,520125,185101,17,Mon
522432263,12/12/2022,10:50:00,520132,180078,10,Mon
522419679,24/07/2022,20:25:00,520132,180078,20,Sun
422428940,19/08/2022,06:44:00,520135,190577,6,Fri
912421269,05/11/2022,15:00:00,520164,186615,15,Sat
522427815,18/09/2022,10:15:00,520167,180063,10,Sun
912412759,21/07/2022,22:23:00,520175,184285,22,Thu
912437710,10/11/2022,20:00:00,520176,184557,20,Thu
522425166,03/10/2022,00:30:00,520178,179714,0,Mon
423400484,22/02/2023,15:00:00,520189,193349,15,Wed
912422046,02/10/2022,17:15:00,520198,186110,17,Sun
913409255,27/02/2023,19:00:00,520199,187942,19,Mon
522422065,22/09/2022,21:50:00,520218,179592,21,Thu
913405786,14/03/2023,13:22:00,520222,184475,13,Tue
522439482,03/12/2022,23:00:00,520224,180096,23,Sat
402411810,12/09/2022,16:45:00,520230,167934,16,Mon
402416112,29/10/2022,17:05:00,520236,169630,17,Sat
522434323,07/12/2022,22:15:00,520236,180137,22,Wed
912422445,22/09/2022,12:45:00,520248,184776,12,Thu
523404516,02/03/2023,23:20:00,520254,179026,23,Thu
522420092,25/08/2022,13:39:00,520258,182379,13,Thu
422428681,04/09/2022,01:13:00,520289,190671,1,Sun
422435871,21/12/2022,15:10:00,520298,192198,15,Wed
913408011,13/01/2023,16:15:00,520301,187904,16,Fri
423407913,05/02/2023,01:00:00,520311,190742,1,Sun
422425785,15/10/2022,21:00:00,520311,190742,21,Sat
423403046,12/03/2023,23:20:00,520314,190692,23,Sun
502422774,06/11/2022,17:30:00,520318,177882,17,Sun
503401346,21/03/2023,01:30:00,520327,177176,1,Tue
913401604,12/02/2023,17:00:00,520329,183887,17,Sun
702414892,19/12/2022,17:45:00,520329,175884,17,Mon
523407723,03/02/2023,18:30:00,520329,180087,18,Fri
422426537,03/11/2022,15:40:00,520331,193088,15,Thu
422428087,08/11/2022,08:10:00,520332,190520,8,Tue
912435522,02/12/2022,13:00:00,520335,185132,13,Fri
523408931,16/01/2023,00:05:00,520343,182227,0,Mon
912436463,18/12/2022,14:00:00,520346,185041,14,Sun
723409571,20/01/2023,23:00:00,520352,178692,23,Fri
912412639,20/07/2022,18:30:00,520353,184919,18,Wed
912425390,05/08/2022,05:30:00,520355,188065,5,Fri
503405201,13/01/2023,07:45:00,520374,177219,7,Fri
503400646,20/03/2023,19:30:00,520374,177219,19,Mon
913408685,03/03/2023,18:30:00,520377,184841,18,Fri
523408204,11/02/2023,02:00:00,520378,179647,2,Sat
422425176,28/10/2022,03:00:00,520378,190802,3,Fri
422435900,30/11/2022,16:29:00,520396,191698,16,Wed
523402835,21/02/2023,01:00:00,520399,182176,1,Tue
912429687,11/10/2022,13:00:00,520399,182176,13,Tue
503403703,08/02/2023,16:17:00,520406,177235,16,Wed
913405316,06/03/2023,20:45:00,520437,187160,20,Mon
503407412,28/01/2023,00:45:00,520446,178801,0,Sat
522432090,02/11/2022,14:40:00,520466,181411,14,Wed
912427540,31/07/2022,17:38:00,520468,185246,17,Sun
913404003,01/02/2023,00:01:00,520469,183740,0,Wed
913408210,02/01/2023,15:10:00,520486,186543,15,Mon
422429937,02/11/2022,17:52:00,520487,192315,17,Wed
912415869,23/07/2022,16:50:00,520518,185232,16,Sat
522423199,04/11/2022,21:33:00,520526,181437,21,Fri
912429976,06/10/2022,22:00:00,520529,187660,22,Thu
422427217,01/11/2022,12:55:00,520531,191437,12,Tue
912436273,19/12/2022,16:00:00,520539,187104,16,Mon
912422400,27/07/2022,12:14:00,520543,187432,12,Wed
912423497,18/10/2022,09:30:00,520548,189781,9,Tue
913401478,31/03/2023,22:55:00,520556,185486,22,Fri
422433761,20/12/2022,12:50:00,520563,191000,12,Tue
422418598,01/08/2022,23:00:00,520573,191204,23,Mon
422420332,08/09/2022,17:30:00,520573,191204,17,Thu
912425530,29/07/2022,22:30:00,520574,184072,22,Fri
422423768,15/11/2022,18:00:00,520575,189965,18,Tue
502426664,03/11/2022,18:00:00,520576,177686,18,Thu
523407201,11/01/2023,22:00:00,520577,181584,22,Wed
913402457,20/03/2023,16:50:00,520579,185277,16,Mon
523403427,12/03/2023,22:40:00,520591,180497,22,Sun
503409616,17/03/2023,20:10:00,520596,178680,20,Fri
522420364,12/09/2022,20:00:00,520597,179878,20,Mon
423409731,17/01/2023,09:40:00,520606,189741,9,Tue
912426127,11/10/2022,11:35:00,520606,189741,11,Tue
912424310,20/07/2022,14:00:00,520606,189741,14,Wed
522420880,04/08/2022,20:00:00,520613,180299,20,Thu
422425168,16/11/2022,17:00:00,520627,190195,17,Wed
912425602,16/08/2022,17:30:00,520633,183856,17,Tue
423405330,05/01/2023,11:45:00,520636,192533,11,Thu
913409483,07/02/2023,05:00:00,520645,185007,5,Tue
912424277,16/10/2022,16:00:00,520648,183916,16,Sun
523402526,03/03/2023,18:25:00,520654,181395,18,Fri
913402478,31/03/2023,22:37:00,520655,184987,22,Fri
423403034,17/02/2023,18:10:00,520669,190585,18,Fri
912436892,10/12/2022,13:00:00,520676,183587,13,Sat
502426238,13/12/2022,19:00:00,520676,178517,19,Tue
523409773,08/02/2023,22:40:00,520677,178903,22,Wed
522422898,27/10/2022,16:30:00,520687,179596,16,Thu
422428850,20/08/2022,20:00:00,520687,189660,20,Sat
423407325,27/02/2023,20:49:00,520692,190457,20,Mon
423408896,18/03/2023,06:00:00,520697,194863,6,Sat
522421376,05/10/2022,19:45:00,520700,178835,19,Wed
422425899,01/12/2022,05:05:00,520703,190018,5,Thu
913400566,11/03/2023,17:10:00,520718,186301,17,Sat
913400435,26/02/2023,12:56:00,520719,187359,12,Sun
522425511,07/08/2022,18:40:00,520725,180072,18,Sun
523406096,09/03/2023,21:10:00,520728,182850,21,Thu
912419248,10/07/2022,13:54:00,520730,186407,13,Sun
912420573,03/09/2022,17:00:00,520730,186407,17,Sat
422426989,30/11/2022,07:45:00,520738,191362,7,Wed
913407290,23/08/2022,10:00:00,520742,186074,10,Tue
912429295,27/09/2022,10:16:00,520743,185330,10,Tue
912429798,30/10/2022,10:30:00,520743,185330,10,Sun
912421055,22/09/2022,17:00:00,520743,185330,17,Thu
523404207,11/03/2023,01:25:00,520752,179030,1,Sat
422413119,30/07/2022,12:42:00,520763,190426,12,Sat
912430210,06/11/2022,19:30:00,520765,184213,19,Sun
912426978,28/10/2022,12:55:00,520770,184864,12,Fri
522425351,10/08/2022,13:30:00,520784,181274,13,Wed
912439951,25/11/2022,12:55:00,520789,184036,12,Fri
912426528,22/10/2022,07:55:00,520793,188647,7,Sat
503400185,12/03/2023,16:39:00,520793,178702,16,Sun
502427915,11/11/2022,13:15:00,520797,178511,13,Fri
423408186,14/03/2023,18:14:00,520807,190206,18,Tue
912419889,25/07/2022,23:00:00,520807,190206,23,Mon
912427278,22/10/2022,20:00:00,520808,184163,20,Sat
502420355,15/11/2022,13:52:00,520828,178508,13,Tue
502429255,15/11/2022,13:55:00,520828,178508,13,Tue
503408614,21/02/2023,16:55:00,520828,178508,16,Tue
422434260,07/12/2022,15:00:00,520831,191208,15,Wed
522420437,11/10/2022,19:55:00,520831,181937,19,Tue
523402237,12/03/2023,11:00:00,520832,178964,11,Sun
913409365,25/02/2023,17:33:00,520832,188897,17,Sat
912438002,30/11/2022,07:15:00,520846,183874,7,Wed
422410639,05/08/2022,17:41:00,520848,189920,17,Fri
912425866,03/10/2022,20:30:00,520860,185032,20,Mon
422428745,14/10/2022,13:34:00,520899,191107,13,Fri
522422261,11/08/2022,21:20:00,520900,181880,21,Thu
422429814,29/09/2022,15:30:00,520901,193366,15,Thu
913409054,17/02/2023,17:20:00,520901,185130,17,Fri
423402211,11/01/2023,16:54:00,520905,190461,16,Wed
522437805,29/12/2022,21:30:00,520905,178956,21,Thu
503403001,12/01/2023,22:30:00,520911,178642,22,Thu
503409381,20/01/2023,23:20:00,520911,178642,23,Fri
422426145,13/10/2022,20:56:00,520917,191014,20,Thu
703406250,14/01/2023,16:30:00,520922,175758,16,Sat
913406841,17/01/2023,13:30:00,520929,183374,13,Tue
912424591,15/08/2022,18:07:00,520929,183374,18,Mon
703402501,30/01/2023,20:49:00,520941,175756,20,Mon
912434081,28/11/2022,04:50:00,520943,186386,4,Mon
503400184,01/03/2023,19:50:00,520957,178589,19,Wed
502429031,25/09/2022,22:40:00,520957,178589,22,Sun
703408812,27/02/2023,18:15:00,520958,175761,18,Mon
703402050,15/01/2023,19:15:00,520958,175761,19,Sun
422426855,15/10/2022,11:30:00,520974,189457,11,Sat
423406844,19/02/2023,18:54:00,520974,189457,18,Sun
423405361,19/01/2023,23:15:00,520974,189457,23,Thu
913405762,29/01/2023,17:50:00,520976,188767,17,Sun
913400583,11/02/2023,07:45:00,520980,183407,7,Sat
423407667,26/03/2023,03:00:00,520981,192716,3,Sun
522422167,13/10/2022,03:00:00,520983,180506,3,Thu
422434761,20/12/2022,10:46:00,520986,191573,10,Tue
912426307,09/10/2022,12:35:00,520989,186503,12,Sun
912427599,08/11/2022,16:00:00,520996,186298,16,Tue
913402801,12/01/2023,18:08:00,520996,184988,18,Thu
522429261,12/08/2022,13:30:00,521005,178877,13,Fri
503409703,08/02/2023,22:55:00,521018,178533,22,Wed
423401774,22/02/2023,12:24:00,521027,189373,12,Wed
422425353,22/09/2022,23:59:00,521032,189536,23,Thu
912422921,08/08/2022,15:57:00,521036,183647,15,Mon
702417151,09/11/2022,20:29:00,521036,175432,20,Wed
502428112,22/09/2022,22:20:00,521036,178692,22,Thu
502420111,22/09/2022,22:40:00,521036,178692,22,Thu
502421262,11/10/2022,23:10:00,521038,178760,23,Tue
522428286,06/10/2022,16:30:00,521041,181053,16,Thu
913404176,12/03/2023,02:30:00,521045,189026,2,Sun
912420674,14/09/2022,16:50:00,521048,185333,16,Wed
913408734,16/02/2023,20:00:00,521048,185333,20,Thu
913401993,12/02/2023,22:05:00,521048,185333,22,Sun
912426084,14/09/2022,22:50:00,521048,185333,22,Wed
912427980,04/08/2022,00:01:00,521055,187375,0,Thu
523407972,28/01/2023,00:15:00,521055,178609,0,Sat
503401131,16/01/2023,22:30:00,521055,178609,22,Mon
912429740,30/07/2022,10:45:00,521065,185345,10,Sat
22404899,15/07/2022,00:01:00,521069,183496,0,Fri
422436001,12/12/2022,11:00:00,521070,190104,11,Mon
252421757,05/10/2022,15:00:00,521086,189669,15,Wed
913408895,01/02/2023,00:01:00,521125,184633,0,Wed
422423334,01/10/2022,13:30:00,521131,189176,13,Sat
563404563,16/01/2023,03:30:00,521137,189165,3,Mon
912426408,20/10/2022,00:40:00,521148,183770,0,Thu
912436230,08/11/2022,17:00:00,521150,187130,17,Tue
912432660,11/11/2022,22:00:00,521152,184035,22,Fri
912436852,06/12/2022,09:52:00,521160,184873,9,Tue
422420482,15/09/2022,01:30:00,521164,191404,1,Thu
912424457,13/10/2022,23:24:00,521177,184098,23,Thu
423401165,03/03/2023,14:30:00,521178,191740,14,Fri
423401207,18/03/2023,19:00:00,521178,189849,19,Sat
503403314,21/02/2023,14:30:00,521179,177754,14,Tue
423405050,07/01/2023,10:53:00,521180,189839,10,Sat
702407718,10/08/2022,23:15:00,521180,175877,23,Wed
422429167,02/11/2022,17:52:00,521181,192017,17,Wed
422433221,15/12/2022,02:00:00,521182,190389,2,Thu
703406992,20/03/2023,23:13:00,521183,175773,23,Mon
522433990,14/11/2022,20:00:00,521190,180054,20,Mon
913409516,07/03/2023,03:40:00,521204,184273,3,Tue
913405015,23/02/2023,19:30:00,521204,184273,19,Thu
913407915,23/02/2023,19:55:00,521204,184273,19,Thu
703403961,15/02/2023,21:48:00,521206,175437,21,Wed
423404266,15/03/2023,02:30:00,521207,191989,2,Wed
423407675,05/03/2023,19:20:00,521221,190639,19,Sun
522434810,07/11/2022,18:55:00,521223,180619,18,Mon
912429045,21/09/2022,21:25:00,521225,183934,21,Wed
502417747,05/08/2022,23:00:00,521228,178841,23,Fri
503406246,20/03/2023,16:59:00,521229,178845,16,Mon
423401365,03/03/2023,19:20:00,521234,190396,19,Fri
912438354,27/12/2022,15:20:00,521235,186143,15,Tue
703403741,08/02/2023,21:06:00,521239,175484,21,Wed
912439314,23/12/2022,21:23:00,521239,186157,21,Fri
502426174,06/11/2022,01:30:00,521243,178761,1,Sun
912420413,24/08/2022,12:00:00,521248,183304,12,Wed
913407150,07/01/2023,08:20:00,521255,186549,8,Sat
423406927,21/03/2023,16:00:00,521264,189863,16,Tue
913402210,02/01/2023,20:45:00,521265,185544,20,Mon
502418459,03/09/2022,00:30:00,521267,178804,0,Sat
912427197,18/10/2022,13:00:00,521269,184273,13,Tue
913407000,31/12/2022,20:50:00,521270,183648,20,Sat
422428836,24/10/2022,22:53:00,521271,190564,22,Mon
523400077,17/03/2023,19:00:00,521273,179755,19,Fri
422422708,10/11/2022,02:00:00,521281,186486,2,Thu
423408352,25/01/2023,15:55:00,521283,189962,15,Wed
422427412,06/09/2022,12:00:00,521295,186361,12,Tue
912430780,17/11/2022,13:30:00,521298,186220,13,Thu
702416211,29/10/2022,19:51:00,521299,175743,19,Sat
503401381,24/01/2023,22:00:00,521305,178214,22,Tue
423416062,10/12/2022,01:00:00,521306,189950,1,Sat
423408341,16/01/2023,12:00:00,521306,189950,12,Mon
422418029,02/08/2022,15:10:00,521306,189950,15,Tue
422420107,31/10/2022,15:20:00,521306,189950,15,Mon
422426290,22/08/2022,15:39:00,521308,188596,15,Mon
912430840,12/11/2022,19:00:00,521315,186033,19,Sat
522421155,21/09/2022,22:30:00,521317,180063,22,Wed
913402862,29/01/2023,20:50:00,521322,188690,20,Sun
912423517,09/10/2022,21:24:00,521326,186030,21,Sun
912411319,17/07/2022,23:00:00,521330,186034,23,Sun
912412888,15/07/2022,01:35:00,521337,183683,1,Fri
503408646,20/03/2023,17:25:00,521337,178939,17,Mon
522425271,12/08/2022,16:30:00,521340,180166,16,Fri
422422277,07/11/2022,12:15:00,521345,193749,12,Mon
912426650,24/07/2022,23:00:00,521350,185941,23,Sun
912420755,19/09/2022,00:15:00,521352,185945,0,Mon
502423450,16/09/2022,03:05:00,521352,176430,3,Fri
702410341,07/11/2022,16:10:00,521352,175506,16,Mon
523404914,12/02/2023,15:00:00,521353,180041,15,Sun
912420151,10/08/2022,22:15:00,521356,184595,22,Wed
912424250,01/08/2022,12:07:00,521359,183723,12,Mon
912424334,09/09/2022,18:00:00,521360,186071,18,Fri
403409251,05/02/2023,23:00:00,521360,172110,23,Sun
422426213,18/09/2022,00:50:00,521370,189992,0,Sun
912426854,12/09/2022,08:23:00,521382,183713,8,Mon
403402140,08/01/2023,22:15:00,521383,168666,22,Sun
422422115,10/10/2022,07:30:00,521388,192090,7,Mon
912428211,07/08/2022,08:55:00,521389,185453,8,Sun
913403261,18/01/2023,13:14:00,521389,185453,13,Wed
912430002,30/11/2022,01:50:00,521407,185995,1,Wed
423402086,16/03/2023,14:30:00,521407,189802,14,Thu
423401001,12/01/2023,21:40:00,521407,189802,21,Thu
503400152,01/02/2023,23:40:00,521415,178747,23,Wed
402414040,16/09/2022,16:00:00,521418,172337,16,Fri
912431860,14/11/2022,00:01:00,521419,184491,0,Mon
913404990,11/01/2023,04:00:00,521421,183550,4,Wed
503401792,05/02/2023,21:45:00,521431,178873,21,Sun
912432992,10/12/2022,18:00:00,521432,184952,18,Sat
913404273,10/02/2023,05:20:00,521435,183923,5,Fri
912413779,25/07/2022,05:10:00,521440,185355,5,Mon
912419348,11/07/2022,03:45:00,521461,185923,3,Mon
912421732,20/08/2022,01:50:00,521462,183599,1,Sat
523406371,19/01/2023,17:19:00,521464,182572,17,Thu
403407761,09/02/2023,01:44:00,521465,166689,1,Thu
912426308,19/10/2022,17:00:00,521468,185534,17,Wed
912427107,09/10/2022,10:15:00,521470,184653,10,Sun
423400972,31/01/2023,18:20:00,521476,188792,18,Tue
423406618,16/02/2023,16:00:00,521480,192140,16,Thu
912428852,22/08/2022,14:50:00,521484,183642,14,Mon
912431564,30/12/2022,20:17:00,521491,184639,20,Fri
303405584,05/03/2023,15:15:00,521502,175383,15,Sun
702415922,29/11/2022,18:30:00,521505,175543,18,Tue
423402415,26/02/2023,08:45:00,521507,190283,8,Sun
522426057,12/10/2022,04:00:00,521509,180793,4,Wed
913402864,13/02/2023,00:01:00,521511,183415,0,Mon
422419947,14/07/2022,09:00:00,521512,190133,9,Thu
912414279,24/07/2022,03:00:00,521518,183519,3,Sun
503405792,04/02/2023,21:00:00,521535,178576,21,Sat
523407556,05/03/2023,22:00:00,521539,182821,22,Sun
423403176,15/03/2023,16:45:00,521540,189465,16,Wed
912435141,12/11/2022,15:03:00,521543,183293,15,Sat
913401258,30/03/2023,01:00:00,521549,184628,1,Thu
912424692,26/08/2022,12:40:00,521556,184681,12,Fri
912423946,03/10/2022,20:27:00,521556,184681,20,Mon
913406504,10/02/2023,22:45:00,521566,186620,22,Fri
422416397,20/07/2022,14:00:00,521567,190827,14,Wed
913409976,13/03/2023,13:25:00,521568,184531,13,Mon
523409845,24/02/2023,19:15:00,521569,180065,19,Fri
522420398,26/10/2022,23:00:00,521569,180065,23,Wed
422431821,15/12/2022,15:30:00,521585,192126,15,Thu
703407041,08/02/2023,16:50:00,521591,175492,16,Wed
422436931,11/12/2022,21:00:00,521593,189549,21,Sun
912429746,01/10/2022,22:00:00,521593,186715,22,Sat
423403076,14/03/2023,17:05:00,521595,192273,17,Tue
912429103,27/08/2022,02:45:00,521607,184737,2,Sat
62421634,24/09/2022,08:22:00,521609,179272,8,Sat
422427303,16/09/2022,20:35:00,521618,190631,20,Fri
522420933,29/08/2022,04:00:00,521624,180210,4,Mon
422419538,25/07/2022,03:40:00,521629,190947,3,Mon
422413967,17/07/2022,23:40:00,521629,190947,23,Sun
422416948,26/07/2022,20:00:00,521631,190606,20,Tue
912420067,14/10/2022,23:50:00,521631,184763,23,Fri
402404837,01/07/2022,15:15:00,521632,168001,15,Fri
422421825,12/10/2022,11:00:00,521638,190608,11,Wed
422413778,30/07/2022,15:50:00,521642,190755,15,Sat
912427148,20/10/2022,00:01:00,521648,185523,0,Thu
62425466,19/10/2022,20:50:00,521652,179507,20,Wed
523404398,30/03/2023,12:30:00,521661,180635,12,Thu
913401835,25/02/2023,18:00:00,521662,183332,18,Sat
302429054,13/11/2022,00:05:00,521673,174275,0,Sun
702415962,10/12/2022,18:50:00,521674,175394,18,Sat
422421293,27/09/2022,06:44:00,521688,190414,6,Tue
912439583,20/12/2022,18:30:00,521693,183434,18,Tue
62428207,23/10/2022,17:00:00,521694,180969,17,Sun
422429018,11/11/2022,13:03:00,521699,191182,13,Fri
913406781,20/01/2023,15:45:00,521707,183066,15,Fri
913403787,23/03/2023,22:45:00,521717,183369,22,Thu
913403292,01/02/2023,12:50:00,521720,183050,12,Wed
63403977,24/03/2023,22:00:00,521720,179099,22,Fri
423404580,10/01/2023,16:45:00,521721,190185,16,Tue
912418189,25/07/2022,08:00:00,521724,188965,8,Mon
913409813,03/02/2023,13:30:00,521724,188965,13,Fri
402415081,22/10/2022,23:00:00,521726,168329,23,Sat
402416913,10/10/2022,00:01:00,521737,168223,0,Mon
912428353,01/09/2022,04:55:00,521745,183321,4,Thu
422432012,25/12/2022,18:00:00,521756,191134,18,Sun
912424165,24/09/2022,01:40:00,521757,184596,1,Sat
502428364,05/11/2022,06:17:00,521774,178633,6,Sat
423408620,04/01/2023,15:30:00,521790,189233,15,Wed
422422453,23/09/2022,06:10:00,521802,190070,6,Fri
63404047,21/03/2023,13:00:00,521809,182964,13,Tue
913405785,03/03/2023,20:10:00,521809,182964,20,Fri
912421969,05/11/2022,02:30:00,521822,183438,2,Sat
912437322,01/12/2022,20:00:00,521825,183842,20,Thu
912437111,20/11/2022,22:35:00,521826,185516,22,Sun
62420752,03/09/2022,05:00:00,521833,180960,5,Sat
913409745,27/02/2023,01:30:00,521845,183372,1,Mon
912435440,20/10/2022,09:00:00,521845,183372,9,Thu
702408319,06/09/2022,19:00:00,521848,176232,19,Tue
912429408,19/10/2022,22:30:00,521852,183752,22,Wed
912432091,26/11/2022,20:05:00,521858,183022,20,Sat
703408992,20/03/2023,22:15:00,521860,176270,22,Mon
912436023,13/12/2022,18:45:00,521862,183950,18,Tue
302422280,26/09/2022,16:30:00,521885,173960,16,Mon
62433642,24/12/2022,00:01:00,521887,181420,0,Sat
913404225,23/02/2023,19:00:00,521887,183280,19,Thu
63416670,23/03/2023,05:30:00,521889,181355,5,Thu
702417913,26/12/2022,17:27:00,521898,175979,17,Mon
423404085,26/02/2023,03:40:00,521902,194763,3,Sun
912438712,01/12/2022,19:30:00,521904,185235,19,Thu
422414549,20/07/2022,20:00:00,521910,188327,20,Wed
422437631,16/12/2022,23:00:00,521914,190138,23,Fri
63408512,25/01/2023,00:01:00,521919,179933,0,Wed
422416249,06/08/2022,20:45:00,521924,192195,20,Sat
62430642,22/12/2022,16:58:00,521928,179905,16,Thu
912410638,10/07/2022,11:10:00,521929,184041,11,Sun
63407218,29/03/2023,11:26:00,521938,180228,11,Wed
912426796,08/10/2022,19:45:00,521944,183455,19,Sat
912423762,23/08/2022,11:00:00,521963,185064,11,Tue
913405156,09/03/2023,18:00:00,521988,183311,18,Thu
912421704,06/09/2022,20:30:00,521988,183311,20,Tue
913402446,08/03/2023,14:40:00,521992,183499,14,Wed
912434220,09/11/2022,15:05:00,521993,186425,15,Wed
912418188,14/07/2022,10:45:00,521999,183466,10,Thu
913407324,13/02/2023,17:00:00,521999,183466,17,Mon
912422090,04/08/2022,22:49:00,521999,183466,22,Thu
22412122,27/08/2022,21:22:00,522002,186928,21,Sat
62413937,12/07/2022,17:00:00,522011,180515,17,Tue
423408764,18/02/2023,19:00:00,522016,191924,19,Sat
422424732,09/09/2022,16:20:00,522017,185059,16,Fri
63408491,23/01/2023,22:30:00,522034,178609,22,Mon
62425192,03/09/2022,17:41:00,522041,179173,17,Sat
63406061,19/01/2023,17:05:00,522055,182370,17,Thu
912422081,13/08/2022,22:45:00,522058,185006,22,Sat
912426433,26/08/2022,08:00:00,522059,183106,8,Fri
913406981,20/01/2023,19:30:00,522067,184998,19,Fri
912434360,13/11/2022,06:00:00,522078,184984,6,Sun
912436962,05/12/2022,23:00:00,522082,185589,23,Mon
302412204,01/07/2022,01:30:00,522097,173478,1,Fri
402417242,05/11/2022,21:00:00,522100,166228,21,Sat
422422388,18/11/2022,19:10:00,522103,188178,19,Fri
63404625,28/02/2023,08:15:00,522108,179998,8,Tue
912424548,25/10/2022,00:25:00,522148,185089,0,Tue
423406628,31/03/2023,00:29:00,522150,187915,0,Fri
913408841,17/01/2023,15:45:00,522150,183555,15,Tue
62436052,22/12/2022,22:20:00,522156,179815,22,Thu
912426454,12/09/2022,10:50:00,522158,183907,10,Mon
303406645,13/03/2023,17:25:00,522160,172543,17,Mon
62434081,15/12/2022,16:40:00,522167,180703,16,Thu
912426852,18/08/2022,20:00:00,522167,184775,20,Thu
302415447,13/08/2022,01:00:00,522169,174877,1,Sat
912421913,29/08/2022,02:50:00,522170,184811,2,Mon
912422998,30/10/2022,09:20:00,522180,187212,9,Sun
402408789,04/09/2022,18:00:00,522192,166133,18,Sun
62425424,22/09/2022,21:30:00,522193,182310,21,Thu
422421323,18/09/2022,17:00:00,522196,188642,17,Sun
422426275,17/10/2022,17:15:00,522196,188642,17,Mon
913403938,28/03/2023,17:11:00,522198,184601,17,Tue
302427887,27/12/2022,18:00:00,522200,173329,18,Tue
62436911,09/12/2022,05:50:00,522207,179547,5,Fri
62417689,07/08/2022,07:30:00,522207,180071,7,Sun
702414312,25/11/2022,15:10:00,522209,175705,15,Fri
703409222,28/02/2023,16:25:00,522209,175705,16,Tue
703406283,01/03/2023,16:35:00,522209,175705,16,Wed
703408152,07/03/2023,16:45:00,522209,175705,16,Tue
703409311,31/01/2023,17:00:00,522209,175705,17,Tue
702412472,11/12/2022,17:00:00,522209,175705,17,Sun
913404448,28/03/2023,14:30:00,522215,183545,14,Tue
912431304,20/12/2022,17:00:00,522218,185530,17,Tue
62425054,26/09/2022,00:01:00,522223,178813,0,Mon
302415798,01/09/2022,13:55:00,522226,173519,13,Thu
62423052,03/09/2022,20:25:00,522228,179769,20,Sat
63409252,28/01/2023,16:00:00,522241,178993,16,Sat
912436523,11/12/2022,17:30:00,522245,185373,17,Sun
912422563,02/09/2022,14:15:00,522247,184496,14,Fri
62416189,06/08/2022,13:30:00,522249,178346,13,Sat
423400743,07/02/2023,14:54:00,522256,189053,14,Tue
63409142,28/01/2023,16:00:00,522271,179166,16,Sat
912415049,19/07/2022,18:30:00,522271,184732,18,Tue
413408720,07/01/2023,18:00:00,522273,168891,18,Sat
912421271,13/08/2022,06:05:00,522282,184987,6,Sat
912424563,27/08/2022,15:30:00,522286,184466,15,Sat
62422884,29/09/2022,20:20:00,522299,180890,20,Thu
912429659,04/11/2022,20:50:00,522315,186825,20,Fri
912438133,14/12/2022,17:33:00,522321,185447,17,Wed
703406151,10/02/2023,10:00:00,522324,177557,10,Fri
912435183,20/12/2022,20:46:00,522333,185509,20,Tue
303407064,01/03/2023,18:09:00,522337,173596,18,Wed
62426561,26/08/2022,15:20:00,522346,179512,15,Fri
63407462,31/01/2023,01:36:00,522359,180911,1,Tue
913407416,06/03/2023,16:00:00,522361,185036,16,Mon
62410048,23/07/2022,14:50:00,522371,178661,14,Sat
912415367,02/07/2022,22:45:00,522384,184666,22,Sat
913401026,06/03/2023,18:30:00,522389,182874,18,Mon
63408526,09/03/2023,20:15:00,522396,182815,20,Thu
703400601,30/01/2023,22:20:00,522397,176544,22,Mon
62438900,26/11/2022,08:00:00,522403,180242,8,Sat
422426585,15/10/2022,18:30:00,522406,188216,18,Sat
62427637,27/10/2022,20:57:00,522407,178655,20,Thu
912431231,22/11/2022,15:30:00,522410,183884,15,Tue
913400777,21/03/2023,00:25:00,522413,185800,0,Tue
303400366,28/03/2023,00:55:00,522413,175084,0,Tue
63406028,24/03/2023,16:30:00,522419,180576,16,Fri
62429208,19/10/2022,16:00:00,522421,178569,16,Wed
703405072,13/03/2023,01:55:00,522441,177288,1,Mon
62426666,20/10/2022,04:00:00,522448,180257,4,Thu
703400482,17/03/2023,03:00:00,522453,177472,3,Fri
912421675,26/09/2022,02:00:00,522460,186689,2,Mon
412415953,31/10/2022,23:08:00,522473,167492,23,Mon
63406143,29/01/2023,00:10:00,522476,179209,0,Sun
913404592,01/02/2023,20:10:00,522479,183102,20,Wed
62428356,18/10/2022,04:30:00,522491,182923,4,Tue
62437852,23/12/2022,20:25:00,522495,178741,20,Fri
413407980,22/01/2023,13:38:00,522496,167368,13,Sun
502426011,22/09/2022,20:45:00,522498,176253,20,Thu
62421406,12/10/2022,21:41:00,522509,181140,21,Wed
913408834,16/02/2023,18:35:00,522510,186780,18,Thu
62426425,04/10/2022,03:13:00,522513,180486,3,Tue
63406491,22/01/2023,18:10:00,522523,178652,18,Sun
62428395,05/10/2022,01:30:00,522526,178325,1,Wed
913401743,06/02/2023,00:01:00,522528,185465,0,Mon
62418087,17/07/2022,02:00:00,522533,178874,2,Sun
63403028,28/03/2023,16:20:00,522533,178874,16,Tue
62425259,19/11/2022,22:04:00,522533,178874,22,Sat
913409795,04/03/2023,12:40:00,522540,184168,12,Sat
702419140,13/10/2022,01:30:00,522541,177856,1,Thu
63401505,25/02/2023,20:00:00,522551,180489,20,Sat
63406183,11/02/2023,16:30:00,522553,178677,16,Sat
913401205,22/02/2023,17:00:00,522556,186743,17,Wed
62412957,14/07/2022,19:15:00,522560,180110,19,Thu
422423953,22/09/2022,18:40:00,522564,190312,18,Thu
63409542,29/01/2023,00:20:00,522568,179018,0,Sun
62425142,02/09/2022,11:30:00,522595,182289,11,Fri
62420944,25/09/2022,20:20:00,522595,182289,20,Sun
63409285,05/03/2023,20:50:00,522595,182289,20,Sun
913403471,19/01/2023,20:55:00,522603,185085,20,Thu
303406320,04/01/2023,04:25:00,522616,173537,4,Wed
62429088,11/11/2022,21:55:00,522622,180857,21,Fri
912420192,25/08/2022,13:36:00,522626,184617,13,Thu
62421276,18/10/2022,21:00:00,522627,180106,21,Tue
62429865,08/10/2022,22:35:00,522635,180226,22,Sat
912413569,18/07/2022,17:15:00,522637,183076,17,Mon
913402991,09/01/2023,19:20:00,522646,183820,19,Mon
63406413,05/02/2023,12:25:00,522647,179187,12,Sun
913400021,14/01/2023,14:30:00,522660,183730,14,Sat
912430482,08/12/2022,23:45:00,522660,184725,23,Thu
63402725,28/02/2023,12:10:00,522661,180062,12,Tue
63408831,16/01/2023,17:20:00,522670,178932,17,Mon
63401297,27/03/2023,15:55:00,522679,180112,15,Mon
62430361,07/12/2022,15:50:00,522688,179761,15,Wed
912425224,29/08/2022,21:00:00,522692,183510,21,Mon
422423050,18/08/2022,21:15:00,522704,188895,21,Thu
423402442,28/01/2023,12:20:00,522721,190460,12,Sat
62433861,13/12/2022,15:30:00,522723,178902,15,Tue
43400151,03/02/2023,18:20:00,522735,166706,18,Fri
62414848,24/07/2022,15:55:00,522747,178544,15,Sun
422423776,28/10/2022,15:19:00,522748,188352,15,Fri
422423506,20/10/2022,15:30:00,522751,189055,15,Thu
912432760,15/11/2022,22:40:00,522755,185527,22,Tue
62430820,28/11/2022,18:00:00,522765,179879,18,Mon
62410248,23/07/2022,21:45:00,522772,181276,21,Sat
62421914,20/09/2022,12:30:00,522780,178656,12,Tue
63409965,04/03/2023,14:33:00,522780,178578,14,Sat
913400463,07/02/2023,18:20:00,522780,184625,18,Tue
62426159,19/11/2022,21:00:00,522780,178578,21,Sat
913404184,21/02/2023,07:23:00,522782,184730,7,Tue
423405938,28/03/2023,20:00:00,522782,189374,20,Tue
63408976,15/03/2023,12:30:00,522786,178578,12,Wed
22415213,14/09/2022,13:20:00,522808,189037,13,Wed
63404786,16/03/2023,08:00:00,522809,178485,8,Thu
912419269,22/07/2022,22:30:00,522809,186651,22,Fri
912424085,26/09/2022,12:30:00,522812,186960,12,Mon
63400880,10/01/2023,13:00:00,522813,178537,13,Tue
912436763,18/12/2022,19:00:00,522814,182825,19,Sun
63405923,06/02/2023,18:35:00,522818,182037,18,Mon
702413512,25/11/2022,22:09:00,522818,177879,22,Fri
62428594,30/09/2022,15:30:00,522824,179929,15,Fri
912420228,21/10/2022,16:55:00,522827,184476,16,Fri
703401482,17/03/2023,01:00:00,522830,177726,1,Fri
913402325,25/02/2023,11:45:00,522830,186862,11,Sat
912425445,22/09/2022,13:10:00,522830,186862,13,Thu
913406775,02/03/2023,17:10:00,522830,186862,17,Thu
63400043,08/02/2023,01:00:00,522831,179591,1,Wed
913403983,11/02/2023,16:55:00,522834,184598,16,Sat
422420044,30/09/2022,15:45:00,522836,188594,15,Fri
63402696,17/03/2023,03:00:00,522848,179521,3,Fri
422420514,28/09/2022,11:30:00,522849,187138,11,Wed
63400332,23/12/2022,00:01:00,522850,180584,0,Fri
912423814,08/09/2022,10:20:00,522850,186825,10,Thu
63406075,04/03/2023,14:10:00,522855,178572,14,Sat
422428492,15/09/2022,17:55:00,522861,191459,17,Thu
912436482,09/12/2022,00:30:00,522863,184634,0,Fri
423407682,01/02/2023,16:10:00,522864,188646,16,Wed
913408752,28/01/2023,18:15:00,522864,184605,18,Sat
913404923,03/02/2023,06:00:00,522865,184939,6,Fri
62434992,31/12/2022,09:45:00,522878,180211,9,Sat
63406472,01/02/2023,10:12:00,522879,180181,10,Wed
913403404,13/02/2023,12:30:00,522890,182790,12,Mon
422426334,01/10/2022,17:00:00,522892,191345,17,Sat
422420627,02/11/2022,17:44:00,522892,191345,17,Wed
422427855,15/10/2022,18:39:00,522892,191345,18,Sat
422426436,24/10/2022,13:00:00,522895,191074,13,Mon
422418968,29/07/2022,15:30:00,522898,191466,15,Fri
423403803,03/02/2023,23:00:00,522902,189325,23,Fri
62415528,21/07/2022,20:15:00,522908,178232,20,Thu
62425203,05/09/2022,12:00:00,522909,180040,12,Mon
912429506,28/09/2022,17:30:00,522910,184552,17,Wed
62427584,29/09/2022,16:35:00,522913,180084,16,Thu
412410853,31/10/2022,19:50:00,522917,169099,19,Mon
422429966,27/10/2022,00:01:00,522925,190943,0,Thu
62423325,03/10/2022,20:15:00,522931,179330,20,Mon
913400582,16/01/2023,21:45:00,522933,185574,21,Mon
62434892,31/12/2022,02:45:00,522945,178644,2,Sat
423404366,13/03/2023,15:00:00,522945,187649,15,Mon
63408083,12/02/2023,20:00:00,522947,178578,20,Sun
422423775,15/10/2022,00:01:00,522959,188631,0,Sat
413408241,31/01/2023,15:10:00,522963,167975,15,Tue
63409928,30/03/2023,16:30:00,522965,181181,16,Thu
62431741,09/12/2022,14:00:00,522968,178662,14,Fri
912427789,15/09/2022,22:00:00,522969,185506,22,Thu
62413689,19/06/2022,10:30:00,522970,180075,10,Sun
63403734,18/02/2023,16:25:00,522970,180075,16,Sat
63409568,30/03/2023,17:30:00,522970,180075,17,Thu
422425279,25/11/2022,17:00:00,522972,191913,17,Fri
912422478,27/10/2022,20:30:00,522973,184657,20,Thu
422429950,20/08/2022,20:30:00,522982,190454,20,Sat
422424170,22/08/2022,13:00:00,522986,186889,13,Mon
62434731,09/12/2022,18:15:00,522988,180064,18,Fri
63401850,08/01/2023,00:01:00,522990,178585,0,Sun
62423518,04/11/2022,17:00:00,522990,178585,17,Fri
422426068,11/11/2022,01:45:00,522991,188636,1,Fri
452414887,11/10/2022,15:50:00,522991,188636,15,Tue
423405233,06/02/2023,08:30:00,522992,189229,8,Mon
912421544,11/09/2022,05:30:00,522996,184980,5,Sun
62413647,13/07/2022,10:30:00,523010,178213,10,Wed
912411559,21/07/2022,20:00:00,523010,184555,20,Thu
62422415,02/10/2022,23:20:00,523010,178213,23,Sun
422421261,30/08/2022,11:40:00,523020,186863,11,Tue
422421983,26/09/2022,12:00:00,523020,186863,12,Mon
423400984,22/02/2023,12:00:00,523021,195685,12,Wed
413408173,27/03/2023,20:00:00,523028,169327,20,Mon
413408693,27/03/2023,18:20:00,523037,169463,18,Mon
62424216,13/10/2022,12:50:00,523040,179324,12,Thu
63404775,02/03/2023,18:30:00,523047,178181,18,Thu
63401138,30/03/2023,19:05:00,523048,180058,19,Thu
503400803,08/02/2023,19:18:00,523048,180058,19,Wed
63405765,04/03/2023,01:30:00,523057,178535,1,Sat
562469477,07/11/2022,13:40:00,523057,178535,13,Mon
63404977,25/03/2023,14:45:00,523066,181450,14,Sat
63406220,03/01/2023,20:30:00,523066,178269,20,Tue
62418277,10/07/2022,02:00:00,523068,178202,2,Sun
62427764,27/09/2022,13:00:00,523076,179798,13,Tue
422427696,31/10/2022,10:55:00,523086,189240,10,Mon
62426213,10/09/2022,13:00:00,523086,178217,13,Sat
423400736,12/03/2023,10:57:00,523088,189510,10,Sun
913409602,23/01/2023,15:50:00,523089,184015,15,Mon
413405972,04/03/2023,17:00:00,523102,169546,17,Sat
303403363,18/02/2023,11:05:00,523103,174155,11,Sat
62418328,21/07/2022,13:00:00,523103,178546,13,Thu
62426094,29/09/2022,16:30:00,523107,180325,16,Thu
412403088,16/07/2022,16:45:00,523109,169323,16,Sat
63402655,28/02/2023,15:00:00,523115,180038,15,Tue
63407221,15/01/2023,20:00:00,523115,180038,20,Sun
303402026,17/03/2023,19:15:00,523115,174211,19,Fri
62437740,30/11/2022,01:00:00,523126,178280,1,Wed
62415367,15/07/2022,05:25:00,523128,179116,5,Fri
423407353,08/02/2023,21:15:00,523142,188646,21,Wed
912427549,03/11/2022,18:22:00,523143,185633,18,Thu
422434481,22/12/2022,05:00:00,523146,189383,5,Thu
63400850,08/01/2023,02:45:00,523147,178617,2,Sun
62426390,17/08/2022,15:15:00,523153,178559,15,Wed
62416596,07/07/2022,13:30:00,523155,178537,13,Thu
62423642,03/09/2022,15:00:00,523155,178537,15,Sat
62413096,03/07/2022,13:01:00,523156,178544,13,Sun
422413959,08/08/2022,22:31:00,523163,189810,22,Mon
62420048,07/11/2022,18:07:00,523164,180024,18,Mon
703406233,27/03/2023,17:00:00,523168,178624,17,Mon
423405421,15/01/2023,19:35:00,523168,188984,19,Sun
62428892,08/09/2022,17:35:00,523171,180190,17,Thu
62428339,01/09/2022,08:00:00,523176,178619,8,Thu
62420322,01/09/2022,06:00:00,523177,178707,6,Thu
422421998,20/11/2022,13:10:00,523181,187889,13,Sun
422426029,22/11/2022,16:00:00,523181,187889,16,Tue
423400990,12/01/2023,17:00:00,523181,187889,17,Thu
423407952,29/01/2023,17:50:00,523181,187889,17,Sun
422414836,03/07/2022,18:45:00,523181,187889,18,Sun
422419308,21/07/2022,19:20:00,523181,187889,19,Thu
912422425,18/09/2022,15:00:00,523182,183813,15,Sun
62425189,22/11/2022,15:06:00,523182,178542,15,Tue
302420413,26/10/2022,20:00:00,523182,175816,20,Wed
63401383,11/02/2023,00:05:00,523186,178131,0,Sat
912424920,29/07/2022,19:30:00,523193,184190,19,Fri
62419648,24/07/2022,13:10:00,523208,179261,13,Sun
913404645,24/02/2023,22:00:00,523222,178899,22,Fri
912434780,17/11/2022,17:30:00,523241,182784,17,Thu
63403471,20/01/2023,18:05:00,523246,179650,18,Fri
62426701,19/08/2022,17:30:00,523247,178579,17,Fri
63401587,26/03/2023,04:20:00,523252,179995,4,Sun
63409405,24/02/2023,22:05:00,523252,178783,22,Fri
703400362,10/03/2023,22:05:00,523256,175858,22,Fri
62412989,07/08/2022,18:23:00,523257,180164,18,Sun
912425463,31/08/2022,10:00:00,523263,182773,10,Wed
913404943,07/02/2023,14:00:00,523263,182773,14,Tue
422427664,30/09/2022,00:01:00,523265,187511,0,Fri
423409116,09/03/2023,15:30:00,523269,196360,15,Thu
62416748,23/07/2022,14:00:00,523269,178652,14,Sat
652420050,06/11/2022,22:41:00,523272,181843,22,Sun
422425505,09/10/2022,16:30:00,523274,188704,16,Sun
422420605,09/10/2022,20:30:00,523274,188704,20,Sun
62424476,20/10/2022,18:20:00,523277,179705,18,Thu
913404317,16/03/2023,21:45:00,523282,184197,21,Thu
422420056,25/10/2022,16:30:00,523290,189183,16,Tue
422417728,24/07/2022,18:54:00,523290,189183,18,Sun
62424522,01/09/2022,05:00:00,523293,180136,5,Thu
63409370,07/01/2023,14:07:00,523296,180734,14,Sat
62427545,24/09/2022,15:30:00,523296,180750,15,Sat
62421700,17/07/2022,19:00:00,523296,180734,19,Sun
62422152,03/09/2022,20:58:00,523296,180734,20,Sat
63408667,24/03/2023,14:35:00,523297,179983,14,Fri
62429781,28/08/2022,20:00:00,523299,180018,20,Sun
912420495,27/09/2022,11:30:00,523302,185670,11,Tue
562456163,10/09/2022,17:30:00,523305,178623,17,Sat
63403981,19/01/2023,20:00:00,523305,178623,20,Thu
422432331,16/12/2022,13:00:00,523311,189390,13,Fri
422434910,03/12/2022,13:00:00,523311,189390,13,Sat
62427482,31/08/2022,18:00:00,523314,179963,18,Wed
63403824,17/02/2023,19:40:00,523316,178624,19,Fri
63409381,21/01/2023,20:10:00,523316,178624,20,Sat
62425267,29/10/2022,23:00:00,523321,178256,23,Sat
933404074,26/03/2023,04:00:00,523322,186315,4,Sun
652411363,04/08/2022,18:24:00,523323,181399,18,Thu
302421213,26/10/2022,19:00:00,523327,174635,19,Wed
62424164,27/09/2022,00:30:00,523329,179771,0,Tue
63405811,14/01/2023,15:30:00,523329,179771,15,Sat
62420010,09/08/2022,19:40:00,523329,179806,19,Tue
912414539,18/07/2022,22:00:00,523333,183688,22,Mon
62423293,19/09/2022,15:40:00,523334,179781,15,Mon
62414179,23/07/2022,17:30:00,523334,179781,17,Sat
413408737,28/02/2023,19:00:00,523337,169615,19,Tue
63407166,11/03/2023,18:00:00,523338,180454,18,Sat
63400462,30/01/2023,21:00:00,523338,180454,21,Mon
62433402,19/12/2022,04:40:00,523347,179408,4,Mon
62432371,12/12/2022,00:56:00,523349,179671,0,Mon
63403055,02/03/2023,12:35:00,523349,178743,12,Thu
63403612,25/01/2023,17:35:00,523352,178644,17,Wed
62425480,17/08/2022,15:30:00,523354,178525,15,Wed
63409036,07/03/2023,17:00:00,523354,178525,17,Tue
62421799,24/11/2022,20:00:00,523354,178525,20,Thu
62428107,24/10/2022,02:05:00,523355,178526,2,Mon
63402017,14/03/2023,16:30:00,523355,178526,16,Tue
63400532,27/01/2023,19:30:00,523355,178526,19,Fri
62424250,14/08/2022,02:00:00,523357,178646,2,Sun
62415596,07/07/2022,04:00:00,523357,178646,4,Thu
63407953,10/02/2023,13:32:00,523361,178591,13,Fri
62426037,26/10/2022,16:57:00,523361,178591,16,Wed
63403222,25/01/2023,17:40:00,523361,178591,17,Wed
63404944,19/02/2023,23:55:00,523361,178591,23,Sun
422420911,12/08/2022,17:00:00,523364,189375,17,Fri
63409361,20/01/2023,10:20:00,523367,178903,10,Fri
912423090,04/08/2022,22:49:00,523374,186201,22,Thu
63406234,18/02/2023,04:50:00,523389,178529,4,Sat
63407225,27/02/2023,20:30:00,523389,178529,20,Mon
42411813,30/10/2022,01:30:00,523401,165113,1,Sun
912425772,24/08/2022,12:15:00,523405,183577,12,Wed
302412556,02/08/2022,00:01:00,523408,174637,0,Tue
62426360,15/08/2022,00:01:00,523409,179951,0,Mon
302429814,08/11/2022,18:48:00,523417,174692,18,Tue
62418687,17/07/2022,19:55:00,523417,178238,19,Sun
422429013,17/09/2022,20:32:00,523418,195694,20,Sat
302419819,03/09/2022,12:50:00,523433,174695,12,Sat
62417278,23/07/2022,23:00:00,523450,178208,23,Sat
63400573,12/02/2023,02:50:00,523459,179150,2,Sun
62427408,03/11/2022,14:25:00,523460,179163,14,Thu
913409274,20/02/2023,10:00:00,523461,184673,10,Mon
63406014,15/02/2023,15:30:00,523465,177490,15,Wed
912416789,25/07/2022,21:45:00,523465,183143,21,Mon
913415759,23/02/2023,18:00:00,523468,185112,18,Thu
63406425,24/02/2023,00:01:00,523470,177365,0,Fri
63401187,25/03/2023,14:20:00,523471,180223,14,Sat
63400321,15/01/2023,16:15:00,523471,180223,16,Sun
63408155,02/03/2023,16:27:00,523471,180223,16,Thu
62427948,08/11/2022,18:00:00,523477,180308,18,Tue
423409792,02/02/2023,23:43:00,523477,188507,23,Thu
62411608,19/07/2022,14:47:00,523479,178088,14,Tue
423405400,01/01/2023,13:00:00,523484,185985,13,Sun
912420865,24/09/2022,14:01:00,523484,183820,14,Sat
62422198,03/11/2022,14:00:00,523486,178637,14,Thu
63409093,13/02/2023,14:15:00,523490,179102,14,Mon
302428380,26/09/2022,19:59:00,523492,175508,19,Mon
63409217,17/03/2023,16:10:00,523493,179939,16,Fri
422410576,05/07/2022,20:00:00,523501,189132,20,Tue
63401375,04/03/2023,19:07:00,523504,180518,19,Sat
912411197,05/07/2022,17:20:00,523505,184068,17,Tue
422421290,21/08/2022,14:45:00,523510,183427,14,Sun
412415184,07/11/2022,11:30:00,523526,170132,11,Mon
63408571,16/01/2023,19:00:00,523528,179437,19,Mon
62411287,17/07/2022,06:10:00,523529,179948,6,Sun
912412989,25/07/2022,21:08:00,523530,183265,21,Mon
42412941,20/09/2022,22:05:00,523530,166381,22,Tue
62425826,15/10/2022,21:20:00,523531,179372,21,Sat
62410199,07/08/2022,23:30:00,523538,179765,23,Sun
62430312,18/12/2022,16:30:00,523538,179765,16,Sun
653404912,05/02/2023,20:30:00,523539,180939,20,Sun
63407367,24/03/2023,10:25:00,523541,180244,10,Fri
63407790,11/01/2023,10:15:00,523541,180244,10,Wed
63406404,14/02/2023,12:00:00,523541,180244,12,Tue
63400080,10/01/2023,13:00:00,523541,180244,13,Tue
62421224,21/09/2022,15:30:00,523541,180244,15,Wed
63408248,31/03/2023,15:55:00,523541,180244,15,Fri
63407663,10/02/2023,17:00:00,523541,180244,17,Fri
62410379,05/08/2022,17:50:00,523541,180244,17,Fri
62431470,03/12/2022,17:30:00,523541,180244,17,Sat
62428536,16/10/2022,18:00:00,523541,180244,18,Sun
63402648,31/03/2023,18:55:00,523541,180244,18,Fri
63401646,11/03/2023,19:00:00,523541,180244,19,Sat
62427020,10/08/2022,18:00:00,523541,180244,18,Wed
63401690,11/01/2023,21:30:00,523541,180244,21,Wed
423407312,24/01/2023,02:00:00,523542,188001,2,Tue
302425227,17/12/2022,15:27:00,523545,174699,15,Sat
422414518,22/07/2022,21:30:00,523546,189193,21,Fri
42410245,23/12/2022,17:01:00,523552,165000,17,Fri
412413044,18/11/2022,20:20:00,523555,172205,20,Fri
913407591,22/01/2023,14:20:00,523558,183276,14,Sun
912439961,26/11/2022,15:53:00,523558,183281,15,Sat
913404915,24/02/2023,20:00:00,523558,183276,20,Fri
912427651,16/07/2022,22:10:00,523558,183276,22,Sat
912433183,20/12/2022,12:06:00,523565,183671,12,Tue
62427119,15/11/2022,08:00:00,523567,180040,8,Tue
62424595,11/10/2022,14:40:00,523571,178875,14,Tue
422416759,08/08/2022,19:32:00,523579,188213,19,Mon
422420200,11/08/2022,19:17:00,523581,186043,19,Thu
422422182,07/09/2022,19:27:00,523581,186043,19,Wed
62416509,29/07/2022,00:01:00,523583,180096,0,Fri
912437770,12/11/2022,22:55:00,523583,183289,22,Sat
62417677,15/07/2022,22:00:00,523588,178784,22,Fri
62426608,02/11/2022,15:56:00,523589,180024,15,Wed
22411093,30/09/2022,15:07:00,523590,185416,15,Fri
913414213,13/02/2023,19:15:00,523590,185416,19,Mon
62425652,02/09/2022,10:00:00,523591,179783,10,Fri
63407106,07/03/2023,16:00:00,523591,179783,16,Tue
62415077,15/07/2022,20:00:00,523591,179783,20,Fri
62414309,29/07/2022,03:30:00,523592,179917,3,Fri
63402804,15/02/2023,16:10:00,523592,179917,16,Wed
63405954,14/02/2023,19:15:00,523592,179917,19,Tue
63400803,04/02/2023,00:20:00,523596,177908,0,Sat
912420936,29/09/2022,15:30:00,523598,183662,15,Thu
913404796,14/03/2023,19:30:00,523598,185418,19,Tue
303406042,30/01/2023,23:00:00,523599,175841,23,Mon
912420137,11/10/2022,06:23:00,523605,185680,6,Tue
912411277,04/07/2022,01:30:00,523610,185824,1,Mon
912415648,11/07/2022,07:55:00,523619,183123,7,Mon
912427324,07/09/2022,16:40:00,523619,183123,16,Wed
652415709,18/10/2022,23:30:00,523620,180765,23,Tue
652412819,22/10/2022,08:20:00,523623,181032,8,Sat
63407544,19/02/2023,18:05:00,523624,179785,18,Sun
302425714,08/11/2022,16:00:00,523630,174211,16,Tue
652411089,03/11/2022,12:45:00,523632,181791,12,Thu
652411589,03/11/2022,17:00:00,523632,181791,17,Thu
652423400,03/11/2022,13:00:00,523634,181785,13,Thu
422427605,08/10/2022,07:00:00,523636,188651,7,Sat
63407571,21/01/2023,14:45:00,523637,179808,14,Sat
913409468,30/03/2023,23:30:00,523638,183904,23,Thu
653401624,10/03/2023,23:50:00,523644,180698,23,Fri
423404735,28/02/2023,13:15:00,523647,196169,13,Tue
423408435,28/02/2023,14:05:00,523647,196169,14,Tue
63402595,06/03/2023,23:45:00,523653,179627,23,Mon
912427956,04/10/2022,20:28:00,523654,183034,20,Tue
62421321,21/08/2022,22:00:00,523657,177760,22,Sun
62425731,20/08/2022,03:00:00,523660,179908,3,Sat
62422934,24/09/2022,15:20:00,523660,179908,15,Sat
62418337,11/07/2022,15:53:00,523660,179908,15,Mon
563410675,01/03/2023,13:10:00,523661,176045,13,Wed
912429238,23/10/2022,07:15:00,523663,184248,7,Sun
412404588,17/07/2022,18:30:00,523677,171263,18,Sun
912417467,03/07/2022,03:30:00,523679,184689,3,Sun
62418819,31/07/2022,06:40:00,523682,179829,6,Sun
63409076,11/03/2023,14:58:00,523682,179829,14,Sat
63405215,26/02/2023,18:25:00,523682,179829,18,Sun
412407668,14/07/2022,00:20:00,523683,167418,0,Thu
62434732,23/12/2022,04:00:00,523684,177634,4,Fri
62439651,13/12/2022,10:15:00,523685,179834,10,Tue
62422431,22/08/2022,20:00:00,523690,177957,20,Mon
912431893,21/12/2022,18:00:00,523693,183081,18,Wed
303401782,08/02/2023,23:50:00,523718,175496,23,Wed
63408665,04/03/2023,01:00:00,523719,179700,1,Sat
422423976,28/10/2022,06:15:00,523721,186010,6,Fri
62412579,05/08/2022,09:00:00,523724,179818,9,Fri
62425196,22/10/2022,17:00:00,523724,179818,17,Sat
913407516,07/03/2023,00:15:00,523731,182696,0,Tue
652411076,16/09/2022,00:45:00,523741,179904,0,Fri
63407938,30/03/2023,17:30:00,523741,179904,17,Thu
62437580,01/12/2022,23:30:00,523741,179904,23,Thu
422419066,28/06/2022,15:35:00,523743,189102,15,Tue
63402422,26/01/2023,16:40:00,523745,177127,16,Thu
62420240,12/08/2022,23:10:00,523748,179699,23,Fri
652410269,01/11/2022,10:15:00,523752,181296,10,Tue
653402734,12/03/2023,00:20:00,523754,180775,0,Sun
652411803,26/07/2022,14:30:00,523754,180775,14,Tue
652417325,29/08/2022,18:00:00,523754,180775,18,Mon
423409090,06/01/2023,00:01:00,523766,191545,0,Fri
412401719,24/07/2022,12:29:00,523771,173738,12,Sun
652424172,17/12/2022,00:01:00,523783,181889,0,Sat
652413073,02/08/2022,17:25:00,523783,181889,17,Tue
913405221,12/01/2023,09:20:00,523785,182888,9,Thu
652418134,16/08/2022,17:05:00,523785,181085,17,Tue
63408574,17/02/2023,18:00:00,523786,179934,18,Fri
422428372,13/09/2022,20:25:00,523789,189366,20,Tue
42406678,22/07/2022,23:18:00,523791,166208,23,Fri
652419445,30/08/2022,01:47:00,523794,181130,1,Tue
562447808,15/07/2022,14:00:00,523797,182651,14,Fri
912432462,06/12/2022,20:00:00,523799,184563,20,Tue
422426872,13/09/2022,17:53:00,523802,185708,17,Tue
562455741,29/08/2022,20:00:00,523804,182521,20,Mon
422429579,25/11/2022,18:00:00,523806,187666,18,Fri
422424799,30/11/2022,22:15:00,523806,187666,22,Wed
913408487,23/03/2023,13:15:00,523812,185434,13,Thu
423404667,25/03/2023,17:10:00,523814,185747,17,Sat
653401172,14/02/2023,00:50:00,523817,181156,0,Tue
62436890,04/12/2022,17:35:00,523827,179806,17,Sun
62418058,24/07/2022,07:00:00,523828,179796,7,Sun
913400618,26/03/2023,00:20:00,523830,182538,0,Sun
912437044,28/12/2022,03:30:00,523830,182612,3,Wed
62416407,08/07/2022,01:00:00,523832,179693,1,Fri
63404963,10/02/2023,16:15:00,523832,179693,16,Fri
303403474,04/03/2023,03:15:00,523836,175281,3,Sat
913401612,24/01/2023,15:35:00,523836,182808,15,Tue
912438214,23/12/2022,12:00:00,523840,185658,12,Fri
912418367,02/07/2022,22:00:00,523840,185658,22,Sat
652418975,27/08/2022,12:08:00,523842,181043,12,Sat
303409941,21/01/2023,23:30:00,523843,173166,23,Sat
302428184,16/11/2022,15:50:00,523844,175460,15,Wed
62421689,22/11/2022,08:20:00,523846,177145,8,Tue
42418532,11/10/2022,21:14:00,523849,165360,21,Tue
412413011,14/08/2022,18:30:00,523852,169418,18,Sun
62428452,04/09/2022,00:38:00,523855,180178,0,Sun
62420011,19/08/2022,06:00:00,523855,179817,6,Fri
62427912,31/08/2022,12:00:00,523855,180178,12,Wed
913401955,13/02/2023,21:00:00,523862,185704,21,Mon
62425136,15/10/2022,11:29:00,523865,177890,11,Sat
913400673,10/02/2023,11:40:00,523872,185619,11,Fri
422419486,06/07/2022,15:00:00,523872,185747,15,Wed
413400543,21/03/2023,16:40:00,523875,169151,16,Tue
423404783,13/02/2023,02:53:00,523876,186924,2,Mon
62422880,17/08/2022,19:50:00,523877,176220,19,Wed
62431842,24/12/2022,10:16:00,523880,179417,10,Sat
632428163,25/09/2022,01:00:00,523886,179607,1,Sun
563414750,09/02/2023,21:50:00,523890,182442,21,Thu
652418948,15/10/2022,13:10:00,523893,179990,13,Sat
422425239,22/11/2022,23:20:00,523893,189869,23,Tue
63402406,07/03/2023,19:30:00,523894,180264,19,Tue
423405382,31/01/2023,21:04:00,523896,187954,21,Tue
422420639,23/11/2022,08:20:00,523898,188682,8,Wed
302423694,18/11/2022,14:24:00,523900,174602,14,Fri
652410725,29/08/2022,20:00:00,523902,180791,20,Mon
652425640,11/11/2022,14:48:00,523905,180381,14,Fri
422416209,02/08/2022,15:08:00,523905,187927,15,Tue
63408003,03/02/2023,21:10:00,523907,177898,21,Fri
653404673,02/03/2023,20:20:00,523910,180182,20,Thu
562450590,27/08/2022,12:00:00,523918,182792,12,Sat
63401902,24/01/2023,22:30:00,523920,179083,22,Tue
912422556,04/10/2022,13:30:00,523922,185420,13,Tue
422420485,04/10/2022,00:01:00,523923,185625,0,Tue
422432411,14/12/2022,00:01:00,523923,185625,0,Wed
912424518,20/10/2022,21:15:00,523923,185625,21,Thu
652416914,04/08/2022,22:30:00,523924,180302,22,Thu
652419928,12/10/2022,13:30:00,523925,182252,13,Wed
63405065,02/03/2023,20:20:00,523925,180303,20,Thu
42411830,26/08/2022,16:00:00,523932,163711,16,Fri
652411824,15/08/2022,22:30:00,523933,179779,22,Mon
422422159,25/11/2022,18:50:00,523935,185748,18,Fri
422418017,11/07/2022,03:00:00,523936,185600,3,Mon
422425405,09/10/2022,18:30:00,523936,185600,18,Sun
62410857,14/07/2022,17:39:00,523939,178264,17,Thu
422435291,21/12/2022,02:00:00,523946,196596,2,Wed
63409908,29/03/2023,10:13:00,523947,177847,10,Wed
422429405,09/10/2022,19:06:00,523947,185810,19,Sun
652414965,28/08/2022,17:00:00,523951,180233,17,Sun
422427807,19/10/2022,22:30:00,523953,190018,22,Wed
652423150,14/11/2022,17:40:00,523954,182262,17,Mon
302419718,21/08/2022,22:20:00,523954,175133,22,Sun
42405179,12/08/2022,15:05:00,523957,165993,15,Fri
912423866,05/10/2022,16:15:00,523958,185508,16,Wed
653401500,01/01/2023,18:25:00,523959,182261,18,Sun
652418165,29/08/2022,20:00:00,523959,182261,20,Mon
652415662,21/07/2022,21:15:00,523960,180523,21,Thu
302428372,21/10/2022,15:30:00,523964,173798,15,Fri
912425095,27/09/2022,07:15:00,523970,185486,7,Tue
303406003,10/02/2023,13:00:00,523972,175419,13,Fri
652418148,10/10/2022,19:00:00,523977,182196,19,Mon
652416573,06/08/2022,17:10:00,523978,180868,17,Sat
652414943,03/08/2022,10:30:00,523987,180588,10,Wed
652418937,27/09/2022,23:35:00,523987,180535,23,Tue
302420685,29/11/2022,17:25:00,523988,175096,17,Tue
302420003,22/10/2022,02:30:00,523990,175095,2,Sat
652412126,06/09/2022,22:40:00,523993,181361,22,Tue
62424215,02/10/2022,17:20:00,523994,176132,17,Sun
323405451,16/01/2023,16:54:00,523998,185514,16,Mon
422425506,20/10/2022,20:45:00,523999,185509,20,Thu
423404351,18/01/2023,17:30:00,524004,186174,17,Wed
302424117,15/12/2022,15:55:00,524006,175390,15,Thu
303405082,07/02/2023,16:00:00,524007,175143,16,Tue
913404613,02/02/2023,18:30:00,524009,183249,18,Thu
912426147,11/10/2022,12:30:00,524011,185435,12,Tue
302420611,01/10/2022,00:03:00,524013,175299,0,Sat
652419117,22/09/2022,16:00:00,524018,182317,16,Thu
652418006,03/09/2022,17:00:00,524019,179648,17,Sat
62425542,03/09/2022,15:00:00,524022,180999,15,Sat
652417654,18/08/2022,22:00:00,524022,180999,22,Thu
62428482,06/09/2022,15:35:00,524023,177853,15,Tue
563417094,25/02/2023,08:25:00,524025,182419,8,Sat
653402804,06/03/2023,11:25:00,524027,182316,11,Mon
912424197,09/10/2022,17:00:00,524030,185404,17,Sun
912424054,11/09/2022,19:07:00,524030,185404,19,Sun
62421175,07/10/2022,20:00:00,524030,179373,20,Fri
43406720,06/01/2023,21:00:00,524030,163971,21,Fri
702417470,19/10/2022,20:15:00,524033,175373,20,Wed
423406535,28/02/2023,00:01:00,524037,189089,0,Tue
423407415,22/02/2023,17:00:00,524039,191567,17,Wed
422432980,11/12/2022,00:22:00,524042,186030,0,Sun
63407190,11/01/2023,14:50:00,524042,176935,14,Wed
652426920,28/08/2022,19:38:00,524043,181850,19,Sun
62410807,08/07/2022,16:00:00,524047,175460,16,Fri
652411655,30/08/2022,08:30:00,524056,182050,8,Tue
652415874,24/08/2022,08:50:00,524056,182050,8,Wed
62410846,02/07/2022,01:30:00,524057,177171,1,Sat
422415649,05/08/2022,17:05:00,524062,191457,17,Fri
653409702,03/02/2023,20:00:00,524062,182981,20,Fri
303400163,18/02/2023,00:15:00,524073,175383,0,Sat
62425962,06/09/2022,07:18:00,524073,177465,7,Tue
303403612,30/01/2023,04:30:00,524082,173020,4,Mon
62427622,01/09/2022,11:45:00,524082,177600,11,Thu
63415057,30/03/2023,10:33:00,524087,178503,10,Thu
63401270,09/01/2023,15:30:00,524087,178503,15,Mon
912428418,20/10/2022,21:05:00,524089,185386,21,Thu
302420990,28/09/2022,22:00:00,524090,173647,22,Wed
62412079,04/08/2022,12:50:00,524091,178659,12,Thu
302425807,15/12/2022,16:40:00,524093,175637,16,Thu
912429858,26/10/2022,13:23:00,524097,185315,13,Wed
652415054,18/08/2022,19:15:00,524101,181223,19,Thu
652426872,18/12/2022,16:00:00,524103,180745,16,Sun
62428834,24/09/2022,18:00:00,524104,179977,18,Sat
62429688,12/11/2022,16:15:00,524107,177956,16,Sat
653403972,13/02/2023,20:30:00,524114,181572,20,Mon
423409511,14/01/2023,14:15:00,524118,191343,14,Sat
412415204,09/11/2022,19:10:00,524120,170924,19,Wed
563427250,19/03/2023,12:20:00,524127,182566,12,Sun
62439692,30/12/2022,17:50:00,524133,178322,17,Fri
302427336,05/12/2022,22:35:00,524135,175274,22,Mon
422427449,24/11/2022,20:17:00,524136,185971,20,Thu
912425164,03/09/2022,20:00:00,524147,184487,20,Sat
63406836,11/03/2023,00:01:00,524152,178547,0,Sat
42400539,05/08/2022,09:18:00,524155,164693,9,Fri
423405664,21/02/2023,10:00:00,524161,187886,10,Tue
302424444,11/11/2022,16:30:00,524167,175532,16,Fri
652411997,08/10/2022,01:47:00,524171,181611,1,Sat
63402556,12/03/2023,17:20:00,524176,179036,17,Sun
303402115,08/03/2023,12:00:00,524178,175592,12,Wed
422413789,11/08/2022,15:00:00,524183,187473,15,Thu
652419435,29/08/2022,17:20:00,524188,182049,17,Mon
653403564,16/03/2023,20:22:00,524193,180321,20,Thu
652416062,20/07/2022,19:30:00,524195,180352,19,Wed
652419664,21/08/2022,15:00:00,524199,181263,15,Sun
913400300,01/01/2023,00:01:00,524200,184521,0,Sun
652416163,04/08/2022,15:00:00,524221,180646,15,Thu
652414574,23/08/2022,20:00:00,524221,180646,20,Tue
912429262,22/08/2022,20:30:00,524221,185167,20,Mon
652411755,29/08/2022,19:00:00,524225,181477,19,Mon
913406147,19/03/2023,01:40:00,524231,183952,1,Sun
652414654,20/08/2022,15:00:00,524232,180628,15,Sat
912425314,07/09/2022,16:15:00,524238,183988,16,Wed
302424065,26/11/2022,18:30:00,524239,174972,18,Sat
912421270,03/08/2022,12:55:00,524245,183296,12,Wed
913409751,17/01/2023,19:30:00,524245,183296,19,Tue
653408543,24/02/2023,00:01:00,524249,181706,0,Fri
652419655,28/08/2022,20:00:00,524253,181402,20,Sun
62423349,18/11/2022,22:30:00,524256,175881,22,Fri
652418609,22/10/2022,20:30:00,524258,179543,20,Sat
652413986,19/09/2022,14:48:00,524260,181378,14,Mon
422422398,19/11/2022,19:00:00,524261,186142,19,Sat
423402377,26/03/2023,22:30:00,524262,188077,22,Sun
62431003,30/12/2022,17:30:00,524267,178689,17,Fri
652424182,18/12/2022,12:00:00,524274,180538,12,Sun
652412543,02/08/2022,15:00:00,524274,181656,15,Tue
912422052,21/08/2022,14:15:00,524277,181333,14,Sun
652413255,29/08/2022,18:50:00,524277,181333,18,Mon
152419526,29/08/2022,19:05:00,524277,181333,19,Mon
652413055,29/08/2022,21:25:00,524277,181333,21,Mon
653405524,09/03/2023,11:15:00,524284,182297,11,Thu
652411162,20/07/2022,22:40:00,524285,181254,22,Wed
422420525,11/10/2022,20:40:00,524286,196505,20,Tue
652410675,31/08/2022,19:00:00,524288,181514,19,Wed
423405407,15/03/2023,05:47:00,524291,186377,5,Wed
653404605,21/03/2023,22:30:00,524292,180657,22,Tue
652412995,03/09/2022,16:20:00,524293,181390,16,Sat
413404492,10/03/2023,14:50:00,524296,169349,14,Fri
412412043,27/10/2022,16:40:00,524302,166981,16,Thu
652420730,12/11/2022,17:50:00,524304,179781,17,Sat
63403013,04/02/2023,21:55:00,524308,180764,21,Sat
912410169,22/07/2022,19:15:00,524309,183891,19,Fri
422422919,22/11/2022,15:50:00,524311,185708,15,Tue
652428480,19/11/2022,15:40:00,524313,181347,15,Sat
62429381,28/08/2022,20:00:00,524313,181347,20,Sun
423406473,10/02/2023,20:10:00,524314,188251,20,Fri
913409528,26/03/2023,20:00:00,524320,183080,20,Sun
652410184,24/08/2022,14:00:00,524324,181417,14,Wed
63403386,13/03/2023,15:50:00,524324,179178,15,Mon
653407752,11/02/2023,16:25:00,524324,181417,16,Sat
652410195,02/09/2022,18:30:00,524324,182131,18,Fri
652415053,03/08/2022,11:06:00,524327,180216,11,Wed
652410225,29/08/2022,17:45:00,524327,182334,17,Mon
652429833,29/12/2022,23:30:00,524327,182334,23,Thu
652417043,01/08/2022,18:15:00,524328,181448,18,Mon
413405340,11/01/2023,15:40:00,524340,169380,15,Wed
562448879,22/08/2022,22:50:00,524349,182634,22,Mon
422422286,28/10/2022,13:55:00,524354,196710,13,Fri
422435321,14/12/2022,11:20:00,524365,196763,11,Wed
652420043,29/12/2022,00:15:00,524367,181750,0,Thu
62426926,15/10/2022,17:04:00,524367,177329,17,Sat
652415574,23/08/2022,22:35:00,524367,181248,22,Tue
502420722,07/10/2022,11:45:00,524368,196707,11,Fri
652416158,15/10/2022,10:16:00,524370,181804,10,Sat
652410917,23/09/2022,16:06:00,524370,181804,16,Fri
653400340,07/01/2023,18:00:00,524370,181804,18,Sat
652417916,07/09/2022,08:47:00,524381,180751,8,Wed
63402840,05/11/2022,01:00:00,524384,178027,1,Sat
63409700,02/01/2023,04:00:00,524388,175919,4,Mon
62420350,13/08/2022,23:10:00,524390,177715,23,Sat
423407108,29/03/2023,16:00:00,524397,196583,16,Wed
653407564,16/03/2023,16:15:00,524401,179517,16,Thu
653400105,21/03/2023,23:11:00,524401,180989,23,Tue
62424763,15/09/2022,20:00:00,524402,176353,20,Thu
413400492,10/02/2023,15:10:00,524404,169980,15,Fri
652410927,25/09/2022,01:04:00,524411,181524,1,Sun
562450639,07/10/2022,16:26:00,524411,182737,16,Fri
653401563,28/02/2023,18:00:00,524411,181524,18,Tue
563412331,12/02/2023,11:30:00,524422,182516,11,Sun
563402030,01/01/2023,22:00:00,524422,182522,22,Sun
913403559,26/03/2023,00:01:00,524431,184312,0,Sun
912424396,08/10/2022,13:15:00,524432,184499,13,Sat
62423369,21/11/2022,13:20:00,524433,175940,13,Mon
652414545,29/08/2022,17:40:00,524436,182292,17,Mon
422417848,27/07/2022,12:20:00,524437,190074,12,Wed
563417657,07/03/2023,17:55:00,524443,182349,17,Tue
62426889,24/11/2022,01:10:00,524444,177212,1,Thu
652412273,06/08/2022,06:00:00,524446,181940,6,Sat
563418691,14/02/2023,21:30:00,524447,182732,21,Tue
913403283,10/02/2023,19:30:00,524450,184988,19,Fri
422420536,20/10/2022,17:42:00,524453,196333,17,Thu
412412700,13/08/2022,03:15:00,524455,170898,3,Sat
652416637,26/09/2022,18:20:00,524455,182298,18,Mon
42414991,02/10/2022,19:10:00,524458,166241,19,Sun
62434351,11/12/2022,20:15:00,524459,177034,20,Sun
42414691,01/10/2022,14:36:00,524462,164034,14,Sat
302422243,30/10/2022,20:30:00,524463,175315,20,Sun
302426143,30/10/2022,20:30:00,524463,175315,20,Sun
653402071,28/01/2023,12:25:00,524468,181512,12,Sat
423407125,27/02/2023,13:26:00,524469,196424,13,Mon
913406746,09/03/2023,16:45:00,524469,184851,16,Thu
653402422,04/02/2023,11:00:00,524472,181566,11,Sat
62427949,19/11/2022,15:50:00,524472,175758,15,Sat
653407974,18/03/2023,18:00:00,524475,182030,18,Sat
62429769,21/11/2022,08:00:00,524476,175842,8,Mon
652424910,09/11/2022,17:10:00,524476,179254,17,Wed
62429159,19/11/2022,23:02:00,524476,175842,23,Sat
912421743,30/08/2022,01:40:00,524477,184421,1,Tue
413401402,17/02/2023,12:25:00,524477,170501,12,Fri
652410355,29/08/2022,16:30:00,524480,181549,16,Mon
412415421,09/09/2022,17:50:00,524487,167079,17,Fri
653409284,12/03/2023,16:45:00,524496,182071,16,Sun
63404076,14/03/2023,15:35:00,524497,178351,15,Tue
62420575,09/10/2022,17:15:00,524497,178351,17,Sun
913405583,11/02/2023,10:45:00,524498,183553,10,Sat
652415324,13/08/2022,13:30:00,524500,181506,13,Sat
563414266,04/03/2023,13:45:00,524503,182780,13,Sat
912429649,03/11/2022,17:00:00,524503,184728,17,Thu
652410256,13/09/2022,02:45:00,524504,182125,2,Tue
653404371,21/01/2023,12:00:00,524504,181501,12,Sat
652419987,30/09/2022,19:10:00,524504,180875,19,Fri
653409480,15/01/2023,03:40:00,524505,180746,3,Sun
62421849,18/11/2022,19:15:00,524506,177694,19,Fri
422434171,20/12/2022,22:21:00,524506,187090,22,Tue
62427387,01/11/2022,08:40:00,524517,175957,8,Tue
323400822,23/01/2023,16:45:00,524518,184885,16,Mon
423400176,15/03/2023,17:15:00,524528,196642,17,Wed
62422553,15/09/2022,04:00:00,524531,178185,4,Thu
652410507,10/08/2022,14:00:00,524535,182092,14,Wed
423404891,23/01/2023,15:32:00,524536,196549,15,Mon
62433140,28/11/2022,21:45:00,524538,176112,21,Mon
422420804,28/09/2022,05:00:00,524540,188648,5,Wed
652414129,26/10/2022,14:40:00,524542,182243,14,Wed
652415855,29/08/2022,17:00:00,524542,182243,17,Mon
652428340,12/11/2022,14:00:00,524543,180657,14,Sat
653406152,08/02/2023,17:45:00,524543,181412,17,Wed
562453201,28/08/2022,20:10:00,524547,181470,20,Sun
652417725,29/08/2022,16:00:00,524548,182043,16,Mon
413405512,19/02/2023,18:45:00,524549,168560,18,Sun
913409087,23/03/2023,06:40:00,524552,183384,6,Thu
652416545,29/08/2022,12:00:00,524555,179643,12,Mon
652410395,03/09/2022,01:50:00,524560,179155,1,Sat
653408203,18/02/2023,00:15:00,524561,181328,0,Sat
62418228,20/07/2022,21:30:00,524563,177855,21,Wed
42406188,24/07/2022,13:05:00,524568,166675,13,Sun
62427717,22/10/2022,20:05:00,524569,178223,20,Sat
302416909,02/09/2022,19:00:00,524571,174266,19,Fri
563429040,18/03/2023,19:30:00,524571,182324,19,Sat
652410635,29/08/2022,16:00:00,524572,181762,16,Mon
43405570,17/01/2023,18:30:00,524573,166390,18,Tue
63408583,12/02/2023,01:00:00,524574,178373,1,Sun
412419615,06/12/2022,11:40:00,524575,170214,11,Tue
413404410,04/01/2023,15:26:00,524579,170083,15,Wed
652415485,29/08/2022,12:00:00,524587,180813,12,Mon
912428177,16/10/2022,03:15:00,524589,184644,3,Sun
912427872,22/08/2022,17:00:00,524589,184644,17,Mon
563404062,12/01/2023,17:20:00,524589,184644,17,Thu
912429702,16/08/2022,22:38:00,524589,184644,22,Tue
653407145,27/03/2023,15:00:00,524596,182054,15,Mon
562447917,10/08/2022,19:40:00,524601,182410,19,Wed
652414039,27/10/2022,21:30:00,524601,181553,21,Thu
652416975,29/08/2022,22:00:00,524601,180779,22,Mon
652417465,31/08/2022,03:15:00,524607,181192,3,Wed
63405375,04/03/2023,16:45:00,524609,177273,16,Sat
912430652,03/12/2022,16:20:00,524612,183239,16,Sat
913408260,08/01/2023,17:00:00,524612,183239,17,Sun
653402462,12/02/2023,20:00:00,524612,180238,20,Sun
63404418,29/03/2023,12:00:00,524613,178383,12,Wed
912415297,03/07/2022,16:00:00,524613,183120,16,Sun
563409025,21/01/2023,14:30:00,524618,182360,14,Sat
43408813,14/03/2023,14:00:00,524622,166519,14,Tue
652424931,26/11/2022,14:15:00,524625,181266,14,Sat
62426274,27/09/2022,23:00:00,524628,177715,23,Tue
652410215,28/08/2022,19:22:00,524636,181248,19,Sun
653406000,31/12/2022,22:44:00,524636,181248,22,Sat
653407002,01/02/2023,23:00:00,524636,181248,23,Wed
913406997,23/03/2023,14:50:00,524637,183297,14,Thu
62431870,04/12/2022,02:00:00,524639,177399,2,Sun
42413552,14/10/2022,21:15:00,524645,163518,21,Fri
412407108,01/07/2022,14:00:00,524650,168002,14,Fri
423408394,23/02/2023,16:30:00,524651,196458,16,Thu
423402507,18/03/2023,22:14:00,524651,196458,22,Sat
653405482,15/02/2023,17:22:00,524654,181395,17,Wed
412415706,28/12/2022,14:13:00,524659,170792,14,Wed
63402971,21/01/2023,21:45:00,524659,176774,21,Sat
653405165,31/03/2023,09:00:00,524661,181224,9,Fri
563420532,26/03/2023,16:00:00,524663,182250,16,Sun
652417175,29/08/2022,02:00:00,524667,181182,2,Mon
563406159,05/02/2023,18:24:00,524669,182300,18,Sun
322429602,30/07/2022,07:25:00,524670,184577,7,Sat
912421966,05/10/2022,17:45:00,524670,184576,17,Wed
912420571,10/08/2022,20:30:00,524673,184191,20,Wed
912422786,07/10/2022,18:15:00,524676,184525,18,Fri
653406511,20/01/2023,00:12:00,524680,179326,0,Fri
653404684,17/03/2023,17:30:00,524681,181077,17,Fri
912426190,05/08/2022,09:27:00,524682,183173,9,Fri
652417326,29/08/2022,17:30:00,524682,180781,17,Mon
652414915,28/08/2022,00:01:00,524689,181464,0,Sun
652419615,28/08/2022,15:30:00,524689,181464,15,Sun
652410997,07/10/2022,23:51:00,524696,181566,23,Fri
422425108,10/11/2022,11:00:00,524699,187540,11,Thu
422422997,10/11/2022,01:42:00,524700,186491,1,Thu
652411062,20/07/2022,20:30:00,524708,180210,20,Wed
412407558,11/07/2022,23:00:00,524710,170912,23,Mon
563400694,21/01/2023,00:01:00,524711,182348,0,Sat
63401648,31/03/2023,18:03:00,524713,176486,18,Fri
912434331,23/11/2022,03:42:00,524716,183939,3,Wed
652423930,12/11/2022,13:15:00,524718,181001,13,Sat
652423480,19/11/2022,14:35:00,524718,181001,14,Sat
413402571,09/02/2023,18:40:00,524719,170055,18,Thu
42414605,13/12/2022,20:30:00,524720,166939,20,Tue
652418715,28/08/2022,16:00:00,524723,181401,16,Sun
563424623,30/03/2023,13:32:00,524726,181551,13,Thu
562446814,28/07/2022,13:45:00,524727,182197,13,Thu
423402047,22/03/2023,22:00:00,524727,186703,22,Wed
912430623,13/12/2022,23:00:00,524737,184494,23,Tue
322434947,25/12/2022,18:41:00,524749,184481,18,Sun
323406741,15/01/2023,22:00:00,524759,184772,22,Sun
62414437,12/07/2022,00:01:00,524761,176077,0,Tue
412417815,06/12/2022,17:30:00,524761,170555,17,Tue
563419039,14/03/2023,19:50:00,524762,182590,19,Tue
652413715,28/08/2022,16:00:00,524765,181288,16,Sun
423400725,27/02/2023,18:20:00,524766,187756,18,Mon
562465294,28/10/2022,05:45:00,524767,182166,5,Fri
912423715,19/09/2022,15:30:00,524773,184038,15,Mon
652410191,10/07/2022,11:40:00,524778,181072,11,Sun
413402233,18/03/2023,22:52:00,524786,170644,22,Sat
323406463,04/02/2023,18:35:00,524788,184973,18,Sat
413404532,25/02/2023,02:51:00,524791,166919,2,Sat
562478302,22/11/2022,23:15:00,524792,182152,23,Tue
63406265,02/03/2023,17:05:00,524793,176540,17,Thu
422421992,16/09/2022,01:00:00,524795,195427,1,Fri
423407466,05/03/2023,06:20:00,524801,187590,6,Sun
912429389,07/11/2022,14:25:00,524804,184362,14,Mon
323403358,18/03/2023,17:03:00,524805,184391,17,Sat
562472954,30/11/2022,16:30:00,524806,182502,16,Wed
412418053,30/10/2022,01:00:00,524811,170635,1,Sun
412416314,12/11/2022,19:40:00,524813,170569,19,Sat
652414997,07/10/2022,18:35:00,524817,180971,18,Fri
912435471,24/11/2022,20:14:00,524822,184447,20,Thu
323404400,01/01/2023,05:30:00,524823,184839,5,Sun
722421985,17/10/2022,19:00:00,524827,184374,19,Mon
323406444,11/02/2023,20:40:00,524827,185105,20,Sat
412416045,11/12/2022,22:00:00,524828,169316,22,Sun
562468572,20/10/2022,16:00:00,524830,181618,16,Thu
653400292,08/02/2023,21:00:00,524833,180854,21,Wed
412418493,08/11/2022,15:15:00,524834,171315,15,Tue
62423071,27/08/2022,01:00:00,524835,177823,1,Sat
422419799,13/08/2022,00:01:00,524835,189302,0,Sat
412412482,15/10/2022,17:50:00,524838,170586,17,Sat
652411405,28/08/2022,15:45:00,524839,181197,15,Sun
422421478,17/11/2022,23:00:00,524839,189492,23,Thu
913402167,19/03/2023,23:11:00,524841,184188,23,Sun
422423724,29/09/2022,13:30:00,524844,196232,13,Thu
412408149,29/07/2022,20:00:00,524845,167557,20,Fri
652414954,21/08/2022,03:20:00,524846,179522,3,Sun
302422397,28/12/2022,14:30:00,524846,173206,14,Wed
652418094,26/08/2022,14:50:00,524846,179522,14,Fri
422424388,18/11/2022,15:20:00,524846,189300,15,Fri
563411198,11/03/2023,22:18:00,524846,181993,22,Sat
652414408,06/10/2022,23:15:00,524846,179522,23,Thu
562451447,29/09/2022,22:00:00,524848,182149,22,Thu
62420529,16/11/2022,18:50:00,524850,177912,18,Wed
423408405,23/02/2023,23:06:00,524851,196320,23,Thu
422430261,19/12/2022,17:20:00,524852,186257,17,Mon
652419065,28/08/2022,16:00:00,524853,181434,16,Sun
653403440,08/01/2023,14:20:00,524857,181495,14,Sun
562458511,28/08/2022,16:00:00,524857,181570,16,Sun
562450031,29/08/2022,16:50:00,524857,181570,16,Mon
303406266,27/03/2023,19:18:00,524860,176357,19,Mon
562464570,12/10/2022,20:30:00,524863,182721,20,Wed
423401555,02/03/2023,19:00:00,524866,190515,19,Thu
423405796,18/03/2023,05:00:00,524869,187982,5,Sat
62426972,05/09/2022,22:00:00,524869,176474,22,Mon
302425508,28/12/2022,15:24:00,524871,173095,15,Wed
423406155,02/03/2023,12:52:00,524879,188717,12,Thu
912433492,05/12/2022,23:45:00,524885,184280,23,Mon
652417625,29/08/2022,20:45:00,524885,181054,20,Mon
912424381,13/08/2022,23:26:00,524885,184280,23,Sat
653408065,30/03/2023,13:30:00,524886,181656,13,Thu
912422553,01/09/2022,17:30:00,524887,183950,17,Thu
702402768,24/08/2022,22:10:00,524887,165777,22,Wed
652410512,14/07/2022,11:00:00,524890,180407,11,Thu
913406235,24/02/2023,22:20:00,524891,183456,22,Fri
913401553,01/02/2023,20:00:00,524893,183822,20,Wed
422422949,25/11/2022,17:50:00,524893,186519,17,Fri
413403451,04/02/2023,21:14:00,524894,170482,21,Sat
413406962,04/03/2023,21:30:00,524894,170482,21,Sat
652412507,21/09/2022,20:00:00,524899,179307,20,Wed
653409002,01/02/2023,16:30:00,524901,180858,16,Wed
42417561,15/09/2022,15:00:00,524902,165303,15,Thu
562458621,29/08/2022,16:50:00,524903,181490,16,Mon
62420238,07/11/2022,01:21:00,524904,177761,1,Mon
412416743,28/10/2022,19:30:00,524904,170616,19,Fri
62418169,04/08/2022,17:50:00,524909,177202,17,Thu
652410451,04/07/2022,18:45:00,524913,181400,18,Mon
62429467,28/10/2022,17:25:00,524917,177055,17,Fri
62421717,24/10/2022,18:25:00,524923,177666,18,Mon
422424503,17/09/2022,01:00:00,524924,186846,1,Sat
912426674,12/09/2022,01:00:00,524926,183478,1,Mon
562454930,25/08/2022,21:33:00,524928,182267,21,Thu
653409563,28/02/2023,18:00:00,524929,181039,18,Tue
652427031,26/11/2022,18:30:00,524930,181725,18,Sat
563405580,04/01/2023,20:45:00,524930,181725,20,Wed
562476806,04/12/2022,23:00:00,524930,181725,23,Sun
413405121,26/01/2023,16:20:00,524937,168743,16,Thu
652411045,29/08/2022,18:50:00,524937,181397,18,Mon
63407392,01/02/2023,23:20:00,524941,177819,23,Wed
562454631,29/08/2022,16:00:00,524943,181492,16,Mon
652414987,06/10/2022,15:30:00,524946,178655,15,Thu
62422154,25/09/2022,20:10:00,524947,178655,20,Sun
652416835,29/08/2022,18:00:00,524954,181328,18,Mon
322425048,04/10/2022,19:56:00,524955,184488,19,Tue
653406901,17/01/2023,21:00:00,524956,181460,21,Tue
912426442,20/08/2022,23:00:00,524956,183754,23,Sat
652422031,26/11/2022,12:15:00,524957,180754,12,Sat
652427040,12/11/2022,14:00:00,524957,180754,14,Sat
422436041,16/12/2022,14:50:00,524962,187684,14,Fri
413400041,01/02/2023,16:30:00,524962,170548,16,Wed
422421394,27/09/2022,23:52:00,524964,190017,23,Tue
423404963,10/02/2023,16:45:00,524966,187178,16,Fri
412419082,13/10/2022,16:25:00,524968,170602,16,Thu
423407214,15/02/2023,16:12:00,524969,190605,16,Wed
422410979,10/08/2022,22:08:00,524969,190605,22,Wed
912429513,10/08/2022,00:01:00,524971,184177,0,Wed
413406320,06/01/2023,19:40:00,524972,170739,19,Fri
422431770,09/12/2022,12:00:00,524977,187694,12,Fri
563404414,17/01/2023,17:15:00,524985,182161,17,Tue
412418311,06/09/2022,20:10:00,524988,170636,20,Tue
323407951,14/01/2023,22:20:00,524988,185158,22,Sat
323401764,13/02/2023,18:00:00,524992,184221,18,Mon
323402864,13/02/2023,18:30:00,524992,184221,18,Mon
322438171,02/11/2022,17:00:00,524996,184477,17,Wed
62411847,13/07/2022,15:00:00,525008,177560,15,Wed
303400573,19/02/2023,17:31:00,525009,175065,17,Sun
912427660,02/08/2022,22:58:00,525010,183829,22,Tue
913407815,24/02/2023,17:55:00,525014,187539,17,Fri
412401919,24/07/2022,18:25:00,525016,170363,18,Sun
62422922,02/09/2022,01:26:00,525017,177626,1,Fri
413404391,14/02/2023,16:40:00,525018,170470,16,Tue
413402960,16/01/2023,17:00:00,525028,167216,17,Mon
652423551,30/11/2022,13:10:00,525031,180969,13,Wed
62427009,14/11/2022,09:20:00,525034,176603,9,Mon
652419088,19/10/2022,13:00:00,525039,179312,13,Wed
422425564,29/09/2022,10:40:00,525043,187482,10,Thu
563443856,20/01/2023,01:00:00,525045,182120,1,Fri
62423439,17/11/2022,17:30:00,525047,176528,17,Thu
702410911,23/10/2022,20:45:00,525048,170777,20,Sun
62428625,01/10/2022,16:15:00,525051,177473,16,Sat
62421471,24/08/2022,18:00:00,525051,177852,18,Wed
562456610,24/08/2022,12:45:00,525053,181347,12,Wed
652410485,01/09/2022,15:14:00,525053,180984,15,Thu
423405070,09/01/2023,17:21:00,525055,187433,17,Mon
913400543,07/02/2023,10:00:00,525057,182914,10,Tue
413402031,30/01/2023,17:10:00,525058,170194,17,Mon
913401615,16/02/2023,15:00:00,525065,184066,15,Thu
423404214,15/02/2023,11:29:00,525065,190864,11,Wed
322430310,20/10/2022,17:48:00,525065,184124,17,Thu
423408380,10/01/2023,20:30:00,525070,187472,20,Tue
322437194,30/11/2022,13:00:00,525078,184140,13,Wed
423400817,20/03/2023,13:29:00,525079,187472,13,Mon
63407312,25/01/2023,13:50:00,525080,177498,13,Wed
652423732,11/12/2022,11:00:00,525081,178502,11,Sun
652412945,29/08/2022,15:30:00,525081,181012,15,Mon
422424063,23/09/2022,14:19:00,525083,187420,14,Fri
422429840,16/08/2022,14:00:00,525083,187420,14,Tue
423401924,17/02/2023,13:50:00,525084,187422,13,Fri
652411165,29/08/2022,19:30:00,525085,180378,19,Mon
63403251,18/01/2023,13:42:00,525087,177482,13,Wed
63409374,21/02/2023,16:06:00,525087,177482,16,Tue
652414745,29/08/2022,19:30:00,525088,180780,19,Mon
912431070,16/11/2022,00:30:00,525089,183922,0,Wed
43407930,09/01/2023,16:41:00,525089,166260,16,Mon
563412797,09/03/2023,16:40:00,525096,181642,16,Thu
423408430,04/01/2023,16:00:00,525099,187417,16,Wed
422426568,12/11/2022,17:40:00,525099,187416,17,Sat
323401126,27/02/2023,14:00:00,525102,184022,14,Mon
63407914,17/02/2023,00:45:00,525103,176958,0,Fri
62422284,10/09/2022,22:00:00,525103,176958,22,Sat
152411083,23/07/2022,21:15:00,525108,181046,21,Sat
422420632,09/09/2022,17:30:00,525108,186796,17,Fri
422426379,28/11/2022,12:23:00,525109,187455,12,Mon
422413557,16/07/2022,12:48:00,525109,187455,12,Sat
422429810,15/08/2022,13:00:00,525109,187455,13,Mon
913402021,14/01/2023,13:05:00,525109,183206,13,Sat
423402527,21/03/2023,13:50:00,525109,187455,13,Tue
422436101,12/12/2022,15:05:00,525109,187455,15,Mon
422428379,28/11/2022,16:00:00,525109,187455,16,Mon
322410098,06/07/2022,11:30:00,525112,185660,11,Wed
322436071,01/11/2022,19:20:00,525112,185660,19,Tue
62416309,29/07/2022,18:10:00,525114,177355,18,Fri
423405370,09/01/2023,15:00:00,525116,187414,15,Mon
42402218,05/07/2022,15:30:00,525118,163237,15,Tue
422436361,19/12/2022,16:00:00,525120,187412,16,Mon
422433431,16/12/2022,15:15:00,525121,187907,15,Fri
423406747,23/03/2023,15:30:00,525122,196491,15,Thu
422435842,30/12/2022,22:00:00,525125,195860,22,Fri
423404747,22/03/2023,13:10:00,525127,190658,13,Wed
423408084,22/02/2023,13:20:00,525127,187470,13,Wed
63400143,08/02/2023,08:00:00,525129,177348,8,Wed
322425821,28/07/2022,15:40:00,525129,184050,15,Thu
412411184,27/11/2022,18:00:00,525132,170855,18,Sun
562454257,27/09/2022,16:10:00,525138,182488,16,Tue
652424613,25/12/2022,01:20:00,525140,179760,1,Sun
422438271,20/12/2022,20:00:00,525145,187328,20,Tue
62437840,01/12/2022,01:45:00,525146,176385,1,Thu
652413963,05/08/2022,17:10:00,525146,180577,17,Fri
652417123,30/07/2022,00:55:00,525147,179903,0,Sat
212427451,23/07/2022,11:45:00,525147,180674,11,Sat
412417305,02/12/2022,18:05:00,525147,170529,18,Fri
562454721,29/08/2022,19:30:00,525150,181557,19,Mon
422417616,30/06/2022,18:50:00,525155,191866,18,Thu
562448380,15/07/2022,04:40:00,525164,182234,4,Fri
563411068,11/03/2023,11:05:00,525172,182421,11,Sat
912430864,30/12/2022,16:00:00,525174,183927,16,Fri
912421846,23/09/2022,17:45:00,525174,183927,17,Fri
563420452,28/03/2023,06:20:00,525176,182529,6,Tue
653408544,13/03/2023,12:30:00,525183,179245,12,Mon
423404187,27/03/2023,21:14:00,525185,187354,21,Mon
322439672,05/11/2022,04:00:00,525187,183969,4,Sat
912421171,12/08/2022,11:11:00,525187,183969,11,Fri
412405578,15/07/2022,15:45:00,525190,168790,15,Fri
412411380,31/08/2022,16:15:00,525192,167639,16,Wed
422430351,18/12/2022,23:20:00,525192,187333,23,Sun
652420242,12/12/2022,13:45:00,525195,180407,13,Mon
422424689,28/11/2022,00:01:00,525196,187382,0,Mon
422435071,20/12/2022,15:15:00,525199,187471,15,Tue
62417017,09/07/2022,02:30:00,525202,177259,2,Sat
562478078,13/12/2022,10:00:00,525204,183057,10,Tue
562461809,12/11/2022,23:20:00,525204,181530,23,Sat
322420924,26/08/2022,00:01:00,525205,184312,0,Fri
423406775,05/03/2023,21:00:00,525207,189731,21,Sun
562478407,07/12/2022,19:20:00,525210,181110,19,Wed
562453221,29/08/2022,19:00:00,525214,181377,19,Mon
423400166,11/03/2023,22:00:00,525214,186248,22,Sat
422426501,25/08/2022,14:50:00,525216,187220,14,Thu
62428459,19/11/2022,01:00:00,525218,177123,1,Sat
913403202,23/01/2023,10:00:00,525218,183866,10,Mon
62412167,14/07/2022,23:36:00,525218,177123,23,Thu
652410343,01/08/2022,20:18:00,525219,180200,20,Mon
422434320,02/12/2022,11:00:00,525223,187308,11,Fri
912426642,21/08/2022,06:50:00,525226,183672,6,Sun
412419830,20/08/2022,20:55:00,525227,170755,20,Sat
423403060,08/01/2023,19:00:00,525232,190664,19,Sun
912424437,11/10/2022,23:00:00,525232,183841,23,Tue
63403832,28/01/2023,04:18:00,525238,177231,4,Sat
63401680,11/01/2023,10:30:00,525238,177307,10,Wed
913406217,16/03/2023,19:58:00,525239,183866,19,Thu
423400913,04/02/2023,02:00:00,525242,187758,2,Sat
422419337,13/07/2022,22:30:00,525242,187758,22,Wed
652417631,02/07/2022,02:50:00,525244,180416,2,Sat
62434630,29/11/2022,07:10:00,525244,176466,7,Tue
652418032,14/07/2022,12:25:00,525247,180271,12,Thu
652413659,10/08/2022,17:22:00,525247,181114,17,Wed
652412156,12/09/2022,21:00:00,525247,178476,21,Mon
412410772,14/10/2022,01:00:00,525248,172183,1,Fri
422424976,28/10/2022,19:30:00,525248,190808,19,Fri
62424788,12/11/2022,21:32:00,525248,176538,21,Sat
322426628,29/09/2022,07:51:00,525249,183955,7,Thu
63408456,12/03/2023,20:15:00,525251,177451,20,Sun
422420296,30/10/2022,00:01:00,525252,187478,0,Sun
43406582,07/03/2023,00:30:00,525252,164247,0,Tue
423408151,15/01/2023,14:46:00,525252,187478,14,Sun
423408070,09/01/2023,17:45:00,525252,187478,17,Mon
423400380,09/01/2023,18:20:00,525252,187478,18,Mon
653401100,01/01/2023,05:30:00,525253,180453,5,Sun
652415192,25/07/2022,19:30:00,525257,178656,19,Mon
913406466,09/03/2023,17:00:00,525258,183888,17,Thu
563418262,16/02/2023,23:40:00,525258,182033,23,Thu
322431950,23/10/2022,03:40:00,525261,183796,3,Sun
913404832,26/01/2023,17:30:00,525261,183796,17,Thu
652414941,03/07/2022,21:21:00,525263,178861,21,Sun
653407303,18/02/2023,21:22:00,525266,180349,21,Sat
62411807,25/06/2022,23:00:00,525273,178008,23,Sat
63404090,11/01/2023,19:15:00,525273,177950,19,Wed
912427639,30/10/2022,20:00:00,525273,183362,20,Sun
562442332,21/07/2022,07:51:00,525281,181594,7,Thu
652414853,04/08/2022,10:57:00,525282,179935,10,Thu
652410832,17/07/2022,15:00:00,525282,180380,15,Sun
562435049,08/07/2022,21:00:00,525283,181435,21,Fri
563419543,19/02/2023,15:42:00,525287,182342,15,Sun
422435681,22/12/2022,16:15:00,525288,190681,16,Thu
422421109,19/11/2022,16:30:00,525289,190545,16,Sat
423402852,29/01/2023,17:40:00,525292,190867,17,Sun
63406857,23/03/2023,16:00:00,525295,177914,16,Thu
43408330,08/01/2023,06:00:00,525296,163722,6,Sun
652416666,29/08/2022,19:00:00,525296,180481,19,Mon
652412006,28/08/2022,12:00:00,525296,180481,12,Sun
323406133,01/02/2023,19:00:00,525297,183847,19,Wed
562455032,03/09/2022,22:15:00,525298,181363,22,Sat
412413233,25/10/2022,13:45:00,525299,168524,13,Tue
422429841,30/08/2022,18:00:00,525302,190809,18,Tue
422426651,30/08/2022,11:00:00,525303,190921,11,Tue
62424131,18/08/2022,19:07:00,525304,177885,19,Thu
322429904,24/08/2022,11:15:00,525305,183839,11,Wed
913402052,27/01/2023,20:10:00,525305,183839,20,Fri
563403127,28/01/2023,20:15:00,525305,181602,20,Sat
62420526,15/10/2022,01:00:00,525308,177821,1,Sat
652413967,20/09/2022,02:30:00,525308,178841,2,Tue
912422831,09/08/2022,12:44:00,525309,183246,12,Tue
423405771,21/01/2023,12:30:00,525310,190077,12,Sat
322418968,04/07/2022,12:45:00,525310,183816,12,Mon
562461019,12/11/2022,18:00:00,525311,182561,18,Sat
423407394,23/02/2023,17:00:00,525312,191010,17,Thu
653406665,25/03/2023,19:00:00,525321,178495,19,Sat
413408133,18/03/2023,21:10:00,525321,170696,21,Sat
323409897,14/03/2023,10:00:00,525322,184956,10,Tue
653406041,23/01/2023,18:00:00,525324,180495,18,Mon
62424859,20/11/2022,11:21:00,525325,177222,11,Sun
62430512,15/12/2022,00:01:00,525325,177222,0,Thu
562436619,08/07/2022,04:30:00,525326,182418,4,Fri
913402522,25/01/2023,07:10:00,525331,182745,7,Wed
412412840,23/08/2022,04:15:00,525335,168507,4,Tue
652411869,28/10/2022,13:00:00,525335,180496,13,Fri
652414837,27/09/2022,17:30:00,525335,180496,17,Tue
422427625,11/10/2022,23:20:00,525336,190472,23,Tue
412415722,03/10/2022,01:55:00,525338,172373,1,Mon
653400122,03/02/2023,15:10:00,525339,181048,15,Fri
322421538,04/10/2022,17:47:00,525344,185219,17,Tue
322433156,15/12/2022,21:00:00,525344,183780,21,Thu
652415943,02/08/2022,10:00:00,525349,179419,10,Tue
42416334,16/11/2022,07:00:00,525351,163948,7,Wed
563401640,02/01/2023,18:45:00,525355,181568,18,Mon
422426466,27/10/2022,01:00:00,525356,192274,1,Thu
912427784,15/09/2022,17:20:00,525356,183428,17,Thu
413400581,12/02/2023,15:13:00,525357,169002,15,Sun
62423888,13/11/2022,01:10:00,525361,177201,1,Sun
653402742,10/02/2023,07:30:00,525363,180426,7,Fri
653409393,05/03/2023,23:31:00,525364,180430,23,Sun
652411678,15/10/2022,18:40:00,525364,180451,18,Sat
62420317,22/10/2022,23:55:00,525364,177604,23,Sat
912420943,01/09/2022,01:30:00,525368,183432,1,Thu
912436191,29/11/2022,09:55:00,525370,183335,9,Tue
322425694,01/09/2022,21:00:00,525370,185498,21,Thu
562462250,09/10/2022,02:10:00,525371,181147,2,Sun
412419065,16/12/2022,17:15:00,525373,167318,17,Fri
653400062,12/02/2023,03:00:00,525375,180499,3,Sun
653400101,16/01/2023,11:00:00,525377,180387,11,Mon
422426342,08/09/2022,13:00:00,525377,190892,13,Thu
652411172,18/07/2022,12:05:00,525378,179714,12,Mon
412419633,18/10/2022,17:30:00,525380,171347,17,Tue
652427770,18/11/2022,16:28:00,525383,178030,16,Fri
652415889,03/08/2022,23:00:00,525383,178030,23,Wed
563416703,18/02/2023,09:01:00,525384,181532,9,Sat
653408110,02/01/2023,17:37:00,525384,178648,17,Mon
423401940,04/01/2023,10:17:00,525385,187308,10,Wed
423409134,12/02/2023,12:11:00,525388,192875,12,Sun
652412414,11/08/2022,17:00:00,525388,178560,17,Thu
652426131,27/11/2022,06:30:00,525389,178203,6,Sun
653406282,15/02/2023,12:00:00,525389,178203,12,Wed
562468969,12/11/2022,20:20:00,525389,181102,20,Sat
652417871,08/07/2022,12:30:00,525392,179531,12,Fri
322438414,23/11/2022,18:20:00,525396,184763,18,Wed
422421514,24/08/2022,16:28:00,525397,195869,16,Wed
912436700,09/11/2022,19:59:00,525404,183478,19,Wed
912424021,08/08/2022,01:06:00,525405,183517,1,Mon
42411702,04/10/2022,14:40:00,525405,164712,14,Tue
412411000,11/08/2022,17:20:00,525406,171035,17,Thu
562459212,02/09/2022,23:36:00,525408,181965,23,Fri
323401014,08/02/2023,15:15:00,525412,183693,15,Wed
63403857,23/03/2023,15:45:00,525416,177600,15,Thu
653402350,09/01/2023,10:00:00,525418,178182,10,Mon
653407954,15/03/2023,20:05:00,525418,178182,20,Wed
653403503,19/02/2023,09:14:00,525419,179603,9,Sun
323404873,04/02/2023,21:50:00,525419,185178,21,Sat
322435442,09/11/2022,20:30:00,525422,183840,20,Wed
63408864,21/02/2023,07:45:00,525424,177459,7,Tue
653403212,04/02/2023,15:45:00,525425,179530,15,Sat
423409365,03/03/2023,16:45:00,525427,187385,16,Fri
652415516,05/09/2022,16:00:00,525430,178272,16,Mon
422423616,21/10/2022,22:00:00,525431,191019,22,Fri
652414635,29/08/2022,19:00:00,525434,179898,19,Mon
652425162,13/12/2022,02:00:00,525435,179851,2,Tue
563413649,14/03/2023,15:25:00,525439,180932,15,Tue
652410232,16/07/2022,15:00:00,525439,179538,15,Sat
62438891,17/12/2022,16:00:00,525442,177283,16,Sat
62426289,19/11/2022,23:00:00,525442,177283,23,Sat
652418412,07/07/2022,16:30:00,525443,178465,16,Thu
422437910,02/12/2022,20:49:00,525443,191032,20,Fri
43400351,04/02/2023,15:43:00,525444,162657,15,Sat
412403729,25/07/2022,16:55:00,525444,170430,16,Mon
652428182,16/12/2022,00:25:00,525445,180157,0,Fri
322424514,23/08/2022,06:45:00,525446,184303,6,Tue
322420300,17/07/2022,01:37:00,525447,184676,1,Sun
652429271,02/12/2022,18:05:00,525451,179483,18,Fri
42412670,04/09/2022,16:10:00,525452,161908,16,Sun
652415416,06/09/2022,07:17:00,525456,178535,7,Tue
62424168,07/11/2022,15:30:00,525456,175879,15,Mon
652412381,08/07/2022,11:15:00,525457,179549,11,Fri
653404753,27/02/2023,14:00:00,525465,178414,14,Mon
42407978,23/07/2022,20:47:00,525466,164747,20,Sat
43400171,08/02/2023,16:25:00,525468,162173,16,Wed
322430766,17/12/2022,11:00:00,525469,182179,11,Sat
912437813,13/12/2022,11:25:00,525469,183256,11,Tue
323401031,12/01/2023,23:45:00,525469,184475,23,Thu
563409932,11/01/2023,16:29:00,525471,181792,16,Wed
323403544,11/02/2023,20:15:00,525473,184955,20,Sat
912427760,02/08/2022,23:50:00,525474,183504,23,Tue
562489181,17/12/2022,16:30:00,525475,181156,16,Sat
63407800,01/01/2023,00:10:00,525479,177278,0,Sun
62414617,09/07/2022,17:40:00,525479,177278,17,Sat
63408372,30/01/2023,18:30:00,525479,177278,18,Mon
913407107,15/03/2023,17:20:00,525485,183070,17,Wed
913409983,11/02/2023,18:40:00,525490,183573,18,Sat
912435563,18/12/2022,18:45:00,525490,183573,18,Sun
912434044,27/12/2022,15:30:00,525494,183579,15,Tue
322421639,13/10/2022,21:00:00,525494,183579,21,Thu
913404812,24/01/2023,21:30:00,525494,183579,21,Tue
562458911,28/08/2022,23:30:00,525494,183579,23,Sun
43404662,01/03/2023,17:30:00,525496,163303,17,Wed
563409626,25/01/2023,21:20:00,525498,181172,21,Wed
653400821,21/01/2023,20:30:00,525501,178573,20,Sat
412403689,08/08/2022,22:00:00,525502,172059,22,Mon
302427687,27/12/2022,14:45:00,525506,174286,14,Tue
302428232,13/10/2022,15:15:00,525506,174286,15,Thu
422432170,07/12/2022,00:01:00,525507,187313,0,Wed
652422502,06/12/2022,10:40:00,525509,180170,10,Tue
912435601,19/11/2022,22:40:00,525511,183464,22,Sat
652418234,16/08/2022,19:40:00,525513,178620,19,Tue
303403861,24/01/2023,15:00:00,525514,174450,15,Tue
323406813,31/01/2023,18:00:00,525515,184761,18,Tue
563405115,21/01/2023,13:10:00,525516,181424,13,Sat
322434916,11/12/2022,00:01:00,525518,183533,0,Sun
303408894,06/03/2023,12:05:00,525524,174660,12,Mon
562483702,25/12/2022,12:30:00,525524,181811,12,Sun
563417822,14/02/2023,16:40:00,525525,181732,16,Tue
562488423,27/12/2022,12:00:00,525525,181732,12,Tue
412414770,27/08/2022,14:25:00,525528,166991,14,Sat
412413880,01/09/2022,16:15:00,525530,167211,16,Thu
22415674,14/10/2022,19:00:00,525534,191594,19,Fri
422417519,03/08/2022,22:21:00,525534,191594,22,Wed
652419192,25/07/2022,20:50:00,525537,178559,20,Mon
653405810,04/01/2023,12:30:00,525540,178510,12,Wed
563419508,09/03/2023,17:10:00,525541,183014,17,Thu
652412726,08/09/2022,18:30:00,525542,178784,18,Thu
652414616,05/09/2022,21:00:00,525543,178178,21,Mon
322428807,22/09/2022,00:01:00,525544,184558,0,Thu
42412581,28/09/2022,18:15:00,525546,162392,18,Wed
652411924,16/08/2022,07:18:00,525548,178596,7,Tue
62414059,03/08/2022,17:55:00,525551,175930,17,Wed
563403977,30/01/2023,17:35:00,525552,181781,17,Mon
322438216,11/12/2022,01:32:00,525553,183591,1,Sun
562465980,13/10/2022,20:15:00,525553,181060,20,Thu
303402653,17/02/2023,15:36:00,525554,174535,15,Fri
303400066,27/03/2023,16:26:00,525554,174535,16,Mon
652412063,04/08/2022,13:00:00,525556,178824,13,Thu
63408450,06/01/2023,15:45:00,525557,175760,15,Fri
562462801,14/10/2022,16:35:00,525562,181481,16,Fri
323400076,03/03/2023,13:41:00,525564,183529,13,Fri
652415158,15/10/2022,18:10:00,525564,178670,18,Sat
322430587,30/12/2022,06:30:00,525565,184378,6,Fri
652410192,25/07/2022,17:00:00,525565,179565,17,Mon
912422984,15/09/2022,16:00:00,525567,183184,16,Thu
562454643,10/09/2022,13:30:00,525568,181698,13,Sat
562447778,17/08/2022,17:55:00,525568,181698,17,Wed
562486631,22/12/2022,17:00:00,525572,181258,17,Thu
562445939,20/08/2022,21:50:00,525578,181688,21,Sat
322430746,15/12/2022,01:00:00,525583,183712,1,Thu
42412974,07/12/2022,16:45:00,525588,165227,16,Wed
563400405,19/01/2023,09:10:00,525594,181137,9,Thu
562486590,21/12/2022,15:15:00,525594,182884,15,Wed
652428851,30/11/2022,15:00:00,525594,179588,15,Wed
563427611,21/03/2023,15:50:00,525594,182884,15,Tue
563403229,04/02/2023,16:20:00,525594,182884,16,Sat
562431839,08/07/2022,17:43:00,525594,182884,17,Fri
562470440,17/11/2022,18:10:00,525594,182884,18,Thu
563401815,21/01/2023,18:00:00,525594,182884,18,Sat
323404149,21/03/2023,15:00:00,525597,183593,15,Tue
563420820,18/03/2023,00:01:00,525601,182283,0,Sat
652410914,14/08/2022,05:10:00,525604,178345,5,Sun
323401227,08/03/2023,00:33:00,525609,183711,0,Wed
422415646,04/07/2022,17:40:00,525609,195106,17,Mon
302423135,22/11/2022,23:00:00,525611,174615,23,Tue
652421503,04/08/2022,00:01:00,525614,179735,0,Thu
653406202,02/02/2023,23:00:00,525615,178307,23,Thu
42417065,29/12/2022,15:50:00,525618,164820,15,Thu
42419615,16/12/2022,19:03:00,525618,164820,19,Fri
563400308,31/01/2023,15:00:00,525619,183363,15,Tue
323407617,07/03/2023,16:30:00,525619,183363,16,Tue
303404601,16/01/2023,10:15:00,525621,174323,10,Mon
43408042,23/02/2023,16:45:00,525622,162220,16,Thu
43406142,23/02/2023,16:45:00,525622,162220,16,Thu
422420971,02/08/2022,21:52:00,525623,196515,21,Tue
562479731,19/11/2022,17:06:00,525625,183345,17,Sat
653407505,19/03/2023,20:00:00,525626,177232,20,Sun
322434600,19/10/2022,11:30:00,525627,183420,11,Wed
422426026,22/10/2022,15:25:00,525627,186927,15,Sat
653400213,19/02/2023,18:00:00,525627,178188,18,Sun
323402563,04/02/2023,22:12:00,525627,183420,22,Sat
323400575,22/02/2023,09:40:00,525628,184599,9,Wed
652413224,14/08/2022,01:00:00,525629,178158,1,Sun
562452890,28/08/2022,14:00:00,525630,181939,14,Sun
562481153,31/12/2022,15:05:00,525635,181419,15,Sat
652410618,06/10/2022,23:42:00,525636,178667,23,Thu
43405750,13/01/2023,17:40:00,525638,164911,17,Fri
562449531,17/07/2022,04:20:00,525641,181270,4,Sun
322422391,03/08/2022,23:20:00,525643,183485,23,Wed
322432765,07/12/2022,00:01:00,525644,185274,0,Wed
562451891,02/09/2022,10:20:00,525647,181522,10,Fri
303407414,24/02/2023,15:00:00,525650,174411,15,Fri
303405306,20/03/2023,17:45:00,525650,174411,17,Mon
303401037,24/03/2023,20:00:00,525650,174411,20,Fri
302412918,17/08/2022,21:00:00,525650,174411,21,Wed
43405872,04/03/2023,19:55:00,525652,163358,19,Sat
62422359,10/11/2022,09:01:00,525653,180593,9,Thu
653402480,15/01/2023,01:50:00,525658,178692,1,Sun
43402842,25/02/2023,18:30:00,525658,166301,18,Sat
322432593,22/11/2022,13:38:00,525662,184387,13,Tue
412409558,11/07/2022,16:45:00,525664,168563,16,Mon
422410548,26/07/2022,19:50:00,525667,186369,19,Tue
323406330,04/01/2023,22:01:00,525667,183408,22,Wed
562478468,10/12/2022,18:15:00,525671,181521,18,Sat
562441230,12/07/2022,15:00:00,525672,181343,15,Tue
653404293,04/03/2023,08:15:00,525678,179699,8,Sat
413400401,24/01/2023,16:15:00,525680,167868,16,Tue
562466838,10/11/2022,20:35:00,525680,182506,20,Thu
303407222,27/01/2023,16:00:00,525681,174572,16,Fri
62411569,04/08/2022,18:50:00,525683,180239,18,Thu
412412523,24/10/2022,16:50:00,525684,168834,16,Mon
653405712,05/02/2023,18:42:00,525688,179266,18,Sun
322433217,21/12/2022,10:13:00,525694,183382,10,Wed
322425267,25/09/2022,18:00:00,525694,183382,18,Sun
562453327,25/09/2022,19:00:00,525694,183382,19,Sun
562454017,25/09/2022,20:30:00,525694,183382,20,Sun
62421837,27/10/2022,21:56:00,525698,176944,21,Thu
63400672,30/01/2023,23:00:00,525701,177295,23,Mon
62423210,09/08/2022,22:00:00,525702,177197,22,Tue
653405914,09/03/2023,22:04:00,525709,179559,22,Thu
303405421,17/01/2023,18:00:00,525711,173265,18,Tue
653408971,30/01/2023,05:27:00,525714,178905,5,Mon
653402880,13/01/2023,17:00:00,525715,179724,17,Fri
42407389,15/08/2022,23:26:00,525720,164775,23,Mon
302422244,11/11/2022,19:30:00,525723,174279,19,Fri
653408700,02/01/2023,17:00:00,525726,178740,17,Mon
63403947,23/03/2023,00:18:00,525728,176302,0,Thu
43404833,18/03/2023,21:00:00,525728,164972,21,Sat
653401181,29/01/2023,03:00:00,525731,178337,3,Sun
562460682,21/10/2022,15:20:00,525732,181165,15,Fri
302429113,26/10/2022,16:08:00,525732,173745,16,Wed
322422775,10/09/2022,06:30:00,525735,184061,6,Sat
62422259,19/11/2022,21:35:00,525736,177209,21,Sat
652419588,20/10/2022,13:35:00,525738,178409,13,Thu
563400589,30/01/2023,16:00:00,525739,183224,16,Mon
652416773,06/08/2022,22:57:00,525741,178981,22,Sat
562469489,15/11/2022,12:15:00,525744,180538,12,Tue
562460113,22/10/2022,13:40:00,525744,180538,13,Sat
302421910,16/09/2022,22:00:00,525746,173582,22,Fri
653407713,18/02/2023,04:50:00,525749,178887,4,Sat
412410303,19/10/2022,18:08:00,525751,168648,18,Wed
563404213,12/01/2023,15:20:00,525753,183107,15,Thu
562483153,31/12/2022,16:00:00,525754,181372,16,Sat
562486602,23/12/2022,19:00:00,525756,180828,19,Fri
562476765,03/12/2022,20:48:00,525757,180804,20,Sat
323403022,22/01/2023,21:00:00,525759,184904,21,Sun
653409743,26/02/2023,12:40:00,525761,178488,12,Sun
43405032,21/02/2023,15:50:00,525762,165909,15,Tue
413402643,21/03/2023,16:00:00,525762,167960,16,Tue
302423012,08/10/2022,14:30:00,525764,177349,14,Sat
62420257,29/10/2022,02:30:00,525765,176693,2,Sat
323400211,12/01/2023,17:30:00,525766,183876,17,Thu
302424374,15/11/2022,15:45:00,525767,174112,15,Tue
42412122,08/10/2022,01:45:00,525770,165078,1,Sat
43401803,11/03/2023,17:00:00,525770,164404,17,Sat
43400251,04/02/2023,13:30:00,525771,164765,13,Sat
43405250,12/01/2023,20:42:00,525771,164765,20,Thu
562481270,20/12/2022,17:40:00,525773,181166,17,Tue
652415981,10/07/2022,09:10:00,525777,179671,9,Sun
563419265,28/02/2023,22:00:00,525778,180964,22,Tue
303409912,28/01/2023,12:00:00,525784,174706,12,Sat
322436402,06/05/2022,19:50:00,525786,183296,19,Fri
43407001,23/01/2023,17:40:00,525788,164541,17,Mon
423406645,02/03/2023,00:24:00,525795,192653,0,Thu
563408877,30/01/2023,16:31:00,525795,183125,16,Mon
413403292,08/03/2023,23:30:00,525805,170180,23,Wed
42418105,10/12/2022,16:10:00,525805,164402,16,Sat
43406061,06/02/2023,17:30:00,525805,164402,17,Mon
412410844,19/11/2022,15:55:00,525806,170031,15,Sat
412406128,05/07/2022,19:30:00,525809,168555,19,Tue
562469011,14/10/2022,18:20:00,525810,180870,18,Fri
43407132,21/02/2023,17:45:00,525812,162625,17,Tue
43405712,18/02/2023,19:30:00,525813,164551,19,Sat
562464355,30/10/2022,13:59:00,525817,183333,13,Sun
412415292,17/10/2022,21:00:00,525817,168576,21,Mon
322424737,25/09/2022,14:05:00,525819,185750,14,Sun
562468895,31/10/2022,18:40:00,525819,181294,18,Mon
412414325,07/12/2022,18:57:00,525819,168431,18,Wed
563404097,28/01/2023,00:01:00,525819,181294,0,Sat
302429762,19/10/2022,09:15:00,525822,175268,9,Wed
562486570,20/12/2022,18:30:00,525822,182549,18,Tue
422421439,23/11/2022,22:40:00,525822,191774,22,Wed
423401556,09/03/2023,22:40:00,525822,192443,22,Thu
43400401,24/01/2023,17:40:00,525823,163895,17,Tue
322430232,29/10/2022,18:00:00,525824,183588,18,Sat
42413825,19/12/2022,15:42:00,525826,164503,15,Mon
42410905,14/12/2022,17:05:00,525826,164503,17,Wed
562462563,21/10/2022,19:00:00,525827,181181,19,Fri
413400480,20/01/2023,20:22:00,525828,170033,20,Fri
43407581,11/02/2023,17:48:00,525829,164523,17,Sat
562475467,07/12/2022,08:20:00,525833,181245,8,Wed
413405802,17/02/2023,20:30:00,525834,166840,20,Fri
563418109,13/03/2023,12:50:00,525835,180820,12,Mon
653405881,31/01/2023,15:30:00,525840,178047,15,Tue
563406018,31/01/2023,17:40:00,525840,180915,17,Tue
43407383,21/03/2023,17:46:00,525841,162793,17,Tue
43407560,14/01/2023,14:11:00,525844,164718,14,Sat
563422330,18/03/2023,13:45:00,525845,180799,13,Sat
563407332,11/01/2023,17:20:00,525845,180799,17,Wed
562436299,10/07/2022,21:05:00,525845,180799,21,Sun
653406270,13/01/2023,17:35:00,525849,179996,17,Fri
43401311,26/01/2023,18:20:00,525849,164445,18,Thu
562463111,14/10/2022,18:40:00,525849,180850,18,Fri
412414762,12/10/2022,06:00:00,525852,168794,6,Wed
562462161,16/10/2022,14:45:00,525854,180573,14,Sun
652426143,30/12/2022,15:04:00,525854,180030,15,Fri
562442145,03/08/2022,00:15:00,525856,183038,0,Wed
563403432,11/01/2023,17:02:00,525858,180991,17,Wed
562440732,21/07/2022,12:20:00,525863,181150,12,Thu
412414800,13/08/2022,12:49:00,525863,171238,12,Sat
562452807,26/09/2022,17:37:00,525864,181327,17,Mon
562461406,31/10/2022,18:30:00,525864,181327,18,Mon
42416765,31/12/2022,06:55:00,525866,163426,6,Sat
62436041,10/06/2022,09:00:00,525867,176205,9,Fri
562437897,03/07/2022,02:00:00,525869,181839,2,Sun
562441531,17/07/2022,04:45:00,525871,180924,4,Sun
42418834,26/11/2022,15:15:00,525875,163947,15,Sat
42411615,16/12/2022,16:00:00,525875,164714,16,Fri
43400421,28/01/2023,21:00:00,525877,164062,21,Sat
563403886,27/01/2023,20:10:00,525879,180867,20,Fri
652425531,27/11/2022,15:30:00,525881,180137,15,Sun
562473945,03/12/2022,13:06:00,525883,180670,13,Sat
562448385,04/08/2022,13:30:00,525883,180615,13,Thu
43401203,10/03/2023,13:50:00,525883,164317,13,Fri
563413579,16/03/2023,20:25:00,525883,180670,20,Thu
562481272,28/12/2022,16:40:00,525886,180816,16,Wed
42408548,15/07/2022,17:38:00,525890,164413,17,Fri
413402523,01/04/2022,00:01:00,525903,171546,0,Fri
303402985,19/03/2023,01:30:00,525905,173547,1,Sun
302425755,25/11/2022,02:00:00,525905,174518,2,Fri
562451916,23/09/2022,19:30:00,525905,181876,19,Fri
562473242,23/11/2022,15:45:00,525906,181731,15,Wed
562462837,05/11/2022,16:30:00,525906,181731,16,Sat
43402660,15/01/2023,18:20:00,525906,164517,18,Sun
562442542,21/07/2022,18:30:00,525906,181731,18,Thu
562461924,26/10/2022,14:45:00,525907,182042,14,Wed
412419101,02/09/2022,22:45:00,525912,168607,22,Fri
42411313,30/10/2022,02:39:00,525915,164076,2,Sun
43407962,02/03/2023,15:40:00,525916,164211,15,Thu
42412615,16/12/2022,15:24:00,525918,164286,15,Fri
42419213,30/10/2022,02:27:00,525919,163691,2,Sun
323406701,11/01/2023,19:15:00,525922,185003,19,Wed
422426193,27/09/2022,12:08:00,525924,187724,12,Tue
413400290,22/01/2023,20:50:00,525933,170085,20,Sun
303403174,03/03/2023,15:32:00,525937,173383,15,Fri
323409867,11/03/2023,20:20:00,525937,184941,20,Sat
302417735,16/07/2022,21:00:00,525942,174028,21,Sat
42419004,19/11/2022,16:54:00,525943,164030,16,Sat
563426750,18/03/2023,15:25:00,525952,183200,15,Sat
562446023,19/07/2022,17:55:00,525954,182773,17,Tue
562489890,21/12/2022,13:30:00,525961,180981,13,Wed
412410274,24/11/2022,17:10:00,525964,168663,17,Thu
62435941,11/12/2022,20:20:00,525971,176173,20,Sun
43401842,25/02/2023,20:30:00,525973,163075,20,Sat
562467838,10/11/2022,21:00:00,525976,181036,21,Thu
562437998,24/04/2022,00:01:00,525976,180915,0,Sun
63409215,27/02/2023,00:25:00,525977,176623,0,Mon
652417923,30/07/2022,11:00:00,525979,178996,11,Sat
43407071,08/02/2023,20:05:00,525981,166413,20,Wed
652421120,09/11/2022,11:30:00,525982,178759,11,Wed
43400620,06/01/2023,16:55:00,525984,163888,16,Fri
563428300,17/03/2023,00:01:00,525991,181499,0,Fri
563415863,17/02/2023,01:00:00,525992,180718,1,Fri
43408032,21/02/2023,20:00:00,525995,163996,20,Tue
562487821,22/12/2022,13:50:00,525997,181695,13,Thu
563408184,20/01/2023,16:28:00,525997,180970,16,Fri
562446973,26/07/2022,22:30:00,525997,181695,22,Tue
322425104,23/08/2022,16:50:00,525998,184629,16,Tue
562475103,25/11/2022,17:00:00,525998,181002,17,Fri
652415091,10/07/2022,02:00:00,526001,179386,2,Sun
43407850,08/01/2023,08:00:00,526005,163822,8,Sun
322433914,24/11/2022,08:55:00,526013,184190,8,Thu
42412300,19/08/2022,18:12:00,526013,164245,18,Fri
42413953,07/11/2022,21:30:00,526013,164245,21,Mon
422426828,11/11/2022,10:00:00,526014,193177,10,Fri
422435340,05/12/2022,20:00:00,526016,191729,20,Mon
423401857,24/03/2023,14:15:00,526017,195122,14,Fri
43407500,23/12/2022,02:30:00,526018,163051,2,Fri
562467837,06/11/2022,15:40:00,526018,180678,15,Sun
43401742,23/02/2023,19:50:00,526018,163712,19,Thu
423408395,07/03/2023,18:10:00,526020,187790,18,Tue
42410253,07/11/2022,17:00:00,526021,163751,17,Mon
562460894,29/10/2022,06:45:00,526022,180670,6,Sat
42401079,12/08/2022,15:00:00,526024,163894,15,Fri
652416822,15/07/2022,23:40:00,526026,177598,23,Fri
42414405,13/12/2022,16:30:00,526027,165387,16,Tue
43402312,17/02/2023,22:30:00,526027,166686,22,Fri
323405957,11/03/2023,01:10:00,526028,185011,1,Sat
563409942,12/01/2023,15:20:00,526028,182818,15,Thu
412418090,30/08/2022,10:00:00,526029,171128,10,Tue
412413421,30/08/2022,22:45:00,526029,171128,22,Tue
302410819,03/09/2022,23:15:00,526032,172277,23,Sat
43400911,28/01/2023,04:22:00,526037,164014,4,Sat
42408969,12/08/2022,15:15:00,526037,163838,15,Fri
562466643,23/10/2022,12:00:00,526039,180786,12,Sun
562478269,17/12/2022,03:39:00,526040,180794,3,Sat
562452087,01/10/2022,12:05:00,526042,181720,12,Sat
43400702,16/02/2023,15:40:00,526042,166460,15,Thu
42416231,16/09/2022,18:50:00,526046,166474,18,Fri
412415312,29/09/2022,16:36:00,526047,168511,16,Thu
412418001,03/09/2022,21:30:00,526047,168511,21,Sat
562459984,17/09/2022,11:55:00,526048,181620,11,Sat
42410992,23/10/2022,17:00:00,526049,163753,17,Sun
322414378,04/07/2022,16:20:00,526050,185068,16,Mon
43406250,12/01/2023,19:40:00,526050,164448,19,Thu
302412366,03/08/2022,00:50:00,526054,175387,0,Wed
562447818,17/07/2022,00:04:00,526060,182917,0,Sun
422410936,04/07/2022,00:23:00,526066,190552,0,Mon
562467218,09/11/2022,23:05:00,526069,182696,23,Wed
422417876,06/07/2022,09:21:00,526070,191677,9,Wed
412417711,07/09/2022,16:10:00,526070,169901,16,Wed
42410753,08/11/2022,21:00:00,526071,166422,21,Tue
42403098,22/07/2022,02:30:00,526074,163672,2,Fri
562442033,24/07/2022,14:15:00,526076,183570,14,Sun
323406097,13/03/2023,19:25:00,526081,183895,19,Mon
562449753,25/07/2022,21:10:00,526085,182154,21,Mon
912425154,24/08/2022,13:30:00,526090,185480,13,Wed
42400178,21/07/2022,23:30:00,526091,166556,23,Thu
42410052,14/10/2022,23:45:00,526093,163352,23,Fri
652424733,29/12/2022,21:17:00,526096,178719,21,Thu
562433419,08/07/2022,02:00:00,526107,182055,2,Fri
562445524,28/07/2022,23:30:00,526109,180664,23,Thu
652412342,16/07/2022,20:30:00,526116,177257,20,Sat
653403834,11/03/2023,23:00:00,526116,177257,23,Sat
302424110,16/09/2022,19:47:00,526117,173053,19,Fri
652419741,02/07/2022,03:15:00,526125,179020,3,Sat
562452988,05/10/2022,18:00:00,526125,181857,18,Wed
562442571,17/07/2022,16:30:00,526127,181070,16,Sun
653400524,10/03/2023,20:00:00,526129,177611,20,Fri
562473144,30/11/2022,00:05:00,526130,181058,0,Wed
562487850,19/12/2022,14:25:00,526132,182894,14,Mon
323408808,14/03/2023,09:50:00,526133,184981,9,Tue
412413240,21/08/2022,20:45:00,526134,166908,20,Sun
562473910,15/11/2022,17:15:00,526137,182481,17,Tue
562454305,18/09/2022,13:58:00,526138,181861,13,Sun
653405431,22/01/2023,21:00:00,526138,177691,21,Sun
322434540,23/10/2022,14:00:00,526139,183856,14,Sun
563406700,01/01/2023,05:00:00,526141,180618,5,Sun
413409740,12/01/2023,19:00:00,526144,171658,19,Thu
323406598,21/03/2023,20:15:00,526144,184609,20,Tue
422417326,01/07/2022,15:00:00,526149,196729,15,Fri
563425450,19/03/2023,13:33:00,526158,182030,13,Sun
652413976,17/09/2022,16:07:00,526158,178531,16,Sat
562454639,07/10/2022,16:55:00,526158,182030,16,Fri
322424588,09/10/2022,07:00:00,526168,184016,7,Sun
412416072,12/10/2022,14:00:00,526169,171072,14,Wed
43409591,13/02/2023,20:05:00,526171,164970,20,Mon
562463239,13/11/2022,18:00:00,526173,180660,18,Sun
563414059,15/03/2023,14:45:00,526175,182016,14,Wed
423403644,19/02/2023,16:35:00,526175,190766,16,Sun
423401970,10/01/2023,02:00:00,526176,189732,2,Tue
412419603,20/10/2022,14:40:00,526179,168688,14,Thu
412412104,09/11/2022,16:55:00,526179,168688,16,Wed
562462831,15/10/2022,18:30:00,526179,181764,18,Sat
562464087,08/11/2022,11:30:00,526183,180664,11,Tue
43403312,17/02/2023,20:30:00,526183,166491,20,Fri
422426714,25/09/2022,20:00:00,526185,192225,20,Sun
563406578,02/02/2023,21:15:00,526188,180809,21,Thu
653406752,11/02/2023,22:00:00,526191,178676,22,Sat
323405485,23/02/2023,07:00:00,526196,184795,7,Thu
323400785,23/02/2023,08:07:00,526196,184795,8,Thu
322425574,30/08/2022,16:10:00,526196,184795,16,Tue
322422684,31/08/2022,17:10:00,526196,184795,17,Wed
323407825,18/02/2023,21:15:00,526196,184795,21,Sat
302424032,16/10/2022,00:23:00,526197,174259,0,Sun
302421907,15/12/2022,04:00:00,526198,174734,4,Thu
652418858,16/10/2022,16:45:00,526198,179176,16,Sun
412418034,16/11/2022,17:55:00,526198,170831,17,Wed
42414570,02/09/2022,23:54:00,526200,165763,23,Fri
562468193,25/10/2022,14:00:00,526200,180869,14,Tue
412400168,12/07/2022,23:45:00,526201,166843,23,Tue
563421850,17/03/2023,01:15:00,526202,180734,1,Fri
412410903,20/10/2022,15:30:00,526202,170985,15,Thu
412417132,03/10/2022,16:15:00,526202,170985,16,Mon
322428538,04/10/2022,22:55:00,526202,185414,22,Tue
562470362,25/11/2022,00:40:00,526204,181377,0,Fri
562440366,07/08/2022,17:30:00,526206,179644,17,Sun
422421142,10/09/2022,11:25:00,526213,189874,11,Sat
422416266,28/06/2022,19:10:00,526213,189874,19,Tue
413402823,17/03/2023,13:00:00,526216,168034,13,Fri
562466111,14/10/2022,17:00:00,526216,182199,17,Fri
652414547,29/09/2022,00:40:00,526217,178287,0,Thu
62416327,10/07/2022,21:15:00,526223,176407,21,Sun
423401725,27/02/2023,15:25:00,526230,193890,15,Mon
652412102,12/07/2022,10:00:00,526239,177933,10,Tue
412414074,25/11/2022,07:20:00,526243,167153,7,Fri
322436943,15/11/2022,04:25:00,526244,186447,4,Tue
652412229,05/10/2022,23:00:00,526246,178986,23,Wed
63409756,12/03/2023,20:30:00,526247,176465,20,Sun
653404315,23/03/2023,19:30:00,526248,178478,19,Thu
652413436,08/09/2022,14:30:00,526255,177797,14,Thu
422421418,10/11/2022,12:51:00,526256,189647,12,Thu
423405616,09/03/2023,19:00:00,526257,196136,19,Thu
322426543,15/08/2022,22:15:00,526261,186341,22,Mon
322434473,13/11/2022,13:08:00,526266,183880,13,Sun
303409472,07/02/2023,10:00:00,526279,174169,10,Tue
652423321,25/11/2022,23:55:00,526280,178318,23,Fri
563411863,20/02/2023,04:29:00,526289,181283,4,Mon
562456331,30/08/2022,05:05:00,526292,181402,5,Tue
422423395,19/10/2022,12:50:00,526296,192408,12,Wed
652416293,09/08/2022,17:15:00,526296,178821,17,Tue
412415383,06/11/2022,12:55:00,526299,169234,12,Sun
412415754,22/11/2022,16:08:00,526299,169234,16,Tue
422428262,10/09/2022,18:00:00,526299,190191,18,Sat
422429335,12/10/2022,12:30:00,526302,192527,12,Wed
563410641,12/02/2023,22:05:00,526303,181055,22,Sun
422428609,21/11/2022,01:00:00,526304,192527,1,Mon
323410110,28/03/2023,12:00:00,526306,184644,12,Tue
412417154,21/11/2022,11:55:00,526310,170651,11,Mon
423401767,25/03/2023,02:00:00,526316,194535,2,Sat
412415634,04/11/2022,15:05:00,526316,169915,15,Fri
563413954,24/02/2023,17:30:00,526318,180856,17,Fri
322434723,16/11/2022,18:50:00,526318,184738,18,Wed
412412052,07/10/2022,16:45:00,526319,169551,16,Fri
412411615,05/12/2022,22:15:00,526319,169551,22,Mon
412405688,17/07/2022,22:18:00,526321,167706,22,Sun
412413232,03/10/2022,16:00:00,526324,169948,16,Mon
323406554,11/02/2023,22:30:00,526324,185700,22,Sat
562445229,19/08/2022,23:15:00,526324,181057,23,Fri
652417424,15/08/2022,12:30:00,526331,179576,12,Mon
562458423,09/09/2022,16:30:00,526339,181479,16,Fri
502416785,19/07/2022,19:30:00,526339,181002,19,Tue
562459070,25/08/2022,23:30:00,526339,181479,23,Thu
423407743,07/02/2023,00:01:00,526340,192102,0,Tue
423400305,22/02/2023,17:00:00,526341,192017,17,Wed
423406884,22/02/2023,17:30:00,526341,192017,17,Wed
423405205,22/02/2023,18:05:00,526341,192017,18,Wed
62433650,30/10/2022,23:00:00,526344,176478,23,Sun
423405674,22/02/2023,11:27:00,526345,192472,11,Wed
422428031,28/08/2022,16:15:00,526346,192440,16,Sun
422423517,01/11/2022,23:00:00,526346,192114,23,Tue
423409256,08/03/2023,09:30:00,526347,192679,9,Wed
422425438,13/11/2022,17:00:00,526348,193510,17,Sun
423405817,20/03/2023,18:15:00,526350,192390,18,Mon
422428275,17/10/2022,19:35:00,526350,192160,19,Mon
412413861,19/09/2022,12:40:00,526351,170667,12,Mon
562478432,23/11/2022,11:05:00,526352,180904,11,Wed
422431032,28/12/2022,15:30:00,526353,191765,15,Wed
652419204,11/08/2022,10:10:00,526355,179253,10,Thu
412416191,23/09/2022,18:00:00,526359,170597,18,Fri
422429037,02/11/2022,23:30:00,526364,196165,23,Wed
323401289,29/03/2023,13:00:00,526366,184316,13,Wed
423401852,29/01/2023,22:00:00,526367,192325,22,Sun
423408766,15/03/2023,10:53:00,526367,192325,10,Wed
412416394,30/11/2022,13:00:00,526367,167054,13,Wed
423400204,10/02/2023,13:30:00,526367,192325,13,Fri
422426447,04/11/2022,16:30:00,526367,192325,16,Fri
423408752,27/01/2023,18:30:00,526367,192325,18,Fri
423408854,15/02/2023,18:45:00,526367,192325,18,Wed
322418539,10/07/2022,13:00:00,526368,184568,13,Sun
652410004,10/08/2022,16:20:00,526368,177492,16,Wed
422422319,21/11/2022,01:01:00,526369,191960,1,Mon
422425638,14/11/2022,18:39:00,526369,191199,18,Mon
42419450,30/08/2022,21:58:00,526370,165654,21,Tue
423407387,27/03/2023,15:45:00,526371,194048,15,Mon
563409882,13/01/2023,17:05:00,526374,182262,17,Fri
562448091,19/07/2022,07:55:00,526378,181655,7,Tue
652417183,07/08/2022,21:20:00,526387,178359,21,Sun
322437634,24/11/2022,21:20:00,526389,185874,21,Thu
412415081,21/09/2022,10:30:00,526397,167096,10,Wed
323403220,02/01/2023,11:30:00,526397,184537,11,Mon
303408724,26/02/2023,16:08:00,526398,174743,16,Sun
562465107,05/11/2022,16:25:00,526398,182100,16,Sat
302416178,29/08/2022,04:16:00,526406,175506,4,Mon
322432017,20/12/2022,06:30:00,526408,185757,6,Tue
563411507,05/03/2023,16:00:00,526412,180860,16,Sun
322428374,29/08/2022,18:15:00,526412,184300,18,Mon
423407304,10/02/2023,15:30:00,526420,194048,15,Fri
562451674,14/09/2022,18:30:00,526423,182465,18,Wed
652416897,06/10/2022,21:30:00,526427,178729,21,Thu
562466470,13/10/2022,09:45:00,526428,180741,9,Thu
322432587,30/12/2022,17:40:00,526428,185664,17,Fri
562452941,30/08/2022,23:03:00,526428,181599,23,Tue
322437964,29/11/2022,00:01:00,526429,184575,0,Tue
422422521,28/08/2022,00:01:00,526430,191937,0,Sun
563418238,10/03/2023,07:00:00,526434,181330,7,Fri
412404188,17/07/2022,00:01:00,526435,171130,0,Sun
412411903,20/10/2022,13:30:00,526435,171130,13,Thu
412401269,03/08/2022,17:15:00,526439,169834,17,Wed
652414091,10/07/2022,10:43:00,526443,178086,10,Sun
562474284,01/12/2022,11:50:00,526443,181083,11,Thu
322425054,28/08/2022,00:50:00,526445,185607,0,Sun
562466038,10/11/2022,16:55:00,526445,180903,16,Thu
412416893,09/11/2022,12:00:00,526446,169814,12,Wed
412418304,10/11/2022,15:24:00,526446,169814,15,Thu
422426443,21/09/2022,18:50:00,526447,191115,18,Wed
562467748,10/11/2022,20:55:00,526447,180806,20,Thu
422428821,28/08/2022,14:35:00,526452,193933,14,Sun
562475766,07/12/2022,00:05:00,526458,182957,0,Wed
562463416,28/10/2022,15:18:00,526459,182861,15,Fri
652419337,26/09/2022,13:20:00,526467,177395,13,Mon
303407791,28/01/2023,11:37:00,526468,174643,11,Sat
562456939,07/10/2022,15:30:00,526477,182975,15,Fri
563407901,05/01/2023,21:00:00,526478,183045,21,Thu
563404925,22/01/2023,00:30:00,526479,181733,0,Sun
562443770,14/07/2022,19:32:00,526479,181733,19,Thu
322429889,15/10/2022,02:00:00,526480,185716,2,Sat
562456442,04/09/2022,11:00:00,526486,181079,11,Sun
563405927,28/01/2023,18:30:00,526498,181013,18,Sat
652417196,19/09/2022,18:50:00,526501,177405,18,Mon
652427992,21/12/2022,20:30:00,526507,178575,20,Wed
562443060,13/07/2022,23:15:00,526508,180814,23,Wed
562478352,24/11/2022,17:10:00,526510,183742,17,Thu
562460310,10/10/2022,18:20:00,526514,180865,18,Mon
423402977,24/03/2023,23:30:00,526514,191308,23,Fri
302411095,21/07/2022,21:30:00,526516,171777,21,Thu
412417652,06/10/2022,18:00:00,526517,167015,18,Thu
423406891,20/01/2023,23:40:00,526519,191247,23,Fri
652412991,11/07/2022,22:35:00,526522,177156,22,Mon
653407611,18/01/2023,18:10:00,526523,178604,18,Wed
652411596,20/09/2022,16:00:00,526528,178430,16,Tue
653406275,31/03/2023,17:30:00,526528,178430,17,Fri
652428051,26/11/2022,23:30:00,526531,178061,23,Sat
653401043,25/02/2023,01:00:00,526531,178061,1,Sat
562467606,01/11/2022,04:00:00,526531,179467,4,Tue
563410826,03/03/2023,11:15:00,526534,180935,11,Fri
323407888,21/03/2023,17:55:00,526542,185635,17,Tue
412418961,19/09/2022,13:30:00,526543,167577,13,Mon
322435473,20/11/2022,16:55:00,526543,184125,16,Sun
422411957,14/07/2022,01:43:00,526544,190396,1,Thu
412412671,20/09/2022,15:00:00,526547,168848,15,Tue
412414161,17/09/2022,19:29:00,526547,168848,19,Sat
652414472,21/07/2022,02:40:00,526549,177543,2,Thu
412414792,18/10/2022,16:00:00,526549,170033,16,Tue
412418261,17/09/2022,18:40:00,526549,170033,18,Sat
413406493,09/03/2023,22:00:00,526549,170033,22,Thu
563404113,14/01/2023,13:40:00,526551,182430,13,Sat
562471086,07/12/2022,12:28:00,526552,183679,12,Wed
302410354,07/07/2022,22:45:00,526554,175533,22,Thu
562464644,26/10/2022,04:00:00,526556,181417,4,Wed
563406663,15/01/2023,14:40:00,526562,183520,14,Sun
562472965,03/12/2022,19:00:00,526562,181144,19,Sat
413402751,05/02/2023,13:30:00,526563,167297,13,Sun
323403138,17/03/2023,10:00:00,526566,184516,10,Fri
422425469,26/11/2022,01:15:00,526567,190241,1,Sat
562452965,20/09/2022,18:00:00,526569,180763,18,Tue
562471737,08/12/2022,15:45:00,526570,181631,15,Thu
412415125,05/12/2022,18:30:00,526581,170243,18,Mon
422424734,01/10/2022,19:00:00,526581,190615,19,Sat
562482023,30/12/2022,06:55:00,526582,180760,6,Fri
422430870,09/12/2022,14:00:00,526582,189317,14,Fri
412414642,05/10/2022,15:00:00,526582,168785,15,Wed
562453399,09/10/2022,20:09:00,526582,181171,20,Sun
412416562,11/10/2022,14:30:00,526583,170949,14,Tue
562465738,10/11/2022,19:25:00,526584,183212,19,Thu
303409356,26/03/2023,12:00:00,526584,170225,12,Sun
412416472,13/10/2022,17:00:00,526588,170888,17,Thu
562449991,19/07/2022,17:00:00,526589,181251,17,Tue
563425243,31/03/2023,17:30:00,526591,181571,17,Fri
652423560,16/11/2022,16:25:00,526592,178812,16,Wed
562461586,04/11/2022,23:24:00,526594,179611,23,Fri
423406316,09/03/2023,15:43:00,526596,196111,15,Thu
423407316,09/03/2023,15:45:00,526596,196111,15,Thu
423402826,02/03/2023,19:00:00,526596,196111,19,Thu
422424536,21/10/2022,17:04:00,526603,191024,17,Fri
42416360,01/09/2022,03:10:00,526605,166813,3,Thu
562460290,13/10/2022,14:10:00,526605,181303,14,Thu
562449667,12/08/2022,17:20:00,526605,181303,17,Fri
562434797,02/07/2022,23:50:00,526605,181303,23,Sat
412416885,22/12/2022,19:44:00,526606,170535,19,Thu
322439214,24/11/2022,07:00:00,526611,184259,7,Thu
322439714,24/11/2022,10:00:00,526611,184259,10,Thu
912423041,09/08/2022,16:50:00,526611,184259,16,Tue
323411700,25/03/2023,16:47:00,526611,184259,16,Sat
322431612,05/11/2022,19:20:00,526611,184259,19,Sat
412413461,18/09/2022,14:55:00,526613,170757,14,Sun
652416798,22/10/2022,12:50:00,526615,177541,12,Sat
652418773,06/08/2022,21:23:00,526615,177343,21,Sat
303407145,12/03/2023,23:00:00,526616,172087,23,Sun
563418636,02/03/2023,19:00:00,526618,180773,19,Thu
42415534,28/11/2022,17:00:00,526619,166223,17,Mon
562462388,12/11/2022,09:00:00,526622,180917,9,Sat
422411986,08/07/2022,15:24:00,526629,191032,15,Fri
322438883,22/11/2022,07:27:00,526630,184429,7,Tue
323403903,30/01/2023,21:15:00,526630,184429,21,Mon
562466270,12/10/2022,13:00:00,526632,183643,13,Wed
652415961,06/07/2022,23:40:00,526633,177735,23,Wed
423405716,09/03/2023,18:15:00,526634,191268,18,Thu
42419241,19/09/2022,15:30:00,526636,167029,15,Mon
322437294,30/11/2022,09:30:00,526640,185531,9,Wed
302427332,15/10/2022,17:30:00,526642,175044,17,Sat
412411622,02/10/2022,12:55:00,526651,169612,12,Sun
302425664,14/11/2022,17:00:00,526651,175985,17,Mon
63402624,17/02/2023,16:25:00,526653,180805,16,Fri
42419071,25/09/2022,17:15:00,526654,166529,17,Sun
423409342,28/01/2023,12:31:00,526655,190528,12,Sat
412411093,07/11/2022,13:00:00,526658,170163,13,Mon
652411023,29/07/2022,17:50:00,526658,178003,17,Fri
653406892,18/02/2023,00:30:00,526660,178787,0,Sat
412415472,13/10/2022,15:30:00,526660,170935,15,Thu
322433247,24/12/2022,18:15:00,526661,184475,18,Sat
562456225,19/09/2022,13:49:00,526662,181225,13,Mon
562439797,02/07/2022,22:41:00,526662,181225,22,Sat
302410439,05/09/2022,14:30:00,526671,171719,14,Mon
303408922,01/02/2023,17:00:00,526675,174272,17,Wed
302419939,06/09/2022,23:00:00,526680,175193,23,Tue
563414777,08/03/2023,17:50:00,526680,181185,17,Wed
563421550,16/03/2023,16:00:00,526694,182133,16,Thu
563419076,04/03/2023,17:45:00,526694,183303,17,Sat
562466981,17/10/2022,18:50:00,526694,182133,18,Mon
562447566,07/08/2022,11:45:00,526696,181168,11,Sun
652413631,01/07/2022,23:30:00,526704,177812,23,Fri
322429937,25/09/2022,00:01:00,526706,186007,0,Sun
323403777,12/03/2023,13:10:00,526706,184405,13,Sun
563405089,02/02/2023,15:00:00,526708,182044,15,Thu
422418958,28/07/2022,15:00:00,526711,190564,15,Thu
562460592,21/10/2022,20:30:00,526711,181295,20,Fri
562454956,25/09/2022,14:10:00,526713,181117,14,Sun
323405951,13/01/2023,16:10:00,526713,184983,16,Fri
563404774,20/01/2023,15:10:00,526718,181651,15,Fri
563446853,06/03/2023,15:00:00,526720,181053,15,Mon
412411664,18/11/2022,14:00:00,526720,170323,14,Fri
412413893,09/11/2022,12:00:00,526722,170610,12,Wed
412416993,09/11/2022,12:05:00,526722,170569,12,Wed
562452729,07/10/2022,14:10:00,526722,181831,14,Fri
562456583,12/09/2022,14:00:00,526722,181831,14,Mon
303408222,31/01/2023,15:00:00,526722,175206,15,Tue
42418972,21/10/2022,17:20:00,526724,164537,17,Fri
562443410,11/07/2022,22:30:00,526729,182008,22,Mon
562439399,09/07/2022,03:20:00,526730,182087,3,Sat
563435623,02/12/2022,17:40:00,526738,181282,17,Fri
323405535,19/02/2023,13:20:00,526740,184350,13,Sun
323409071,16/01/2023,18:05:00,526740,184350,18,Mon
323403199,29/03/2023,21:20:00,526740,184350,21,Wed
152420392,04/12/2022,21:50:00,526740,184350,21,Sun
423409326,10/03/2023,13:30:00,526741,192028,13,Fri
562466415,29/10/2022,14:30:00,526742,183352,14,Sat
562442233,24/07/2022,21:30:00,526742,183056,21,Sun
562480952,28/12/2022,13:09:00,526743,181814,13,Wed
562472293,28/11/2022,14:51:00,526743,181814,14,Mon
563404184,20/01/2023,17:23:00,526743,181814,17,Fri
412417204,10/11/2022,11:00:00,526747,170387,11,Thu
413409641,31/01/2023,22:30:00,526747,170387,22,Tue
302429611,01/10/2022,04:15:00,526749,175042,4,Sat
302420825,11/11/2022,16:00:00,526749,175042,16,Fri
652414998,22/10/2022,20:13:00,526754,178128,20,Sat
422423851,28/08/2022,23:50:00,526755,190807,23,Sun
653406114,07/03/2023,19:45:00,526757,178358,19,Tue
413404633,20/03/2023,00:25:00,526763,170281,0,Mon
563415768,11/03/2023,21:48:00,526766,181186,21,Sat
652426880,20/11/2022,05:33:00,526767,178328,5,Sun
412410341,13/09/2022,19:00:00,526768,168230,19,Tue
323404554,12/02/2023,13:28:00,526769,184198,13,Sun
322432267,27/12/2022,23:38:00,526769,184198,23,Tue
562471250,12/11/2022,22:35:00,526770,180933,22,Sat
413409692,11/03/2023,03:10:00,526772,167454,3,Sat
42400779,14/08/2022,04:25:00,526772,162734,4,Sun
652426142,11/12/2022,15:00:00,526776,177946,15,Sun
322428018,02/10/2022,17:50:00,526779,184180,17,Sun
652411594,25/08/2022,20:00:00,526779,178843,20,Thu
562474432,18/11/2022,21:15:00,526781,180993,21,Fri
302427063,31/10/2022,14:00:00,526785,175903,14,Mon
653407254,07/03/2023,16:30:00,526785,178791,16,Tue
652410117,23/09/2022,00:15:00,526787,178805,0,Fri
303400214,24/02/2023,10:00:00,526787,175666,10,Fri
562467775,30/10/2022,16:00:00,526788,181005,16,Sun
562440503,23/07/2022,22:25:00,526788,181005,22,Sat
562480150,20/12/2022,00:01:00,526792,181028,0,Tue
562459874,17/09/2022,12:37:00,526799,182020,12,Sat
42417545,24/12/2022,21:38:00,526800,165654,21,Sat
563407234,17/01/2023,19:00:00,526801,181296,19,Tue
422425838,14/11/2022,18:30:00,526803,196331,18,Mon
412418764,24/11/2022,16:35:00,526806,168513,16,Thu
412410704,09/11/2022,17:00:00,526806,168513,17,Wed
323404151,16/01/2023,12:40:00,526811,184308,12,Mon
412415973,04/11/2022,20:00:00,526818,168759,20,Fri
652419071,04/07/2022,21:45:00,526818,177835,21,Mon
323407778,20/03/2023,12:50:00,526819,184432,12,Mon
303404409,09/10/2022,10:00:00,526823,175609,10,Sun
563415103,18/02/2023,04:50:00,526826,181364,4,Sat
562460029,12/11/2022,02:00:00,526828,182652,2,Sat
323404041,15/01/2023,10:40:00,526828,184188,10,Sun
412416221,09/09/2022,10:15:00,526828,169467,10,Fri
563403080,18/12/2022,16:45:00,526828,182652,16,Sun
652410238,08/10/2022,08:46:00,526829,178871,8,Sat
42418324,25/11/2022,14:00:00,526829,165809,14,Fri
562474394,01/12/2022,19:00:00,526829,181301,19,Thu
412409188,16/07/2022,21:05:00,526829,168574,21,Sat
322424356,17/09/2022,20:30:00,526836,184926,20,Sat
423406005,24/02/2023,23:00:00,526837,189991,23,Fri
562477526,05/12/2022,10:20:00,526841,181073,10,Mon
42401329,02/08/2022,21:57:00,526841,164295,21,Tue
413407101,24/01/2023,17:24:00,526842,170584,17,Tue
562436997,03/07/2022,04:00:00,526844,183238,4,Sun
422421801,25/08/2022,17:00:00,526845,195026,17,Thu
562473310,16/11/2022,11:55:00,526845,181598,11,Wed
562443930,11/07/2022,12:00:00,526845,181166,12,Mon
423401685,06/03/2023,15:30:00,526845,186081,15,Mon
563400250,02/01/2023,19:30:00,526845,181598,19,Mon
422436650,07/12/2022,04:45:00,526846,190788,4,Wed
422434510,02/12/2022,18:23:00,526846,189849,18,Fri
562474277,02/12/2022,18:40:00,526849,181968,18,Fri
42413280,02/09/2022,20:03:00,526849,164605,20,Fri
212425083,12/08/2022,09:44:00,526850,181174,9,Fri
303409481,26/01/2023,17:50:00,526850,175705,17,Thu
652426892,21/12/2022,17:48:00,526851,178894,17,Wed
563410103,14/02/2023,00:01:00,526852,183186,0,Tue
563415170,10/02/2023,13:20:00,526852,183186,13,Fri
562450830,24/08/2022,21:00:00,526852,183186,21,Wed
422425145,13/10/2022,16:30:00,526853,196377,16,Thu
562461818,06/11/2022,18:00:00,526853,179754,18,Sun
562468554,27/10/2022,16:00:00,526858,183277,16,Thu
303408424,24/02/2023,21:13:00,526859,174995,21,Fri
302418769,10/09/2022,19:58:00,526860,176744,19,Sat
302428832,16/10/2022,22:00:00,526860,176744,22,Sun
653408983,04/03/2023,14:05:00,526865,178817,14,Sat
422427202,04/09/2022,16:00:00,526868,195077,16,Sun
562468412,18/10/2022,18:40:00,526869,180519,18,Tue
42419042,12/10/2022,22:22:00,526871,163346,22,Wed
323406743,03/02/2023,09:00:00,526875,184121,9,Fri
412417825,08/12/2022,15:00:00,526882,169793,15,Thu
302420177,24/12/2022,00:35:00,526883,176809,0,Sat
413401051,03/02/2023,14:00:00,526887,167427,14,Fri
562454261,31/08/2022,16:20:00,526887,181206,16,Wed
562444238,15/08/2022,17:30:00,526888,181235,17,Mon
42406598,22/07/2022,23:50:00,526889,167101,23,Fri
303409636,22/03/2023,15:00:00,526894,176296,15,Wed
413405530,09/01/2023,17:05:00,526894,167437,17,Mon
562458718,02/10/2022,20:11:00,526895,182400,20,Sun
412417062,10/10/2022,14:20:00,526898,170310,14,Mon
562452820,25/08/2022,09:10:00,526901,183219,9,Thu
412407988,17/07/2022,13:30:00,526901,169869,13,Sun
303404552,04/02/2023,16:30:00,526901,175853,16,Sat
302425702,12/10/2022,21:50:00,526902,171655,21,Wed
652419889,05/11/2022,15:30:00,526906,177846,15,Sat
563425754,27/03/2023,18:30:00,526907,181396,18,Mon
322433783,21/11/2022,19:40:00,526907,185538,19,Mon
423408495,07/03/2023,20:25:00,526907,195742,20,Tue
322436463,19/11/2022,20:40:00,526908,184436,20,Sat
562441195,04/08/2022,21:30:00,526908,181908,21,Thu
302422711,01/10/2022,04:30:00,526910,175128,4,Sat
303409530,21/12/2022,10:04:00,526913,177107,10,Wed
562431648,04/07/2022,21:00:00,526914,182968,21,Mon
652419483,08/08/2022,04:45:00,526915,178894,4,Mon
323406213,30/01/2023,08:00:00,526915,184984,8,Mon
303401306,20/03/2023,17:06:00,526917,175182,17,Mon
423406446,10/03/2023,00:01:00,526918,191411,0,Fri
323401202,21/01/2023,11:00:00,526922,184230,11,Sat
562449611,16/07/2022,12:55:00,526923,181983,12,Sat
563401189,06/02/2023,20:55:00,526923,181983,20,Mon
302410826,27/07/2022,09:00:00,526925,171324,9,Wed
302428426,04/12/2022,19:49:00,526926,171063,19,Sun
42410645,24/12/2022,21:54:00,526928,165989,21,Sat
42417830,27/08/2022,03:50:00,526930,165657,3,Sat
42415844,29/11/2022,17:00:00,526930,165657,17,Tue
302410204,30/06/2022,21:35:00,526931,175633,21,Thu
422426091,04/09/2022,13:20:00,526934,192733,13,Sun
563400808,31/01/2023,18:15:00,526935,181340,18,Tue
302420224,09/11/2022,12:45:00,526936,172895,12,Wed
562452723,09/09/2022,13:00:00,526939,181282,13,Fri
563410928,10/03/2023,19:23:00,526940,181430,19,Fri
562452178,04/10/2022,22:45:00,526942,181346,22,Tue
302426820,19/09/2022,17:20:00,526944,171562,17,Mon
302415125,15/07/2022,20:56:00,526944,175990,20,Fri
302416165,21/07/2022,09:25:00,526947,174921,9,Thu
913408773,10/02/2023,14:20:00,526948,181865,14,Fri
303400963,19/02/2023,06:45:00,526951,171569,6,Sun
563418295,26/02/2023,22:30:00,526951,181179,22,Sun
562477460,10/11/2022,15:20:00,526952,181730,15,Thu
43409142,23/02/2023,21:00:00,526953,166796,21,Thu
652420211,20/11/2022,20:20:00,526954,179125,20,Sun
252420426,23/09/2022,23:00:00,526955,198265,23,Fri
303407303,10/02/2023,16:40:00,526959,175574,16,Fri
563414021,11/02/2023,21:30:00,526959,181056,21,Sat
652410972,24/07/2022,00:01:00,526964,177936,0,Sun
303403600,31/12/2022,21:00:00,526975,171046,21,Sat
563409933,15/01/2023,12:00:00,526980,181293,12,Sun
913402930,05/01/2023,23:00:00,526981,181824,23,Thu
562468537,05/11/2022,20:45:00,526983,183256,20,Sat
42406319,31/07/2022,11:30:00,526987,167489,11,Sun
563419562,16/02/2023,22:56:00,526987,180961,22,Thu
322429082,12/08/2022,00:43:00,526990,184175,0,Fri
322439817,22/12/2022,07:00:00,526990,184175,7,Thu
322433752,10/11/2022,17:30:00,526990,184175,17,Thu
423405865,04/03/2023,12:45:00,526993,189507,12,Sat
413407401,23/01/2023,13:26:00,527000,169493,13,Mon
42415093,14/11/2022,19:00:00,527009,166090,19,Mon
303407566,28/03/2023,08:40:00,527011,176017,8,Tue
562449830,12/07/2022,23:00:00,527011,181415,23,Tue
423406944,20/02/2023,00:55:00,527015,191837,0,Mon
323408532,24/01/2023,09:10:00,527017,185026,9,Tue
563429120,18/03/2023,11:00:00,527021,181346,11,Sat
412418590,02/09/2022,22:25:00,527022,168112,22,Fri
563422900,17/03/2023,19:00:00,527025,181847,19,Fri
412411053,29/10/2022,20:15:00,527027,170443,20,Sat
562452917,28/09/2022,16:00:00,527031,182156,16,Wed
422412827,13/07/2022,10:00:00,527032,194431,10,Wed
302423564,14/11/2022,17:15:00,527033,176164,17,Mon
303402096,28/03/2023,16:45:00,527039,173605,16,Tue
562454909,06/10/2022,15:40:00,527040,181025,15,Thu
563403021,04/01/2023,03:00:00,527042,181610,3,Wed
653407612,27/01/2023,11:00:00,527043,178516,11,Fri
562447518,15/05/2022,19:10:00,527043,181781,19,Sun
302410454,06/07/2022,16:00:00,527044,176456,16,Wed
412406709,21/07/2022,17:50:00,527045,169586,17,Thu
563415272,15/02/2023,21:00:00,527054,181535,21,Wed
563423670,20/03/2023,09:30:00,527055,181735,9,Mon
562466189,06/11/2022,14:50:00,527055,181735,14,Sun
562470110,16/11/2022,16:00:00,527055,181735,16,Wed
562454671,01/09/2022,12:20:00,527058,181788,12,Thu
43400942,26/02/2023,00:05:00,527059,165587,0,Sun
302425111,30/09/2022,11:00:00,527069,175827,11,Fri
42408788,25/07/2022,21:30:00,527069,166573,21,Mon
562471587,09/12/2022,17:19:00,527073,181800,17,Fri
563410517,05/03/2023,22:15:00,527080,179715,22,Sun
562472357,04/12/2022,22:30:00,527080,179715,22,Sun
62419929,01/08/2022,04:00:00,527085,176087,4,Mon
302425225,21/11/2022,10:25:00,527090,176204,10,Mon
42412632,10/10/2022,16:50:00,527093,162518,16,Mon
42414811,05/09/2022,19:00:00,527096,166868,19,Mon
562468662,20/10/2022,09:00:00,527096,181837,9,Thu
412417591,25/09/2022,20:50:00,527096,167703,20,Sun
563408668,03/02/2023,01:15:00,527097,181565,1,Fri
412417383,06/11/2022,13:00:00,527098,169122,13,Sun
563420360,19/03/2023,18:00:00,527101,181827,18,Sun
302413116,20/07/2022,16:30:00,527105,175876,16,Wed
652411864,22/08/2022,14:30:00,527106,178485,14,Mon
302412108,19/08/2022,23:45:00,527110,176140,23,Fri
562463647,05/11/2022,20:45:00,527119,183319,20,Sat
302412406,25/07/2022,21:30:00,527125,176991,21,Mon
422428677,03/11/2022,00:01:00,527126,189541,0,Thu
563404829,03/02/2023,23:58:00,527127,181656,23,Fri
412412903,20/10/2022,17:00:00,527128,168900,17,Thu
563405668,23/01/2023,17:00:00,527129,182162,17,Mon
562462935,28/10/2022,13:30:00,527136,183046,13,Fri
322423452,09/08/2022,13:45:00,527137,183810,13,Tue
303405644,28/02/2023,18:06:00,527137,171630,18,Tue
302417817,09/08/2022,23:17:00,527137,177122,23,Tue
423405594,24/02/2023,11:15:00,527138,195590,11,Fri
562456859,08/10/2022,14:30:00,527139,179202,14,Sat
562473434,27/11/2022,12:30:00,527147,181671,12,Sun
563405886,27/01/2023,20:50:00,527147,181671,20,Fri
563409507,27/01/2023,22:00:00,527147,181671,22,Fri
562433629,07/07/2022,23:30:00,527147,181671,23,Thu
323404641,14/01/2023,22:35:00,527154,185165,22,Sat
562448597,08/08/2022,13:30:00,527160,181565,13,Mon
302420462,20/10/2022,14:00:00,527161,177003,14,Thu
302412295,24/07/2022,20:45:00,527161,173108,20,Sun
562483710,19/12/2022,03:43:00,527164,182217,3,Mon
563417154,24/02/2023,13:05:00,527164,182912,13,Fri
653403224,09/03/2023,19:00:00,527166,177785,19,Thu
562451375,09/09/2022,19:30:00,527167,181818,19,Fri
562441475,03/08/2022,21:10:00,527168,181470,21,Wed
562440350,12/07/2022,13:30:00,527170,181313,13,Tue
563427221,21/03/2023,07:00:00,527172,179683,7,Tue
652414033,31/07/2022,06:00:00,527177,178193,6,Sun
322431923,15/11/2022,21:20:00,527177,184748,21,Tue
562464511,14/10/2022,23:50:00,527183,181607,23,Fri
303400604,21/02/2023,17:25:00,527186,175381,17,Tue
43402761,08/02/2023,07:40:00,527189,165088,7,Wed
42418493,17/11/2022,20:26:00,527189,166615,20,Thu
22412011,03/08/2022,20:00:00,527190,178027,20,Wed
303401245,13/03/2023,04:07:00,527191,171875,4,Mon
562445320,12/07/2022,09:00:00,527192,182007,9,Tue
302421380,26/09/2022,18:30:00,527194,175301,18,Mon
562456366,24/09/2022,20:18:00,527196,181815,20,Sat
302422477,24/12/2022,09:00:00,527198,175520,9,Sat
303407125,09/03/2023,16:27:00,527198,175520,16,Thu
652418146,10/09/2022,20:00:00,527201,178039,20,Sat
302415769,06/09/2022,12:00:00,527202,176138,12,Tue
652411268,17/10/2022,11:10:00,527205,178342,11,Mon
562449071,18/07/2022,11:00:00,527206,181936,11,Mon
412413002,26/09/2022,16:20:00,527208,170345,16,Mon
412411730,20/08/2022,13:40:00,527210,168078,13,Sat
412412641,14/09/2022,15:25:00,527210,168078,15,Wed
412410270,27/08/2022,16:00:00,527214,168089,16,Sat
303404115,07/03/2023,17:30:00,527217,175818,17,Tue
42419001,10/09/2022,05:58:00,527218,166721,5,Sat
302422808,30/12/2022,17:00:00,527218,177051,17,Fri
42403399,17/08/2022,23:20:00,527218,165211,23,Wed
423409195,07/03/2023,13:30:00,527219,189190,13,Tue
303409966,28/03/2023,16:50:00,527219,173590,16,Tue
422420694,07/10/2022,18:40:00,527219,189190,18,Fri
423409932,21/01/2023,22:00:00,527219,189190,22,Sat
303407131,19/01/2023,16:20:00,527223,175354,16,Thu
322431733,17/11/2022,16:30:00,527225,185601,16,Thu
322424044,27/08/2022,02:15:00,527227,184438,2,Sat
562440478,17/08/2022,21:20:00,527227,181128,21,Wed
913402050,07/01/2023,00:01:00,527231,181450,0,Sat
563429732,20/03/2023,14:00:00,527231,181450,14,Mon
562465563,23/10/2022,20:45:00,527231,182573,20,Sun
563411162,16/02/2023,22:30:00,527233,181040,22,Thu
423403350,07/01/2023,19:00:00,527240,195254,19,Sat
562470564,30/11/2022,15:30:00,527250,182201,15,Wed
412415742,02/10/2022,13:00:00,527251,168069,13,Sun
652410751,04/07/2022,21:00:00,527255,177891,21,Mon
302419106,25/07/2022,21:55:00,527257,176603,21,Mon
562445504,27/07/2022,20:45:00,527259,182548,20,Wed
302422942,18/10/2022,12:55:00,527265,172919,12,Tue
302427426,04/12/2022,12:45:00,527269,175745,12,Sun
303401014,22/02/2023,00:15:00,527272,175936,0,Wed
303402614,24/02/2023,21:45:00,527272,175254,21,Fri
562431649,09/07/2022,04:34:00,527273,181572,4,Sat
652426812,08/12/2022,20:35:00,527275,179106,20,Thu
302427662,20/10/2022,16:00:00,527277,176720,16,Thu
562458912,02/09/2022,22:00:00,527277,181525,22,Fri
302418538,23/08/2022,15:00:00,527278,176720,15,Tue
322437523,16/11/2022,17:40:00,527279,184353,17,Wed
562466636,02/11/2022,22:25:00,527279,181498,22,Wed
303407725,09/03/2023,16:10:00,527280,175454,16,Thu
303405113,12/02/2023,00:52:00,527282,171366,0,Sun
302419345,18/07/2022,13:50:00,527282,176154,13,Mon
323403939,25/03/2023,22:10:00,527288,185116,22,Sat
413401681,12/02/2023,22:00:00,527290,169198,22,Sun
562444903,24/07/2022,01:50:00,527291,181678,1,Sun
323408232,24/01/2023,09:05:00,527292,184429,9,Tue
302425221,02/10/2022,00:30:00,527294,176323,0,Sun
323406200,01/01/2023,03:30:00,527297,185410,3,Sun
562482622,27/12/2022,05:30:00,527301,179460,5,Tue
563407694,21/01/2023,02:00:00,527304,181414,2,Sat
562452956,25/09/2022,09:30:00,527304,181414,9,Sun
562474217,24/11/2022,11:20:00,527304,181414,11,Thu
563417547,06/03/2023,12:24:00,527304,181414,12,Mon
562481591,24/12/2022,16:10:00,527304,181414,16,Sat
43404901,25/01/2023,16:15:00,527304,166581,16,Wed
563410519,13/03/2023,23:01:00,527304,181414,23,Mon
562469678,12/11/2022,00:30:00,527305,180916,0,Sat
562445024,28/07/2022,19:30:00,527306,182110,19,Thu
302410297,19/08/2022,02:00:00,527307,171469,2,Fri
423404466,15/03/2023,08:50:00,527311,189460,8,Wed
322437191,04/11/2022,14:50:00,527312,185165,14,Fri
303407893,22/02/2023,15:00:00,527312,173735,15,Wed
302416009,26/08/2022,16:00:00,527313,176086,16,Fri
653408252,11/02/2023,01:00:00,527320,178638,1,Sat
563400101,04/01/2023,15:20:00,527320,181692,15,Wed
562450446,24/09/2022,19:15:00,527321,180979,19,Sat
42416241,19/09/2022,13:22:00,527322,167108,13,Mon
302422186,12/12/2022,00:40:00,527325,175457,0,Mon
412405958,12/07/2022,17:00:00,527329,170273,17,Tue
303407655,14/03/2023,15:35:00,527330,176045,15,Tue
562477860,18/11/2022,15:00:00,527332,181547,15,Fri
822424683,21/09/2022,16:00:00,527334,189443,16,Wed
323407634,11/02/2023,03:20:00,527336,185854,3,Sat
562447225,02/08/2022,04:30:00,527339,181455,4,Tue
562452173,12/09/2022,05:30:00,527339,181455,5,Mon
563400502,10/01/2023,06:48:00,527339,181455,6,Tue
562441427,10/08/2022,23:40:00,527340,181111,23,Wed
302417339,26/08/2022,19:15:00,527349,176671,19,Fri
322432653,18/11/2022,23:40:00,527349,184920,23,Fri
302412554,08/07/2022,05:00:00,527351,176730,5,Fri
652413152,19/07/2022,16:38:00,527351,178703,16,Tue
652413943,01/08/2022,19:06:00,527351,178703,19,Mon
653404005,21/03/2023,22:25:00,527351,178703,22,Tue
653403714,06/03/2023,00:01:00,527352,177904,0,Mon
412412815,05/12/2022,15:42:00,527352,168052,15,Mon
413400460,16/01/2023,16:45:00,527352,168052,16,Mon
412416573,03/11/2022,23:05:00,527352,168052,23,Thu
302421215,19/11/2022,11:00:00,527353,175464,11,Sat
302425492,24/10/2022,15:15:00,527353,175464,15,Mon
302428031,02/10/2022,22:00:00,527353,175464,22,Sun
212427108,23/09/2022,00:01:00,527357,175358,0,Fri
303406942,04/02/2023,01:34:00,527357,175358,1,Sat
302426414,08/11/2022,12:55:00,527358,175369,12,Tue
562473297,10/12/2022,17:00:00,527359,181446,17,Sat
33407884,14/02/2023,21:00:00,527360,175404,21,Tue
413405941,31/01/2023,15:05:00,527361,168575,15,Tue
323407464,13/02/2023,18:25:00,527366,184053,18,Mon
302410934,06/07/2022,01:16:00,527368,175330,1,Wed
563400526,25/01/2023,19:45:00,527368,181511,19,Wed
653408521,21/01/2023,21:51:00,527370,178116,21,Sat
562448999,24/08/2022,00:10:00,527375,181658,0,Wed
562486871,24/12/2022,06:43:00,527378,181417,6,Sat
412417514,09/11/2022,18:30:00,527378,168372,18,Wed
562446979,22/08/2022,20:00:00,527378,181417,20,Mon
302428021,01/10/2022,20:00:00,527379,171410,20,Sat
302417189,11/09/2022,19:00:00,527388,171447,19,Sun
302429777,25/12/2022,03:25:00,527394,171436,3,Sun
43408071,08/02/2023,19:23:00,527396,167024,19,Wed
562446898,18/08/2022,01:45:00,527398,180317,1,Thu
302420817,17/12/2022,02:15:00,527398,171426,2,Sat
302414379,12/09/2022,05:09:00,527398,171426,5,Mon
563413568,11/03/2023,16:55:00,527398,180317,16,Sat
562453269,08/10/2022,17:35:00,527398,180317,17,Sat
562471591,22/11/2022,18:00:00,527398,180317,18,Tue
562474828,11/12/2022,18:00:00,527398,180317,18,Sun
522411079,21/07/2022,17:50:00,527398,180317,17,Thu
562486050,18/12/2022,18:30:00,527398,180317,18,Sun
562448459,21/08/2022,19:00:00,527398,180317,19,Sun
562450861,27/08/2022,19:00:00,527398,180317,19,Sat
563401586,27/01/2023,19:15:00,527398,180317,19,Fri
562445014,27/07/2022,19:40:00,527398,180317,19,Wed
563403223,13/01/2023,20:00:00,527398,180317,20,Fri
562476192,25/11/2022,20:25:00,527398,180317,20,Fri
563402698,03/02/2023,19:30:00,527398,180317,19,Fri
562440718,14/08/2022,21:00:00,527398,180317,21,Sun
562442718,14/08/2022,21:00:00,527398,180317,21,Sun
562471193,27/11/2022,21:00:00,527398,180317,21,Sun
562467830,11/10/2022,21:10:00,527398,180317,21,Tue
562446618,14/08/2022,21:30:00,527398,180317,21,Sun
562446058,14/08/2022,21:30:00,527398,180317,21,Sun
562479809,09/12/2022,21:30:00,527398,180317,21,Fri
562476683,25/11/2022,21:30:00,527398,180317,21,Fri
562477435,02/12/2022,21:45:00,527398,180317,21,Fri
562462768,08/11/2022,21:00:00,527398,180317,21,Tue
562445313,23/07/2022,22:15:00,527398,180317,22,Sat
562442503,23/07/2022,22:25:00,527398,180317,22,Sat
562444327,10/08/2022,22:15:00,527398,180317,22,Wed
563413223,18/02/2023,22:20:00,527398,180317,22,Sat
323400520,03/01/2023,21:49:00,527399,185075,21,Tue
42408039,04/08/2022,07:35:00,527403,165426,7,Thu
652417727,25/09/2022,14:25:00,527406,178177,14,Sun
302426380,26/09/2022,21:06:00,527408,175337,21,Mon
302417199,10/09/2022,23:45:00,527409,171468,23,Sat
412413361,18/09/2022,12:00:00,527409,170368,12,Sun
303406822,31/01/2023,18:30:00,527409,176875,18,Tue
302426761,27/09/2022,21:00:00,527415,171373,21,Tue
302420846,07/12/2022,17:40:00,527415,171373,17,Wed
422422396,27/10/2022,12:30:00,527421,189152,12,Thu
563404397,31/01/2023,07:17:00,527424,181243,7,Tue
303405352,04/02/2023,15:40:00,527424,171484,15,Sat
562434697,02/07/2022,22:30:00,527424,181243,22,Sat
652415286,17/09/2022,19:10:00,527425,178676,19,Sat
423409832,27/01/2023,18:05:00,527428,188966,18,Fri
652424543,30/12/2022,12:30:00,527431,179289,12,Fri
652413891,11/07/2022,15:55:00,527432,178683,15,Mon
43400001,23/01/2023,14:40:00,527433,166544,14,Mon
412411112,28/09/2022,15:40:00,527437,168913,15,Wed
563425510,18/03/2023,02:00:00,527440,181268,2,Sat
563409951,08/01/2023,02:40:00,527440,181268,2,Sun
323403400,01/01/2023,08:45:00,527441,185767,8,Sun
303402200,01/01/2023,05:00:00,527443,175491,5,Sun
422418667,17/07/2022,14:30:00,527445,191822,14,Sun
302422521,01/10/2022,21:00:00,527447,171384,21,Sat
302423817,17/12/2022,02:20:00,527447,171384,2,Sat
302428320,19/09/2022,04:00:00,527447,171384,4,Mon
303407316,21/03/2023,10:45:00,527447,171384,10,Tue
653405880,15/01/2023,18:45:00,527447,179235,18,Sun
422418386,01/07/2022,10:30:00,527448,193499,10,Fri
652412191,10/07/2022,02:00:00,527452,179231,2,Sun
562486080,20/12/2022,23:40:00,527452,181116,23,Tue
303400871,19/01/2023,16:00:00,527454,175109,16,Thu
303408514,25/02/2023,02:20:00,527460,171490,2,Sat
303406591,28/01/2023,03:15:00,527460,171490,3,Sat
303400205,07/03/2023,13:30:00,527460,171490,13,Tue
303400107,31/03/2023,22:10:00,527463,171530,22,Fri
303405194,06/03/2023,15:00:00,527464,175113,15,Mon
563426621,22/03/2023,16:10:00,527467,181796,16,Wed
563416489,14/03/2023,19:00:00,527467,181796,19,Tue
652410281,08/07/2022,23:49:00,527474,179324,23,Fri
912427772,20/08/2022,23:00:00,527475,185388,23,Sat
323405910,01/01/2023,00:05:00,527477,184512,0,Sun
302426427,17/12/2022,23:50:00,527477,176441,23,Sat
562471407,07/12/2022,20:30:00,527477,181448,20,Wed
302410007,07/08/2022,04:50:00,527479,174910,4,Sun
302426597,28/12/2022,19:15:00,527479,171491,19,Wed
562442687,13/08/2022,02:00:00,527480,181211,2,Sat
562464346,01/11/2022,09:00:00,527480,181211,9,Tue
562466731,15/10/2022,13:00:00,527480,181211,13,Sat
562453129,07/10/2022,09:45:00,527482,181041,9,Fri
562457292,07/09/2022,19:15:00,527482,181156,19,Wed
303405371,23/01/2023,19:00:00,527485,171564,19,Mon
43408080,19/01/2023,06:36:00,527487,165209,6,Thu
43407571,09/02/2023,19:25:00,527488,164065,19,Thu
562461212,17/10/2022,22:10:00,527492,181629,22,Mon
422434340,05/12/2022,20:20:00,527493,189487,20,Mon
652415833,01/08/2022,13:20:00,527495,179080,13,Mon
322435257,26/12/2022,16:35:00,527502,184260,16,Mon
562443503,23/07/2022,17:05:00,527502,180941,17,Sat
562476024,25/11/2022,20:30:00,527502,184260,20,Fri
302423964,14/11/2022,11:35:00,527503,171418,11,Mon
412417402,14/09/2022,22:30:00,527504,169340,22,Wed
302411537,11/08/2022,20:18:00,527505,171604,20,Thu
562441760,08/07/2022,00:01:00,527510,181985,0,Fri
562446907,05/08/2022,19:30:00,527510,181985,19,Fri
303406494,06/03/2023,16:20:00,527511,171610,16,Mon
302420807,15/12/2022,18:10:00,527511,177256,18,Thu
302422466,07/12/2022,21:45:00,527511,177256,21,Wed
652413341,03/07/2022,03:00:00,527513,179370,3,Sun
652423251,29/11/2022,19:05:00,527513,179370,19,Tue
302426866,09/12/2022,19:40:00,527515,170938,19,Fri
303408841,19/01/2023,17:50:00,527518,171388,17,Thu
323402993,07/02/2023,16:55:00,527520,184481,16,Tue
422422783,26/09/2022,21:37:00,527520,193557,21,Mon
563402478,02/02/2023,23:00:00,527522,181324,23,Thu
562458070,27/08/2022,01:00:00,527523,181475,1,Sat
413408153,23/03/2023,05:10:00,527525,169130,5,Thu
562460612,18/10/2022,18:35:00,527526,181650,18,Tue
562477014,29/11/2022,03:00:00,527529,181184,3,Tue
652416904,11/08/2022,16:45:00,527533,178225,16,Thu
652414052,18/07/2022,23:30:00,527533,178225,23,Mon
302415439,04/09/2022,23:00:00,527535,171636,23,Sun
323403775,23/02/2023,01:15:00,527536,184415,1,Thu
562442358,16/08/2022,16:05:00,527536,184415,16,Tue
563401014,17/01/2023,19:01:00,527536,181706,19,Tue
562451936,24/09/2022,15:30:00,527538,181236,15,Sat
652412881,09/07/2022,20:00:00,527538,177986,20,Sat
562431498,07/07/2022,03:37:00,527542,182063,3,Thu
563414172,17/02/2023,07:11:00,527542,182063,7,Fri
302422233,29/10/2022,06:53:00,527543,171350,6,Sat
42402997,04/07/2022,16:05:00,527552,163625,16,Mon
43409204,31/03/2023,00:01:00,527552,163625,0,Fri
562475803,25/11/2022,09:10:00,527553,183548,9,Fri
302410717,09/08/2022,21:50:00,527555,171460,21,Tue
43401222,19/02/2023,19:20:00,527556,165365,19,Sun
423403886,16/03/2023,18:25:00,527557,191998,18,Thu
562480710,19/12/2022,03:30:00,527558,181917,3,Mon
412411571,20/09/2022,14:00:00,527558,169028,14,Tue
563410883,21/02/2023,15:25:00,527558,181917,15,Tue
322435487,30/12/2022,03:00:00,527559,184226,3,Fri
653404230,06/01/2023,05:10:00,527561,179333,5,Fri
563405980,04/01/2023,22:14:00,527563,181483,22,Wed
562455809,06/10/2022,19:12:00,527564,181063,19,Thu
302426302,11/10/2022,20:20:00,527564,171564,20,Tue
303415804,21/01/2023,20:40:00,527567,171103,20,Sat
303404474,03/03/2023,23:57:00,527567,175641,23,Fri
562448375,03/08/2022,20:00:00,527569,181610,20,Wed
42418750,26/06/2022,23:07:00,527569,165785,23,Sun
562470120,16/11/2022,22:50:00,527571,182107,22,Wed
412417542,02/10/2022,18:30:00,527573,169047,18,Sun
42411990,07/09/2022,15:00:00,527579,163204,15,Wed
652410553,03/08/2022,18:00:00,527579,178496,18,Wed
563418912,15/02/2023,18:15:00,527583,181827,18,Wed
302424707,15/12/2022,03:30:00,527589,176792,3,Thu
302418724,04/07/2022,12:40:00,527590,176346,12,Mon
302425141,03/10/2022,15:40:00,527590,176346,15,Mon
562469001,14/10/2022,11:34:00,527591,182108,11,Fri
653409333,22/02/2023,13:00:00,527592,179433,13,Wed
652416629,27/10/2022,13:30:00,527592,179433,13,Thu
652429812,06/12/2022,16:00:00,527592,179433,16,Tue
652411534,06/08/2022,18:00:00,527592,179433,18,Sat
562478111,19/11/2022,19:15:00,527592,183842,19,Sat
652414277,03/10/2022,20:00:00,527592,179433,20,Mon
652412773,06/08/2022,20:30:00,527592,179433,20,Sat
822424843,20/09/2022,18:45:00,527599,190289,18,Tue
322435032,08/11/2022,14:15:00,527600,185444,14,Tue
302420334,10/11/2022,17:57:00,527600,171673,17,Thu
412415934,18/11/2022,17:00:00,527603,170348,17,Fri
563402864,20/01/2023,00:31:00,527604,182198,0,Fri
562447829,20/08/2022,11:30:00,527609,182275,11,Sat
422424885,17/10/2022,16:00:00,527614,192831,16,Mon
303403784,05/03/2023,14:43:00,527621,175431,14,Sun
562460141,15/10/2022,00:01:00,527623,181042,0,Sat
563405710,01/01/2023,04:45:00,527623,181042,4,Sun
322428188,08/10/2022,20:52:00,527623,184882,20,Sat
412411161,17/09/2022,16:50:00,527628,168160,16,Sat
562462072,21/10/2022,00:50:00,527630,181080,0,Fri
563421661,20/03/2023,00:57:00,527630,181080,0,Mon
563416854,24/02/2023,17:05:00,527630,181974,17,Fri
302424966,10/12/2022,05:00:00,527633,171507,5,Sat
323407240,05/01/2023,18:35:00,527637,185076,18,Thu
323401483,04/02/2023,01:15:00,527639,179510,1,Sat
652427443,30/12/2022,21:05:00,527639,179510,21,Fri
412419361,18/09/2022,15:50:00,527643,168972,15,Sun
652418979,03/11/2022,15:00:00,527643,178353,15,Thu
652414459,29/10/2022,23:50:00,527644,179518,23,Sat
412412160,25/08/2022,22:00:00,527645,168834,22,Thu
302428524,09/11/2022,17:00:00,527650,171280,17,Wed
303401292,09/02/2023,16:25:00,527652,174976,16,Thu
563417443,19/02/2023,03:05:00,527654,181108,3,Sun
412412002,26/09/2022,16:00:00,527660,168524,16,Mon
562444777,12/08/2022,18:00:00,527664,181851,18,Fri
413405543,20/03/2023,16:35:00,527667,173216,16,Mon
303403734,27/02/2023,16:10:00,527668,174330,16,Mon
423400875,05/03/2023,18:00:00,527671,189097,18,Sun
42409679,14/08/2022,01:30:00,527674,164657,1,Sun
652419622,15/07/2022,19:58:00,527677,178469,19,Fri
652414152,19/07/2022,16:30:00,527678,179121,16,Tue
412419561,18/09/2022,18:25:00,527680,169172,18,Sun
412401618,04/07/2022,19:00:00,527680,169172,19,Mon
302429031,03/10/2022,03:17:00,527682,171775,3,Mon
652412464,21/08/2022,16:30:00,527685,179335,16,Sun
303406723,13/02/2023,20:05:00,527686,175543,20,Mon
412419423,24/10/2022,15:24:00,527687,168911,15,Mon
562447129,19/08/2022,21:30:00,527687,181991,21,Fri
322438360,24/10/2022,22:30:00,527689,185101,22,Mon
412412672,10/10/2022,19:30:00,527690,168849,19,Mon
653402903,19/02/2023,19:15:00,527691,178394,19,Sun
562444803,24/07/2022,01:32:00,527700,181070,1,Sun
562445868,17/08/2022,14:40:00,527700,181069,14,Wed
303404564,28/02/2023,16:25:00,527700,173623,16,Tue
323400840,04/01/2023,21:50:00,527700,182337,21,Wed
302416227,09/08/2022,17:45:00,527703,173489,17,Tue
302421683,05/11/2022,00:01:00,527706,171723,0,Sat
42406199,16/08/2022,21:00:00,527706,166837,21,Tue
423406340,06/01/2023,10:30:00,527708,191937,10,Fri
562466881,16/10/2022,18:55:00,527709,183559,18,Sun
652415823,30/07/2022,16:30:00,527716,179597,16,Sat
652413468,12/10/2022,16:25:00,527716,178405,16,Wed
563400351,07/01/2023,18:15:00,527718,180912,18,Sat
563404085,23/01/2023,19:00:00,527718,180912,19,Mon
652416331,30/06/2022,17:00:00,527719,178917,17,Thu
42401549,07/08/2022,19:21:00,527721,161086,19,Sun
303404621,18/01/2023,22:49:00,527722,172020,22,Wed
302420250,22/09/2022,16:00:00,527726,174748,16,Thu
562451268,04/10/2022,17:45:00,527727,181669,17,Tue
302426417,16/12/2022,09:28:00,527728,171514,9,Fri
413403101,24/01/2023,16:15:00,527731,168491,16,Tue
412413561,18/09/2022,18:20:00,527731,168491,18,Sun
563413936,03/03/2023,11:30:00,527732,182007,11,Fri
652414464,21/08/2022,16:15:00,527734,178863,16,Sun
652411352,19/07/2022,16:50:00,527735,179178,16,Tue
652419912,14/07/2022,23:30:00,527740,179575,23,Thu
652410585,01/09/2022,22:34:00,527743,179179,22,Thu
323405033,01/02/2023,15:10:00,527746,185221,15,Wed
303409684,05/03/2023,19:10:00,527746,173686,19,Sun
302413717,09/08/2022,17:15:00,527747,177161,17,Tue
322421546,16/09/2022,20:30:00,527747,185702,20,Fri
322429446,16/09/2022,20:45:00,527747,185702,20,Fri
302423903,17/10/2022,22:00:00,527747,177161,22,Mon
302421353,31/10/2022,21:50:00,527747,177161,21,Mon
302427441,04/10/2022,22:20:00,527747,177161,22,Tue
652421302,06/12/2022,23:20:00,527747,178574,23,Tue
652426122,09/12/2022,06:40:00,527748,179754,6,Fri
562458625,19/09/2022,13:05:00,527748,179754,13,Mon
322432964,28/11/2022,16:20:00,527748,184640,16,Mon
42402239,04/08/2022,13:40:00,527755,166032,13,Thu
652414836,10/09/2022,22:59:00,527756,178460,22,Sat
562446236,06/08/2022,16:32:00,527757,181859,16,Sat
562476322,23/11/2022,19:08:00,527758,183566,19,Wed
652410654,20/08/2022,14:32:00,527759,179463,14,Sat
562457549,07/10/2022,10:25:00,527761,181184,10,Fri
563403656,25/01/2023,23:20:00,527765,181174,23,Wed
412410095,23/12/2022,15:00:00,527766,170190,15,Fri
563405881,30/12/2022,00:01:00,527768,180519,0,Fri
303400900,02/01/2023,09:30:00,527768,172102,9,Mon
63409180,10/01/2023,23:40:00,527768,181041,23,Tue
563401658,30/01/2023,20:00:00,527769,181634,20,Mon
63407345,01/03/2023,23:30:00,527770,171787,23,Wed
833406070,07/01/2023,10:09:00,527771,170907,10,Sat
412414545,12/12/2022,21:00:00,527772,168979,21,Mon
302422763,29/10/2022,00:35:00,527773,174044,0,Sat
302416764,09/07/2022,03:00:00,527775,171122,3,Sat
563416920,08/02/2023,21:00:00,527776,181755,21,Wed
412407669,02/08/2022,21:30:00,527776,169129,21,Tue
303403964,03/03/2023,11:00:00,527778,171689,11,Fri
322418858,03/07/2022,07:25:00,527782,184693,7,Sun
563404586,26/01/2023,00:40:00,527783,181252,0,Thu
43408521,29/01/2023,11:35:00,527783,164384,11,Sun
562449942,21/07/2022,19:10:00,527788,181954,19,Thu
323405495,24/02/2023,15:35:00,527794,185357,15,Fri
562483301,21/12/2022,16:00:00,527794,179721,16,Wed
652417681,09/07/2022,15:55:00,527795,178458,15,Sat
652410754,20/08/2022,14:50:00,527801,178780,14,Sat
302429790,28/09/2022,21:30:00,527801,174700,21,Wed
562441681,19/07/2022,02:30:00,527803,181058,2,Tue
562466092,21/10/2022,18:00:00,527803,181058,18,Fri
302417778,29/08/2022,22:45:00,527804,173288,22,Mon
322436114,24/11/2022,01:39:00,527805,185175,1,Thu
652418475,27/08/2022,21:30:00,527807,179467,21,Sat
562465554,26/10/2022,00:01:00,527808,182196,0,Wed
563400022,11/01/2023,04:00:00,527810,180998,4,Wed
562445849,21/08/2022,10:15:00,527810,180998,10,Sun
562473919,10/12/2022,14:00:00,527810,180998,14,Sat
562466969,14/11/2022,20:35:00,527810,180998,20,Mon
412412875,20/12/2022,21:30:00,527810,169440,21,Tue
562453160,26/08/2022,22:00:00,527810,180998,22,Fri
562432287,26/06/2022,23:00:00,527810,180998,23,Sun
562441160,13/07/2022,23:33:00,527810,180998,23,Wed
302418614,03/07/2022,01:30:00,527814,173031,1,Sun
563405204,17/01/2023,13:10:00,527814,181052,13,Tue
42401219,31/07/2022,05:33:00,527818,165192,5,Sun
412419692,18/10/2022,18:28:00,527818,168775,18,Tue
652417571,07/07/2022,20:10:00,527821,178636,20,Thu
302421925,22/11/2022,17:13:00,527824,173032,17,Tue
422432711,26/11/2022,00:01:00,527827,192039,0,Sat
413409841,03/02/2023,08:10:00,527833,168871,8,Fri
562477408,10/12/2022,20:14:00,527834,181316,20,Sat
652411533,31/07/2022,23:00:00,527834,179403,23,Sun
652412214,12/08/2022,18:40:00,527837,179535,18,Fri
562435329,08/07/2022,04:20:00,527839,181105,4,Fri
563403524,17/01/2023,19:05:00,527839,181105,19,Tue
562449025,01/08/2022,20:50:00,527839,181105,20,Mon
652419222,11/07/2022,22:20:00,527839,178728,22,Mon
822421183,21/09/2022,16:00:00,527851,189424,16,Wed
562469866,27/10/2022,19:45:00,527852,180968,19,Thu
562454739,06/10/2022,20:00:00,527852,180968,20,Thu
322412089,15/07/2022,00:40:00,527854,185408,0,Fri
412412350,24/08/2022,02:00:00,527854,169008,2,Wed
302421467,23/12/2022,02:30:00,527854,175625,2,Fri
412408178,14/07/2022,20:00:00,527858,170195,20,Thu
413401682,08/03/2023,17:03:00,527866,169973,17,Wed
563411728,10/03/2023,20:19:00,527866,181432,20,Fri
412414044,18/11/2022,18:50:00,527867,168341,18,Fri
423406841,18/01/2023,06:20:00,527868,191433,6,Wed
423402941,18/01/2023,07:05:00,527868,191433,7,Wed
303400282,08/02/2023,10:45:00,527869,171360,10,Wed
562444870,14/07/2022,17:00:00,527871,181987,17,Thu
563424213,30/03/2023,17:45:00,527871,181987,17,Thu
562478613,25/11/2022,06:10:00,527873,181344,6,Fri
562444275,04/08/2022,08:40:00,527873,182010,8,Thu
303409582,08/02/2023,16:41:00,527875,172812,16,Wed
322423050,21/07/2022,11:40:00,527878,185293,11,Thu
412418432,02/10/2022,14:00:00,527878,168430,14,Sun
412413662,07/10/2022,16:45:00,527878,168430,16,Fri
303403444,28/02/2023,16:20:00,527879,173215,16,Tue
652421643,30/12/2022,17:55:00,527880,179331,17,Fri
412403838,08/07/2022,19:44:00,527881,170457,19,Fri
652413307,21/09/2022,17:30:00,527882,179136,17,Wed
562454220,25/08/2022,00:52:00,527885,181017,0,Thu
563407572,05/01/2023,15:30:00,527885,181017,15,Thu
562480830,19/12/2022,15:50:00,527885,181017,15,Mon
563414688,11/03/2023,17:50:00,527885,181017,17,Sat
563419850,09/02/2023,18:40:00,527885,181017,18,Thu
563414250,09/02/2023,19:00:00,527885,181017,19,Thu
563416367,07/03/2023,19:20:00,527885,181017,19,Tue
562476246,06/12/2022,00:30:00,527888,179700,0,Tue
562484352,28/12/2022,03:53:00,527888,179700,3,Wed
562441125,30/07/2022,01:05:00,527890,179698,1,Sat
302424122,14/10/2022,10:30:00,527899,171044,10,Fri
302422543,30/10/2022,18:50:00,527902,176862,18,Sun
303406842,03/02/2023,20:30:00,527902,176862,20,Fri
303407372,03/02/2023,20:55:00,527902,176862,20,Fri
822429165,13/10/2022,20:00:00,527904,191001,20,Thu
563403293,17/01/2023,05:55:00,527909,181023,5,Tue
562480333,31/12/2022,00:58:00,527913,181308,0,Sat
563407311,05/01/2023,17:15:00,527913,181308,17,Thu
562483222,26/12/2022,15:50:00,527914,182193,15,Mon
653406762,13/02/2023,09:45:00,527919,178826,9,Mon
652412869,30/10/2022,03:12:00,527920,178595,3,Sun
562447243,25/07/2022,07:00:00,527920,180984,7,Mon
562471812,18/11/2022,23:55:00,527925,181910,23,Fri
413409703,13/03/2023,16:35:00,527925,169720,16,Mon
413408502,17/02/2023,15:00:00,527926,169566,15,Fri
562467547,06/11/2022,22:00:00,527926,183915,22,Sun
413403551,05/02/2023,01:55:00,527927,170526,1,Sun
563411859,28/02/2023,13:00:00,527927,181862,13,Tue
63401152,27/01/2023,23:00:00,527927,170526,23,Fri
412418322,01/10/2022,21:15:00,527928,169652,21,Sat
822429983,24/09/2022,17:20:00,527929,190724,17,Sat
413404140,09/01/2023,15:00:00,527930,168885,15,Mon
653404670,13/01/2023,22:55:00,527936,178343,22,Fri
563410273,20/02/2023,23:20:00,527936,180946,23,Mon
213409001,11/01/2023,04:00:00,527938,179782,4,Wed
412410484,28/11/2022,15:00:00,527938,169121,15,Mon
412410752,09/10/2022,18:08:00,527938,167596,18,Sun
563407856,26/01/2023,20:00:00,527938,179782,20,Thu
42413710,21/08/2022,17:30:00,527941,164896,17,Sun
302429294,17/11/2022,18:30:00,527943,175543,18,Thu
42413332,11/10/2022,11:45:00,527945,166403,11,Tue
422416417,22/06/2022,18:00:00,527947,194482,18,Wed
562464534,13/10/2022,13:20:00,527949,181811,13,Thu
322420660,22/07/2022,21:20:00,527951,186678,21,Fri
652413876,17/09/2022,14:20:00,527955,178547,14,Sat
562457241,30/08/2022,17:05:00,527957,181399,17,Tue
252437234,14/12/2022,16:10:00,527958,181922,16,Wed
562435688,06/07/2022,17:00:00,527958,181922,17,Wed
563411058,10/03/2023,19:25:00,527958,181922,19,Fri
562442745,02/08/2022,19:30:00,527960,181943,19,Tue
562457074,17/09/2022,01:00:00,527961,181213,1,Sat
562459654,16/09/2022,12:15:00,527961,181213,12,Fri
562447136,06/08/2022,16:00:00,527961,181213,16,Sat
412411262,10/10/2022,16:05:00,527962,169258,16,Mon
562486320,18/12/2022,17:45:00,527965,182078,17,Sun
562478917,08/12/2022,17:30:00,527965,182078,17,Thu
563402620,01/01/2023,06:30:00,527966,181067,6,Sun
562457316,23/09/2022,14:30:00,527966,181067,14,Fri
562460673,24/10/2022,15:00:00,527967,179787,15,Mon
322424857,27/09/2022,01:30:00,527972,185257,1,Tue
652411488,19/10/2022,16:50:00,527972,178625,16,Wed
562435169,09/07/2022,18:15:00,527973,181000,18,Sat
322438591,04/11/2022,20:14:00,527973,184749,20,Fri
562442179,22/08/2022,13:25:00,527975,181887,13,Mon
562479527,08/12/2022,16:20:00,527975,181887,16,Thu
562445523,24/07/2022,17:10:00,527975,181887,17,Sun
563411467,07/03/2023,19:00:00,527975,181887,19,Tue
252425371,04/08/2022,22:00:00,527975,181887,22,Thu
412419662,07/10/2022,17:20:00,527977,168708,17,Fri
563411906,02/03/2023,16:00:00,527979,181856,16,Thu
302429566,09/12/2022,15:21:00,527980,176269,15,Fri
562445311,14/07/2022,23:45:00,527980,180807,23,Thu
302428504,06/11/2022,00:06:00,527982,170897,0,Sun
303404191,27/01/2023,14:30:00,527982,170897,14,Fri
302415527,10/08/2022,15:32:00,527982,170897,15,Wed
562462589,11/11/2022,12:50:00,527983,180803,12,Fri
562438518,03/07/2022,17:15:00,527985,181923,17,Sun
252413258,04/07/2022,12:55:00,527986,189610,12,Mon
562441730,12/07/2022,21:15:00,527988,179414,21,Tue
413404600,31/12/2022,23:00:00,527988,169529,23,Sat
303409671,25/01/2023,16:50:00,527994,171895,16,Wed
322426906,13/09/2022,16:15:00,527995,184622,16,Tue
562456219,06/10/2022,21:00:00,527995,180858,21,Thu
562446725,01/08/2022,22:15:00,527995,181684,22,Mon
302414685,23/07/2022,23:45:00,527995,173123,23,Sat
303403895,18/03/2023,12:00:00,527999,177202,12,Sat
303403221,18/01/2023,13:45:00,527999,177202,13,Wed
302428925,22/11/2022,17:45:00,527999,177202,17,Tue
302428977,25/12/2022,17:00:00,527999,177202,17,Sun
302428804,07/11/2022,18:55:00,527999,177202,18,Mon
303407007,31/03/2023,20:54:00,527999,177202,20,Fri
302426194,17/11/2022,20:30:00,527999,177202,20,Thu
302428773,03/11/2022,21:50:00,527999,177202,21,Thu
302418377,15/08/2022,21:45:00,527999,177202,21,Mon
302411667,13/08/2022,22:10:00,527999,177202,22,Sat
302417405,12/07/2022,22:45:00,527999,177202,22,Tue
562440604,23/07/2022,00:15:00,528003,181355,0,Sat
562459581,01/09/2022,19:15:00,528003,181355,19,Thu
562441205,31/07/2022,11:30:00,528007,180825,11,Sun
413408470,18/01/2023,16:10:00,528008,170653,16,Wed
43407081,10/02/2023,16:55:00,528008,164816,16,Fri
653408391,31/01/2023,21:30:00,528008,178720,21,Tue
412409828,07/07/2022,01:56:00,528011,168850,1,Thu
562444674,30/07/2022,15:21:00,528011,180810,15,Sat
562474493,28/11/2022,16:15:00,528011,183480,16,Mon
323406788,21/03/2023,15:50:00,528013,185523,15,Tue
562443550,13/07/2022,19:00:00,528013,181747,19,Wed
562441183,26/07/2022,22:05:00,528013,181064,22,Tue
652418571,08/07/2022,02:20:00,528014,178476,2,Fri
562445335,27/07/2022,18:05:00,528014,181609,18,Wed
422422820,16/08/2022,14:40:00,528023,192415,14,Tue
302426756,08/12/2022,21:10:00,528023,174534,21,Thu
42416974,07/12/2022,19:20:00,528024,163449,19,Wed
562470847,09/12/2022,06:25:00,528027,182041,6,Fri
562449273,26/07/2022,17:35:00,528032,180422,17,Tue
822421585,20/09/2022,20:00:00,528032,190137,20,Tue
562478112,22/11/2022,21:00:00,528033,179458,21,Tue
303409405,07/03/2023,16:55:00,528037,172408,16,Tue
323401302,21/01/2023,14:55:00,528038,184682,14,Sat
562474834,29/11/2022,18:55:00,528039,181662,18,Tue
563417530,08/02/2023,06:40:00,528043,180673,6,Wed
562473429,15/12/2022,16:21:00,528043,181796,16,Thu
562476766,07/12/2022,01:14:00,528045,181014,1,Wed
562449484,30/07/2022,01:00:00,528045,181014,1,Sat
562448634,29/07/2022,13:50:00,528045,181337,13,Fri
562449879,15/08/2022,16:00:00,528045,181014,16,Mon
562461637,06/11/2022,18:20:00,528045,181014,18,Sun
563405877,30/01/2023,19:08:00,528045,181014,19,Mon
563416557,07/03/2023,20:10:00,528045,181014,20,Tue
562446665,03/08/2022,20:40:00,528045,181337,20,Wed
423401140,28/12/2022,10:00:00,528048,194329,10,Wed
412414772,14/10/2022,10:45:00,528049,170594,10,Fri
412414534,17/11/2022,18:25:00,528049,170134,18,Thu
302422656,07/12/2022,20:21:00,528049,171234,20,Wed
323401855,20/02/2023,17:20:00,528050,185442,17,Mon
322437472,09/11/2022,18:30:00,528050,185442,18,Wed
562448020,11/07/2022,21:15:00,528054,181124,21,Mon
322430861,02/11/2022,11:00:00,528055,185334,11,Wed
562442555,02/08/2022,09:25:00,528057,181615,9,Tue
562470864,30/11/2022,17:30:00,528058,182535,17,Wed
652410099,05/11/2022,19:05:00,528058,177833,19,Sat
562440277,12/08/2022,19:45:00,528058,182535,19,Fri
562449161,17/07/2022,21:10:00,528058,182535,21,Sun
563428052,27/03/2023,22:20:00,528058,182535,22,Mon
562447361,17/07/2022,23:40:00,528058,179471,23,Sun
563413229,13/03/2023,13:45:00,528059,181729,13,Mon
562486970,20/12/2022,21:58:00,528060,179360,21,Tue
422421376,25/10/2022,15:00:00,528061,194508,15,Tue
42416041,18/09/2022,20:40:00,528066,164355,20,Sun
822435352,31/12/2022,03:00:00,528068,189595,3,Sat
323405232,24/01/2023,08:50:00,528069,184319,8,Tue
422436050,04/12/2022,02:00:00,528072,192919,2,Sun
562471429,15/12/2022,14:00:00,528074,181808,14,Thu
652416151,04/07/2022,13:00:00,528075,178702,13,Mon
322437455,05/12/2022,19:15:00,528075,183761,19,Mon
652410807,22/09/2022,11:00:00,528080,178657,11,Thu
653406252,10/02/2023,15:50:00,528080,178657,15,Fri
562439349,09/07/2022,00:25:00,528081,179747,0,Sat
323405860,07/01/2023,22:15:00,528082,183733,22,Sat
252432035,26/12/2022,18:30:00,528087,196424,18,Mon
252437055,28/12/2022,19:40:00,528087,196424,19,Wed
642434800,27/10/2022,23:20:00,528087,181742,23,Thu
562448565,03/08/2022,20:11:00,528094,182063,20,Wed
322435547,24/12/2022,21:51:00,528094,184412,21,Sat
252431035,26/12/2022,18:40:00,528097,196178,18,Mon
562456914,14/09/2022,17:20:00,528102,181119,17,Wed
822438552,31/12/2022,11:00:00,528110,189615,11,Sat
303400602,27/01/2023,11:00:00,528110,176164,11,Fri
562485172,28/12/2022,19:15:00,528110,181429,19,Wed
302423402,11/10/2022,16:00:00,528114,170883,16,Tue
412412823,21/10/2022,21:20:00,528114,170354,21,Fri
413409482,08/03/2023,16:30:00,528122,169103,16,Wed
563425230,18/03/2023,15:14:00,528123,181720,15,Sat
323405012,21/01/2023,03:00:00,528126,184421,3,Sat
562472864,30/11/2022,18:15:00,528127,180608,18,Wed
562459144,15/09/2022,13:50:00,528128,181959,13,Thu
302419949,27/08/2022,15:20:00,528128,171696,15,Sat
563411386,04/03/2023,01:00:00,528132,180970,1,Sat
302422015,18/11/2022,10:00:00,528132,176309,10,Fri
562448832,21/07/2022,15:15:00,528135,181031,15,Thu
303401893,09/02/2023,20:07:00,528138,172447,20,Thu
562450839,05/10/2022,17:00:00,528141,181577,17,Wed
322435840,21/10/2022,17:28:00,528142,186372,17,Fri
322426428,29/09/2022,06:00:00,528144,184920,6,Thu
302410908,20/08/2022,22:00:00,528145,174990,22,Sat
322439224,24/11/2022,18:45:00,528145,183693,18,Thu
413406881,13/02/2023,19:55:00,528146,167449,19,Mon
412415160,26/08/2022,02:15:00,528147,169688,2,Fri
413403392,10/03/2023,13:18:00,528147,169688,13,Fri
412416544,19/11/2022,15:00:00,528147,169688,15,Sat
412400699,09/08/2022,16:00:00,528147,169688,16,Tue
412405999,09/08/2022,16:00:00,528147,169688,16,Tue
562453219,06/10/2022,16:45:00,528147,182936,16,Thu
413409010,03/01/2023,20:55:00,528147,169688,20,Tue
562443986,05/08/2022,19:15:00,528149,181192,19,Fri
422427578,14/11/2022,07:40:00,528150,194089,7,Mon
563421032,26/03/2023,21:42:00,528157,181116,21,Sun
563414485,01/03/2023,06:20:00,528159,181156,6,Wed
562454345,20/09/2022,12:00:00,528159,181156,12,Tue
562449256,07/08/2022,12:40:00,528159,181590,12,Sun
562446366,06/08/2022,16:05:00,528165,181261,16,Sat
302415876,04/08/2022,14:00:00,528167,176751,14,Thu
322433632,08/11/2022,18:45:00,528167,184382,18,Tue
423406840,06/01/2023,00:01:00,528170,191481,0,Fri
413401151,03/02/2023,17:05:00,528170,167346,17,Fri
562454763,11/09/2022,19:00:00,528170,180861,19,Sun
423402455,02/03/2023,16:00:00,528177,192337,16,Thu
823406882,31/01/2023,14:46:00,528180,189842,14,Tue
302423046,06/12/2022,18:32:00,528183,171444,18,Tue
323409380,09/01/2023,16:45:00,528185,185192,16,Mon
303408472,07/02/2023,09:40:00,528188,175360,9,Tue
302411894,07/07/2022,11:00:00,528189,173390,11,Thu
562446779,22/08/2022,18:50:00,528191,181076,18,Mon
563406879,06/02/2023,18:40:00,528193,181038,18,Mon
563411532,15/02/2023,19:30:00,528193,181038,19,Wed
563402162,12/01/2023,19:42:00,528193,181038,19,Thu
562446735,02/08/2022,14:40:00,528196,181411,14,Tue
562445142,21/07/2022,15:20:00,528196,178646,15,Thu
302423945,24/11/2022,16:30:00,528197,172523,16,Thu
562445503,23/07/2022,22:30:00,528201,180726,22,Sat
562464710,10/10/2022,20:08:00,528202,179640,20,Mon
322422419,11/10/2022,22:00:00,528206,184418,22,Tue
412411770,29/08/2022,22:15:00,528207,169235,22,Mon
563426731,23/03/2023,07:28:00,528208,180476,7,Thu
413408320,06/01/2023,15:30:00,528208,170669,15,Fri
302423032,15/10/2022,22:50:00,528209,176689,22,Sat
562446164,29/07/2022,19:20:00,528214,179771,19,Fri
562444810,02/07/2022,23:20:00,528214,179771,23,Sat
412419393,08/11/2022,14:10:00,528216,169911,14,Tue
412412183,05/11/2022,17:00:00,528216,169092,17,Sat
562448773,26/07/2022,20:32:00,528222,178813,20,Tue
562460489,15/11/2022,09:40:00,528224,179773,9,Tue
563401717,28/01/2023,17:27:00,528224,180939,17,Sat
412411110,14/08/2022,01:55:00,528226,169445,1,Sun
562475623,26/11/2022,21:10:00,528226,181032,21,Sat
303407365,15/03/2023,21:40:00,528229,171228,21,Wed
303403645,13/03/2023,15:58:00,528232,172053,15,Mon
413404622,25/01/2023,18:35:00,528232,170575,18,Wed
322410738,30/06/2022,15:05:00,528234,185358,15,Thu
422415256,09/06/2022,19:00:00,528234,191126,19,Thu
302415596,06/08/2022,22:09:00,528239,176618,22,Sat
562443873,26/07/2022,18:40:00,528241,181225,18,Tue
562479627,08/12/2022,22:48:00,528241,181225,22,Thu
302425925,21/11/2022,21:00:00,528243,170958,21,Mon
302423441,04/10/2022,16:30:00,528244,173090,16,Tue
563419306,01/03/2023,18:40:00,528246,181043,18,Wed
562482300,18/12/2022,15:30:00,528247,180833,15,Sun
412415022,30/09/2022,00:24:00,528248,168123,0,Fri
562467460,12/10/2022,13:15:00,528253,180393,13,Wed
42415911,13/09/2022,18:45:00,528254,164558,18,Tue
322412048,30/06/2022,23:30:00,528254,184322,23,Thu
303406514,24/02/2023,19:15:00,528255,172659,19,Fri
563401779,06/02/2023,18:24:00,528257,180756,18,Mon
563402089,06/02/2023,18:35:00,528257,180756,18,Mon
823408285,03/03/2023,17:00:00,528262,189834,17,Fri
422426759,26/11/2022,15:40:00,528263,190720,15,Sat
322430152,09/11/2022,18:10:00,528266,185682,18,Wed
322420945,06/09/2022,18:45:00,528270,184790,18,Tue
562436349,09/07/2022,02:21:00,528271,181135,2,Sat
562472630,17/11/2022,05:00:00,528271,181135,5,Thu
562464327,05/11/2022,05:30:00,528271,181135,5,Sat
562445116,05/08/2022,06:50:00,528271,181135,6,Fri
562459478,28/09/2022,17:00:00,528271,181135,17,Wed
563406063,15/01/2023,14:30:00,528271,181135,14,Sun
562477677,04/12/2022,15:00:00,528271,181135,15,Sun
562484223,30/12/2022,15:30:00,528271,181135,15,Fri
563419452,16/02/2023,15:57:00,528271,181135,15,Thu
562461631,15/10/2022,16:50:00,528271,181135,16,Sat
563416981,14/02/2023,17:02:00,528271,181135,17,Tue
563411715,26/02/2023,17:00:00,528271,181135,17,Sun
562430868,05/07/2022,17:30:00,528271,181135,17,Tue
562481642,27/12/2022,17:25:00,528271,181135,17,Tue
562487730,09/12/2022,17:35:00,528271,181135,17,Fri
562452007,22/09/2022,17:30:00,528271,181135,17,Thu
562447951,17/07/2022,18:00:00,528271,181135,18,Sun
563407257,29/01/2023,18:00:00,528271,181135,18,Sun
562463639,13/11/2022,17:50:00,528271,181135,17,Sun
562471854,30/11/2022,18:15:00,528271,181135,18,Wed
562461254,27/10/2022,18:22:00,528271,181135,18,Thu
563412022,15/02/2023,18:25:00,528271,181135,18,Wed
562441891,19/07/2022,18:30:00,528271,181135,18,Tue
562479139,15/12/2022,18:08:00,528271,181135,18,Thu
562468109,12/11/2022,18:43:00,528271,181135,18,Sat
562468784,27/10/2022,18:00:00,528271,181135,18,Thu
563405702,09/01/2023,19:00:00,528271,181135,19,Mon
563406120,31/12/2022,19:50:00,528271,181135,19,Sat
562457819,05/10/2022,20:10:00,528271,181135,20,Wed
562454397,01/10/2022,20:22:00,528271,181135,20,Sat
562466205,26/10/2022,21:00:00,528271,181135,21,Wed
562471244,29/11/2022,22:00:00,528271,181135,22,Tue
562442981,18/07/2022,22:00:00,528271,181135,22,Mon
563411697,06/03/2023,18:00:00,528273,181840,18,Mon
413405262,02/03/2023,21:20:00,528273,173483,21,Thu
323408202,21/01/2023,14:15:00,528274,184779,14,Sat
562444202,20/07/2022,01:40:00,528275,179757,1,Wed
412419384,28/11/2022,15:27:00,528278,169145,15,Mon
412419444,19/11/2022,16:30:00,528278,169145,16,Sat
562464049,13/11/2022,14:00:00,528279,181046,14,Sun
422423101,21/08/2022,23:55:00,528280,192415,23,Sun
562465960,12/10/2022,23:00:00,528283,181278,23,Wed
303409314,24/02/2023,12:50:00,528283,173354,12,Fri
43405710,04/01/2023,18:00:00,528284,164675,18,Wed
303401913,09/02/2023,20:06:00,528286,172321,20,Thu
302423856,08/12/2022,15:30:00,528288,171741,15,Thu
302416596,06/08/2022,21:48:00,528288,171741,21,Sat
302426785,28/11/2022,13:30:00,528290,173543,13,Mon
302416164,08/07/2022,16:45:00,528295,174175,16,Fri
563415636,02/03/2023,16:30:00,528297,181837,16,Thu
562470088,11/12/2022,17:10:00,528297,181837,17,Sun
562458373,09/09/2022,21:00:00,528297,181837,21,Fri
562448757,12/08/2022,09:34:00,528298,181756,9,Fri
302427545,24/11/2022,16:30:00,528299,172469,16,Thu
822421344,30/09/2022,15:00:00,528300,194072,15,Fri
42418974,07/12/2022,21:36:00,528303,165937,21,Wed
322427198,10/10/2022,00:26:00,528304,184358,0,Mon
302428337,19/12/2022,13:00:00,528304,176546,13,Mon
563412387,08/03/2023,20:50:00,528305,181729,20,Wed
303400484,02/03/2023,11:47:00,528306,176008,11,Thu
32436833,06/11/2022,00:55:00,528307,181330,0,Sun
32427281,21/07/2022,03:00:00,528307,181330,3,Thu
562488803,06/12/2022,19:45:00,528307,181676,19,Tue
32435831,16/10/2022,22:15:00,528307,181330,22,Sun
302429936,06/12/2022,13:00:00,528308,176624,13,Tue
412402319,18/07/2022,19:00:00,528310,168806,19,Mon
562475162,24/11/2022,20:00:00,528314,181570,20,Thu
562476162,24/11/2022,20:00:00,528314,181570,20,Thu
323409299,30/03/2023,06:54:00,528321,184674,6,Thu
413403801,25/01/2023,15:00:00,528321,169002,15,Wed
322436370,25/10/2022,22:26:00,528321,185255,22,Tue
562449279,21/08/2022,02:00:00,528322,180874,2,Sun
562461920,11/10/2022,11:00:00,528326,180325,11,Tue
562460260,12/10/2022,20:27:00,528326,180325,20,Wed
302424566,07/12/2022,08:45:00,528333,171081,8,Wed
563410019,11/03/2023,16:20:00,528334,182471,16,Sat
563403798,04/02/2023,04:17:00,528335,181261,4,Sat
423409042,28/01/2023,00:01:00,528340,192063,0,Sat
823407336,09/03/2023,02:53:00,528340,190911,2,Thu
823404846,09/03/2023,18:45:00,528342,189606,18,Thu
323402425,17/02/2023,21:00:00,528342,186418,21,Fri
413409083,29/03/2023,14:13:00,528343,170755,14,Wed
422433732,29/12/2022,00:01:00,528346,193678,0,Thu
562435157,30/06/2022,00:45:00,528348,178900,0,Thu
422416918,22/07/2022,15:34:00,528349,190733,15,Fri
563410013,18/02/2023,15:10:00,528350,181063,15,Sat
562471225,02/12/2022,16:10:00,528350,181063,16,Fri
423403683,12/02/2023,16:30:00,528352,192072,16,Sun
303407072,06/02/2023,15:18:00,528353,170818,15,Mon
303405305,07/03/2023,16:50:00,528353,172536,16,Tue
562459555,20/09/2022,22:00:00,528353,181424,22,Tue
413402782,07/03/2023,17:45:00,528354,169913,17,Tue
302420561,07/10/2022,08:00:00,528356,170854,8,Fri
303403776,29/03/2023,12:30:00,528356,170854,12,Wed
722420837,06/11/2022,09:00:00,528358,186113,9,Sun
322424071,01/08/2022,19:30:00,528358,186113,19,Mon
562447403,20/07/2022,23:55:00,528359,180276,23,Wed
303407240,07/01/2023,11:40:00,528359,170815,11,Sat
413406501,23/01/2023,17:25:00,528360,169346,17,Mon
562440472,22/07/2022,20:00:00,528361,180884,20,Fri
562478955,03/12/2022,11:30:00,528363,181613,11,Sat
563415952,16/02/2023,20:00:00,528364,178786,20,Thu
422421511,26/08/2022,08:00:00,528366,191285,8,Fri
323408889,29/03/2023,21:35:00,528366,184459,21,Wed
562433569,09/07/2022,17:50:00,528368,179657,17,Sat
562480543,31/12/2022,01:00:00,528370,181228,1,Sat
562456606,23/09/2022,06:30:00,528370,179894,6,Fri
412414292,11/10/2022,15:20:00,528370,170707,15,Tue
562475701,19/11/2022,19:35:00,528370,179894,19,Sat
562445405,31/07/2022,03:25:00,528371,180476,3,Sun
563400583,15/01/2023,15:50:00,528371,181477,15,Sun
822427997,08/11/2022,10:30:00,528372,190642,10,Tue
412419523,24/10/2022,14:58:00,528374,169595,14,Mon
562452897,01/10/2022,20:10:00,528377,180598,20,Sat
562474446,06/12/2022,00:35:00,528378,182666,0,Tue
563414588,12/03/2023,15:00:00,528378,181130,15,Sun
62416678,15/07/2022,15:00:00,528378,182666,15,Fri
562476829,15/12/2022,16:30:00,528378,182666,16,Thu
562452297,01/10/2022,20:50:00,528378,182666,20,Sat
423409534,17/02/2023,22:10:00,528378,182666,22,Fri
322429998,10/10/2022,16:28:00,528379,186191,16,Mon
302411399,14/09/2022,16:45:00,528379,176565,16,Wed
422437932,29/12/2022,17:45:00,528381,191599,17,Thu
303402920,04/01/2023,17:45:00,528383,173004,17,Wed
562441905,01/08/2022,11:25:00,528385,180894,11,Mon
563423742,27/03/2023,21:00:00,528385,180894,21,Mon
322432522,08/11/2022,00:25:00,528386,184337,0,Tue
322421424,25/08/2022,15:45:00,528386,184337,15,Thu
562447103,23/07/2022,19:45:00,528386,181151,19,Sat
562469453,23/10/2022,22:30:00,528386,181151,22,Sun
322439713,15/11/2022,22:00:00,528386,184337,22,Tue
562474741,20/11/2022,20:35:00,528389,181113,20,Sun
562470703,25/11/2022,21:30:00,528389,180548,21,Fri
323408583,06/02/2023,11:00:00,528390,185113,11,Mon
303402975,17/03/2023,16:55:00,528395,173024,16,Fri
303400674,01/03/2023,16:55:00,528395,173463,16,Wed
562483540,19/12/2022,19:25:00,528395,179748,19,Mon
412418083,05/11/2022,16:40:00,528397,169563,16,Sat
412414652,07/10/2022,18:15:00,528398,169227,18,Fri
412405668,13/07/2022,21:42:00,528398,169227,21,Wed
562458353,11/09/2022,03:22:00,528399,181469,3,Sun
562486691,24/12/2022,14:00:00,528402,181075,14,Sat
562445095,04/08/2022,18:20:00,528402,181075,18,Thu
43407651,05/02/2023,18:20:00,528403,181058,18,Sun
562441082,23/07/2022,01:43:00,528404,180708,1,Sat
412419172,12/10/2022,14:45:00,528404,169014,14,Wed
302417435,17/07/2022,16:30:00,528404,173494,16,Sun
562462019,12/11/2022,18:55:00,528408,181899,18,Sat
562485912,26/12/2022,04:15:00,528411,181271,4,Mon
302423702,12/10/2022,20:40:00,528412,173608,20,Wed
562444961,16/07/2022,01:30:00,528414,181260,1,Sat
303406276,28/03/2023,20:44:00,528414,172150,20,Tue
562488701,21/12/2022,22:00:00,528414,178828,22,Wed
412414402,27/09/2022,16:45:00,528415,169533,16,Tue
563422630,18/03/2023,17:35:00,528416,181066,17,Sat
562447884,28/07/2022,02:55:00,528418,180635,2,Thu
562482032,26/12/2022,12:30:00,528418,181246,12,Mon
322427638,04/10/2022,14:14:00,528418,184360,14,Tue
562440450,13/07/2022,18:56:00,528419,180429,18,Wed
322420231,28/07/2022,19:00:00,528420,184890,19,Thu
822424096,28/10/2022,10:30:00,528422,187902,10,Fri
413405903,13/03/2023,16:30:00,528422,169329,16,Mon
563417195,28/02/2023,17:20:00,528422,181141,17,Tue
412406339,27/07/2022,23:40:00,528423,170255,23,Wed
412419994,30/11/2022,11:15:00,528427,169524,11,Wed
322429118,02/10/2022,20:46:00,528433,184699,20,Sun
562443017,08/08/2022,08:00:00,528435,181643,8,Mon
42405799,17/08/2022,11:00:00,528439,166085,11,Wed
303405072,06/02/2023,19:00:00,528440,171204,19,Mon
562455649,07/10/2022,14:25:00,528442,181083,14,Fri
562476955,29/11/2022,22:30:00,528442,181083,22,Tue
152426244,26/12/2022,23:25:00,528442,181170,23,Mon
322432375,07/12/2022,11:30:00,528446,183756,11,Wed
303405793,22/02/2023,16:15:00,528446,175814,16,Wed
562457210,23/08/2022,21:20:00,528446,181295,21,Tue
563410245,27/02/2023,22:25:00,528446,180199,22,Mon
302427902,13/10/2022,10:20:00,528448,174144,10,Thu
302412365,21/07/2022,09:15:00,528449,174449,9,Thu
562466613,07/10/2022,22:30:00,528449,182219,22,Fri
563404178,02/02/2023,10:30:00,528450,181253,10,Thu
562451958,04/10/2022,17:10:00,528451,181637,17,Tue
562476840,17/11/2022,20:52:00,528456,179998,20,Thu
562479550,13/11/2022,18:10:00,528457,181863,18,Sun
563417002,14/02/2023,19:22:00,528458,181220,19,Tue
562472133,26/11/2022,01:00:00,528459,179971,1,Sat
562444659,21/08/2022,16:00:00,528459,179971,16,Sun
562440769,19/08/2022,22:00:00,528459,179971,22,Fri
302428282,22/10/2022,09:15:00,528460,176609,9,Sat
823405650,07/01/2023,19:15:00,528460,188911,19,Sat
562441659,21/08/2022,19:10:00,528462,178945,19,Sun
322413289,12/07/2022,20:01:00,528464,183675,20,Tue
562466754,27/10/2022,20:45:00,528464,181636,20,Thu
562444265,03/08/2022,18:31:00,528469,181085,18,Wed
422429002,04/09/2022,15:00:00,528471,191652,15,Sun
422410218,22/07/2022,20:00:00,528471,191652,20,Fri
562482403,29/12/2022,22:10:00,528472,180964,22,Thu
563413023,18/02/2023,18:55:00,528473,181067,18,Sat
422415986,07/07/2022,17:20:00,528474,192361,17,Thu
303402645,13/03/2023,17:00:00,528477,173116,17,Mon
63400042,26/01/2023,18:00:00,528478,184073,18,Thu
562469743,23/10/2022,00:25:00,528481,180140,0,Sun
562442554,30/07/2022,04:00:00,528481,180140,4,Sat
562434048,04/07/2022,15:30:00,528481,180140,15,Mon
563405479,06/02/2023,19:00:00,528481,180140,19,Mon
412415004,09/11/2022,12:55:00,528482,169610,12,Wed
423403849,15/03/2023,17:10:00,528482,192344,17,Wed
352440891,30/12/2022,19:00:00,528488,180942,19,Fri
562448806,04/08/2022,23:15:00,528488,180119,23,Thu
302413427,10/08/2022,17:45:00,528490,170987,17,Wed
322413058,01/07/2022,22:00:00,528495,184298,22,Fri
412410152,07/10/2022,23:30:00,528496,169627,23,Fri
563409441,07/01/2023,15:18:00,528497,181053,15,Sat
563403853,15/01/2023,15:26:00,528497,181053,15,Sun
562460554,27/10/2022,15:40:00,528497,181053,15,Thu
563401716,21/01/2023,16:00:00,528497,181053,16,Sat
562489612,26/12/2022,17:15:00,528497,181053,17,Mon
563417546,03/03/2023,17:00:00,528497,181053,17,Fri
563423652,12/03/2023,17:30:00,528497,181053,17,Sun
562488682,27/12/2022,18:15:00,528497,181053,18,Tue
562461134,26/10/2022,19:00:00,528497,181053,19,Wed
563421500,17/03/2023,19:55:00,528497,181053,19,Fri
562467263,23/10/2022,20:49:00,528497,181053,20,Sun
562467991,15/10/2022,21:00:00,528497,181841,21,Sat
562459553,10/09/2022,22:52:00,528497,181053,22,Sat
322432706,09/12/2022,23:15:00,528497,181053,23,Fri
303408885,18/03/2023,22:15:00,528500,172410,22,Sat
823408360,08/01/2023,18:20:00,528503,188158,18,Sun
562475866,06/12/2022,22:30:00,528503,180917,22,Tue
562464183,23/10/2022,18:30:00,528504,181097,18,Sun
563426930,18/03/2023,14:00:00,528505,181150,14,Sat
562484331,22/12/2022,17:30:00,528505,181150,17,Thu
303403905,08/03/2023,08:08:00,528506,176801,8,Wed
413402191,14/02/2023,13:12:00,528507,170123,13,Tue
562436359,07/07/2022,01:50:00,528510,180093,1,Thu
823402510,02/01/2023,20:45:00,528510,189571,20,Mon
562488041,22/12/2022,21:10:00,528510,180726,21,Thu
823405817,15/03/2023,14:30:00,528511,180012,14,Wed
302415186,04/08/2022,21:00:00,528520,173259,21,Thu
303405825,11/03/2023,00:40:00,528522,176771,0,Sat
302425850,27/08/2022,01:00:00,528522,176771,1,Sat
562446227,10/08/2022,20:35:00,528522,181317,20,Wed
322425702,05/08/2022,09:05:00,528524,184225,9,Fri
562467736,31/10/2022,03:00:00,528530,178648,3,Mon
252436755,28/12/2022,15:30:00,528530,192080,15,Wed
822425876,26/10/2022,21:12:00,528531,189555,21,Wed
562436967,02/07/2022,02:50:00,528532,180230,2,Sat
43405912,19/02/2023,14:05:00,528532,163463,14,Sun
412413525,08/12/2022,08:20:00,528533,169447,8,Thu
302425671,08/10/2022,02:35:00,528534,173210,2,Sat
303409874,04/03/2023,19:15:00,528534,173210,19,Sat
323402900,02/01/2023,02:50:00,528536,184337,2,Mon
823403056,09/03/2023,22:21:00,528536,189458,22,Thu
302410919,03/09/2022,22:30:00,528539,173472,22,Sat
823404940,06/01/2023,14:45:00,528545,190060,14,Fri
562481832,27/12/2022,15:00:00,528545,183484,15,Tue
562463748,10/11/2022,16:15:00,528545,181952,16,Thu
322420845,04/09/2022,19:30:00,528545,184286,19,Sun
412416764,21/11/2022,12:09:00,528546,170595,12,Mon
562448816,06/08/2022,03:30:00,528548,180140,3,Sat
562445629,20/08/2022,04:05:00,528548,180140,4,Sat
323401741,16/01/2023,00:55:00,528549,184280,0,Mon
822424353,20/09/2022,19:30:00,528553,190162,19,Tue
822427341,29/08/2022,19:30:00,528553,190162,19,Mon
523403838,18/03/2023,00:01:00,528555,181112,0,Sat
323405934,11/02/2023,00:30:00,528558,185948,0,Sat
562447886,09/08/2022,07:55:00,528560,178585,7,Tue
563402658,01/02/2023,19:35:00,528560,180937,19,Wed
562478657,09/12/2022,23:42:00,528560,178585,23,Fri
422422684,05/10/2022,14:30:00,528567,191933,14,Wed
422417778,30/07/2022,19:45:00,528567,190838,19,Sat
302418817,09/08/2022,23:28:00,528567,176970,23,Tue
823409641,16/01/2023,16:00:00,528571,189520,16,Mon
323402722,22/01/2023,14:10:00,528573,183991,14,Sun
562460654,27/10/2022,20:45:00,528573,181663,20,Thu
322420623,14/08/2022,22:00:00,528573,183991,22,Sun
563408756,26/01/2023,15:30:00,528577,178615,15,Thu
562445572,22/07/2022,20:38:00,528577,181785,20,Fri
563408700,01/01/2023,05:35:00,528578,181163,5,Sun
562481053,31/12/2022,11:00:00,528578,182266,11,Sat
563401447,28/01/2023,16:30:00,528578,181163,16,Sat
563413425,25/02/2023,16:30:00,528578,181163,16,Sat
563411988,12/03/2023,18:45:00,528578,181163,18,Sun
562447815,01/08/2022,18:55:00,528578,181163,18,Mon
562449177,12/08/2022,22:00:00,528578,181163,22,Fri
822433941,16/12/2022,17:05:00,528580,189777,17,Fri
823402460,08/01/2023,18:10:00,528580,189995,18,Sun
322425619,11/10/2022,00:01:00,528583,183803,0,Tue
562445566,08/08/2022,01:00:00,528584,181110,1,Mon
562486892,29/12/2022,19:50:00,528584,181110,19,Thu
562480733,30/12/2022,22:17:00,528584,181110,22,Fri
303401145,11/03/2023,19:00:00,528587,172877,19,Sat
413401622,23/01/2023,15:10:00,528588,169296,15,Mon
562477595,04/12/2022,17:02:00,528588,181081,17,Sun
323408685,23/02/2023,15:30:00,528589,185789,15,Thu
322426660,23/07/2022,00:05:00,528590,184290,0,Sat
822411328,23/07/2022,23:30:00,528590,189977,23,Sat
562437628,04/07/2022,01:53:00,528591,178957,1,Mon
562484470,20/12/2022,20:00:00,528591,178719,20,Tue
303400873,18/02/2023,13:45:00,528592,170936,13,Sat
302424084,15/11/2022,18:00:00,528592,176870,18,Tue
562459673,10/09/2022,22:10:00,528596,180633,22,Sat
562467471,17/10/2022,02:50:00,528599,178606,2,Mon
822430621,14/12/2022,16:39:00,528599,189439,16,Wed
823404950,07/01/2023,18:50:00,528599,189439,18,Sat
562475183,27/11/2022,21:00:00,528599,178606,21,Sun
302419099,13/09/2022,16:30:00,528603,173005,16,Tue
303408024,24/02/2023,00:20:00,528604,173341,0,Fri
322434406,08/12/2022,11:00:00,528604,182505,11,Thu
562470852,23/11/2022,20:30:00,528606,181122,20,Wed
302425294,17/11/2022,20:39:00,528609,177073,20,Thu
302416025,15/07/2022,16:45:00,528611,176669,16,Fri
562446554,30/07/2022,03:35:00,528612,181031,3,Sat
562449503,23/07/2022,21:40:00,528612,180248,21,Sat
323406526,27/02/2023,11:25:00,528613,184938,11,Mon
653407090,15/01/2023,03:49:00,528614,181121,3,Sun
563409040,02/01/2023,16:20:00,528614,181121,16,Mon
322411788,06/07/2022,04:05:00,528616,185667,4,Wed
303401975,09/07/2022,21:50:00,528616,176077,21,Sat
323407466,02/03/2023,12:25:00,528617,183382,12,Thu
412410432,04/10/2022,03:00:00,528618,168567,3,Tue
302413364,08/07/2022,19:45:00,528618,172406,19,Fri
562439328,02/07/2022,19:02:00,528619,181188,19,Sat
422425993,19/09/2022,00:01:00,528620,197160,0,Mon
253400005,20/02/2023,15:50:00,528620,197160,15,Mon
562482812,26/12/2022,20:28:00,528620,180251,20,Mon
302423946,07/12/2022,17:15:00,528623,171292,17,Wed
823408372,30/01/2023,17:55:00,528623,188180,17,Mon
562466797,07/11/2022,19:11:00,528623,181505,19,Mon
323402047,15/02/2023,08:45:00,528625,184116,8,Wed
323402685,18/02/2023,13:30:00,528625,184116,13,Sat
322427385,10/09/2022,17:00:00,528625,184116,17,Sat
822429498,19/11/2022,05:30:00,528627,187759,5,Sat
323407212,22/01/2023,14:42:00,528628,184237,14,Sun
322438330,22/10/2022,15:30:00,528628,184237,15,Sat
422421127,31/10/2022,18:46:00,528632,192432,18,Mon
302420200,15/09/2022,19:05:00,528633,173060,19,Thu
322426099,18/10/2022,19:55:00,528633,183911,19,Tue
63406084,27/01/2023,03:00:00,528635,181309,3,Fri
422421728,13/11/2022,18:00:00,528635,191533,18,Sun
563419227,27/02/2023,16:45:00,528637,181997,16,Mon
562442133,22/07/2022,20:10:00,528637,180019,20,Fri
562453268,04/10/2022,18:25:00,528646,181119,18,Tue
322432832,08/11/2022,23:57:00,528647,185634,23,Tue
213407735,19/02/2023,16:00:00,528648,176948,16,Sun
822424007,29/10/2022,13:05:00,528648,190015,13,Sat
413404320,06/01/2023,15:20:00,528650,170506,15,Fri
562474852,24/11/2022,20:50:00,528651,180691,20,Thu
562483803,29/12/2022,22:00:00,528651,180691,22,Thu
562454230,25/08/2022,14:52:00,528652,182053,14,Thu
302414538,24/08/2022,10:20:00,528654,173302,10,Wed
42405397,03/07/2022,02:40:00,528655,163615,2,Sun
42404397,03/07/2022,02:46:00,528655,163615,2,Sun
413401983,31/03/2023,15:04:00,528655,170581,15,Fri
323402315,17/02/2023,18:00:00,528657,183639,18,Fri
323408489,29/03/2023,18:20:00,528657,183639,18,Wed
562444853,25/07/2022,23:55:00,528659,180874,23,Mon
422421325,05/10/2022,14:00:00,528661,191812,14,Wed
302410935,18/07/2022,09:20:00,528667,177365,9,Mon
302427623,27/10/2022,21:30:00,528667,177365,21,Thu
822417906,01/07/2022,06:00:00,528668,189681,6,Fri
562484931,22/12/2022,18:17:00,528672,181110,18,Thu
562443966,08/08/2022,03:00:00,528674,180731,3,Mon
562473442,01/04/2022,12:49:00,528676,181132,12,Fri
563421392,29/03/2023,14:30:00,528676,181132,14,Wed
563402360,03/01/2023,18:00:00,528676,181132,18,Tue
563420202,25/03/2023,21:15:00,528676,181132,21,Sat
323409254,12/02/2023,02:00:00,528679,184140,2,Sun
562454650,26/08/2022,06:30:00,528679,180076,6,Fri
322436430,22/10/2022,14:00:00,528679,184140,14,Sat
252433890,10/11/2022,18:54:00,528679,192324,18,Thu
822431200,30/11/2022,20:35:00,528679,189589,20,Wed
322416639,10/07/2022,12:00:00,528682,184154,12,Sun
303401554,01/03/2023,17:10:00,528683,172543,17,Wed
413409713,15/03/2023,20:25:00,528683,169183,20,Wed
322425536,15/09/2022,23:40:00,528683,184189,23,Thu
822427021,26/08/2022,12:00:00,528684,189334,12,Fri
302415195,24/07/2022,20:15:00,528686,171323,20,Sun
562454953,09/09/2022,19:10:00,528687,183107,19,Fri
562475633,27/11/2022,04:30:00,528692,182032,4,Sun
302413637,07/08/2022,14:00:00,528692,171190,14,Sun
412412010,13/08/2022,20:20:00,528693,169509,20,Sat
413402480,20/01/2023,18:10:00,528694,170297,18,Fri
302410066,01/06/2022,12:00:00,528698,173494,12,Wed
562465700,09/10/2022,18:45:00,528698,181176,18,Sun
563400293,16/01/2023,07:00:00,528701,180888,7,Mon
823402006,05/03/2023,17:36:00,528701,188199,17,Sun
563413861,13/02/2023,20:06:00,528701,180270,20,Mon
562448433,24/07/2022,18:14:00,528704,180698,18,Sun
822410918,23/07/2022,16:30:00,528706,189777,16,Sat
562448359,21/08/2022,16:45:00,528708,180312,16,Sun
322434937,20/12/2022,22:30:00,528709,183690,22,Tue
322431170,25/10/2022,19:33:00,528711,184190,19,Tue
823405955,01/03/2023,16:00:00,528712,189616,16,Wed
562449908,14/08/2022,15:40:00,528713,181611,15,Sun
322420263,19/08/2022,14:20:00,528715,184480,14,Fri
562470742,24/11/2022,12:15:00,528716,179117,12,Thu
562483281,22/12/2022,18:30:00,528717,181219,18,Thu
823400893,12/02/2023,16:00:00,528720,189738,16,Sun
562479506,04/12/2022,04:50:00,528721,181123,4,Sun
322425938,03/10/2022,16:00:00,528721,184283,16,Mon
562466685,30/10/2022,18:45:00,528721,181123,18,Sun
322420769,16/10/2022,21:10:00,528721,184152,21,Sun
823408744,18/02/2023,13:53:00,528722,188116,13,Sat
303404843,16/02/2023,17:20:00,528722,176897,17,Thu
302418824,04/07/2022,17:07:00,528723,173237,17,Mon
563406500,01/01/2023,04:09:00,528724,180535,4,Sun
563415245,27/02/2023,20:20:00,528724,180535,20,Mon
302421806,01/12/2022,02:45:00,528726,176438,2,Thu
823403360,08/01/2023,18:15:00,528726,189634,18,Sun
823409460,08/01/2023,18:20:00,528726,189721,18,Sun
562488433,28/12/2022,17:50:00,528727,181055,17,Wed
562467852,19/10/2022,22:15:00,528727,181055,22,Wed
822427330,16/08/2022,22:55:00,528727,188197,22,Tue
322426313,14/08/2022,22:00:00,528728,183943,22,Sun
562474907,05/12/2022,23:45:00,528729,180463,23,Mon
563413615,26/02/2023,17:35:00,528730,181110,17,Sun
322424784,29/08/2022,02:00:00,528731,183887,2,Mon
322427802,23/07/2022,12:25:00,528731,184319,12,Sat
563403193,16/01/2023,13:00:00,528731,180747,13,Mon
323404071,17/01/2023,23:40:00,528731,183887,23,Tue
823401870,09/01/2023,19:33:00,528733,189638,19,Mon
322438631,30/10/2022,19:00:00,528734,184097,19,Sun
822419408,21/07/2022,20:07:00,528736,188996,20,Thu
412419451,16/09/2022,07:50:00,528737,169054,7,Fri
412413754,22/11/2022,16:35:00,528737,169814,16,Tue
823406166,11/03/2023,20:07:00,528737,189689,20,Sat
412406268,13/07/2022,05:35:00,528740,169227,5,Wed
562469243,23/10/2022,01:00:00,528742,181324,1,Sun
302414436,27/07/2022,03:00:00,528743,176162,3,Wed
563416885,27/02/2023,16:40:00,528743,182042,16,Mon
822419207,11/07/2022,10:00:00,528745,189783,10,Mon
322421908,02/10/2022,15:50:00,528746,184088,15,Sun
322424168,06/10/2022,19:55:00,528746,185560,19,Thu
562432349,09/07/2022,00:05:00,528747,180966,0,Sat
563418911,11/02/2023,16:00:00,528747,181015,16,Sat
822421946,22/10/2022,18:50:00,528747,187795,18,Sat
303405680,13/01/2023,13:40:00,528748,176995,13,Fri
42419061,23/09/2022,08:10:00,528750,165525,8,Fri
562445772,22/07/2022,20:30:00,528750,181816,20,Fri
323406561,17/01/2023,15:45:00,528751,185038,15,Tue
562476553,27/11/2022,16:15:00,528752,181144,16,Sun
562448440,12/07/2022,15:00:00,528752,181144,15,Tue
562447416,05/08/2022,16:00:00,528752,181144,16,Fri
562443921,16/07/2022,18:50:00,528753,181079,18,Sat
562448874,31/07/2022,01:20:00,528754,180723,1,Sun
302415346,31/07/2022,08:50:00,528756,176889,8,Sun
323404610,23/12/2022,16:10:00,528756,184078,16,Fri
563415776,04/03/2023,19:15:00,528756,184118,19,Sat
823410628,22/07/2022,21:00:00,528756,189619,21,Fri
562479881,22/11/2022,05:00:00,528762,180366,5,Tue
302425236,05/12/2022,16:50:00,528762,176790,16,Mon
322424228,03/10/2022,11:15:00,528765,184173,11,Mon
822421557,03/11/2022,11:00:00,528766,189727,11,Thu
822426337,01/11/2022,21:30:00,528766,189727,21,Tue
412412262,10/10/2022,15:20:00,528767,170239,15,Mon
563417920,08/02/2023,19:15:00,528767,181153,19,Wed
562443874,30/07/2022,21:20:00,528767,181003,21,Sat
322417369,13/07/2022,08:19:00,528769,183033,8,Wed
322427723,05/08/2022,21:00:00,528769,183921,21,Fri
322435427,22/12/2022,15:54:00,528771,184769,15,Thu
322421448,05/10/2022,14:30:00,528772,184059,14,Wed
823407172,30/01/2023,12:10:00,528774,189621,12,Mon
562444113,24/07/2022,04:00:00,528775,178154,4,Sun
322420570,23/07/2022,16:00:00,528777,184096,16,Sat
412416421,09/09/2022,08:00:00,528779,169447,8,Fri
43407561,07/02/2023,17:05:00,528781,163815,17,Tue
562476059,16/12/2022,17:25:00,528782,180980,17,Fri
562474075,03/12/2022,18:55:00,528782,180980,18,Sat
302413618,21/08/2022,16:45:00,528783,174276,16,Sun
562465151,14/10/2022,23:00:00,528784,181095,23,Fri
323400633,02/02/2023,06:30:00,528785,184267,6,Thu
302411344,05/07/2022,09:30:00,528785,172194,9,Tue
322424808,02/10/2022,14:00:00,528785,184267,14,Sun
302418057,13/08/2022,15:00:00,528785,172194,15,Sat
562489040,27/11/2022,17:00:00,528786,180974,17,Sun
562455790,28/08/2022,17:20:00,528786,180974,17,Sun
562467542,19/10/2022,20:55:00,528786,180974,20,Wed
322420529,12/10/2022,18:35:00,528788,183740,18,Wed
323402376,02/03/2023,09:00:00,528790,184042,9,Thu
562441559,21/08/2022,18:44:00,528790,180365,18,Sun
822425142,09/09/2022,04:30:00,528791,187776,4,Fri
822420065,13/10/2022,15:50:00,528791,189699,15,Thu
323407167,10/03/2023,18:00:00,528791,185041,18,Fri
562467143,22/10/2022,21:20:00,528792,181683,21,Sat
562453534,13/09/2022,07:45:00,528795,182125,7,Tue
563405888,03/02/2023,21:10:00,528795,181125,21,Fri
323401615,17/02/2023,15:30:00,528796,184020,15,Fri
302410107,07/08/2022,18:10:00,528796,172785,18,Sun
302428917,17/12/2022,00:40:00,528797,174258,0,Sat
322435130,22/10/2022,13:30:00,528797,183728,13,Sat
302415074,15/06/2022,13:40:00,528798,176283,13,Wed
562459883,13/09/2022,00:30:00,528799,182025,0,Tue
302410768,28/08/2022,06:00:00,528799,174269,6,Sun
322432944,26/11/2022,01:00:00,528800,183932,1,Sat
323407878,20/03/2023,23:00:00,528800,183932,23,Mon
302414686,05/08/2022,14:15:00,528801,173816,14,Fri
412409288,15/07/2022,11:00:00,528803,168469,11,Fri
322427985,11/09/2022,02:00:00,528805,183883,2,Sun
562466844,26/10/2022,18:00:00,528805,181898,18,Wed
562489891,25/12/2022,04:15:00,528806,181201,4,Sun
562476943,26/11/2022,17:15:00,528806,181201,17,Sat
562487043,30/12/2022,17:30:00,528806,181201,17,Fri
563400486,27/01/2023,18:45:00,528806,181201,18,Fri
562481282,28/12/2022,19:30:00,528806,181201,19,Wed
562469660,12/10/2022,23:53:00,528806,181201,23,Wed
253405417,13/03/2023,15:50:00,528807,192328,15,Mon
562455412,02/09/2022,01:00:00,528808,178268,1,Fri
413405152,28/02/2023,20:25:00,528808,170110,20,Tue
323406369,27/03/2023,22:45:00,528808,184365,22,Mon
302415678,29/08/2022,16:10:00,528810,177523,16,Mon
322422199,19/10/2022,01:45:00,528814,184056,1,Wed
322435737,24/12/2022,02:30:00,528814,184056,2,Sat
322435134,25/11/2022,12:41:00,528814,183993,12,Fri
322435826,12/12/2022,19:15:00,528814,184056,19,Mon
562465812,18/10/2022,19:42:00,528815,184233,19,Tue
322427496,21/09/2022,18:00:00,528816,185767,18,Wed
562447520,12/07/2022,13:40:00,528817,181146,13,Tue
562479757,09/12/2022,18:45:00,528817,181146,18,Fri
563408819,04/02/2023,19:00:00,528817,181146,19,Sat
563412253,19/02/2023,23:00:00,528817,181146,23,Sun
562462162,19/10/2022,11:27:00,528818,181598,11,Wed
562478839,15/12/2022,17:05:00,528819,180716,17,Thu
413404482,08/03/2023,12:00:00,528820,169227,12,Wed
322427483,21/08/2022,15:34:00,528822,183972,15,Sun
563415221,11/02/2023,20:20:00,528824,179245,20,Sat
302429445,24/11/2022,17:55:00,528825,176857,17,Thu
563405730,01/01/2023,02:30:00,528827,180203,2,Sun
562467241,12/10/2022,00:10:00,528828,181247,0,Wed
322436904,23/11/2022,15:35:00,528830,185631,15,Wed
562487642,27/12/2022,17:30:00,528830,180979,17,Tue
322418869,13/07/2022,18:35:00,528832,184426,18,Wed
562472178,10/12/2022,21:00:00,528832,182042,21,Sat
563405116,20/01/2023,02:45:00,528833,181116,2,Fri
563418623,19/02/2023,01:45:00,528834,180496,1,Sun
562457614,05/08/2022,21:09:00,528834,181153,21,Fri
562451426,23/09/2022,23:48:00,528834,178548,23,Fri
322432432,08/11/2022,17:00:00,528835,183951,17,Tue
42419433,01/11/2022,11:54:00,528838,164593,11,Tue
563407663,15/01/2023,17:10:00,528838,178436,17,Sun
563416764,24/02/2023,18:55:00,528839,180380,18,Fri
562473228,11/12/2022,15:01:00,528840,181188,15,Sun
322433455,03/12/2022,23:00:00,528840,183918,23,Sat
823403281,20/01/2023,14:30:00,528841,189680,14,Fri
823409252,28/01/2023,17:15:00,528841,189680,17,Sat
563404658,02/02/2023,14:30:00,528842,181721,14,Thu
562466817,06/11/2022,11:00:00,528844,179389,11,Sun
323409608,15/03/2023,13:20:00,528845,182394,13,Wed
823403272,30/01/2023,18:00:00,528845,188256,18,Mon
322431721,30/10/2022,00:01:00,528846,184007,0,Sun
322433070,25/10/2022,18:11:00,528846,184007,18,Tue
562445784,31/07/2022,11:50:00,528848,181149,11,Sun
562471368,10/12/2022,23:59:00,528848,181149,23,Sat
562466273,22/10/2022,21:30:00,528849,181861,21,Sat
562442982,23/07/2022,01:00:00,528851,180516,1,Sat
323409744,11/02/2023,22:30:00,528851,183927,22,Sat
722428257,08/09/2022,00:01:00,528853,186940,0,Thu
252435431,14/11/2022,14:50:00,528853,192447,14,Mon
822427035,04/10/2022,20:30:00,528853,189595,20,Tue
822429313,15/09/2022,22:25:00,528853,189595,22,Thu
563439299,27/03/2023,17:00:00,528857,180586,17,Mon
562441444,29/07/2022,17:55:00,528857,180626,17,Fri
562454741,30/08/2022,19:30:00,528857,180626,19,Tue
562431459,08/07/2022,23:00:00,528857,180682,23,Fri
562440410,11/07/2022,18:20:00,528860,182029,18,Mon
562457735,20/09/2022,12:25:00,528861,182174,12,Tue
562484411,21/12/2022,16:30:00,528861,182174,16,Wed
563407238,01/02/2023,19:15:00,528861,182174,19,Wed
322422403,13/08/2022,18:45:00,528862,185549,18,Sat
562444383,02/07/2022,14:00:00,528863,180211,14,Sat
322428781,02/08/2022,16:51:00,528864,183893,16,Tue
323406326,26/02/2023,20:25:00,528864,183893,20,Sun
562452635,17/09/2022,21:10:00,528867,181932,21,Sat
322435637,24/12/2022,00:01:00,528873,183962,0,Sat
562445914,28/07/2022,18:20:00,528874,180759,18,Thu
563418191,14/02/2023,19:00:00,528874,181229,19,Tue
323401366,02/03/2023,20:39:00,528874,183829,20,Thu
563424441,23/03/2023,06:55:00,528875,182228,6,Thu
323403736,28/02/2023,16:14:00,528875,183891,16,Tue
563410410,03/02/2023,21:30:00,528875,180220,21,Fri
562449359,21/08/2022,02:00:00,528877,181181,2,Sun
563404875,22/01/2023,04:15:00,528877,180440,4,Sun
562473577,10/12/2022,13:15:00,528877,181181,13,Sat
563401227,28/01/2023,15:00:00,528877,181181,15,Sat
563410211,11/02/2023,17:00:00,528877,181181,17,Sat
562472758,12/12/2022,17:59:00,528877,181181,17,Mon
563411296,03/03/2023,18:00:00,528877,181181,18,Fri
563418075,11/02/2023,18:27:00,528877,181181,18,Sat
563415988,12/03/2023,18:44:00,528877,181181,18,Sun
563412146,03/03/2023,18:40:00,528877,181181,18,Fri
563417983,21/02/2023,20:23:00,528877,181181,20,Tue
563419776,04/02/2023,20:30:00,528877,181181,20,Sat
563411852,15/02/2023,19:58:00,528878,180890,19,Wed
322421066,18/09/2022,00:15:00,528880,183829,0,Sun
323402104,08/02/2023,02:45:00,528880,183829,2,Wed
62410537,10/07/2022,05:00:00,528880,182343,5,Sun
322421264,27/08/2022,23:00:00,528880,183950,23,Sat
562470973,28/11/2022,08:00:00,528881,182113,8,Mon
562472804,26/11/2022,17:05:00,528883,181231,17,Sat
323408154,12/02/2023,02:00:00,528884,183944,2,Sun
562487041,21/12/2022,13:45:00,528884,180921,13,Wed
322419468,03/07/2022,16:30:00,528884,183944,16,Sun
412418682,16/10/2022,15:55:00,528886,168482,15,Sun
413401780,21/01/2023,18:05:00,528889,170416,18,Sat
322420072,10/08/2022,22:30:00,528889,183719,22,Wed
322431430,18/10/2022,02:00:00,528890,183935,2,Tue
562453332,04/09/2022,04:00:00,528890,181145,4,Sun
562448090,15/07/2022,13:00:00,528890,181145,13,Fri
562447382,22/07/2022,20:20:00,528890,181271,20,Fri
562450597,01/10/2022,20:34:00,528890,181003,20,Sat
562479652,24/11/2022,20:00:00,528892,181342,20,Thu
562447950,13/07/2022,23:20:00,528893,180709,23,Wed
562466761,16/10/2022,21:00:00,528895,181008,21,Sun
562469955,29/10/2022,13:00:00,528896,181234,13,Sat
302418564,30/06/2022,14:30:00,528896,172664,14,Thu
562444588,11/08/2022,13:00:00,528897,181181,13,Thu
562484410,18/12/2022,14:35:00,528897,181181,14,Sun
43403932,22/02/2023,16:15:00,528897,163919,16,Wed
43405632,22/02/2023,17:00:00,528897,163919,17,Wed
563415094,25/02/2023,19:20:00,528897,181181,19,Sat
563406888,03/02/2023,21:25:00,528897,181181,21,Fri
322439561,28/10/2022,00:01:00,528897,181181,0,Fri
302428103,23/10/2022,15:00:00,528898,173893,15,Sun
562456024,14/09/2022,15:15:00,528899,179178,15,Wed
322428492,13/08/2022,01:35:00,528905,183900,1,Sat
323401915,18/02/2023,01:00:00,528905,183900,1,Sat
322426894,02/09/2022,05:15:00,528905,183900,5,Fri
322422571,31/07/2022,16:45:00,528905,183900,16,Sun
322436665,06/12/2022,18:20:00,528905,183900,18,Tue
322437770,25/10/2022,18:30:00,528905,183900,18,Tue
322419588,05/07/2022,23:45:00,528905,183900,23,Tue
42419383,15/11/2022,20:39:00,528906,163817,20,Tue
563421873,31/03/2023,00:01:00,528906,179203,0,Fri
562439378,06/07/2022,01:00:00,528907,180727,1,Wed
322435862,11/11/2022,12:00:00,528907,182423,12,Fri
562463480,13/10/2022,19:26:00,528907,180727,19,Thu
302423276,10/12/2022,15:30:00,528908,171284,15,Sat
322428554,24/08/2022,16:00:00,528909,183922,16,Wed
562462139,13/11/2022,18:15:00,528913,181348,18,Sun
322437852,10/11/2022,20:28:00,528913,185950,20,Thu
322424251,31/07/2022,01:45:00,528915,182163,1,Sun
302421546,07/12/2022,08:40:00,528915,173494,8,Wed
562442933,23/07/2022,01:30:00,528916,179994,1,Sat
562474359,16/12/2022,18:00:00,528916,179994,18,Fri
62418917,09/07/2022,17:00:00,528916,179994,17,Sat
563410419,13/03/2023,23:32:00,528916,179994,23,Mon
322422408,02/10/2022,00:01:00,528917,183788,0,Sun
322425722,07/08/2022,04:00:00,528917,183788,4,Sun
562457343,10/09/2022,15:15:00,528917,181970,15,Sat
302420802,11/10/2022,08:45:00,528918,177127,8,Tue
322433074,29/11/2022,00:50:00,528920,183976,0,Tue
322433255,04/12/2022,02:20:00,528920,183976,2,Sun
322424508,02/10/2022,04:00:00,528920,183976,4,Sun
323400016,26/02/2023,05:40:00,528920,183976,5,Sun
323406958,18/03/2023,15:35:00,528920,183976,15,Sat
323405521,13/01/2023,17:50:00,528920,183976,17,Fri
323407363,04/02/2023,17:49:00,528920,183976,17,Sat
322433235,03/12/2022,18:00:00,528920,183976,18,Sat
323400516,25/02/2023,18:30:00,528920,183976,18,Sat
323405220,03/12/2022,20:00:00,528920,183976,20,Sat
323402013,30/01/2023,22:00:00,528920,183976,22,Mon
322434350,23/10/2022,20:30:00,528920,183976,20,Sun
322437346,06/12/2022,23:50:00,528920,183976,23,Tue
323403459,27/03/2023,09:50:00,528923,185051,9,Mon
562473318,10/12/2022,20:00:00,528923,180409,20,Sat
562452318,30/09/2022,17:25:00,528923,181958,17,Fri
563414293,19/02/2023,18:00:00,528924,179138,18,Sun
322438110,20/10/2022,19:22:00,528924,182284,19,Thu
562450440,25/08/2022,21:30:00,528924,180827,21,Thu
322429739,14/10/2022,02:35:00,528926,184225,2,Fri
563409744,18/01/2023,01:00:00,528926,180407,1,Wed
302419774,10/07/2022,15:00:00,528926,171187,15,Sun
412408468,13/07/2022,14:00:00,528928,169585,14,Wed
302424591,11/10/2022,16:15:00,528928,171033,16,Tue
322439383,18/11/2022,01:00:00,528929,183738,1,Fri
412419074,21/11/2022,19:40:00,528931,169449,19,Mon
253404591,19/01/2023,22:26:00,528933,195269,22,Thu
562441234,28/07/2022,10:39:00,528934,180493,10,Thu
323401277,12/03/2023,03:00:00,528935,183930,3,Sun
322429849,15/10/2022,01:20:00,528936,183762,1,Sat
822424574,26/09/2022,02:30:00,528936,187645,2,Mon
822430132,28/12/2022,19:30:00,528937,189555,19,Wed
322433060,24/10/2022,18:45:00,528939,182689,18,Mon
322425705,02/09/2022,22:00:00,528939,184619,22,Fri
563449166,01/07/2022,01:30:00,528940,181436,1,Fri
322427901,27/07/2022,02:27:00,528940,184758,2,Wed
323407509,23/03/2023,01:15:00,528941,183931,1,Thu
562449657,05/08/2022,01:30:00,528941,179131,1,Fri
562457332,04/09/2022,03:00:00,528941,180734,3,Sun
322431576,18/12/2022,03:00:00,528941,183931,3,Sun
322428226,15/09/2022,04:19:00,528941,184342,4,Thu
563419252,16/02/2023,16:30:00,528941,181238,16,Thu
822412686,07/07/2022,17:00:00,528941,190238,17,Thu
563412676,04/03/2023,18:30:00,528941,181238,18,Sat
563409218,31/01/2023,21:00:00,528941,180356,21,Tue
322426417,22/09/2022,06:00:00,528943,183969,6,Thu
42418072,19/10/2022,12:30:00,528943,163826,12,Wed
42412643,02/11/2022,11:00:00,528943,163826,11,Wed
323403257,10/03/2023,17:07:00,528943,183969,17,Fri
562460893,19/10/2022,16:25:00,528944,181195,16,Wed
562480342,27/12/2022,19:00:00,528944,181195,19,Tue
322439125,02/12/2022,21:00:00,528944,183857,21,Fri
562443830,12/07/2022,22:10:00,528945,180743,22,Tue
563406675,22/01/2023,03:45:00,528946,181385,3,Sun
562457801,29/08/2022,05:00:00,528946,179130,5,Mon
562450197,01/10/2022,19:29:00,528946,180272,19,Sat
43407872,04/03/2023,21:47:00,528946,163832,21,Sat
323404652,26/01/2023,12:05:00,528947,182372,12,Thu
422428780,23/08/2022,22:00:00,528948,194016,22,Tue
323411701,23/03/2023,02:00:00,528951,183826,2,Thu
322436130,22/10/2022,04:00:00,528951,183826,4,Sat
562446056,07/08/2022,01:00:00,528952,181727,1,Sun
723407894,26/02/2023,17:50:00,528952,186591,17,Sun
302417957,15/08/2022,02:00:00,528953,173602,2,Mon
563413678,11/03/2023,03:30:00,528953,180470,3,Sat
322428432,06/08/2022,22:30:00,528954,183890,22,Sat
323405812,23/01/2023,00:01:00,528954,183902,0,Mon
562446616,06/08/2022,01:00:00,528954,180630,1,Sat
323403492,29/01/2023,00:10:00,528954,183902,0,Sun
322423685,11/09/2022,03:00:00,528954,183890,3,Sun
562431059,05/07/2022,14:20:00,528955,178351,14,Tue
322425763,09/08/2022,12:00:00,528958,183682,12,Tue
322434681,03/11/2022,22:25:00,528958,183682,22,Thu
303404673,20/02/2023,05:40:00,528960,170557,5,Mon
562467459,13/11/2022,18:00:00,528960,181242,18,Sun
302426153,31/10/2022,21:30:00,528960,171080,21,Mon
322429141,29/07/2022,23:08:00,528960,183627,23,Fri
562466597,05/11/2022,05:00:00,528961,181191,5,Sat
322423699,19/10/2022,10:30:00,528961,186552,10,Wed
562442437,11/08/2022,12:27:00,528961,178475,12,Thu
322422514,24/08/2022,18:00:00,528962,185931,18,Wed
562449852,20/07/2022,19:00:00,528962,181368,19,Wed
562460557,07/11/2022,10:00:00,528966,181193,10,Mon
563418811,11/02/2023,19:00:00,528966,181193,19,Sat
412400378,15/07/2022,00:15:00,528967,168612,0,Fri
322432086,18/12/2022,02:45:00,528967,183844,2,Sun
322414768,01/07/2022,23:30:00,528967,183844,23,Fri
562467811,15/09/2022,01:15:00,528969,181307,1,Thu
562453746,25/09/2022,04:25:00,528969,181494,4,Sun
563405416,25/01/2023,11:23:00,528969,181494,11,Wed
323401228,16/03/2023,22:30:00,528969,184976,22,Thu
322420205,02/09/2022,13:50:00,528970,183791,13,Fri
322421932,05/08/2022,16:30:00,528970,183791,16,Fri
322437764,28/11/2022,17:20:00,528970,183791,17,Mon
323408968,17/03/2023,18:00:00,528970,183791,18,Fri
302424687,27/12/2022,07:15:00,528971,172988,7,Tue
412418734,15/11/2022,16:10:00,528971,169668,16,Tue
562441715,01/08/2022,17:18:00,528972,181274,17,Mon
562481121,18/12/2022,23:20:00,528973,180382,23,Sun
563404801,31/12/2022,02:50:00,528974,180381,2,Sat
562467121,14/10/2022,13:50:00,528975,181323,13,Fri
822437612,26/12/2022,20:45:00,528975,189696,20,Mon
332413206,24/07/2022,23:00:00,528975,184095,23,Sun
322427087,29/09/2022,15:02:00,528976,184284,15,Thu
322426248,03/09/2022,15:20:00,528976,184764,15,Sat
562447876,03/08/2022,21:00:00,528979,181201,21,Wed
563411880,10/02/2023,21:15:00,528979,181201,21,Fri
563407801,05/01/2023,22:35:00,528979,181201,22,Thu
562440912,20/06/2022,14:20:00,528981,180333,14,Mon
562468086,04/11/2022,18:00:00,528981,181245,18,Fri
563405537,28/01/2023,22:30:00,528981,180333,22,Sat
322431800,20/10/2022,10:45:00,528982,186625,10,Thu
562444180,15/07/2022,00:50:00,528983,180735,0,Fri
823406372,30/01/2023,17:50:00,528983,188209,17,Mon
322431376,17/12/2022,19:02:00,528984,185666,19,Sat
302420215,20/11/2022,14:30:00,528985,177058,14,Sun
323409012,21/01/2023,19:00:00,528985,183998,19,Sat
322423378,06/10/2022,00:01:00,528986,185142,0,Thu
323403567,11/03/2023,13:10:00,528986,185142,13,Sat
562469022,19/10/2022,00:20:00,528987,181084,0,Wed
322437030,21/10/2022,00:01:00,528987,183767,0,Fri
562449141,17/07/2022,04:00:00,528987,180308,4,Sun
302421674,14/11/2022,21:00:00,528987,170526,21,Mon
562433379,09/07/2022,22:50:00,528987,181084,22,Sat
562484682,29/12/2022,03:00:00,528989,181490,3,Thu
563409975,21/01/2023,00:45:00,528990,181265,0,Sat
562456474,17/09/2022,03:40:00,528990,181265,3,Sat
563422940,19/03/2023,06:00:00,528990,180358,6,Sun
563409240,02/01/2023,16:15:00,528990,181265,16,Mon
563416867,07/03/2023,19:22:00,528990,181265,19,Tue
562453624,14/09/2022,20:00:00,528990,181265,20,Wed
563417861,13/02/2023,21:00:00,528990,181107,21,Mon
323404458,18/03/2023,17:10:00,528992,182180,17,Sat
322418429,09/07/2022,12:30:00,528995,184555,12,Sat
722425488,23/11/2022,17:00:00,528997,187153,17,Wed
562462208,09/11/2022,15:30:00,529001,178573,15,Wed
303402381,26/01/2023,11:34:00,529002,171267,11,Thu
323405448,15/03/2023,19:10:00,529002,183292,19,Wed
563425152,28/03/2023,01:10:00,529004,181199,1,Tue
302426625,22/11/2022,11:00:00,529004,170567,11,Tue
563408833,14/01/2023,15:15:00,529004,181199,15,Sat
562462825,29/10/2022,21:35:00,529004,181199,21,Sat
562468064,27/10/2022,22:30:00,529004,181199,22,Thu
562458742,03/09/2022,23:30:00,529004,178499,23,Sat
562472203,26/11/2022,00:30:00,529005,181240,0,Sat
322415159,12/07/2022,01:30:00,529005,183716,1,Tue
322437960,25/10/2022,15:45:00,529005,183716,15,Tue
562452397,01/10/2022,21:31:00,529005,181496,21,Sat
562463057,04/11/2022,23:30:00,529005,181240,23,Fri
303402626,07/03/2023,15:00:00,529006,172450,15,Tue
42416141,11/09/2022,17:55:00,529006,163721,17,Sun
562453990,19/08/2022,22:00:00,529006,179238,22,Fri
322437854,03/11/2022,22:30:00,529006,183601,22,Thu
302429641,04/10/2022,23:52:00,529006,172450,23,Tue
302423571,09/10/2022,00:25:00,529007,171513,0,Sun
563416228,09/03/2023,00:25:00,529009,180941,0,Thu
322430673,18/11/2022,08:00:00,529009,182127,8,Fri
322433306,10/12/2022,01:45:00,529010,183656,1,Sat
562449203,23/07/2022,00:25:00,529012,180283,0,Sat
562467096,05/11/2022,01:30:00,529012,180283,1,Sat
563402929,05/02/2023,02:45:00,529012,180343,2,Sun
562450833,10/09/2022,12:00:00,529012,180283,12,Sat
562448572,22/07/2022,20:15:00,529012,180283,20,Fri
562471652,24/11/2022,20:20:00,529012,180283,20,Thu
563417412,14/02/2023,17:30:00,529013,181349,17,Tue
322423737,25/09/2022,18:00:00,529016,183705,18,Sun
562471471,21/11/2022,18:35:00,529016,180678,18,Mon
322439452,10/11/2022,15:00:00,529017,185703,15,Thu
562463103,22/10/2022,04:20:00,529018,181136,4,Sat
563419784,25/02/2023,16:48:00,529018,181232,16,Sat
563424633,29/03/2023,17:50:00,529018,181232,17,Wed
563401023,13/01/2023,19:00:00,529018,181232,19,Fri
563416064,24/02/2023,17:24:00,529020,181093,17,Fri
302418215,14/07/2022,18:05:00,529021,172328,18,Thu
562486231,17/12/2022,18:00:00,529021,181658,18,Sat
302416607,08/08/2022,19:30:00,529021,172328,19,Mon
562476506,04/12/2022,19:30:00,529021,181164,19,Sun
563415266,03/03/2023,23:30:00,529021,181164,23,Fri
322421850,22/07/2022,02:22:00,529022,185606,2,Fri
322428773,21/08/2022,05:03:00,529023,183686,5,Sun
562444419,16/08/2022,12:55:00,529023,181113,12,Tue
563402926,24/01/2023,13:30:00,529023,181113,13,Tue
563413422,15/02/2023,17:45:00,529023,181113,17,Wed
562482440,19/12/2022,18:17:00,529023,181113,18,Mon
563405592,13/01/2023,21:15:00,529023,181113,21,Fri
562457008,01/10/2022,21:25:00,529023,181113,21,Sat
303407421,18/01/2023,14:00:00,529025,177158,14,Wed
212432173,13/11/2022,15:50:00,529025,176264,15,Sun
832439897,28/11/2022,16:55:00,529025,159674,16,Mon
323407207,06/03/2023,13:35:00,529029,185096,13,Mon
253400912,22/01/2023,18:49:00,529029,194918,18,Sun
562448327,11/08/2022,00:55:00,529030,181582,0,Thu
562435797,03/07/2022,02:30:00,529031,180978,2,Sun
562443637,11/08/2022,04:00:00,529031,181095,4,Thu
562452475,18/09/2022,14:00:00,529031,181123,14,Sun
562441753,25/07/2022,15:22:00,529031,181768,15,Mon
43408132,21/02/2023,17:45:00,529031,163982,17,Tue
322435700,20/10/2022,05:25:00,529033,184040,5,Thu
322424983,22/08/2022,10:55:00,529033,184040,10,Mon
302411875,22/07/2022,16:00:00,529033,177142,16,Fri
303405253,16/02/2023,18:35:00,529033,177142,18,Thu
303404273,19/02/2023,19:25:00,529033,177142,19,Sun
563408925,22/01/2023,02:09:00,529034,181355,2,Sun
42413222,08/10/2022,13:30:00,529036,163802,13,Sat
303405826,23/03/2023,15:00:00,529036,172539,15,Thu
562449808,14/08/2022,15:10:00,529038,181329,15,Sun
562465989,09/11/2022,19:00:00,529038,182201,19,Wed
322431491,04/11/2022,15:50:00,529039,185225,15,Fri
322423137,25/09/2022,01:00:00,529040,184105,1,Sun
823405731,16/01/2023,15:50:00,529041,190695,15,Mon
322436560,25/10/2022,07:00:00,529047,184159,7,Tue
322438220,21/10/2022,16:45:00,529047,185660,16,Fri
322435634,26/11/2022,02:30:00,529048,183596,2,Sat
322433744,26/11/2022,21:05:00,529048,184596,21,Sat
562473559,16/12/2022,04:00:00,529049,181214,4,Fri
562479402,23/11/2022,06:19:00,529049,181214,6,Wed
302424835,22/11/2022,12:03:00,529049,170652,12,Tue
563411350,09/02/2023,19:25:00,529049,181214,19,Thu
563409608,31/01/2023,19:45:00,529049,181214,19,Tue
562469564,27/10/2022,22:45:00,529049,181214,22,Thu
563413560,09/02/2023,23:30:00,529049,181214,23,Thu
412418494,30/11/2022,18:00:00,529050,169551,18,Wed
412412624,15/11/2022,16:00:00,529051,169394,16,Tue
562465307,05/11/2022,18:30:00,529051,181204,18,Sat
562481791,25/12/2022,00:30:00,529053,181196,0,Sun
63406122,26/01/2023,03:00:00,529053,181196,3,Thu
562442505,17/07/2022,04:54:00,529053,181196,4,Sun
562454429,07/10/2022,05:15:00,529053,181196,5,Fri
562448940,13/07/2022,16:00:00,529053,181196,16,Wed
562446528,12/08/2022,16:50:00,529053,181196,16,Fri
563418812,15/02/2023,18:15:00,529053,181196,18,Wed
562456204,13/09/2022,18:30:00,529053,181196,18,Tue
562483130,18/12/2022,19:00:00,529054,181063,19,Sun
913408560,03/01/2023,17:40:00,529055,181157,17,Tue
562487282,28/12/2022,19:00:00,529055,181157,19,Wed
302423745,25/11/2022,00:10:00,529056,170526,0,Fri
562456369,08/10/2022,19:45:00,529056,180952,19,Sat
322435657,24/12/2022,05:25:00,529057,183287,5,Sat
562486042,27/12/2022,18:40:00,529057,181206,18,Tue
562469510,10/10/2022,17:00:00,529058,181216,17,Mon
563404141,05/01/2023,19:20:00,529059,181160,19,Thu
62434212,19/12/2022,22:40:00,529059,181902,22,Mon
562474037,09/12/2022,02:10:00,529060,181279,2,Fri
562475175,04/12/2022,02:00:00,529060,179124,2,Sun
562482470,20/12/2022,18:10:00,529060,181279,18,Tue
562462854,27/10/2022,21:46:00,529060,181279,21,Thu
323406772,28/01/2023,00:01:00,529061,183310,0,Sat
563400580,04/01/2023,19:45:00,529062,181867,19,Wed
252425784,06/09/2022,20:50:00,529062,192008,20,Tue
562486243,30/12/2022,15:00:00,529065,181260,15,Fri
562464843,23/10/2022,17:15:00,529065,181260,17,Sun
562470397,10/12/2022,17:45:00,529065,181260,17,Sat
563406264,19/01/2023,18:30:00,529065,181260,18,Thu
563412421,11/02/2023,18:30:00,529065,181260,18,Sat
563411668,11/03/2023,18:50:00,529065,181260,18,Sat
562481113,28/12/2022,19:15:00,529065,181260,19,Wed
562473565,03/12/2022,20:00:00,529065,181260,20,Sat
563403005,20/01/2023,20:00:00,529065,181260,20,Fri
562460475,31/10/2022,10:30:00,529066,181028,10,Mon
562485672,29/12/2022,03:20:00,529067,180444,3,Thu
412419540,22/08/2022,19:10:00,529067,168372,19,Mon
562436329,05/07/2022,02:00:00,529068,181184,2,Tue
322425525,04/09/2022,01:00:00,529069,183562,1,Sun
562465210,10/10/2022,18:45:00,529070,181823,18,Mon
412417444,19/11/2022,17:00:00,529073,169456,17,Sat
323401101,10/01/2023,17:00:00,529074,185210,17,Tue
252425917,04/10/2022,00:55:00,529075,197177,0,Tue
253401517,13/03/2023,20:55:00,529075,192283,20,Mon
562478624,28/11/2022,21:00:00,529075,181557,21,Mon
822426993,25/09/2022,16:55:00,529076,189546,16,Sun
323404682,28/01/2023,00:01:00,529077,182881,0,Sat
322425756,18/09/2022,01:45:00,529077,183620,1,Sun
562440669,22/08/2022,10:00:00,529078,178395,10,Mon
562466438,10/11/2022,15:55:00,529079,180555,15,Thu
562462595,31/10/2022,19:15:00,529080,180643,19,Mon
252421994,08/09/2022,16:00:00,529081,191995,16,Thu
563410493,17/02/2023,04:00:00,529084,180330,4,Fri
562475753,27/11/2022,18:00:00,529084,180330,18,Sun
562461655,30/10/2022,14:00:00,529085,181230,14,Sun
563422192,22/03/2023,22:00:00,529085,181230,22,Wed
562447346,07/08/2022,00:30:00,529088,181539,0,Sun
562455710,24/08/2022,21:10:00,529088,179051,21,Wed
562459333,09/09/2022,22:00:00,529088,180498,22,Fri
562470247,08/12/2022,23:00:00,529090,179645,23,Thu
563410644,24/02/2023,07:25:00,529092,180397,7,Fri
302411009,01/09/2022,15:00:00,529093,171711,15,Thu
323404204,08/02/2023,07:00:00,529095,183362,7,Wed
562465020,11/10/2022,03:07:00,529096,181116,3,Tue
722417346,08/07/2022,12:20:00,529096,187084,12,Fri
913409166,11/03/2023,16:35:00,529096,181116,16,Sat
562476176,04/12/2022,17:30:00,529096,181116,17,Sun
563423912,25/03/2023,17:50:00,529096,181116,17,Sat
302418036,27/07/2022,18:40:00,529096,172444,18,Wed
563407889,04/01/2023,20:00:00,529096,181116,20,Wed
302423331,03/10/2022,09:10:00,529102,177273,9,Mon
412417284,28/11/2022,09:45:00,529102,177273,9,Mon
303407135,10/03/2023,12:10:00,529102,170903,12,Fri
302427277,21/12/2022,18:00:00,529102,177273,18,Wed
823405056,10/03/2023,17:40:00,529103,190762,17,Fri
302421851,05/10/2022,19:45:00,529103,173053,19,Wed
563408675,23/01/2023,17:05:00,529104,181947,17,Mon
322430282,12/11/2022,16:30:00,529106,185712,16,Sat
562460587,08/11/2022,17:45:00,529108,181234,17,Tue
563417961,13/02/2023,18:35:00,529108,181061,18,Mon
562464291,17/10/2022,19:45:00,529108,181061,19,Mon
322438043,18/11/2022,01:25:00,529110,185577,1,Fri
322429639,12/10/2022,16:20:00,529110,185723,16,Wed
322426849,12/10/2022,16:30:00,529110,185723,16,Wed
323405580,09/01/2023,22:00:00,529110,185164,22,Mon
562441556,07/08/2022,13:11:00,529112,181636,13,Sun
562470229,15/12/2022,18:00:00,529114,180362,18,Thu
562479630,15/11/2022,18:50:00,529114,180690,18,Tue
563407818,01/02/2023,08:50:00,529117,181306,8,Wed
412417373,03/11/2022,21:28:00,529118,169765,21,Thu
563416796,05/03/2023,03:00:00,529121,181237,3,Sun
562487682,29/12/2022,13:00:00,529121,180764,13,Thu
562465553,22/10/2022,15:00:00,529121,181175,15,Sat
562456358,04/10/2022,08:15:00,529125,180489,8,Tue
563413288,12/03/2023,02:00:00,529126,178889,2,Sun
322436205,30/11/2022,18:30:00,529127,182303,18,Wed
322426647,25/09/2022,22:00:00,529127,185875,22,Sun
563415999,17/03/2023,18:16:00,529128,181481,18,Fri
322425493,21/08/2022,19:05:00,529128,185763,19,Sun
322414649,11/07/2022,10:45:00,529129,185870,10,Mon
322425563,18/08/2022,00:01:00,529130,183551,0,Thu
562447210,11/07/2022,19:15:00,529130,181013,19,Mon
303408695,19/03/2023,22:03:00,529131,173990,22,Sun
322431420,21/10/2022,17:00:00,529132,185776,17,Fri
322431976,17/12/2022,17:00:00,529132,185776,17,Sat
322439210,20/10/2022,18:00:00,529132,185776,18,Thu
322437640,20/10/2022,18:20:00,529132,185776,18,Thu
562440250,12/07/2022,15:00:00,529133,181280,15,Tue
722433830,11/12/2022,06:00:00,529133,181280,6,Sun
562476477,09/12/2022,13:30:00,529133,181240,13,Fri
562471971,21/11/2022,15:00:00,529133,181280,15,Mon
562454529,05/10/2022,17:00:00,529133,181240,17,Wed
562435957,01/07/2022,17:30:00,529133,181240,17,Fri
563409660,03/01/2023,18:00:00,529133,181240,18,Tue
562454647,29/09/2022,18:50:00,529133,181240,18,Thu
562445408,13/08/2022,22:00:00,529133,181280,22,Sat
562455643,10/09/2022,17:25:00,529136,181563,17,Sat
322421371,31/07/2022,12:10:00,529137,183345,12,Sun
563419351,13/02/2023,10:05:00,529138,178819,10,Mon
563428930,18/03/2023,08:50:00,529139,179138,8,Sat
563408081,05/01/2023,10:00:00,529139,180423,10,Thu
563415835,17/02/2023,14:50:00,529139,179138,14,Fri
563411395,01/03/2023,22:14:00,529139,180904,22,Wed
562441672,22/07/2022,15:50:00,529140,181144,15,Fri
322437473,19/11/2022,19:30:00,529140,184136,19,Sat
322435225,02/12/2022,22:00:00,529144,184205,22,Fri
563401149,05/02/2023,07:15:00,529146,179477,7,Sun
563405343,15/01/2023,15:05:00,529146,181242,15,Sun
563406061,08/01/2023,02:00:00,529148,181292,2,Sun
563411818,10/03/2023,12:15:00,529150,179212,12,Fri
562454375,19/09/2022,22:25:00,529150,181040,22,Mon
322423364,29/08/2022,00:45:00,529151,183431,0,Mon
212429112,30/07/2022,04:45:00,529151,183431,4,Sat
563419222,14/02/2023,18:30:00,529151,180895,18,Tue
562441586,08/08/2022,22:40:00,529151,180895,22,Mon
722428642,14/09/2022,23:00:00,529151,185857,23,Wed
562465794,28/10/2022,23:55:00,529152,178670,23,Fri
562472369,17/12/2022,03:35:00,529155,181073,3,Sat
323400642,25/01/2023,11:00:00,529155,183821,11,Wed
563409340,02/01/2023,16:57:00,529155,181073,16,Mon
563425622,26/03/2023,19:00:00,529155,181073,19,Sun
562463377,07/11/2022,20:35:00,529155,181073,20,Mon
563424301,21/03/2023,00:15:00,529157,181220,0,Tue
563408061,08/01/2023,03:26:00,529157,181220,3,Sun
562460503,22/10/2022,04:20:00,529157,181220,4,Sat
562444146,01/08/2022,19:25:00,529157,181220,19,Mon
322436515,02/12/2022,12:30:00,529161,183562,12,Fri
723401847,25/03/2023,23:00:00,529161,186002,23,Sat
562475006,03/12/2022,04:00:00,529162,181327,4,Sat
563413025,25/02/2023,01:00:00,529163,180734,1,Sat
563403475,23/01/2023,15:30:00,529163,179061,15,Mon
562463033,21/10/2022,20:00:00,529165,177951,20,Fri
302411346,30/07/2022,15:00:00,529166,170507,15,Sat
42412542,12/10/2022,22:00:00,529166,164137,22,Wed
823408631,16/01/2023,15:50:00,529169,190645,15,Mon
723407560,09/01/2023,15:30:00,529170,185804,15,Mon
562466557,07/11/2022,07:30:00,529171,180965,7,Mon
42406018,07/07/2022,14:10:00,529171,165407,14,Thu
562458853,10/09/2022,15:10:00,529171,180965,15,Sat
823409182,31/01/2023,16:40:00,529171,190490,16,Tue
562477011,19/11/2022,17:45:00,529171,180965,17,Sat
562477072,24/11/2022,18:00:00,529171,180965,18,Thu
563420601,21/03/2023,19:15:00,529171,180965,19,Tue
562465034,26/10/2022,19:00:00,529171,180965,19,Wed
562449319,18/08/2022,23:00:00,529171,180942,23,Thu
823405938,28/03/2023,14:00:00,529173,190901,14,Tue
562466462,20/10/2022,17:25:00,529173,181290,17,Thu
323408073,05/02/2023,05:00:00,529174,183469,5,Sun
322429790,25/07/2022,23:00:00,529174,183469,23,Mon
323405734,16/08/2022,23:00:00,529174,183469,23,Tue
322435972,12/11/2022,19:40:00,529176,184049,19,Sat
323402775,23/02/2023,00:50:00,529177,184113,0,Thu
562453883,13/09/2022,00:15:00,529179,180923,0,Tue
43404921,30/01/2023,06:10:00,529179,164348,6,Mon
563411881,14/02/2023,14:30:00,529179,181264,14,Tue
562489382,28/12/2022,19:30:00,529179,181264,19,Wed
563403708,31/01/2023,20:00:00,529180,181294,20,Tue
563416135,27/02/2023,12:00:00,529183,179148,12,Mon
322432740,20/10/2022,17:00:00,529183,185685,17,Thu
932417626,11/11/2022,18:30:00,529183,179148,18,Fri
303409831,19/01/2023,15:00:00,529184,170978,15,Thu
323406865,22/02/2023,07:24:00,529185,184130,7,Wed
322429161,31/07/2022,17:10:00,529185,184130,17,Sun
563413002,15/02/2023,00:05:00,529186,181246,0,Wed
562472874,01/12/2022,02:49:00,529186,181246,2,Thu
562444567,12/08/2022,16:05:00,529186,181246,16,Fri
562481342,27/12/2022,18:32:00,529186,181246,18,Tue
563419402,14/02/2023,22:50:00,529186,181246,22,Tue
562462670,12/10/2022,11:00:00,529188,180412,11,Wed
562479030,16/11/2022,18:15:00,529188,181064,18,Wed
323409797,11/03/2023,03:00:00,529190,183447,3,Sat
562479397,10/12/2022,15:00:00,529190,181231,15,Sat
562459384,17/09/2022,15:00:00,529192,181055,15,Sat
252428296,30/09/2022,16:00:00,529192,192701,16,Fri
252433164,18/12/2022,19:40:00,529192,192701,19,Sun
322418668,03/07/2022,04:10:00,529193,183359,4,Sun
722415189,12/08/2022,23:55:00,529195,185794,23,Fri
322434344,26/11/2022,05:00:00,529195,182412,5,Sat
322426752,08/08/2022,12:30:00,529195,182412,12,Mon
722432031,20/12/2022,15:03:00,529195,185794,15,Tue
562463009,12/11/2022,04:00:00,529196,180903,4,Sat
322438593,22/11/2022,16:02:00,529196,182655,16,Tue
563408991,09/01/2023,23:00:00,529197,180980,23,Mon
563413801,11/02/2023,16:25:00,529198,181040,16,Sat
562467499,15/11/2022,19:11:00,529198,180653,19,Tue
562445535,02/08/2022,17:50:00,529199,178684,17,Tue
823403033,03/02/2023,21:26:00,529203,189931,21,Fri
562454875,22/09/2022,01:34:00,529204,180465,1,Thu
563416362,17/02/2023,01:00:00,529205,181320,1,Fri
723403161,19/01/2023,20:20:00,529206,185802,20,Thu
562473641,19/11/2022,21:00:00,529206,181038,21,Sat
562488730,17/12/2022,05:45:00,529208,180881,5,Sat
212431660,18/10/2022,08:00:00,529208,177443,8,Tue
302421145,23/11/2022,14:15:00,529208,177200,14,Wed
302422613,26/10/2022,21:55:00,529208,170559,21,Wed
563416663,20/02/2023,18:20:00,529209,180694,18,Mon
562445531,17/07/2022,04:20:00,529212,180766,4,Sun
423401922,26/01/2023,18:15:00,529213,194301,18,Thu
822414017,11/07/2022,13:25:00,529214,188140,13,Mon
252426259,25/10/2022,00:55:00,529215,194485,0,Tue
413402131,30/01/2023,21:00:00,529215,170844,21,Mon
562444684,31/07/2022,11:40:00,529216,180894,11,Sun
722412467,21/07/2022,23:26:00,529216,185783,23,Thu
562479599,17/12/2022,01:00:00,529218,181110,1,Sat
562479479,17/12/2022,13:00:00,529219,178171,13,Sat
303400440,07/01/2023,14:30:00,529219,177188,14,Sat
42411984,08/12/2022,21:30:00,529219,164053,21,Thu
562442391,19/07/2022,11:00:00,529221,179644,11,Tue
562452445,20/09/2022,13:30:00,529221,181099,13,Tue
562464794,10/09/2022,16:00:00,529221,181319,16,Sat
722424392,20/09/2022,16:05:00,529221,186823,16,Tue
322436401,27/10/2022,21:05:00,529221,182226,21,Thu
252439844,16/12/2022,20:30:00,529222,194446,20,Fri
562470016,04/12/2022,18:30:00,529224,181149,18,Sun
562484220,17/12/2022,15:25:00,529225,181004,15,Sat
563418998,10/03/2023,00:01:00,529226,180422,0,Fri
562446395,05/08/2022,04:00:00,529226,180688,4,Fri
563401037,29/01/2023,01:00:00,529231,180878,1,Sun
562464984,28/10/2022,06:20:00,529231,181065,6,Fri
562468510,10/10/2022,08:00:00,529231,180878,8,Mon
562436757,01/07/2022,16:00:00,529231,180878,16,Fri
562475118,10/12/2022,17:30:00,529231,180878,17,Sat
722420359,30/11/2022,20:30:00,529231,186232,20,Wed
323409777,12/03/2023,00:29:00,529232,181293,0,Sun
563415723,19/02/2023,01:20:00,529232,181243,1,Sun
563413713,18/02/2023,01:30:00,529232,181293,1,Sat
563406900,01/01/2023,03:00:00,529232,181293,3,Sun
563407290,01/01/2023,04:36:00,529232,181293,4,Sun
563428870,20/03/2023,09:00:00,529232,181293,9,Mon
562479286,02/12/2022,13:15:00,529232,181243,13,Fri
562448181,18/07/2022,13:45:00,529232,181293,13,Mon
562474366,06/12/2022,17:15:00,529232,181293,17,Tue
563418615,26/02/2023,17:33:00,529232,181293,17,Sun
563414845,26/02/2023,17:40:00,529232,181293,17,Sun
563413293,20/02/2023,17:45:00,529232,181293,17,Mon
563416607,05/03/2023,18:12:00,529232,181243,18,Sun
562488900,18/12/2022,18:50:00,529232,181293,18,Sun
562483442,27/12/2022,19:10:00,529232,181243,19,Tue
563413661,13/02/2023,19:19:00,529232,181243,19,Mon
563410023,18/02/2023,20:00:00,529232,181293,20,Sat
562466105,27/10/2022,21:00:00,529232,181293,21,Thu
562463952,20/10/2022,09:40:00,529233,178581,9,Thu
323400490,09/01/2023,17:00:00,529235,183302,17,Mon
562462502,15/10/2022,01:30:00,529236,180970,1,Sat
823403568,31/03/2023,15:21:00,529236,190624,15,Fri
823401041,16/01/2023,15:55:00,529236,190624,15,Mon
562462359,13/11/2022,17:40:00,529236,180935,17,Sun
322439097,24/12/2022,00:01:00,529238,183415,0,Sat
322432275,04/12/2022,00:01:00,529238,183415,0,Sun
322420356,17/09/2022,03:30:00,529238,183415,3,Sat
323401810,01/01/2023,05:30:00,529238,183415,5,Sun
323407092,29/01/2023,04:00:00,529238,183415,4,Sun
302410047,12/08/2022,13:00:00,529238,177126,13,Fri
323400942,23/01/2023,22:00:00,529238,183415,22,Mon
822414516,01/07/2022,19:20:00,529239,190625,19,Fri
322421791,04/08/2022,02:15:00,529241,184084,2,Thu
822425425,10/10/2022,07:06:00,529241,189286,7,Mon
562465048,10/11/2022,22:30:00,529241,181708,22,Thu
323409880,09/01/2023,23:00:00,529241,182224,23,Mon
562470613,26/11/2022,16:35:00,529242,180826,16,Sat
562464601,14/10/2022,17:15:00,529242,180826,17,Fri
822435142,29/12/2022,21:00:00,529244,189948,21,Thu
562479189,03/12/2022,03:00:00,529245,181191,3,Sat
303400841,11/12/2022,18:00:00,529245,177159,18,Sun
323415181,01/09/2022,08:00:00,529245,183953,8,Thu
563409007,28/01/2023,05:00:00,529246,181465,5,Sat
323406982,29/01/2023,02:30:00,529247,183443,2,Sun
322433837,24/12/2022,05:50:00,529247,183443,5,Sat
303404394,06/03/2023,18:40:00,529249,171379,18,Mon
562450432,04/09/2022,04:00:00,529251,180799,4,Sun
322438243,18/11/2022,11:30:00,529253,182272,11,Fri
322419938,01/07/2022,15:00:00,529253,182272,15,Fri
322422840,20/07/2022,17:00:00,529253,182272,17,Wed
322436433,17/11/2022,17:23:00,529253,182272,17,Thu
322421047,26/09/2022,00:30:00,529254,182236,0,Mon
562442005,31/07/2022,20:50:00,529257,180502,20,Sun
302421941,05/10/2022,09:10:00,529258,177434,9,Wed
323426900,07/03/2023,22:00:00,529258,184833,22,Tue
562461740,11/10/2022,12:57:00,529259,180378,12,Tue
322421801,26/07/2022,21:36:00,529259,181560,21,Tue
722427846,28/10/2022,22:00:00,529260,186804,22,Fri
322426520,19/07/2022,03:10:00,529262,182481,3,Tue
323410700,31/03/2023,09:50:00,529263,183585,9,Fri
563415368,11/03/2023,17:37:00,529263,180711,17,Sat
562472209,09/12/2022,02:25:00,529264,181562,2,Fri
562464492,21/10/2022,05:25:00,529264,180955,5,Fri
302429466,08/12/2022,08:30:00,529264,170846,8,Thu
322428520,19/07/2022,06:00:00,529266,182246,6,Tue
562443668,17/08/2022,13:14:00,529266,180304,13,Wed
563408867,28/01/2023,15:25:00,529266,182246,15,Sat
562445573,26/07/2022,17:50:00,529266,182246,17,Tue
563418138,10/03/2023,17:30:00,529267,180076,17,Fri
253409491,19/01/2023,12:00:00,529271,192471,12,Thu
563409383,16/01/2023,15:30:00,529272,179311,15,Mon
562471080,18/11/2022,15:25:00,529272,180944,15,Fri
563400283,16/01/2023,15:50:00,529272,179311,15,Mon
562472062,24/11/2022,19:10:00,529272,180985,19,Thu
563406229,04/02/2023,17:00:00,529274,180841,17,Sat
323418620,30/03/2023,21:00:00,529274,183968,21,Thu
302427222,14/10/2022,15:35:00,529275,170797,15,Fri
303403355,13/03/2023,19:17:00,529277,177334,19,Mon
563404839,03/02/2023,02:00:00,529278,181322,2,Fri
563411278,12/03/2023,02:51:00,529278,181322,2,Sun
562454776,25/09/2022,02:30:00,529278,181322,2,Sun
562451356,25/09/2022,03:00:00,529278,181322,3,Sun
563417911,11/02/2023,03:00:00,529278,181322,3,Sat
562488280,17/12/2022,03:00:00,529278,181322,3,Sat
563401373,15/01/2023,03:30:00,529278,181322,3,Sun
562466878,12/11/2022,03:40:00,529278,181322,3,Sat
563409631,07/01/2023,03:30:00,529278,181322,3,Sat
563419401,11/02/2023,03:00:00,529278,181322,3,Sat
563416241,12/02/2023,04:00:00,529278,181322,4,Sun
562464923,23/10/2022,04:00:00,529278,181322,4,Sun
562456468,04/10/2022,05:00:00,529278,181322,5,Tue
563401507,28/01/2023,04:00:00,529278,181322,4,Sat
322438661,01/11/2022,17:30:00,529278,184133,17,Tue
562462453,23/10/2022,01:30:00,529280,181171,1,Sun
562444531,17/07/2022,00:35:00,529282,180508,0,Sun
302425495,29/11/2022,06:50:00,529285,176886,6,Tue
722422370,27/07/2022,15:30:00,529285,186990,15,Wed
562442347,11/08/2022,01:30:00,529287,180242,1,Thu
323400028,16/03/2023,16:00:00,529288,182216,16,Thu
563411981,14/02/2023,17:00:00,529288,180782,17,Tue
322433746,15/12/2022,02:20:00,529289,184243,2,Thu
562478942,24/11/2022,16:30:00,529289,180655,16,Thu
562469464,27/10/2022,23:50:00,529289,180655,23,Thu
253408427,14/03/2023,16:50:00,529290,194520,16,Tue
822435841,16/12/2022,18:00:00,529290,191563,18,Fri
322410799,16/07/2022,00:15:00,529291,182184,0,Sat
322439323,14/11/2022,02:00:00,529291,182184,2,Mon
562466736,01/11/2022,02:00:00,529291,181040,2,Tue
322425970,23/07/2022,04:30:00,529291,182184,4,Sat
562448307,09/08/2022,05:40:00,529291,180736,5,Tue
562463847,06/11/2022,14:00:00,529291,180736,14,Sun
322427383,21/08/2022,15:35:00,529291,182184,15,Sun
562471009,14/12/2022,18:20:00,529291,180736,18,Wed
562435828,03/07/2022,17:10:00,529291,180736,17,Sun
563425551,23/03/2023,21:00:00,529291,180736,21,Thu
563413186,04/03/2023,22:30:00,529291,180736,22,Sat
723405411,14/01/2023,17:50:00,529292,186648,17,Sat
563407169,03/02/2023,23:20:00,529292,181442,23,Fri
722429589,05/12/2022,12:10:00,529297,186691,12,Mon
563424362,28/03/2023,14:55:00,529298,178223,14,Tue
563402250,01/01/2023,03:00:00,529299,181215,3,Sun
562450936,24/09/2022,17:00:00,529299,181215,17,Sat
562464878,10/11/2022,21:00:00,529299,181215,21,Thu
562443684,29/07/2022,23:45:00,529301,181334,23,Fri
562484102,25/12/2022,02:00:00,529301,181334,2,Sun
563409600,01/01/2023,03:30:00,529301,181334,3,Sun
562483172,28/12/2022,17:30:00,529301,181334,17,Wed
562489661,23/12/2022,18:30:00,529301,181334,18,Fri
562441721,16/07/2022,18:45:00,529301,181334,18,Sat
722412276,11/07/2022,12:30:00,529304,186875,12,Mon
562453029,09/09/2022,01:00:00,529308,181262,1,Fri
563418353,20/02/2023,02:05:00,529308,181262,2,Mon
563402597,28/01/2023,12:00:00,529308,181262,12,Sat
563419722,15/02/2023,19:17:00,529308,181262,19,Wed
562467864,26/10/2022,20:55:00,529308,181262,20,Wed
322436095,08/12/2022,00:01:00,529309,182150,0,Thu
412410641,14/09/2022,14:49:00,529310,168371,14,Wed
562469298,11/11/2022,00:30:00,529311,181426,0,Fri
322412449,09/07/2022,07:00:00,529312,183437,7,Sat
322423903,14/08/2022,14:20:00,529312,182140,14,Sun
562469509,12/11/2022,16:05:00,529312,180718,16,Sat
563411511,11/02/2023,16:30:00,529312,180718,16,Sat
822433242,29/12/2022,19:30:00,529313,189771,19,Thu
302420347,19/12/2022,19:00:00,529314,176998,19,Mon
562446908,11/08/2022,23:30:00,529317,178459,23,Thu
322427680,25/07/2022,01:45:00,529319,183316,1,Mon
563419495,02/03/2023,01:25:00,529325,181385,1,Thu
412405549,02/04/2022,15:00:00,529325,169315,15,Sat
562459466,25/09/2022,02:45:00,529327,180611,2,Sun
562444251,17/07/2022,04:30:00,529329,180451,4,Sun
562458119,06/10/2022,21:40:00,529329,180714,21,Thu
723403185,08/03/2023,01:30:00,529330,186130,1,Wed
302411496,06/08/2022,19:32:00,529330,170645,19,Sat
562445782,22/07/2022,20:15:00,529332,181512,20,Fri
562449635,29/07/2022,02:00:00,529336,182112,2,Fri
823403382,29/01/2023,16:30:00,529336,190723,16,Sun
823401834,15/02/2023,20:45:00,529336,190723,20,Wed
723407646,15/03/2023,16:45:00,529337,186734,16,Wed
722421972,18/09/2022,20:15:00,529337,186734,20,Sun
323403326,21/02/2023,09:00:00,529338,182198,9,Tue
563417151,11/02/2023,17:01:00,529339,180632,17,Sat
562467020,11/10/2022,04:20:00,529340,178789,4,Tue
562478651,20/11/2022,05:00:00,529341,180688,5,Sun
822425613,17/09/2022,01:15:00,529342,189278,1,Sat
562455013,08/09/2022,20:56:00,529342,181422,20,Thu
832434404,21/10/2022,00:01:00,529343,159452,0,Fri
563406221,06/01/2023,15:00:00,529343,180633,15,Fri
563400674,20/01/2023,16:00:00,529343,180633,16,Fri
562473894,01/12/2022,16:00:00,529343,180633,16,Thu
563404963,05/12/2022,17:00:00,529344,182233,17,Mon
323406415,16/02/2023,19:15:00,529344,182233,19,Thu
723402442,29/01/2023,02:05:00,529347,186759,2,Sun
322430090,27/10/2022,02:00:00,529347,182309,2,Thu
562456898,06/10/2022,09:15:00,529347,181613,9,Thu
42419974,10/11/2022,20:00:00,529347,163798,20,Thu
253400465,23/02/2023,15:30:00,529349,195968,15,Thu
252426126,23/09/2022,15:57:00,529349,195968,15,Fri
562445583,26/07/2022,17:50:00,529349,181587,17,Tue
253403765,26/02/2023,20:30:00,529349,195968,20,Sun
563400148,01/02/2023,12:00:00,529350,178760,12,Wed
562449746,07/08/2022,00:30:00,529351,179038,0,Sun
722416687,24/07/2022,07:35:00,529351,186636,7,Sun
423403906,08/03/2023,12:05:00,529351,190978,12,Wed
823405781,21/01/2023,12:00:00,529351,190978,12,Sat
562485061,20/12/2022,13:48:00,529351,181238,13,Tue
322433593,22/11/2022,17:20:00,529352,185247,17,Tue
252418448,02/07/2022,17:30:00,529352,194443,17,Sat
562442891,07/07/2022,01:00:00,529354,181232,1,Thu
302416096,06/08/2022,09:30:00,529354,177493,9,Sat
722416526,01/07/2022,22:15:00,529356,186827,22,Fri
322427641,30/07/2022,00:01:00,529357,185093,0,Sat
562458662,31/07/2022,05:30:00,529357,180402,5,Sun
322434256,15/12/2022,18:40:00,529357,185093,18,Thu
562468487,08/11/2022,16:48:00,529358,180428,16,Tue
302411749,31/08/2022,18:25:00,529358,170926,18,Wed
323403112,22/01/2023,10:35:00,529359,182158,10,Sun
562477139,16/12/2022,05:19:00,529360,180163,5,Fri
322420585,10/09/2022,22:10:00,529361,181703,22,Sat
302418558,26/08/2022,21:05:00,529365,177074,21,Fri
822426921,27/08/2022,00:01:00,529367,190746,0,Sat
563412211,11/02/2023,16:55:00,529367,180680,16,Sat
323406349,25/03/2023,17:55:00,529369,181996,17,Sat
823401413,03/02/2023,20:50:00,529374,190040,20,Fri
252437925,26/12/2022,17:55:00,529376,195760,17,Mon
253408043,24/01/2023,18:20:00,529377,196010,18,Tue
562444681,19/07/2022,00:56:00,529379,180718,0,Tue
563416879,17/03/2023,01:35:00,529379,180663,1,Fri
563409979,06/02/2023,19:46:00,529380,183179,19,Mon
562483550,16/12/2022,19:00:00,529381,181283,19,Fri
563411178,12/03/2023,01:10:00,529383,181359,1,Sun
562478167,10/12/2022,04:54:00,529383,181359,4,Sat
563412219,13/03/2023,17:00:00,529383,181359,17,Mon
562463789,14/11/2022,20:00:00,529383,181186,20,Mon
562442822,21/07/2022,06:44:00,529384,180892,6,Thu
323409065,21/02/2023,13:00:00,529385,184374,13,Tue
563412231,12/02/2023,01:00:00,529386,180404,1,Sun
912434850,13/11/2022,06:05:00,529386,180404,6,Sun
323407986,03/03/2023,08:15:00,529386,183080,8,Fri
322431281,28/10/2022,16:30:00,529386,183080,16,Fri
322437222,07/11/2022,16:55:00,529386,185243,16,Mon
723408653,08/02/2023,15:45:00,529387,185881,15,Wed
722424895,23/10/2022,00:30:00,529388,186752,0,Sun
562446099,06/08/2022,15:00:00,529389,180764,15,Sat
722428816,25/10/2022,19:00:00,529389,186165,19,Tue
723404794,26/02/2023,19:00:00,529390,186758,19,Sun
322422402,04/08/2022,22:05:00,529390,181811,22,Thu
723404965,06/03/2023,17:04:00,529391,186896,17,Mon
823403494,22/02/2023,23:15:00,529391,189713,23,Wed
562484550,14/12/2022,00:30:00,529393,181633,0,Wed
323404145,14/02/2023,00:15:00,529394,182717,0,Tue
62426441,24/08/2022,12:30:00,529394,182717,12,Wed
563410725,26/02/2023,18:15:00,529399,178257,18,Sun
562477923,25/11/2022,20:40:00,529399,181016,20,Fri
562430569,09/07/2022,18:20:00,529400,180738,18,Sat
562449336,06/08/2022,18:47:00,529400,181289,18,Sat
562462834,26/10/2022,18:50:00,529400,181289,18,Wed
322431055,05/12/2022,10:15:00,529401,184447,10,Mon
562438188,06/07/2022,14:10:00,529401,180974,14,Wed
323407330,03/01/2023,15:23:00,529401,181709,15,Tue
323402584,15/02/2023,00:30:00,529405,181289,0,Wed
562480442,27/12/2022,19:30:00,529405,181289,19,Tue
322429460,22/07/2022,20:00:00,529405,184028,20,Fri
563419502,11/02/2023,21:35:00,529405,181054,21,Sat
322431010,19/10/2022,22:30:00,529405,182087,22,Wed
563407969,23/09/2022,14:00:00,529406,181326,14,Fri
562442089,22/08/2022,19:00:00,529406,181326,19,Mon
563414466,03/03/2023,03:30:00,529407,181273,3,Fri
562458152,04/09/2022,10:40:00,529407,180619,10,Sun
562469635,30/10/2022,01:45:00,529408,181455,1,Sun
322426243,17/08/2022,18:50:00,529408,182421,18,Wed
722417037,17/07/2022,21:21:00,529408,186858,21,Sun
562454208,02/10/2022,06:40:00,529409,181105,6,Sun
563418146,03/03/2023,19:00:00,529409,180591,19,Fri
563404998,04/02/2023,04:00:00,529410,181291,4,Sat
562487903,28/12/2022,17:00:00,529410,180528,17,Wed
562466794,29/10/2022,05:00:00,529412,180714,5,Sat
562463268,10/11/2022,19:30:00,529412,180578,19,Thu
322433182,12/11/2022,21:30:00,529414,183102,21,Sat
322432170,25/10/2022,15:30:00,529415,181945,15,Tue
563413931,12/02/2023,15:53:00,529415,178549,15,Sun
562451346,24/09/2022,21:56:00,529415,180513,21,Sat
562452211,28/08/2022,23:00:00,529415,180513,23,Sun
322425726,15/09/2022,13:30:00,529416,181987,13,Thu
562458553,11/09/2022,01:00:00,529417,180979,1,Sun
252431023,03/12/2022,05:49:00,529417,194366,5,Sat
722436531,22/12/2022,13:30:00,529417,186752,13,Thu
563413638,10/03/2023,17:10:00,529417,180667,17,Fri
43408700,03/01/2023,03:15:00,529419,164009,3,Tue
722414586,12/07/2022,08:00:00,529419,186873,8,Tue
413407512,19/02/2023,12:30:00,529421,169242,12,Sun
412410385,22/12/2022,02:00:00,529422,171103,2,Thu
562447299,23/08/2022,17:40:00,529427,180770,17,Tue
563401010,01/01/2023,03:15:00,529428,181233,3,Sun
562470416,04/12/2022,02:00:00,529430,180809,2,Sun
562435349,09/07/2022,03:00:00,529430,180809,3,Sat
302428533,29/10/2022,20:20:00,529430,170767,20,Sat
62421295,11/10/2022,19:30:00,529431,179333,19,Tue
562441842,22/07/2022,00:01:00,529432,178733,0,Fri
563411389,17/03/2023,02:40:00,529432,181023,2,Fri
252422740,23/07/2022,18:00:00,529432,192496,18,Sat
562438897,02/07/2022,21:05:00,529432,178733,21,Sat
322432481,03/11/2022,16:55:00,529433,182967,16,Thu
562462187,02/11/2022,14:45:00,529435,181457,14,Wed
562445092,22/07/2022,16:00:00,529435,180619,16,Fri
302426260,23/09/2022,06:40:00,529438,171001,6,Fri
322438376,18/12/2022,00:35:00,529439,181942,0,Sun
563417962,16/02/2023,23:50:00,529439,181300,23,Thu
563415690,11/02/2023,04:00:00,529439,181300,4,Sat
563413075,28/02/2023,10:10:00,529439,181300,10,Tue
563407807,28/01/2023,15:22:00,529439,181300,15,Sat
562459586,26/09/2022,23:00:00,529439,180616,23,Mon
562450080,27/08/2022,14:00:00,529440,178433,14,Sat
322430455,05/12/2022,17:00:00,529441,182368,17,Mon
322437690,27/10/2022,18:50:00,529441,182368,18,Thu
322439266,16/12/2022,21:20:00,529441,182368,21,Fri
563404228,27/01/2023,00:01:00,529442,181215,0,Fri
562437398,07/07/2022,02:50:00,529442,180597,2,Thu
563404548,01/02/2023,03:00:00,529442,178589,3,Wed
302429964,15/11/2022,07:50:00,529442,170697,7,Tue
823404230,04/01/2023,22:55:00,529442,189136,22,Wed
322428181,01/08/2022,10:30:00,529443,182335,10,Mon
562461105,29/10/2022,01:30:00,529445,181287,1,Sat
562486313,29/12/2022,01:00:00,529445,181287,1,Thu
562470680,19/11/2022,02:00:00,529445,181287,2,Sat
562454760,27/08/2022,02:30:00,529445,181287,2,Sat
562442816,06/08/2022,03:00:00,529445,181287,3,Sat
563418931,12/02/2023,04:30:00,529445,181287,4,Sun
563411637,04/03/2023,04:00:00,529447,181247,4,Sat
322420962,10/08/2022,16:12:00,529447,184382,16,Wed
562448019,18/08/2022,14:00:00,529448,181351,14,Thu
323407233,01/02/2023,19:45:00,529448,182218,19,Wed
322438555,05/12/2022,15:00:00,529449,188604,15,Mon
563410100,07/02/2023,19:00:00,529449,178703,19,Tue
822425284,10/09/2022,21:30:00,529449,189252,21,Sat
563428152,28/03/2023,01:00:00,529450,180559,1,Tue
562431568,01/07/2022,16:20:00,529450,180559,16,Fri
322434962,11/11/2022,10:49:00,529451,183750,10,Fri
562444979,22/08/2022,11:00:00,529453,178363,11,Mon
562466021,13/10/2022,23:30:00,529453,181070,23,Thu
823407283,10/02/2023,14:50:00,529454,189243,14,Fri
563423942,27/03/2023,22:15:00,529458,181993,22,Mon
412414660,24/08/2022,15:30:00,529461,169160,15,Wed
252428812,10/08/2022,23:23:00,529462,194750,23,Wed
302429735,20/11/2022,12:45:00,529465,171498,12,Sun
562446329,19/08/2022,23:20:00,529472,181044,23,Fri
322426526,15/09/2022,08:00:00,529475,181967,8,Thu
822413918,23/07/2022,15:25:00,529475,191532,15,Sat
563419754,24/02/2023,18:00:00,529477,180632,18,Fri
562469348,11/11/2022,04:20:00,529478,180627,4,Fri
322427990,25/07/2022,15:00:00,529478,181702,15,Mon
563417068,11/03/2023,17:46:00,529478,180627,17,Sat
563411729,14/03/2023,17:20:00,529479,180668,17,Tue
562454052,04/09/2022,00:01:00,529481,181347,0,Sun
562453780,28/08/2022,01:00:00,529481,181181,1,Sun
562475227,08/12/2022,17:00:00,529485,181088,17,Thu
832431993,30/10/2022,20:45:00,529485,158522,20,Sun
833407993,04/02/2023,22:30:00,529485,158522,22,Sat
563400664,20/01/2023,03:15:00,529486,181286,3,Fri
563406060,03/01/2023,12:05:00,529486,181286,12,Tue
563405508,31/01/2023,17:50:00,529486,181286,17,Tue
823401753,08/02/2023,08:48:00,529490,191090,8,Wed
322433583,18/11/2022,11:15:00,529490,182147,11,Fri
322431511,28/10/2022,18:00:00,529491,181873,18,Fri
323406797,13/03/2023,20:00:00,529491,183757,20,Mon
562482371,23/12/2022,21:30:00,529491,180773,21,Fri
563414256,04/03/2023,03:30:00,529493,181048,3,Sat
563408315,19/01/2023,23:00:00,529493,181048,23,Thu
302413758,27/08/2022,01:30:00,529494,170890,1,Sat
562466786,05/11/2022,04:47:00,529494,181446,4,Sat
43409152,26/02/2023,19:20:00,529494,164334,19,Sun
563411203,18/02/2023,01:30:00,529495,181240,1,Sat
562476083,26/11/2022,22:50:00,529495,181240,22,Sat
562449070,14/07/2022,02:30:00,529496,180986,2,Thu
562449722,21/07/2022,04:10:00,529496,180986,4,Thu
562437318,30/06/2022,23:55:00,529496,180986,23,Thu
412414614,10/11/2022,04:15:00,529497,168314,4,Thu
563401563,16/01/2023,02:00:00,529501,180677,2,Mon
562476990,16/11/2022,14:15:00,529501,179181,14,Wed
562462264,28/10/2022,01:38:00,529503,181099,1,Fri
323409723,01/02/2023,08:30:00,529504,181759,8,Wed
323409268,19/03/2023,16:20:00,529508,181638,16,Sun
562475505,02/12/2022,01:00:00,529509,181515,1,Fri
563413209,12/03/2023,01:30:00,529509,181154,1,Sun
562469966,04/11/2022,02:00:00,529509,181083,2,Fri
323403501,11/01/2023,23:34:00,529512,183015,23,Wed
422428393,27/09/2022,16:12:00,529513,194156,16,Tue
562446221,06/07/2022,11:00:00,529514,178498,11,Wed
562442205,01/08/2022,02:00:00,529515,181291,2,Mon
322421615,04/09/2022,02:30:00,529515,181824,2,Sun
562479131,19/11/2022,17:24:00,529515,181291,17,Sat
563400485,23/01/2023,17:40:00,529515,181291,17,Mon
562482071,23/12/2022,19:30:00,529515,181291,19,Fri
322416289,14/07/2022,19:55:00,529515,181824,19,Thu
562449742,20/07/2022,21:30:00,529515,181291,21,Wed
562460986,05/11/2022,03:00:00,529516,181837,3,Sat
562436877,01/07/2022,08:00:00,529516,181837,8,Fri
722428881,08/09/2022,04:45:00,529518,186425,4,Thu
322427490,25/07/2022,15:15:00,529518,185277,15,Mon
562464638,10/11/2022,19:00:00,529519,180700,19,Thu
562473342,22/11/2022,23:30:00,529520,181074,23,Tue
562468659,14/11/2022,02:00:00,529524,180728,2,Mon
822434020,02/12/2022,16:30:00,529524,191094,16,Fri
323409043,02/02/2023,17:50:00,529524,181776,17,Thu
722433490,17/12/2022,19:39:00,529524,186963,19,Sat
562465005,27/10/2022,22:00:00,529524,180728,22,Thu
562457766,26/09/2022,03:30:00,529526,180579,3,Mon
562452308,30/09/2022,15:30:00,529526,181521,15,Fri
412419484,28/11/2022,16:45:00,529526,168571,16,Mon
562472150,17/11/2022,20:30:00,529526,180273,20,Thu
563403520,30/12/2022,23:45:00,529526,181521,23,Fri
252418099,17/07/2022,20:50:00,529527,191899,20,Sun
562476952,24/11/2022,12:20:00,529528,180530,12,Thu
563400851,08/01/2023,02:30:00,529536,180862,2,Sun
563406962,12/01/2023,22:00:00,529536,180862,22,Thu
252422777,08/10/2022,05:00:00,529537,192842,5,Sat
562456553,24/07/2022,01:30:00,529538,180780,1,Sun
823402518,26/03/2023,17:03:00,529538,190849,17,Sun
562440766,08/08/2022,02:15:00,529539,181359,2,Mon
562436789,08/07/2022,03:30:00,529539,181359,3,Fri
562478116,03/12/2022,05:00:00,529539,181359,5,Sat
563401580,04/01/2023,19:30:00,529540,181220,19,Wed
322427168,06/10/2022,23:00:00,529541,184593,23,Thu
562483490,20/12/2022,02:00:00,529541,180901,2,Tue
562467448,11/11/2022,04:00:00,529541,181099,4,Fri
562445436,06/08/2022,15:09:00,529541,180707,15,Sat
563415557,07/03/2023,16:20:00,529541,180711,16,Tue
62424789,10/11/2022,17:45:00,529541,180711,17,Thu
322428854,28/08/2022,20:00:00,529541,184593,20,Sun
562485351,22/12/2022,22:02:00,529541,180711,22,Thu
322427253,29/07/2022,19:35:00,529543,181788,19,Fri
562467906,24/10/2022,13:00:00,529544,179178,13,Mon
252424150,24/07/2022,13:35:00,529545,194303,13,Sun
252433133,04/12/2022,15:30:00,529545,194303,15,Sun
252430290,23/10/2022,16:00:00,529545,196123,16,Sun
253404284,18/02/2023,16:20:00,529545,194303,16,Sat
252421260,25/07/2022,17:30:00,529545,194303,17,Mon
252416689,16/07/2022,20:00:00,529545,194303,20,Sat
563429353,21/02/2023,22:30:00,529546,180786,22,Tue
252422423,21/08/2022,01:00:00,529548,194730,1,Sun
322428936,16/09/2022,08:25:00,529548,183646,8,Fri
562450004,11/09/2022,22:30:00,529548,181136,22,Sun
322412919,08/07/2022,00:23:00,529549,181853,0,Fri
563404966,25/01/2023,00:15:00,529550,180699,0,Wed
562444601,16/07/2022,03:30:00,529550,180971,3,Sat
562445454,30/07/2022,04:00:00,529550,180699,4,Sat
562464423,22/10/2022,20:30:00,529550,180971,20,Sat
562455128,02/10/2022,21:00:00,529550,180971,21,Sun
322426858,05/10/2022,21:40:00,529550,182426,21,Wed
323400203,29/01/2023,20:00:00,529551,181921,20,Sun
563419859,16/03/2023,03:50:00,529553,178947,3,Thu
562464265,26/10/2022,02:30:00,529554,181127,2,Wed
562439747,01/07/2022,04:00:00,529554,180949,4,Fri
62432030,26/11/2022,05:21:00,529554,180776,5,Sat
322423238,04/10/2022,10:05:00,529554,184206,10,Tue
563404716,25/01/2023,15:00:00,529554,181451,15,Wed
322434300,19/10/2022,21:05:00,529554,181451,21,Wed
562461786,05/11/2022,01:23:00,529556,180840,1,Sat
412417685,22/12/2022,14:15:00,529556,169105,14,Thu
62438200,25/11/2022,00:01:00,529557,180885,0,Fri
563404622,08/01/2023,04:30:00,529559,180830,4,Sun
252430761,14/11/2022,08:00:00,529559,194056,8,Mon
252429419,19/10/2022,16:30:00,529559,194056,16,Wed
562481180,20/12/2022,22:49:00,529559,180830,22,Tue
562464190,14/10/2022,02:00:00,529560,181200,2,Fri
412414060,25/08/2022,18:00:00,529560,169676,18,Thu
562468379,14/11/2022,19:20:00,529560,180540,19,Mon
562466798,12/11/2022,17:45:00,529561,180725,17,Sat
422423212,07/09/2022,01:00:00,529563,194313,1,Wed
562434549,09/07/2022,03:45:00,529563,180919,3,Sat
322434272,12/11/2022,01:00:00,529564,181759,1,Sat
563404348,01/02/2023,19:30:00,529566,181113,19,Wed
562450507,27/09/2022,22:45:00,529566,181122,22,Tue
823406873,08/02/2023,08:35:00,529570,190951,8,Wed
823402944,18/02/2023,13:15:00,529570,190951,13,Sat
822437470,08/12/2022,16:51:00,529570,190951,16,Thu
823405385,03/03/2023,19:20:00,529570,190951,19,Fri
562449528,07/08/2022,01:00:00,529571,180977,1,Sun
563412688,11/03/2023,21:50:00,529571,180920,21,Sat
562454456,24/09/2022,01:50:00,529573,180892,1,Sat
562457627,29/09/2022,02:00:00,529573,180934,2,Thu
562489541,23/12/2022,04:20:00,529573,180934,4,Fri
562478479,16/12/2022,04:30:00,529573,180934,4,Fri
563424680,20/03/2023,14:10:00,529573,178362,14,Mon
563416175,01/03/2023,01:50:00,529574,180628,1,Wed
563408323,11/01/2023,21:00:00,529574,180628,21,Wed
562453476,25/09/2022,22:45:00,529574,180761,22,Sun
562461591,18/10/2022,00:40:00,529575,180961,0,Tue
562463128,09/11/2022,19:05:00,529577,180605,19,Wed
563416371,13/02/2023,18:45:00,529577,180605,18,Mon
562443488,18/08/2022,02:30:00,529579,180926,2,Thu
303405570,11/01/2023,17:40:00,529579,176680,17,Wed
563421410,17/03/2023,22:30:00,529579,180897,22,Fri
242438589,24/12/2022,02:00:00,529581,180812,2,Sat
723405010,29/12/2022,22:00:00,529581,186712,22,Thu
42412760,31/08/2022,16:45:00,529584,165437,16,Wed
562477043,26/11/2022,04:00:00,529585,180947,4,Sat
562444965,04/07/2022,01:30:00,529586,180844,1,Mon
562472810,16/11/2022,16:30:00,529586,180988,16,Wed
722432730,10/12/2022,21:00:00,529586,185913,21,Sat
322431651,01/11/2022,01:00:00,529587,182735,1,Tue
322437606,07/12/2022,06:25:00,529587,182735,6,Wed
322433104,22/11/2022,16:00:00,529587,182735,16,Tue
323408568,19/03/2023,16:30:00,529587,182735,16,Sun
323407992,29/01/2023,20:46:00,529587,182735,20,Sun
562456619,07/10/2022,00:01:00,529589,180818,0,Fri
562443296,08/08/2022,01:35:00,529589,180633,1,Mon
562434519,08/07/2022,01:30:00,529589,180633,1,Fri
563406041,07/01/2023,02:10:00,529589,180668,2,Sat
563415135,26/02/2023,02:30:00,529589,180668,2,Sun
563415917,06/03/2023,06:30:00,529589,180633,6,Mon
562462948,11/11/2022,08:10:00,529589,180633,8,Fri
563403403,14/01/2023,10:00:00,529589,180633,10,Sat
322426175,09/09/2022,10:05:00,529589,182302,10,Fri
562466420,11/10/2022,11:00:00,529589,180668,11,Tue
563410516,02/03/2023,16:30:00,529589,180668,16,Thu
562477599,17/12/2022,18:30:00,529589,180481,18,Sat
563402768,02/02/2023,19:30:00,529589,180633,19,Thu
563415977,07/03/2023,19:40:00,529589,180668,19,Tue
323408756,01/03/2023,19:30:00,529589,182302,19,Wed
562455998,03/10/2022,21:09:00,529589,180818,21,Mon
352434146,31/10/2022,21:00:00,529589,180668,21,Mon
303402983,14/02/2023,21:30:00,529589,180633,21,Tue
562467687,08/11/2022,22:00:00,529589,180633,22,Tue
562443281,18/07/2022,22:00:00,529589,180668,22,Mon
323405099,29/03/2023,22:37:00,529589,183564,22,Wed
563423402,25/03/2023,23:30:00,529589,180668,23,Sat
562444589,22/08/2022,23:50:00,529589,180668,23,Mon
322435035,03/12/2022,16:20:00,529590,181808,16,Sat
562441874,30/07/2022,22:00:00,529590,180377,22,Sat
562446426,03/08/2022,22:45:00,529590,180908,22,Wed
562444516,05/08/2022,23:01:00,529590,180908,23,Fri
563413602,14/02/2023,23:30:00,529590,180994,23,Tue
322432550,07/10/2022,03:00:00,529591,182398,3,Fri
563414071,04/02/2023,00:55:00,529592,181313,0,Sat
562466166,04/11/2022,02:50:00,529592,181313,2,Fri
563416921,11/02/2023,01:00:00,529592,181313,1,Sat
562469471,17/10/2022,03:00:00,529592,180780,3,Mon
562462765,31/10/2022,03:00:00,529592,180780,3,Mon
562468135,30/10/2022,03:30:00,529592,180904,3,Sun
562444409,19/08/2022,03:45:00,529592,180780,3,Fri
562452994,16/09/2022,05:52:00,529592,180780,5,Fri
563402505,21/01/2023,06:00:00,529592,181313,6,Sat
322430451,01/11/2022,11:00:00,529592,180780,11,Tue
822418729,04/08/2022,15:00:00,529592,190059,15,Thu
563406127,28/01/2023,16:00:00,529592,180780,16,Sat
562466587,08/11/2022,16:41:00,529592,180780,16,Tue
563414561,13/02/2023,19:20:00,529592,181313,19,Mon
322416888,06/07/2022,02:20:00,529593,182886,2,Wed
563404610,01/01/2023,02:00:00,529595,180897,2,Sun
563408136,26/01/2023,03:19:00,529595,180897,3,Thu
562468807,05/11/2022,21:30:00,529597,179577,21,Sat
562448631,17/07/2022,00:40:00,529598,180689,0,Sun
562446469,20/08/2022,01:15:00,529598,180689,1,Sat
562461088,12/11/2022,01:59:00,529598,180689,1,Sat
562468534,27/10/2022,03:00:00,529598,180689,3,Thu
562471137,09/12/2022,03:00:00,529598,180689,3,Fri
562468599,14/11/2022,07:00:00,529598,180689,7,Mon
562453631,29/08/2022,18:20:00,529598,180689,18,Mon
562454595,22/09/2022,03:00:00,529599,180941,3,Thu
562481891,25/12/2022,03:00:00,529599,180941,3,Sun
562476432,24/11/2022,03:40:00,529599,180941,3,Thu
562451067,30/09/2022,02:40:00,529600,181329,2,Fri
562442593,24/07/2022,02:00:00,529601,180953,2,Sun
562485032,27/12/2022,03:35:00,529602,180888,3,Tue
722419308,25/07/2022,17:00:00,529602,185977,17,Mon
563411210,04/02/2023,18:33:00,529602,180856,18,Sat
722412799,16/08/2022,22:00:00,529602,185977,22,Tue
562448360,14/07/2022,00:36:00,529604,180943,0,Thu
563418565,01/03/2023,03:07:00,529604,180943,3,Wed
563401925,21/01/2023,23:00:00,529604,181096,23,Sat
563403474,15/01/2023,00:05:00,529606,181263,0,Sun
562476421,20/11/2022,06:00:00,529606,181263,6,Sun
823400163,08/02/2023,15:35:00,529607,191105,15,Wed
722419558,01/08/2022,17:15:00,529607,186694,17,Mon
322428224,24/08/2022,23:30:00,529607,181778,23,Wed
562449013,24/07/2022,04:00:00,529609,181197,4,Sun
562473513,24/11/2022,01:20:00,529609,181197,1,Thu
822419339,03/08/2022,13:30:00,529609,188838,13,Wed
822424828,12/11/2022,11:02:00,529610,190071,11,Sat
823404325,25/02/2023,13:00:00,529610,190071,13,Sat
822413449,06/08/2022,13:48:00,529610,190071,13,Sat
823405915,24/02/2023,16:56:00,529610,190071,16,Fri
723408694,26/02/2023,18:25:00,529610,186227,18,Sun
823407926,08/03/2023,19:37:00,529610,190071,19,Wed
822424676,26/10/2022,20:30:00,529610,190071,20,Wed
822424756,24/10/2022,20:39:00,529610,190071,20,Mon
822427046,22/10/2022,20:45:00,529610,190071,20,Sat
822410448,23/07/2022,21:30:00,529610,190071,21,Sat
822423228,11/11/2022,21:57:00,529610,190071,21,Fri
822428228,11/11/2022,21:50:00,529610,190071,21,Fri
823400914,14/02/2023,22:15:00,529610,190071,22,Tue
822427327,29/10/2022,20:00:00,529610,190071,20,Sat
823403144,15/02/2023,23:15:00,529610,190071,23,Wed
303409470,11/01/2023,17:50:00,529611,176663,17,Wed
563403002,08/01/2023,03:30:00,529612,181368,3,Sun
562435878,05/07/2022,19:30:00,529612,181368,19,Tue
562469174,27/10/2022,20:00:00,529612,181368,20,Thu
563400147,29/01/2023,12:29:00,529613,181453,12,Sun
562445322,20/07/2022,14:00:00,529613,179879,14,Wed
562463893,25/10/2022,16:00:00,529613,179879,16,Tue
562453416,23/09/2022,18:00:00,529613,179879,18,Fri
563422702,25/03/2023,22:05:00,529613,179879,22,Sat
353408796,03/03/2023,02:15:00,529614,180992,2,Fri
563421133,22/03/2023,12:15:00,529614,178322,12,Wed
562469578,12/11/2022,00:20:00,529615,180868,0,Sat
822414658,27/07/2022,18:15:00,529615,188605,18,Wed
722428507,03/11/2022,23:00:00,529615,185504,23,Thu
723407100,01/01/2023,00:01:00,529616,185416,0,Sun
323407480,07/01/2023,11:45:00,529617,181874,11,Sat
562459249,08/10/2022,01:00:00,529618,180901,1,Sat
562472681,08/11/2022,00:39:00,529618,180443,0,Tue
562465298,05/11/2022,05:49:00,529618,180756,5,Sat
562473421,20/11/2022,06:00:00,529618,180756,6,Sun
563419422,15/02/2023,19:00:00,529618,180756,19,Wed
562454922,02/09/2022,21:35:00,529618,180756,21,Fri
563403350,30/12/2022,21:00:00,529618,180901,21,Fri
562466768,11/11/2022,02:40:00,529619,180929,2,Fri
562463172,21/10/2022,02:30:00,529619,181156,2,Fri
562480843,30/12/2022,23:00:00,529620,181365,23,Fri
322437354,27/11/2022,14:00:00,529620,183426,14,Sun
562453151,31/08/2022,03:20:00,529622,181264,3,Wed
823400470,09/01/2023,19:30:00,529622,189027,19,Mon
833404532,13/01/2023,12:00:00,529623,160694,12,Fri
563405242,11/01/2023,23:35:00,529623,181243,23,Wed
562437687,01/07/2022,01:00:00,529625,180935,1,Fri
562458091,02/09/2022,01:28:00,529625,180935,1,Fri
562463288,12/11/2022,01:45:00,529625,180935,1,Sat
563402046,26/01/2023,01:30:00,529625,180935,1,Thu
562463372,21/10/2022,01:49:00,529625,180935,1,Fri
562469217,06/11/2022,02:00:00,529625,180935,2,Sun
562456257,30/09/2022,02:55:00,529625,180935,2,Fri
562450589,09/10/2022,03:00:00,529625,180935,3,Sun
562450469,06/10/2022,15:00:00,529625,180935,15,Thu
562468961,08/10/2022,17:32:00,529625,180935,17,Sat
322428621,24/07/2022,04:15:00,529626,181647,4,Sun
563401143,15/01/2023,02:00:00,529627,180928,2,Sun
562456240,26/08/2022,03:50:00,529627,180928,3,Fri
562486242,27/12/2022,15:55:00,529627,180928,15,Tue
322428973,20/08/2022,03:30:00,529628,181577,3,Sat
563417679,16/03/2023,17:10:00,529628,181370,17,Thu
563416199,16/03/2023,19:10:00,529628,180826,19,Thu
562460179,14/11/2022,21:35:00,529628,180826,21,Mon
562447051,16/07/2022,01:00:00,529629,180870,1,Sat
562440577,12/08/2022,03:25:00,529629,180870,3,Fri
562456000,24/08/2022,01:00:00,529630,180972,1,Wed
562477669,17/12/2022,01:57:00,529630,180972,1,Sat
562450816,21/09/2022,01:00:00,529630,180972,1,Wed
562469077,08/11/2022,02:05:00,529630,180972,2,Tue
562478176,07/12/2022,02:00:00,529630,180972,2,Wed
562454591,02/09/2022,03:00:00,529630,180972,3,Fri
563406985,24/01/2023,03:00:00,529630,180972,3,Tue
563405809,03/02/2023,03:00:00,529630,180972,3,Fri
563423621,21/03/2023,20:40:00,529630,180972,20,Tue
563415478,11/03/2023,22:45:00,529630,180972,22,Sat
42408419,31/07/2022,20:01:00,529631,163887,20,Sun
562447386,09/08/2022,00:30:00,529632,180923,0,Tue
563419993,21/02/2023,18:40:00,529632,181231,18,Tue
562444504,26/07/2022,22:00:00,529632,180923,22,Tue
562469145,17/10/2022,22:30:00,529632,180923,22,Mon
563402566,27/01/2023,00:30:00,529633,181239,0,Fri
563400072,13/01/2023,01:30:00,529633,181391,1,Fri
563402674,20/01/2023,01:35:00,529633,181391,1,Fri
563416069,10/03/2023,01:40:00,529633,181391,1,Fri
562473678,13/12/2022,02:00:00,529633,181391,2,Tue
562481092,29/12/2022,03:00:00,529633,181391,3,Thu
563416900,08/02/2023,03:00:00,529633,181391,3,Wed
563411825,26/02/2023,03:00:00,529633,181391,3,Sun
562435909,07/07/2022,03:18:00,529633,181391,3,Thu
563409698,04/02/2023,03:37:00,529633,181391,3,Sat
563405339,05/02/2023,03:40:00,529633,181391,3,Sun
562475906,04/12/2022,03:00:00,529633,181391,3,Sun
562453412,03/09/2022,05:00:00,529633,181391,5,Sat
323400730,04/01/2023,18:02:00,529633,182336,18,Wed
562446377,11/08/2022,21:00:00,529634,180689,21,Thu
562472921,19/11/2022,22:45:00,529634,181248,22,Sat
252420479,29/10/2022,21:39:00,529635,194327,21,Sat
562472174,01/12/2022,03:45:00,529636,180916,3,Thu
563415325,25/02/2023,04:50:00,529636,181419,4,Sat
562469793,25/10/2022,16:25:00,529636,181419,16,Tue
253405748,26/03/2023,17:00:00,529636,194330,17,Sun
562432048,02/07/2022,04:00:00,529637,180793,4,Sat
252439275,31/12/2022,10:30:00,529637,180793,10,Sat
323407006,25/02/2023,07:30:00,529638,181890,7,Sat
322428337,24/09/2022,16:20:00,529638,181531,16,Sat
252437042,24/11/2022,18:46:00,529638,191898,18,Thu
562485011,21/12/2022,22:00:00,529639,180883,22,Wed
253406367,16/03/2023,12:33:00,529640,195991,12,Thu
562434739,08/07/2022,18:00:00,529640,178184,18,Fri
562441313,23/07/2022,03:00:00,529641,181115,3,Sat
322432672,11/10/2022,02:00:00,529641,181588,2,Tue
722422643,26/09/2022,23:24:00,529642,186723,23,Mon
562479478,13/12/2022,00:01:00,529643,181397,0,Tue
562444283,27/07/2022,02:00:00,529643,181012,2,Wed
562476490,18/11/2022,02:00:00,529643,178168,2,Fri
562452734,15/09/2022,16:00:00,529643,181397,16,Thu
563413305,23/02/2023,22:00:00,529643,181408,22,Thu
563402178,03/02/2023,02:45:00,529644,181340,2,Fri
563411980,10/02/2023,02:00:00,529644,181340,2,Fri
562460052,20/10/2022,04:20:00,529644,181340,4,Thu
563405999,05/02/2023,06:00:00,529644,181340,6,Sun
563401874,15/01/2023,11:30:00,529644,181340,11,Sun
562463646,30/10/2022,17:40:00,529644,181340,17,Sun
562470529,15/12/2022,20:20:00,529644,181340,20,Thu
562441688,18/08/2022,03:00:00,529645,180944,3,Thu
562483080,21/12/2022,02:03:00,529646,181202,2,Wed
562477028,10/12/2022,00:01:00,529647,181215,0,Sat
562449938,16/08/2022,04:00:00,529648,181376,4,Tue
322428872,11/08/2022,18:50:00,529648,182566,18,Thu
563401520,01/01/2023,00:01:00,529649,180597,0,Sun
562461649,13/11/2022,01:45:00,529650,180803,1,Sun
562463189,10/11/2022,16:10:00,529651,178582,16,Thu
252430211,11/11/2022,14:00:00,529652,194322,14,Fri
562472937,08/12/2022,14:55:00,529652,178458,14,Thu
252430982,28/11/2022,17:30:00,529653,191891,17,Mon
562457142,03/09/2022,20:48:00,529653,178361,20,Sat
412415190,30/08/2022,17:00:00,529656,169296,17,Tue
322431736,13/12/2022,20:30:00,529656,183955,20,Tue
562463995,01/11/2022,01:06:00,529657,180766,1,Tue
562463277,08/11/2022,02:00:00,529657,180766,2,Tue
562455704,14/09/2022,02:10:00,529657,180766,2,Wed
562449405,31/07/2022,03:30:00,529657,180929,3,Sun
562442325,02/08/2022,05:10:00,529657,180766,5,Tue
563401025,21/01/2023,15:40:00,529657,179248,15,Sat
563414398,12/03/2023,16:30:00,529657,180766,16,Sun
563416866,04/03/2023,17:15:00,529657,180766,17,Sat
562483242,27/12/2022,18:58:00,529657,180766,18,Tue
562473871,21/11/2022,19:30:00,529657,180766,19,Mon
563415561,13/02/2023,19:40:00,529657,180766,19,Mon
562435419,08/07/2022,00:50:00,529658,181178,0,Fri
562479515,01/12/2022,03:30:00,529658,181178,3,Thu
563404351,07/01/2023,01:40:00,529660,180883,1,Sat
563427523,30/03/2023,06:45:00,529660,180883,6,Thu
563406373,14/01/2023,21:39:00,529660,180883,21,Sat
562430848,05/07/2022,01:40:00,529661,180980,1,Tue
722423354,07/10/2022,17:30:00,529661,185345,17,Fri
412418212,29/09/2022,13:29:00,529663,169123,13,Thu
563411705,26/02/2023,01:30:00,529664,180661,1,Sun
562487441,23/12/2022,03:38:00,529664,180661,3,Fri
562481243,31/12/2022,03:00:00,529664,181161,3,Sat
562467965,19/10/2022,02:00:00,529664,181161,2,Wed
63401251,18/01/2023,19:00:00,529664,194225,19,Wed
322435651,01/11/2022,01:12:00,529665,182668,1,Tue
322439185,08/12/2022,11:30:00,529666,182668,11,Thu
563407660,01/01/2023,21:20:00,529666,180936,21,Sun
563403563,16/01/2023,00:30:00,529668,180820,0,Mon
563421860,19/03/2023,01:00:00,529668,180672,1,Sun
562462235,30/10/2022,01:15:00,529668,180672,1,Sun
322421341,30/07/2022,01:50:00,529668,181592,1,Sat
562465594,29/10/2022,02:00:00,529668,180672,2,Sat
563416650,09/02/2023,09:00:00,529668,180820,9,Thu
562472664,30/11/2022,19:10:00,529668,180820,19,Wed
562476485,03/12/2022,21:15:00,529668,180672,21,Sat
563411891,14/02/2023,22:05:00,529668,180672,22,Tue
563413494,25/02/2023,22:47:00,529668,181592,22,Sat
322421477,28/09/2022,23:15:00,529668,181592,23,Wed
562470071,21/11/2022,12:55:00,529670,180471,12,Mon
562454536,24/09/2022,01:50:00,529671,180938,1,Sat
562450994,18/09/2022,03:50:00,529671,180938,3,Sun
562471252,24/11/2022,18:06:00,529671,181417,18,Thu
563404430,31/12/2022,22:00:00,529672,181375,22,Sat
563403029,04/02/2023,19:00:00,529673,180181,19,Sat
563418825,27/02/2023,13:40:00,529674,179210,13,Mon
562484272,28/12/2022,16:00:00,529674,181343,16,Wed
563410143,19/02/2023,16:15:00,529674,181343,16,Sun
252414668,05/07/2022,15:40:00,529675,194278,15,Tue
253412303,07/03/2023,15:30:00,529675,194278,15,Tue
252422553,25/08/2022,23:15:00,529675,194278,23,Thu
562434238,04/07/2022,00:01:00,529676,181114,0,Mon
562468170,13/10/2022,00:35:00,529676,181114,0,Thu
252431732,24/11/2022,16:24:00,529678,191809,16,Thu
562458727,29/09/2022,01:09:00,529679,181014,1,Thu
563429111,22/03/2023,01:10:00,529679,181014,1,Wed
562466725,29/10/2022,02:23:00,529679,181014,2,Sat
562461167,07/11/2022,16:55:00,529679,181343,16,Mon
562442625,29/07/2022,23:25:00,529679,180807,23,Fri
562472171,21/11/2022,14:30:00,529681,181375,14,Mon
563412029,14/03/2023,00:30:00,529683,181343,0,Tue
562447199,22/08/2022,21:30:00,529683,181343,21,Mon
562464711,14/10/2022,23:56:00,529683,181343,23,Fri
212422509,01/10/2022,18:10:00,529684,179407,18,Sat
563417040,23/07/2022,01:00:00,529685,181027,1,Sat
563417737,06/03/2023,21:00:00,529686,178032,21,Mon
253406918,22/03/2023,20:00:00,529687,194818,20,Wed
562445526,06/08/2022,01:20:00,529688,180645,1,Sat
562460679,15/11/2022,02:30:00,529688,180836,2,Tue
562486043,31/12/2022,04:30:00,529688,180821,4,Sat
822432510,01/12/2022,17:49:00,529688,188988,17,Thu
563411691,10/02/2023,19:00:00,529688,180836,19,Fri
563401165,22/01/2023,21:20:00,529688,180821,21,Sun
562441747,11/08/2022,22:00:00,529688,180836,22,Thu
323407741,15/01/2023,01:35:00,529689,182048,1,Sun
563400705,21/01/2023,03:30:00,529689,181381,3,Sat
322438715,02/12/2022,09:20:00,529689,183612,9,Fri
322429860,22/07/2022,20:40:00,529689,182048,20,Fri
323407169,27/03/2023,07:00:00,529691,181637,7,Mon
562453069,07/10/2022,23:30:00,529691,180683,23,Fri
563418662,16/02/2023,22:00:00,529691,180832,22,Thu
322423080,23/07/2022,23:40:00,529691,181637,23,Sat
562440252,22/07/2022,02:20:00,529692,181343,2,Fri
562467100,08/10/2022,22:10:00,529692,180986,22,Sat
562456607,27/09/2022,23:15:00,529692,180769,23,Tue
902424807,09/12/2022,00:44:00,529694,181517,0,Fri
562459312,03/09/2022,01:06:00,529694,180783,1,Sat
323405518,16/03/2023,11:00:00,529694,181517,11,Thu
722422012,10/09/2022,11:00:00,529695,185144,11,Sat
562458666,26/09/2022,01:40:00,529697,181099,1,Mon
563405131,29/12/2022,14:00:00,529698,180486,14,Thu
563414508,07/03/2023,19:35:00,529698,180486,19,Tue
563422692,30/03/2023,01:00:00,529699,181142,1,Thu
563402167,30/01/2023,05:15:00,529699,181146,5,Mon
563403304,17/01/2023,06:00:00,529699,181146,6,Tue
563422180,20/03/2023,15:50:00,529699,178311,15,Mon
562459797,01/10/2022,21:08:00,529699,181142,21,Sat
563403851,07/01/2023,22:51:00,529701,180982,22,Sat
563408801,05/01/2023,18:45:00,529702,181347,18,Thu
562448494,31/07/2022,02:00:00,529703,180678,2,Sun
323415414,16/02/2023,19:30:00,529703,182975,19,Thu
322433272,12/11/2022,01:00:00,529705,181428,1,Sat
562443404,28/07/2022,01:00:00,529705,180810,1,Thu
563413105,25/02/2023,02:35:00,529705,180810,2,Sat
562463804,26/10/2022,02:50:00,529705,180810,2,Wed
562477226,04/12/2022,03:00:00,529705,180810,3,Sun
562479892,26/11/2022,03:20:00,529705,180810,3,Sat
562472277,10/12/2022,03:00:00,529705,180810,3,Sat
563420060,19/03/2023,03:00:00,529705,180810,3,Sun
562475960,18/11/2022,04:30:00,529705,180810,4,Fri
62423341,23/08/2022,02:00:00,529705,180810,2,Tue
563401159,05/02/2023,20:20:00,529705,180810,20,Sun
562451779,08/10/2022,20:40:00,529705,180810,20,Sat
323402316,25/02/2023,01:00:00,529706,181429,1,Sat
563411786,05/03/2023,01:57:00,529706,181103,1,Sun
252413738,02/07/2022,18:21:00,529706,194154,18,Sat
563401960,04/01/2023,01:00:00,529707,180659,1,Wed
563418964,25/02/2023,01:00:00,529707,180659,1,Sat
562484533,31/12/2022,00:50:00,529707,180659,0,Sat
563405121,06/01/2023,01:00:00,529707,180659,1,Fri
562445754,30/07/2022,03:30:00,529707,180659,3,Sat
563411267,08/03/2023,04:00:00,529707,180659,4,Wed
562466522,18/10/2022,13:30:00,529707,180659,13,Tue
563408009,02/02/2023,19:00:00,529707,180659,19,Thu
562475992,25/11/2022,23:18:00,529707,180659,23,Fri
562444439,20/08/2022,02:40:00,529709,181431,2,Sat
302424112,12/10/2022,17:36:00,529709,177377,17,Wed
562444789,21/08/2022,01:53:00,529711,181382,1,Sun
413409611,27/01/2023,12:00:00,529711,168881,12,Fri
562487442,25/12/2022,02:30:00,529712,180601,2,Sun
562444106,04/08/2022,02:30:00,529712,180601,2,Thu
562457205,17/09/2022,23:00:00,529712,180601,23,Sat
562468877,03/11/2022,23:00:00,529714,180900,23,Thu
562471168,09/12/2022,15:20:00,529714,180900,15,Fri
562467519,12/11/2022,23:30:00,529714,180900,23,Sat
562465486,05/11/2022,00:05:00,529715,181052,0,Sat
563410841,13/02/2023,01:00:00,529715,180757,1,Mon
562458251,31/08/2022,01:00:00,529715,180757,1,Wed
563401564,20/01/2023,03:00:00,529715,180757,3,Fri
562436308,03/07/2022,04:05:00,529715,180757,4,Sun
563402449,04/02/2023,18:30:00,529715,180860,18,Sat
563409130,13/12/2022,19:40:00,529715,180840,19,Tue
563426152,28/03/2023,01:25:00,529716,181395,1,Tue
563418161,13/02/2023,16:30:00,529716,181395,16,Mon
562477489,17/12/2022,17:15:00,529716,181395,17,Sat
562484142,27/12/2022,18:00:00,529716,181395,18,Tue
562456964,16/09/2022,18:20:00,529716,181395,18,Fri
563403777,30/01/2023,18:27:00,529716,180787,18,Mon
563401829,02/02/2023,21:00:00,529716,181395,21,Thu
563414242,04/02/2023,23:25:00,529716,181395,23,Sat
562455259,08/10/2022,00:01:00,529717,181106,0,Sat
353400418,12/03/2023,18:30:00,529717,181025,18,Sun
562454426,23/09/2022,23:30:00,529717,181106,23,Fri
562477793,28/11/2022,06:15:00,529718,181075,6,Mon
322423305,02/09/2022,12:59:00,529718,184484,12,Fri
563429760,19/03/2023,22:00:00,529718,180836,22,Sun
562457384,12/09/2022,00:50:00,529719,180966,0,Mon
562452986,23/09/2022,18:30:00,529719,181349,18,Fri
562477184,30/11/2022,19:35:00,529719,181349,19,Wed
563401433,14/01/2023,20:15:00,529720,180778,20,Sat
322438396,18/12/2022,23:55:00,529721,182464,23,Sun
322429284,31/08/2022,08:30:00,529722,182130,8,Wed
323402476,02/03/2023,13:40:00,529722,182130,13,Thu
323407266,27/02/2023,14:00:00,529722,182130,14,Mon
562443108,14/08/2022,00:20:00,529723,181177,0,Sun
562451756,25/09/2022,02:00:00,529723,181165,2,Sun
562461625,29/10/2022,18:47:00,529723,180842,18,Sat
562439419,08/07/2022,02:00:00,529725,181094,2,Fri
562463133,23/10/2022,02:50:00,529726,180998,2,Sun
562446206,05/08/2022,03:00:00,529726,180998,3,Fri
563401047,29/01/2023,05:00:00,529726,180724,5,Sun
562467746,03/11/2022,06:30:00,529726,180724,6,Thu
562454677,01/10/2022,08:40:00,529726,180724,8,Sat
562447646,02/08/2022,16:30:00,529726,178836,16,Tue
323406773,05/02/2023,00:01:00,529727,181608,0,Sun
323408792,29/01/2023,15:00:00,529728,182824,15,Sun
322423168,06/10/2022,20:40:00,529729,183297,20,Thu
942419408,31/08/2022,23:45:00,529730,186736,23,Wed
562460088,12/11/2022,02:40:00,529730,180909,2,Sat
563423223,31/03/2023,04:10:00,529730,180687,4,Fri
323403781,20/01/2023,04:13:00,529730,181777,4,Fri
562443631,17/07/2022,05:00:00,529730,180687,5,Sun
562467082,02/10/2022,15:45:00,529730,181351,15,Sun
563410710,07/02/2023,19:10:00,529730,180687,19,Tue
562456902,02/09/2022,19:45:00,529730,181351,19,Fri
322422368,07/10/2022,05:35:00,529731,184918,5,Fri
563411151,13/02/2023,00:50:00,529732,181443,0,Mon
322413829,09/07/2022,17:40:00,529732,184575,17,Sat
562479415,30/11/2022,23:00:00,529733,181323,23,Wed
563415653,18/02/2023,02:10:00,529734,181324,2,Sat
562485523,09/12/2022,02:30:00,529734,181324,2,Fri
562487102,25/12/2022,02:00:00,529734,180735,2,Sun
562443654,30/07/2022,03:37:00,529734,181324,3,Sat
562483633,23/12/2022,10:00:00,529734,181324,10,Fri
562462769,14/11/2022,12:50:00,529734,180687,12,Mon
562438538,02/07/2022,15:00:00,529734,181324,15,Sat
562448819,19/08/2022,00:30:00,529735,180814,0,Fri
562479207,08/12/2022,04:30:00,529735,178482,4,Thu
563419565,01/03/2023,00:30:00,529736,181351,0,Wed
253400986,10/03/2023,18:40:00,529736,194297,18,Fri
563411419,12/03/2023,01:30:00,529737,180729,1,Sun
562438309,06/07/2022,02:00:00,529737,180729,2,Wed
562485580,14/12/2022,03:00:00,529738,180917,3,Wed
563405130,01/01/2023,13:00:00,529738,180799,13,Sun
562467264,28/10/2022,02:30:00,529739,180858,2,Fri
562458457,23/09/2022,23:50:00,529740,181041,23,Fri
562454832,04/09/2022,00:01:00,529740,181041,0,Sun
562446167,10/08/2022,01:00:00,529740,181191,1,Wed
562488053,31/12/2022,02:00:00,529740,181191,2,Sat
562468978,12/11/2022,04:25:00,529740,181041,4,Sat
252429153,25/08/2022,14:45:00,529740,194314,14,Thu
563407316,20/01/2023,20:00:00,529740,181041,20,Fri
832421366,26/08/2022,23:15:00,529740,159415,23,Fri
563423243,30/03/2023,13:45:00,529741,178035,13,Thu
253406163,04/02/2023,17:20:00,529741,194357,17,Sat
252424803,20/08/2022,17:45:00,529741,193890,17,Sat
563404979,04/02/2023,20:10:00,529741,180619,20,Sat
562446827,10/08/2022,00:01:00,529742,180816,0,Wed
562478283,24/11/2022,18:00:00,529743,180792,18,Thu
562463668,11/11/2022,19:05:00,529743,180792,19,Fri
563407133,15/01/2023,02:45:00,529744,180662,2,Sun
562452058,02/10/2022,04:20:00,529744,180662,4,Sun
562468044,26/10/2022,21:45:00,529744,180662,21,Wed
322437384,29/11/2022,02:15:00,529745,181468,2,Tue
562482253,31/12/2022,02:30:00,529745,181285,2,Sat
562452298,04/10/2022,03:30:00,529745,181285,3,Tue
322438724,24/11/2022,04:20:00,529745,181468,4,Thu
322439490,27/10/2022,14:50:00,529745,181468,14,Thu
562465422,18/10/2022,20:35:00,529745,181468,20,Tue
322428453,18/08/2022,23:30:00,529745,181468,23,Thu
322437111,29/10/2022,00:20:00,529749,183683,0,Sat
562466506,29/10/2022,00:50:00,529749,180694,0,Sat
562474685,01/12/2022,11:25:00,529749,181351,11,Thu
252432933,05/12/2022,15:45:00,529749,192017,15,Mon
562473483,26/11/2022,19:12:00,529749,181351,19,Sat
563401933,14/01/2023,01:20:00,529750,181156,1,Sat
323405912,23/01/2023,03:30:00,529750,181678,3,Mon
562463120,11/10/2022,02:15:00,529751,180822,2,Tue
562461871,16/10/2022,00:01:00,529752,181025,0,Sun
562466341,16/10/2022,02:30:00,529752,180715,2,Sun
563401968,03/02/2023,03:00:00,529752,180942,3,Fri
562444627,11/08/2022,03:30:00,529752,181174,3,Thu
563401998,04/02/2023,05:00:00,529752,180715,5,Sat
563408365,23/01/2023,03:10:00,529753,180854,3,Mon
562468318,10/11/2022,00:40:00,529754,181390,0,Thu
562452983,13/09/2022,01:20:00,529754,181390,1,Tue
562463694,29/10/2022,04:05:00,529754,180638,4,Sat
562474647,09/12/2022,14:35:00,529754,181390,14,Fri
562447157,10/08/2022,16:30:00,529754,181390,16,Wed
562455079,08/10/2022,17:45:00,529754,181390,17,Sat
563418405,25/02/2023,18:30:00,529754,181390,18,Sat
563419807,05/03/2023,19:00:00,529754,180688,19,Sun
562481032,26/12/2022,23:00:00,529754,181259,23,Mon
562467066,04/11/2022,01:50:00,529756,181087,1,Fri
322427195,09/09/2022,15:15:00,529756,181757,15,Fri
323406669,27/03/2023,19:15:00,529756,181757,19,Mon
562463281,14/10/2022,02:45:00,529757,181135,2,Fri
562476221,20/11/2022,03:54:00,529757,181135,3,Sun
563402203,14/01/2023,04:15:00,529757,181165,4,Sat
562461743,22/10/2022,23:00:00,529757,181165,23,Sat
323416920,01/03/2023,14:30:00,529758,181627,14,Wed
562474509,14/12/2022,23:10:00,529758,181028,23,Wed
562445978,18/08/2022,00:03:00,529759,181081,0,Thu
562441113,24/07/2022,03:30:00,529759,180994,3,Sun
822412448,26/07/2022,11:30:00,529759,188518,11,Tue
562486491,24/12/2022,21:20:00,529762,180806,21,Sat
722426504,03/10/2022,16:00:00,529763,186346,16,Mon
563412769,10/03/2023,01:00:00,529764,180643,1,Fri
562461605,28/10/2022,20:00:00,529764,180769,20,Fri
562479570,17/11/2022,21:30:00,529764,180643,21,Thu
562436779,10/07/2022,02:00:00,529765,181255,2,Sun
563400631,07/01/2023,02:30:00,529766,180759,2,Sat
562467755,30/10/2022,18:35:00,529766,180759,18,Sun
562485631,22/12/2022,19:30:00,529766,180759,19,Thu
562469066,04/11/2022,02:10:00,529767,180861,2,Fri
322430173,20/11/2022,02:00:00,529768,181509,2,Sun
323409028,16/03/2023,19:00:00,529768,181509,19,Thu
62431072,28/12/2022,02:05:00,529769,181409,2,Wed
563427570,17/03/2023,04:00:00,529769,181409,4,Fri
322420863,20/08/2022,05:30:00,529769,181409,5,Sat
562435608,03/07/2022,08:45:00,529769,181409,8,Sun
322429052,08/08/2022,09:05:00,529769,181409,9,Mon
562467374,28/10/2022,13:45:00,529769,181409,13,Fri
562457879,08/10/2022,15:30:00,529769,181409,15,Sat
563407299,06/02/2023,17:45:00,529769,181409,17,Mon
563419228,09/03/2023,23:30:00,529769,181409,23,Thu
562440978,17/08/2022,00:01:00,529770,181056,0,Wed
722420127,05/11/2022,01:00:00,529770,181056,1,Sat
563411553,18/02/2023,01:30:00,529770,181139,1,Sat
562474788,14/12/2022,03:50:00,529770,181139,3,Wed
562489802,25/12/2022,05:00:00,529770,181070,5,Sun
562446993,27/07/2022,19:35:00,529770,181056,19,Wed
562478311,19/11/2022,23:00:00,529770,181139,23,Sat
563420161,23/03/2023,23:00:00,529771,181117,23,Thu
562442539,20/08/2022,01:00:00,529771,181117,1,Sat
563403007,28/01/2023,02:11:00,529771,181117,2,Sat
563429521,21/03/2023,03:00:00,529771,181117,3,Tue
562476430,21/10/2022,01:00:00,529771,181117,1,Fri
322432115,01/12/2022,22:48:00,529772,184337,22,Thu
563418022,15/02/2023,17:25:00,529773,181269,17,Wed
562479454,30/11/2022,17:50:00,529773,181388,17,Wed
562441994,31/07/2022,18:00:00,529773,181388,18,Sun
562478549,14/12/2022,18:40:00,529773,181388,18,Wed
562477396,07/12/2022,19:00:00,529773,181388,19,Wed
563404210,30/12/2022,02:15:00,529774,181043,2,Fri
562440866,06/08/2022,03:00:00,529774,181039,3,Sat
563419831,12/02/2023,17:30:00,529774,181043,17,Sun
563426897,17/02/2023,23:00:00,529774,181043,23,Fri
722422644,07/10/2022,05:38:00,529776,184894,5,Fri
43408213,12/03/2023,13:00:00,529776,163125,13,Sun
562463509,12/11/2022,22:35:00,529776,183360,22,Sat
322435482,12/11/2022,22:49:00,529776,183360,22,Sat
562459660,27/08/2022,01:15:00,529777,181125,1,Sat
562452136,24/09/2022,02:30:00,529777,181125,2,Sat
562465978,11/11/2022,22:50:00,529777,180895,22,Fri
322420811,27/07/2022,18:15:00,529778,181515,18,Wed
562432028,02/07/2022,23:50:00,529779,181037,23,Sat
562440452,22/07/2022,03:40:00,529780,181174,3,Fri
563408411,06/01/2023,03:40:00,529780,180731,3,Fri
562485791,24/12/2022,03:00:00,529780,180731,3,Sat
562481181,24/12/2022,07:00:00,529780,180731,7,Sat
563406029,04/02/2023,16:30:00,529780,181174,16,Sat
562466594,28/10/2022,20:30:00,529780,180731,20,Fri
563426742,27/03/2023,20:45:00,529780,180731,20,Mon
562471989,17/12/2022,21:06:00,529780,180731,21,Sat
562472535,02/12/2022,22:00:00,529780,180731,22,Fri
562460665,29/10/2022,22:14:00,529781,180887,22,Sat
562484111,22/12/2022,01:25:00,529782,180609,1,Thu
562442048,16/08/2022,03:50:00,529782,181388,3,Tue
563410723,17/02/2023,12:00:00,529782,181388,12,Fri
562430989,10/07/2022,16:59:00,529782,181388,16,Sun
563400514,17/01/2023,18:20:00,529782,181388,18,Tue
563413491,13/02/2023,19:00:00,529782,181388,19,Mon
562478502,22/11/2022,20:45:00,529782,181388,20,Tue
562437777,01/07/2022,01:00:00,529783,181110,1,Fri
562451786,25/09/2022,01:00:00,529783,181055,1,Sun
563424730,18/03/2023,02:00:00,529783,181110,2,Sat
562447916,06/08/2022,02:30:00,529783,181110,2,Sat
563406133,15/01/2023,02:45:00,529783,181110,2,Sun
563417020,30/12/2022,12:00:00,529783,181110,12,Fri
563408671,08/01/2023,02:00:00,529783,181110,2,Sun
563415658,11/03/2023,03:00:00,529783,181110,3,Sat
562447982,23/07/2022,03:25:00,529783,181055,3,Sat
563403645,18/01/2023,03:00:00,529783,181110,3,Wed
642410758,02/07/2022,23:25:00,529783,181055,23,Sat
562467873,24/10/2022,23:30:00,529783,180792,23,Mon
563417143,17/02/2023,23:30:00,529783,181110,23,Fri
562444480,15/07/2022,01:00:00,529784,181103,1,Fri
562463707,03/11/2022,01:40:00,529784,181163,1,Thu
562450792,08/09/2022,04:00:00,529784,180836,4,Thu
563402598,03/02/2023,21:50:00,529784,180836,21,Fri
562463317,05/11/2022,22:25:00,529784,181103,22,Sat
563404583,14/01/2023,01:00:00,529785,181040,1,Sat
563412327,06/03/2023,13:30:00,529785,181040,13,Mon
563402495,31/12/2022,18:00:00,529785,180876,18,Sat
563417465,25/02/2023,22:00:00,529785,180876,22,Sat
322437754,27/11/2022,13:48:00,529786,184745,13,Sun
562453140,26/08/2022,01:25:00,529787,178845,1,Fri
253401147,14/03/2023,18:20:00,529788,191785,18,Tue
562430979,09/07/2022,01:50:00,529790,181362,1,Sat
322435503,12/11/2022,02:00:00,529790,181362,2,Sat
562485933,31/12/2022,03:04:00,529790,181362,3,Sat
322421656,18/09/2022,03:35:00,529790,181362,3,Sun
562443126,06/08/2022,03:30:00,529790,181362,3,Sat
563409222,01/01/2023,04:01:00,529790,181362,4,Sun
563407631,07/01/2023,05:15:00,529790,181362,5,Sat
562442268,17/08/2022,07:20:00,529790,181362,7,Wed
563429022,26/03/2023,15:40:00,529790,181362,15,Sun
562461404,23/10/2022,16:00:00,529790,181362,16,Sun
563407018,31/01/2023,17:10:00,529790,180703,17,Tue
723409463,11/02/2023,18:20:00,529790,185383,18,Sat
562444054,29/07/2022,22:30:00,529790,181362,22,Fri
563422540,19/03/2023,00:25:00,529792,181081,0,Sun
563414330,09/02/2023,01:40:00,529792,181399,1,Thu
563427732,11/03/2023,02:30:00,529792,181300,2,Sat
562455746,25/09/2022,03:30:00,529792,181081,3,Sun
562468809,13/11/2022,04:00:00,529792,181081,4,Sun
822439940,06/12/2022,07:15:00,529792,186134,7,Tue
833401983,06/02/2023,21:30:00,529792,159590,21,Mon
323405870,09/01/2023,08:45:00,529793,182837,8,Mon
562479600,15/11/2022,22:30:00,529794,181149,22,Tue
563411168,11/03/2023,19:30:00,529795,180911,19,Sat
563402200,01/01/2023,00:05:00,529796,180683,0,Sun
563429425,28/03/2023,23:00:00,529796,180683,23,Tue
562432528,04/07/2022,02:55:00,529796,180683,2,Mon
562439697,03/07/2022,03:58:00,529796,180683,3,Sun
562440286,08/08/2022,04:15:00,529796,180683,4,Mon
412408158,11/07/2022,13:23:00,529796,168889,13,Mon
562462515,28/10/2022,15:00:00,529796,180683,15,Fri
563427360,19/03/2023,15:30:00,529796,180683,15,Sun
562485143,30/12/2022,16:05:00,529796,180683,16,Fri
353404435,12/02/2023,16:00:00,529796,180683,16,Sun
563415012,11/02/2023,17:00:00,529796,180683,17,Sat
562486640,19/12/2022,17:00:00,529796,180683,17,Mon
563435104,14/03/2023,19:00:00,529796,180683,19,Tue
63400171,20/01/2023,22:00:00,529796,180683,22,Fri
562479266,30/11/2022,23:00:00,529796,180683,23,Wed
562455947,30/09/2022,00:58:00,529797,181020,0,Fri
563406966,27/01/2023,01:00:00,529797,181020,1,Fri
563400646,22/01/2023,07:30:00,529797,180856,7,Sun
822428509,13/11/2022,14:00:00,529799,188706,14,Sun
822423331,27/08/2022,21:00:00,529801,188854,21,Sat
562464585,31/10/2022,17:30:00,529807,181024,17,Mon
562472050,18/11/2022,02:45:00,529810,180839,2,Fri
562452163,10/09/2022,01:00:00,529811,181122,1,Sat
562476499,18/12/2022,02:30:00,529811,181122,2,Sun
563419856,04/03/2023,02:30:00,529811,181122,2,Sat
822429369,26/11/2022,19:30:00,529811,189466,19,Sat
562476411,19/11/2022,20:10:00,529811,180687,20,Sat
823402560,08/01/2023,23:00:00,529811,189466,23,Sun
563427066,18/03/2023,23:30:00,529811,181122,23,Sat
823400694,22/02/2023,23:30:00,529811,189466,23,Wed
563413558,04/03/2023,00:01:00,529811,180687,0,Sat
323402974,14/02/2023,21:05:00,529813,181551,21,Tue
563414796,04/03/2023,17:50:00,529814,180752,17,Sat
562484442,27/12/2022,18:50:00,529814,180752,18,Tue
562470199,18/12/2022,01:59:00,529815,181032,1,Sun
322425044,27/08/2022,02:42:00,529815,181490,2,Sat
562452454,16/09/2022,04:20:00,529815,181032,4,Fri
562472526,04/12/2022,10:30:00,529815,181032,10,Sun
562431808,02/07/2022,20:30:00,529815,181032,20,Sat
563413260,10/02/2023,01:35:00,529816,181111,1,Fri
562468341,16/10/2022,02:00:00,529816,181111,2,Sun
562463586,05/11/2022,02:10:00,529816,181111,2,Sat
562443260,14/07/2022,02:30:00,529816,181111,2,Thu
562455627,28/09/2022,02:30:00,529816,181111,2,Wed
562456452,30/08/2022,03:09:00,529816,181111,3,Tue
563419043,19/02/2023,03:30:00,529816,181111,3,Sun
562441629,20/08/2022,02:45:00,529817,181231,2,Sat
563404125,21/01/2023,18:38:00,529817,180827,18,Sat
562452525,18/09/2022,02:25:00,529818,180757,2,Sun
562449241,16/07/2022,03:30:00,529818,180757,3,Sat
562450599,09/10/2022,03:30:00,529818,180757,3,Sun
563407337,29/01/2023,04:44:00,529818,180757,4,Sun
563428102,25/03/2023,20:05:00,529818,180757,20,Sat
562436049,08/07/2022,20:15:00,529818,180757,20,Fri
562475567,09/12/2022,21:00:00,529818,180757,21,Fri
563421260,19/03/2023,02:00:00,529820,181083,2,Sun
323402343,02/02/2023,20:45:00,529820,182094,20,Thu
562441939,20/08/2022,21:15:00,529820,181083,21,Sat
722417329,30/07/2022,23:50:00,529820,187096,23,Sat
563409790,01/01/2023,01:45:00,529821,180930,1,Sun
562472383,26/11/2022,02:00:00,529822,180445,2,Sat
562478398,14/12/2022,00:30:00,529823,181074,0,Wed
563419986,05/03/2023,02:15:00,529823,181074,2,Sun
563405531,07/01/2023,03:20:00,529823,181074,3,Sat
563413247,04/03/2023,03:00:00,529825,181090,3,Sat
562461542,19/10/2022,20:58:00,529825,181090,20,Wed
562477438,11/12/2022,02:00:00,529826,181025,2,Sun
722416958,27/07/2022,16:30:00,529826,183052,16,Wed
563422090,21/03/2023,01:45:00,529827,180975,1,Tue
563413352,16/02/2023,02:00:00,529827,181231,2,Thu
562436079,09/07/2022,23:00:00,529827,180975,23,Sat
562446382,23/07/2022,03:30:00,529828,181208,3,Sat
322417688,06/07/2022,01:30:00,529829,181512,1,Wed
322424563,19/08/2022,21:45:00,529829,181512,21,Fri
322420318,02/10/2022,23:40:00,529829,181512,23,Sun
322432536,08/12/2022,04:10:00,529830,181438,4,Thu
322438650,23/10/2022,21:00:00,529831,181439,21,Sun
823400092,31/01/2023,16:00:00,529832,191615,16,Tue
822420569,25/11/2022,17:00:00,529832,191615,17,Fri
822425269,25/11/2022,17:30:00,529832,191615,17,Fri
823402681,21/01/2023,19:00:00,529832,191615,19,Sat
562444483,27/07/2022,00:20:00,529833,181210,0,Wed
562467665,31/10/2022,01:00:00,529833,180647,1,Mon
562473780,19/11/2022,02:00:00,529833,180647,2,Sat
562470568,11/12/2022,03:15:00,529833,181210,3,Sun
562462675,30/10/2022,05:00:00,529833,180647,5,Sun
562472324,25/11/2022,19:25:00,529833,181243,19,Fri
562471893,28/11/2022,20:10:00,529833,180647,20,Mon
722430730,10/12/2022,21:15:00,529833,185049,21,Sat
323405668,19/03/2023,22:23:00,529833,182787,22,Sun
562446728,13/08/2022,22:30:00,529833,181210,22,Sat
563416193,21/02/2023,23:45:00,529833,181210,23,Tue
562454290,28/08/2022,03:53:00,529836,180287,3,Sun
562448997,14/08/2022,05:00:00,529836,181088,5,Sun
562485510,19/12/2022,00:30:00,529838,181108,0,Mon
562448912,19/07/2022,00:20:00,529838,181108,0,Tue
562459320,24/08/2022,01:00:00,529838,180921,1,Wed
562452090,28/08/2022,02:00:00,529838,180907,2,Sun
322434190,27/10/2022,02:25:00,529838,184854,2,Thu
562460549,13/11/2022,04:00:00,529838,181108,4,Sun
562443543,24/07/2022,22:30:00,529838,181048,22,Sun
562444097,12/08/2022,23:40:00,529838,181108,23,Fri
562440309,19/08/2022,03:30:00,529840,181216,3,Fri
563405661,07/01/2023,22:20:00,529840,181216,22,Sat
562432619,08/07/2022,02:00:00,529844,180910,2,Fri
413409850,13/01/2023,08:15:00,529846,169186,8,Fri
322433143,14/11/2022,10:00:00,529846,181403,10,Mon
563419323,19/02/2023,02:00:00,529847,180528,2,Sun
562476281,22/11/2022,01:10:00,529848,180831,1,Tue
722420345,17/10/2022,03:30:00,529849,184983,3,Mon
562448266,06/08/2022,04:00:00,529849,180772,4,Sat
723406534,19/02/2023,11:22:00,529849,184983,11,Sun
322437393,22/11/2022,01:10:00,529852,181485,1,Tue
563418294,25/02/2023,00:01:00,529854,180883,0,Sat
562464461,16/10/2022,18:20:00,529855,181064,18,Sun
322437051,01/11/2022,00:54:00,529856,181403,0,Tue
353405349,24/03/2023,01:29:00,529856,181403,1,Fri
323406768,20/03/2023,05:27:00,529856,181403,5,Mon
323409298,21/03/2023,21:00:00,529856,181403,21,Tue
822413009,01/08/2022,18:55:00,529857,187736,18,Mon
563417387,08/03/2023,19:20:00,529858,180814,19,Wed
322421330,19/07/2022,22:30:00,529859,182492,22,Tue
322426800,17/07/2022,01:00:00,529860,181264,1,Sun
323405777,12/03/2023,14:00:00,529860,182528,14,Sun
562440661,17/07/2022,23:50:00,529861,180575,23,Sun
562447654,30/07/2022,01:00:00,529862,180463,1,Sat
722426349,28/11/2022,21:23:00,529863,186373,21,Mon
563400459,26/01/2023,19:00:00,529864,180896,19,Thu
833402949,29/03/2023,20:01:00,529864,159056,20,Wed
42413160,01/09/2022,00:08:00,529865,164877,0,Thu
562440613,13/07/2022,02:45:00,529865,180592,2,Wed
322428127,24/09/2022,05:40:00,529865,181132,5,Sat
42418961,25/09/2022,15:50:00,529865,165426,15,Sun
562446959,21/08/2022,23:00:00,529869,179894,23,Sun
322422737,25/09/2022,18:15:00,529870,182782,18,Sun
563403410,01/01/2023,01:10:00,529872,180677,1,Sun
322439540,23/10/2022,02:00:00,529872,181440,2,Sun
322437254,26/11/2022,03:20:00,529872,181440,3,Sat
322428571,01/08/2022,09:53:00,529872,181440,9,Mon
562485201,21/12/2022,18:05:00,529872,180677,18,Wed
322422546,16/09/2022,23:50:00,529872,181440,23,Fri
322421954,28/08/2022,22:45:00,529873,181168,22,Sun
563419808,10/03/2023,05:50:00,529874,180374,5,Fri
562456569,29/09/2022,23:45:00,529874,181046,23,Thu
322421265,08/09/2022,16:40:00,529875,181472,16,Thu
303407724,23/02/2023,17:00:00,529875,177472,17,Thu
562462633,22/10/2022,03:30:00,529876,181103,3,Sat
562445254,28/07/2022,03:30:00,529876,181103,3,Thu
322438747,20/12/2022,16:00:00,529876,181203,16,Tue
253409326,04/03/2023,17:30:00,529876,194432,17,Sat
562448287,12/08/2022,00:10:00,529877,181096,0,Fri
562458140,26/08/2022,01:00:00,529877,181096,1,Fri
562459257,30/09/2022,01:15:00,529877,181096,1,Fri
563407327,28/01/2023,19:30:00,529877,180843,19,Sat
323404613,30/01/2023,23:30:00,529878,181203,23,Mon
562465792,22/10/2022,03:00:00,529878,180791,3,Sat
322427832,08/08/2022,04:45:00,529878,181203,4,Mon
563442043,23/10/2022,02:00:00,529878,180791,2,Sun
562462294,28/10/2022,21:33:00,529878,180884,21,Fri
562459033,10/09/2022,01:30:00,529880,181079,1,Sat
323403634,11/02/2023,01:10:00,529881,182169,1,Sat
322426188,08/10/2022,14:25:00,529881,181890,14,Sat
323404675,22/02/2023,20:40:00,529881,181890,20,Wed
822414028,23/07/2022,15:25:00,529883,191303,15,Sat
823400275,02/03/2023,16:30:00,529883,191303,16,Thu
563423730,18/03/2023,17:01:00,529883,180628,17,Sat
822424867,05/11/2022,21:55:00,529883,191303,21,Sat
562469074,28/10/2022,01:15:00,529884,181009,1,Fri
563404698,04/02/2023,03:15:00,529884,181009,3,Sat
562449731,17/07/2022,05:20:00,529884,181009,5,Sun
562465513,21/10/2022,11:05:00,529884,181009,11,Fri
563412771,13/02/2023,19:30:00,529884,181009,19,Mon
322439834,25/11/2022,20:00:00,529884,181009,20,Fri
322425271,01/08/2022,22:10:00,529884,182639,22,Mon
562444205,01/08/2022,01:50:00,529885,181169,1,Mon
323406490,11/01/2023,01:00:00,529886,181366,1,Wed
322426805,03/09/2022,02:10:00,529886,181366,2,Sat
562459848,04/10/2022,03:25:00,529889,181072,3,Tue
562447045,02/08/2022,21:40:00,529889,181063,21,Tue
822428923,16/09/2022,22:10:00,529889,189183,22,Fri
563403398,03/02/2023,23:45:00,529889,181063,23,Fri
322430811,28/10/2022,22:00:00,529890,181146,22,Fri
723402463,11/02/2023,17:30:00,529891,185130,17,Sat
322423318,02/10/2022,16:40:00,529894,181411,16,Sun
253400278,29/03/2023,23:05:00,529895,194842,23,Wed
323406764,14/02/2023,02:00:00,529896,181134,2,Tue
822426817,31/10/2022,13:30:00,529897,189183,13,Mon
322434752,10/11/2022,21:09:00,529898,182525,21,Thu
562470237,09/12/2022,05:20:00,529899,180914,5,Fri
563417148,10/03/2023,10:20:00,529899,180914,10,Fri
322425445,06/09/2022,02:00:00,529900,181307,2,Tue
563418023,18/02/2023,03:00:00,529900,180600,3,Sat
562455329,02/10/2022,02:00:00,529900,180600,2,Sun
563428310,18/03/2023,02:00:00,529901,180881,2,Sat
562437479,10/07/2022,04:55:00,529903,180765,4,Sun
562450231,30/08/2022,05:10:00,529903,180765,5,Tue
563409392,07/01/2023,15:13:00,529903,180765,15,Sat
563413212,11/02/2023,17:30:00,529903,180765,17,Sat
562462097,08/11/2022,20:50:00,529903,180765,20,Tue
563411979,16/03/2023,21:25:00,529903,180765,21,Thu
562461695,31/10/2022,22:30:00,529903,180765,22,Mon
322439515,02/12/2022,09:38:00,529904,184602,9,Fri
322423644,27/08/2022,01:30:00,529905,181721,1,Sat
323401012,22/01/2023,03:10:00,529905,181415,3,Sun
562430559,09/07/2022,01:30:00,529907,180994,1,Sat
562478840,17/11/2022,22:00:00,529907,181302,22,Thu
563417916,02/03/2023,16:23:00,529908,181091,16,Thu
252422094,10/09/2022,09:30:00,529911,187881,9,Sat
563418479,16/03/2023,17:45:00,529911,181137,17,Thu
323402965,21/02/2023,22:30:00,529911,181082,22,Tue
323415229,15/01/2023,00:30:00,529914,181464,0,Sun
322425165,08/09/2022,01:40:00,529914,181464,1,Thu
562441277,12/08/2022,22:13:00,529914,180872,22,Fri
563409205,15/01/2023,00:10:00,529915,180717,0,Sun
562459399,09/10/2022,02:30:00,529915,181371,2,Sun
322432177,29/12/2022,04:00:00,529915,181371,4,Thu
323402273,05/02/2023,03:00:00,529915,181371,3,Sun
722424774,10/10/2022,07:50:00,529915,186771,7,Mon
323404413,31/01/2023,09:15:00,529915,182589,9,Tue
322426129,12/10/2022,10:15:00,529915,181371,10,Wed
562478228,11/12/2022,15:27:00,529915,180717,15,Sun
562433769,09/07/2022,21:45:00,529915,180717,21,Sat
322435325,02/12/2022,22:05:00,529915,181371,22,Fri
322422390,23/07/2022,01:30:00,529917,180995,1,Sat
562442658,16/08/2022,21:10:00,529918,180672,21,Tue
563408859,05/02/2023,01:00:00,529919,181165,1,Sun
562486971,23/12/2022,20:20:00,529919,180889,20,Fri
563414290,10/02/2023,01:00:00,529920,181124,1,Fri
323406142,25/01/2023,00:10:00,529920,181066,0,Wed
322411648,02/07/2022,00:32:00,529920,181124,0,Sat
322432721,29/10/2022,01:00:00,529920,181124,1,Sat
562446372,18/07/2022,03:20:00,529920,180876,3,Mon
323403457,10/03/2023,15:15:00,529920,181066,15,Fri
563407505,20/01/2023,16:30:00,529920,180876,16,Fri
562467480,13/10/2022,18:45:00,529920,180876,18,Thu
563421490,10/03/2023,16:30:00,529922,179094,16,Fri
562437457,01/07/2022,01:00:00,529923,180811,1,Fri
563410262,16/02/2023,20:45:00,529923,181039,20,Thu
562461135,30/10/2022,00:02:00,529924,180697,0,Sun
562479316,04/12/2022,02:00:00,529924,180965,2,Sun
563416903,17/02/2023,19:00:00,529924,180876,19,Fri
562440897,13/08/2022,20:00:00,529924,180888,20,Sat
562455049,07/10/2022,20:20:00,529924,180876,20,Fri
563407751,07/01/2023,21:15:00,529924,180876,21,Sat
562476555,02/12/2022,21:10:00,529924,180888,21,Fri
322431421,29/10/2022,22:40:00,529924,181424,22,Sat
562482791,24/12/2022,23:35:00,529924,180697,23,Sat
562462345,29/10/2022,23:45:00,529924,180697,23,Sat
562466211,14/10/2022,20:50:00,529925,180889,20,Fri
302413646,31/07/2022,17:30:00,529926,177547,17,Sun
563408320,01/01/2023,17:30:00,529927,181071,17,Sun
562468718,10/11/2022,05:14:00,529928,180442,5,Thu
562473991,22/11/2022,11:35:00,529928,180442,11,Tue
412412360,25/08/2022,18:00:00,529928,169045,18,Thu
562466910,10/10/2022,22:05:00,529928,180442,22,Mon
562471941,20/11/2022,23:46:00,529928,180442,23,Sun
322432485,08/12/2022,00:35:00,529929,181183,0,Thu
323409985,23/02/2023,02:00:00,529929,181183,2,Thu
303405656,26/03/2023,22:10:00,529929,181183,22,Sun
563411319,14/03/2023,00:10:00,529931,180830,0,Tue
562461873,25/10/2022,00:25:00,529931,180830,0,Tue
563408787,21/01/2023,00:50:00,529931,180830,0,Sat
563410787,09/03/2023,01:00:00,529931,180830,1,Thu
562470246,06/12/2022,01:10:00,529931,180830,1,Tue
562454719,07/10/2022,01:43:00,529931,180830,1,Fri
563407239,05/02/2023,02:00:00,529931,180830,2,Sun
562452999,25/06/2022,02:00:00,529931,180830,2,Sat
563405739,05/02/2023,03:00:00,529931,180830,3,Sun
562453017,28/09/2022,03:13:00,529931,180830,3,Wed
563424770,18/03/2023,04:00:00,529931,180830,4,Sat
563419335,26/02/2023,04:00:00,529931,180830,4,Sun
563416058,05/03/2023,05:00:00,529931,180830,5,Sun
562452156,25/09/2022,07:29:00,529931,180830,7,Sun
562441733,21/07/2022,18:20:00,529931,180830,18,Thu
562489801,21/12/2022,20:00:00,529931,180830,20,Wed
563403470,24/12/2022,21:00:00,529931,180830,21,Sat
562453475,21/09/2022,21:40:00,529931,180830,21,Wed
562436608,02/07/2022,21:00:00,529931,180830,21,Sat
562474428,10/12/2022,22:15:00,529931,180830,22,Sat
562440225,01/08/2022,23:28:00,529931,180830,23,Mon
563425714,31/03/2023,19:45:00,529932,180682,19,Fri
562462127,05/11/2022,01:05:00,529933,180871,1,Sat
562473126,04/12/2022,20:40:00,529933,180871,20,Sun
562467534,27/10/2022,00:40:00,529934,180642,0,Thu
322427719,11/10/2022,16:10:00,529934,182166,16,Tue
322422920,18/07/2022,19:55:00,529934,182166,19,Mon
563412069,15/03/2023,22:55:00,529935,180673,22,Wed
563403459,05/02/2023,14:05:00,529936,180886,14,Sun
562451068,04/10/2022,00:01:00,529937,180761,0,Tue
722421573,30/09/2022,01:00:00,529937,186738,1,Fri
563409102,10/01/2023,02:10:00,529937,180761,2,Tue
563416232,16/02/2023,02:40:00,529937,180761,2,Thu
322422827,18/09/2022,21:50:00,529937,181765,21,Sun
322422763,19/08/2022,21:50:00,529937,181765,21,Fri
563429812,25/03/2023,21:45:00,529939,180877,21,Sat
723401395,09/03/2023,16:45:00,529940,185622,16,Thu
322420848,02/10/2022,09:35:00,529942,182540,9,Sun
323400341,15/01/2023,00:30:00,529943,181527,0,Sun
323407918,11/03/2023,18:00:00,529943,183099,18,Sat
322436005,30/11/2022,18:40:00,529943,183099,18,Wed
562466334,27/10/2022,00:05:00,529944,180912,0,Thu
562445586,09/08/2022,04:30:00,529944,180912,4,Tue
562464788,11/11/2022,11:10:00,529944,180912,11,Fri
562471453,27/11/2022,17:00:00,529944,180912,17,Sun
563402847,28/01/2023,17:30:00,529944,180912,17,Sat
563413001,10/02/2023,18:10:00,529944,180912,18,Fri
563411886,04/03/2023,19:10:00,529944,180912,19,Sat
562467078,11/11/2022,20:38:00,529944,180912,20,Fri
562466694,28/10/2022,17:00:00,529944,180912,17,Fri
562469035,28/10/2022,22:00:00,529944,180912,22,Fri
562471397,10/12/2022,22:00:00,529944,180912,22,Sat
563407409,03/02/2023,21:30:00,529944,180912,21,Fri
322437830,23/10/2022,04:50:00,529945,182742,4,Sun
722420418,15/11/2022,09:00:00,529945,186631,9,Tue
722428041,29/08/2022,16:57:00,529946,185214,16,Mon
322429292,13/08/2022,00:01:00,529948,181045,0,Sat
563423362,27/03/2023,19:50:00,529948,181045,19,Mon
562478989,17/12/2022,22:00:00,529948,181045,22,Sat
323402710,02/01/2023,00:57:00,529950,180994,0,Mon
822417998,01/08/2022,15:40:00,529952,187819,15,Mon
562465268,10/11/2022,00:50:00,529954,180968,0,Thu
562459897,02/10/2022,02:00:00,529954,180641,2,Sun
563407036,21/01/2023,20:30:00,529954,180968,20,Sat
563425850,14/03/2023,23:30:00,529954,180641,23,Tue
562449897,14/08/2022,01:50:00,529955,180797,1,Sun
562484970,20/12/2022,19:05:00,529955,180797,19,Tue
562451326,24/09/2022,00:35:00,529956,180727,0,Sat
562430349,09/07/2022,01:45:00,529958,180873,1,Sat
563404300,01/01/2023,03:10:00,529958,180788,3,Sun
43402333,17/03/2023,17:25:00,529958,162828,17,Fri
562468334,26/10/2022,17:42:00,529958,180873,17,Wed
563418147,06/03/2023,20:00:00,529958,180873,20,Mon
563418697,31/12/2022,20:19:00,529958,180840,20,Sat
563400572,12/01/2023,20:55:00,529958,180873,20,Thu
562452347,29/09/2022,20:45:00,529959,180707,20,Thu
562477160,16/11/2022,23:00:00,529961,180957,23,Wed
563403276,25/01/2023,23:00:00,529961,180957,23,Wed
413404131,30/01/2023,20:30:00,529963,168369,20,Mon
562459120,25/08/2022,01:36:00,529969,180991,1,Thu
563408300,01/01/2023,02:40:00,529969,180306,2,Sun
562464078,11/11/2022,21:15:00,529969,180306,21,Fri
562481753,31/12/2022,22:00:00,529969,180306,22,Sat
322420057,27/09/2022,03:22:00,529971,181438,3,Tue
322424646,17/09/2022,04:28:00,529971,181438,4,Sat
322422396,21/09/2022,20:20:00,529971,181438,20,Wed
412419623,24/10/2022,21:00:00,529971,168414,21,Mon
322423121,27/07/2022,22:45:00,529971,181438,22,Wed
563411687,08/03/2023,23:57:00,529973,178242,23,Wed
562443541,16/07/2022,03:05:00,529974,180916,3,Sat
563416215,26/02/2023,15:15:00,529974,180916,15,Sun
322429657,23/09/2022,15:50:00,529978,181080,15,Fri
562431868,25/06/2022,03:00:00,529980,180360,3,Sat
563428603,30/03/2023,14:30:00,529980,180360,14,Thu
323403755,19/02/2023,03:15:00,529982,181188,3,Sun
322423628,03/10/2022,23:46:00,529982,181188,23,Mon
563415534,08/01/2023,00:35:00,529987,180812,0,Sun
563422913,31/03/2023,00:44:00,529987,180812,0,Fri
562463264,28/10/2022,00:30:00,529987,180812,0,Fri
562444774,30/07/2022,00:30:00,529987,180812,0,Sat
562449564,30/07/2022,03:30:00,529987,180812,3,Sat
562451043,09/09/2022,06:00:00,529987,180812,6,Fri
563406210,01/01/2023,05:00:00,529987,180812,5,Sun
562476398,10/12/2022,14:25:00,529987,180812,14,Sat
62429057,27/10/2022,18:50:00,529987,180812,18,Thu
563404721,05/01/2023,19:00:00,529987,180812,19,Thu
563403789,01/02/2023,19:30:00,529987,180812,19,Wed
563416030,08/02/2023,20:30:00,529987,180812,20,Wed
563401211,05/01/2023,22:00:00,529987,180812,22,Thu
562443880,13/07/2022,22:10:00,529987,180812,22,Wed
562487870,20/12/2022,23:30:00,529987,180812,23,Tue
563429832,26/03/2023,23:45:00,529987,180812,23,Sun
562487392,28/12/2022,05:20:00,529988,180786,5,Wed
562463165,30/10/2022,21:33:00,529989,180358,21,Sun
562473104,29/11/2022,01:05:00,529990,180736,1,Tue
832427044,06/08/2022,17:00:00,529994,159791,17,Sat
322428505,30/08/2022,10:10:00,529996,182715,10,Tue
563404189,07/02/2023,00:30:00,529998,180699,0,Tue
653406054,14/03/2023,02:00:00,529998,181002,2,Tue
562450924,15/09/2022,02:00:00,529998,178221,2,Thu
563410074,24/02/2023,07:20:00,529998,180699,7,Fri
563419249,13/03/2023,08:41:00,529998,178221,8,Mon
562469085,30/10/2022,08:30:00,529998,180699,8,Sun
322437413,11/11/2022,11:55:00,530000,180900,11,Fri
322431384,29/11/2022,03:00:00,530003,184580,3,Tue
562430419,08/07/2022,01:30:00,530006,180889,1,Fri
322433645,05/12/2022,02:11:00,530006,182724,2,Mon
412415502,27/09/2022,20:00:00,530007,168477,20,Tue
722426483,01/10/2022,05:36:00,530010,186508,5,Sat
822419767,17/07/2022,20:37:00,530012,190432,20,Sun
562462090,14/10/2022,00:50:00,530013,180828,0,Fri
562472807,21/11/2022,01:00:00,530015,180858,1,Mon
562447595,05/08/2022,04:30:00,530015,180858,4,Fri
323407190,10/01/2023,05:30:00,530019,182893,5,Tue
322439443,18/11/2022,11:35:00,530019,182893,11,Fri
322420230,19/07/2022,17:00:00,530019,182893,17,Tue
322432032,06/11/2022,23:00:00,530021,184489,23,Sun
562447331,17/07/2022,01:54:00,530021,180663,1,Sun
563412135,26/02/2023,02:50:00,530021,180663,2,Sun
322425066,18/09/2022,10:15:00,530026,182144,10,Sun
562449562,21/07/2022,22:00:00,530031,180905,22,Thu
562462311,09/10/2022,00:01:00,530032,180569,0,Sun
562447057,11/08/2022,23:55:00,530032,180569,23,Thu
562476069,17/12/2022,01:50:00,530032,180569,1,Sat
562447625,31/07/2022,01:00:00,530032,180569,1,Sun
563409578,03/02/2023,03:10:00,530032,180836,3,Fri
323403160,01/01/2023,05:45:00,530032,181135,5,Sun
562459846,25/09/2022,06:30:00,530032,180569,6,Sun
562432108,02/07/2022,11:00:00,530032,180569,11,Sat
562459280,27/08/2022,11:00:00,530032,180569,11,Sat
562450587,01/10/2022,16:20:00,530032,180569,16,Sat
563411911,11/02/2023,17:25:00,530032,180569,17,Sat
562441759,21/08/2022,18:00:00,530032,180569,18,Sun
322421024,24/08/2022,20:30:00,530032,182440,20,Wed
562444831,16/07/2022,21:35:00,530032,180569,21,Sat
562464673,24/10/2022,23:15:00,530032,180569,23,Mon
412410323,23/10/2022,12:15:00,530034,168611,12,Sun
722429642,14/09/2022,22:40:00,530035,184784,22,Wed
723403186,18/03/2023,22:45:00,530035,184717,22,Sat
413401081,09/02/2023,11:00:00,530038,167849,11,Thu
563408109,03/02/2023,13:00:00,530040,179632,13,Fri
322431317,21/12/2022,15:10:00,530040,181097,15,Wed
833408175,24/02/2023,11:35:00,530046,169132,11,Fri
822418266,07/06/2022,13:00:00,530046,190427,13,Tue
322429259,13/10/2022,01:50:00,530050,183321,1,Thu
252422109,19/10/2022,16:10:00,530050,193865,16,Wed
322434691,04/11/2022,23:00:00,530050,181863,23,Fri
322430411,29/10/2022,02:00:00,530052,181413,2,Sat
912423251,10/08/2022,08:19:00,530053,180768,8,Wed
823409851,16/01/2023,16:00:00,530053,190532,16,Mon
562455783,12/09/2022,23:15:00,530053,180768,23,Mon
832435581,12/10/2022,13:10:00,530055,169093,13,Wed
822425733,19/09/2022,19:40:00,530056,190602,19,Mon
822414498,01/08/2022,00:05:00,530057,188360,0,Mon
322421062,10/08/2022,08:30:00,530059,181712,8,Wed
323402966,03/03/2023,10:25:00,530059,181712,10,Fri
322420903,14/08/2022,13:55:00,530059,181712,13,Sun
323407582,28/01/2023,18:45:00,530059,181712,18,Sat
723401186,18/03/2023,23:02:00,530061,184424,23,Sat
822430102,22/12/2022,14:15:00,530063,189249,14,Thu
822420387,04/11/2022,18:00:00,530063,189249,18,Fri
822425746,17/10/2022,19:54:00,530072,188461,19,Mon
322432632,08/11/2022,20:05:00,530072,181458,20,Tue
323405107,03/03/2023,19:30:00,530074,183358,19,Fri
832423449,20/09/2022,23:15:00,530076,169312,23,Tue
822421146,22/10/2022,19:40:00,530077,189283,19,Sat
322432702,06/11/2022,05:00:00,530079,182769,5,Sun
563420272,28/03/2023,18:30:00,530079,180906,18,Tue
322420428,02/10/2022,20:00:00,530079,182769,20,Sun
563413243,19/02/2023,00:15:00,530080,180825,0,Sun
42403668,21/07/2022,12:40:00,530083,166647,12,Thu
563419521,12/02/2023,03:45:00,530085,180358,3,Sun
43408522,10/02/2023,15:25:00,530085,163225,15,Fri
563409714,18/01/2023,01:40:00,530086,180876,1,Wed
563417763,20/02/2023,19:50:00,530086,180876,19,Mon
42409649,05/08/2022,19:00:00,530087,163404,19,Fri
822436161,17/12/2022,18:00:00,530088,187771,18,Sat
822432651,17/12/2022,18:00:00,530088,187771,18,Sat
323401921,13/01/2023,22:34:00,530088,182657,22,Fri
722411767,11/07/2022,12:40:00,530090,184671,12,Mon
42401388,24/07/2022,17:50:00,530091,163285,17,Sun
562470692,26/11/2022,03:10:00,530092,180489,3,Sat
562463543,23/10/2022,04:20:00,530092,180489,4,Sun
562458842,05/09/2022,00:10:00,530093,180280,0,Mon
833402390,06/01/2023,09:00:00,530094,160427,9,Fri
323419100,30/03/2023,20:30:00,530095,181131,20,Thu
822425913,16/09/2022,22:20:00,530096,189214,22,Fri
562457947,30/09/2022,00:24:00,530097,180673,0,Fri
322431870,23/10/2022,00:01:00,530098,182164,0,Sun
722430201,19/12/2022,00:01:00,530100,186430,0,Mon
323406342,26/11/2022,11:15:00,530101,182604,11,Sat
822423857,29/10/2022,11:50:00,530102,188236,11,Sat
832435430,28/09/2022,17:00:00,530104,169152,17,Wed
562475374,12/11/2022,22:30:00,530105,180625,22,Sat
412415825,08/12/2022,15:32:00,530106,168428,15,Thu
323404575,21/02/2023,06:45:00,530108,181062,6,Tue
252434591,20/11/2022,15:25:00,530109,191806,15,Sun
823403802,23/01/2023,19:30:00,530109,188526,19,Mon
562478537,08/12/2022,21:00:00,530109,180470,21,Thu
563417309,13/03/2023,09:10:00,530110,179233,9,Mon
323403935,19/02/2023,01:00:00,530111,181112,1,Sun
322438345,04/12/2022,19:00:00,530111,181112,19,Sun
322421796,22/09/2022,08:20:00,530113,181838,8,Thu
562458935,13/09/2022,14:22:00,530113,180996,14,Tue
562457163,10/09/2022,21:15:00,530113,180577,21,Sat
323403188,14/03/2023,17:00:00,530115,182389,17,Tue
563411578,12/03/2023,02:00:00,530118,180783,2,Sun
562453809,30/09/2022,21:00:00,530119,180728,21,Fri
323408242,24/01/2023,08:00:00,530120,181370,8,Tue
43408513,09/03/2023,16:00:00,530121,163459,16,Thu
823409267,19/03/2023,16:30:00,530121,188778,16,Sun
832426430,02/07/2022,18:30:00,530125,158829,18,Sat
322429539,13/10/2022,19:35:00,530125,181494,19,Thu
563401349,03/02/2023,22:00:00,530125,180896,22,Fri
322425500,16/07/2022,02:00:00,530128,181168,2,Sat
563423492,29/03/2023,20:25:00,530128,180873,20,Wed
563412568,10/03/2023,23:30:00,530128,180502,23,Fri
722426389,04/12/2022,22:00:00,530130,187387,22,Sun
323405081,19/01/2023,00:52:00,530134,182460,0,Thu
322424567,28/09/2022,00:01:00,530135,182916,0,Wed
322426584,31/08/2022,13:00:00,530136,181856,13,Wed
722433140,10/12/2022,02:00:00,530140,184216,2,Sat
722422720,15/08/2022,04:20:00,530140,184216,4,Mon
722415539,10/08/2022,09:20:00,530144,186920,9,Wed
323408803,30/01/2023,19:14:00,530144,183285,19,Mon
322435365,05/12/2022,16:00:00,530147,181153,16,Mon
833418456,01/02/2023,00:01:00,530148,165225,0,Wed
322435577,29/12/2022,18:00:00,530148,182492,18,Thu
562477766,06/12/2022,22:50:00,530148,180849,22,Tue
903406892,23/01/2023,00:30:00,530153,181033,0,Mon
253405001,11/01/2023,03:15:00,530154,191680,3,Wed
562456378,05/10/2022,07:55:00,530155,180433,7,Wed
722424137,07/11/2022,08:02:00,530156,186351,8,Mon
322427682,12/08/2022,11:30:00,530156,181480,11,Fri
723406680,11/01/2023,17:08:00,530156,186240,17,Wed
823406966,12/03/2023,14:55:00,530164,188472,14,Sun
562453174,17/09/2022,00:15:00,530165,180815,0,Sat
322428943,18/08/2022,15:00:00,530166,181492,15,Thu
832431784,07/11/2022,15:25:00,530167,167455,15,Mon
562465222,18/10/2022,18:10:00,530167,180552,18,Tue
323403541,15/01/2023,17:15:00,530169,181094,17,Sun
833406804,08/02/2023,16:40:00,530171,169133,16,Wed
323403051,16/01/2023,10:10:00,530176,182220,10,Mon
322431342,09/11/2022,15:20:00,530176,183615,15,Wed
322427564,29/08/2022,17:00:00,530176,182220,17,Mon
323403061,15/01/2023,00:30:00,530177,182079,0,Sun
322415888,02/07/2022,21:00:00,530177,182079,21,Sat
322423551,30/07/2022,21:45:00,530177,182079,21,Sat
323404756,17/02/2023,18:30:00,530183,181611,18,Fri
323409573,05/02/2023,23:50:00,530184,182516,23,Sun
42414740,29/08/2022,12:30:00,530184,165732,12,Mon
323402187,12/03/2023,14:00:00,530184,181507,14,Sun
563400996,28/01/2023,01:00:00,530188,180575,1,Sat
562458100,23/08/2022,20:00:00,530188,180575,20,Tue
323404133,31/01/2023,20:05:00,530189,181181,20,Tue
323405950,07/01/2023,04:15:00,530190,181207,4,Sat
322420154,27/08/2022,19:00:00,530193,182836,19,Sat
562442777,13/08/2022,04:15:00,530194,180549,4,Sat
822421167,01/11/2022,22:30:00,530194,190470,22,Tue
252427326,23/09/2022,17:00:00,530196,191897,17,Fri
323402490,10/01/2023,23:15:00,530198,182161,23,Tue
42401199,17/08/2022,15:08:00,530200,165438,15,Wed
322418358,02/07/2022,15:26:00,530202,182692,15,Sat
323400608,01/02/2023,00:01:00,530202,182720,0,Wed
322421251,30/07/2022,14:00:00,530207,181129,14,Sat
322423691,31/07/2022,02:45:00,530208,181594,2,Sun
722425712,11/09/2022,09:31:00,530208,187398,9,Sun
563416849,14/03/2023,22:00:00,530209,180381,22,Tue
723407956,17/03/2023,02:31:00,530213,184237,2,Fri
323409502,21/01/2023,19:30:00,530213,182026,19,Sat
563421312,25/03/2023,15:20:00,530214,180386,15,Sat
322431747,25/12/2022,01:00:00,530216,181212,1,Sun
322422235,04/09/2022,01:00:00,530217,180959,1,Sun
562451357,30/09/2022,01:00:00,530217,180574,1,Fri
832432911,06/10/2022,10:00:00,530217,169094,10,Thu
323419110,31/03/2023,19:00:00,530217,182638,19,Fri
723409894,26/02/2023,00:01:00,530219,186060,0,Sun
253408681,18/01/2023,19:28:00,530223,192224,19,Wed
322431825,24/11/2022,03:40:00,530225,182870,3,Thu
832428810,01/07/2022,10:20:00,530225,166898,10,Fri
562460238,10/11/2022,18:10:00,530225,180863,18,Thu
562461821,15/10/2022,13:00:00,530226,181067,13,Sat
323404013,29/01/2023,18:15:00,530226,181067,18,Sun
253400711,12/01/2023,10:30:00,530231,190621,10,Thu
322427272,09/08/2022,15:30:00,530231,182860,15,Tue
322421683,21/08/2022,22:10:00,530231,181219,22,Sun
562457412,02/09/2022,23:30:00,530234,180492,23,Fri
562458793,13/09/2022,02:17:00,530234,180492,2,Tue
562445666,08/08/2022,04:30:00,530234,180492,4,Mon
722410878,02/08/2022,12:00:00,530234,185151,12,Tue
563427401,20/03/2023,12:00:00,530234,180492,12,Mon
563416525,25/02/2023,21:00:00,530234,180492,21,Sat
562445642,20/07/2022,22:45:00,530234,180492,22,Wed
562463486,04/11/2022,23:40:00,530234,180492,23,Fri
322437134,25/11/2022,13:40:00,530239,182214,13,Fri
562454382,07/09/2022,03:30:00,530240,179718,3,Wed
62427589,23/11/2022,13:35:00,530240,179718,13,Wed
563403883,15/01/2023,17:00:00,530240,180651,17,Sun
562454262,05/09/2022,22:00:00,530240,180651,22,Mon
722420081,07/09/2022,11:00:00,530241,187092,11,Wed
562479523,26/11/2022,17:15:00,530243,180728,17,Sat
322412358,02/07/2022,15:00:00,530244,182037,15,Sat
322422642,08/08/2022,20:00:00,530244,182037,20,Mon
322429949,14/10/2022,21:21:00,530244,182037,21,Fri
213406015,17/02/2023,00:01:00,530245,182125,0,Fri
322411359,12/07/2022,04:00:00,530245,182948,4,Tue
833408914,09/02/2023,16:25:00,530245,167236,16,Thu
322411169,12/07/2022,16:25:00,530245,182948,16,Tue
322424755,06/09/2022,22:30:00,530245,182948,22,Tue
723400122,26/01/2023,17:35:00,530246,186021,17,Thu
563403096,27/01/2023,21:18:00,530247,180405,21,Fri
323401542,25/01/2023,07:30:00,530248,181919,7,Wed
322430051,01/11/2022,00:40:00,530251,182704,0,Tue
322438731,31/10/2022,00:01:00,530253,182955,0,Mon
562456856,25/09/2022,03:00:00,530253,182955,3,Sun
323403074,14/02/2023,06:05:00,530253,182955,6,Tue
213402716,28/02/2023,07:25:00,530253,182955,7,Tue
323404581,19/01/2023,16:00:00,530253,182955,16,Thu
323409790,09/01/2023,16:45:00,530253,182955,16,Mon
322411098,05/07/2022,17:15:00,530253,182955,17,Tue
323408147,09/03/2023,18:20:00,530253,182955,18,Thu
322427111,26/07/2022,18:55:00,530253,182955,18,Tue
523401933,28/01/2023,19:00:00,530253,182955,19,Sat
323407108,14/03/2023,19:15:00,530253,182955,19,Tue
322421278,07/10/2022,19:40:00,530253,182955,19,Fri
652426800,07/11/2022,21:30:00,530253,182955,21,Mon
322423150,20/07/2022,21:40:00,530253,182955,21,Wed
322422743,18/08/2022,08:20:00,530255,182571,8,Thu
562484242,27/12/2022,17:45:00,530256,181077,17,Tue
562462583,21/10/2022,00:01:00,530257,180539,0,Fri
563415230,09/02/2023,00:15:00,530257,180303,0,Thu
562444795,05/08/2022,04:00:00,530257,180539,4,Fri
562460571,17/10/2022,04:30:00,530257,180539,4,Mon
562451461,31/08/2022,17:30:00,530257,180539,17,Wed
563406720,01/01/2023,17:00:00,530257,180539,17,Sun
62427269,18/11/2022,17:24:00,530259,181321,17,Fri
412413935,11/12/2022,15:00:00,530262,168183,15,Sun
823401261,18/01/2023,21:50:00,530262,190596,21,Wed
563415037,05/03/2023,16:25:00,530265,181007,16,Sun
562461778,11/11/2022,18:45:00,530265,180921,18,Fri
563407778,28/01/2023,19:15:00,530265,181007,19,Sat
322434130,21/10/2022,21:40:00,530265,181007,21,Fri
823402275,02/03/2023,14:20:00,530270,190371,14,Thu
563401503,14/01/2023,01:30:00,530274,180649,1,Sat
562448314,28/07/2022,13:40:00,530274,180649,13,Thu
562470207,07/12/2022,18:35:00,530274,180498,18,Wed
413401072,04/03/2023,22:00:00,530274,168087,22,Sat
322437087,30/12/2022,01:30:00,530278,182324,1,Fri
322422493,20/08/2022,01:30:00,530280,181110,1,Sat
833402314,06/02/2023,15:30:00,530280,166849,15,Mon
322434435,03/12/2022,18:11:00,530280,182728,18,Sat
562476321,20/11/2022,02:10:00,530282,180463,2,Sun
562470872,20/11/2022,04:00:00,530282,180463,4,Sun
562448518,13/08/2022,04:00:00,530282,180463,4,Sat
722418537,18/07/2022,10:55:00,530283,187760,10,Mon
322416698,06/07/2022,19:45:00,530285,182004,19,Wed
322429538,30/09/2022,11:00:00,530286,182626,11,Fri
322410609,07/07/2022,19:00:00,530289,181328,19,Thu
562469417,06/11/2022,03:00:00,530290,181029,3,Sun
562476261,20/11/2022,03:35:00,530290,181029,3,Sun
322427049,13/10/2022,07:30:00,530293,181457,7,Thu
322429448,05/10/2022,17:40:00,530296,182881,17,Wed
833400562,25/01/2023,23:00:00,530302,165251,23,Wed
562462658,11/11/2022,13:55:00,530304,181057,13,Fri
562456154,15/09/2022,16:30:00,530304,181057,16,Thu
562450475,21/09/2022,18:00:00,530304,181057,18,Wed
322422795,11/09/2022,04:00:00,530307,181242,4,Sun
42410244,29/11/2022,17:30:00,530307,164909,17,Tue
562471203,25/11/2022,00:20:00,530308,180717,0,Fri
42408978,23/07/2022,21:30:00,530308,163454,21,Sat
322421479,17/10/2022,10:00:00,530309,182586,10,Mon
563412541,12/02/2023,22:08:00,530309,180477,22,Sun
42401787,30/06/2022,15:25:00,530311,163120,15,Thu
562475644,30/11/2022,00:10:00,530314,180339,0,Wed
322427803,14/08/2022,14:29:00,530314,181534,14,Sun
322418359,12/07/2022,09:15:00,530315,182937,9,Tue
322430754,27/11/2022,19:25:00,530315,182937,19,Sun
322433747,24/12/2022,06:00:00,530317,183056,6,Sat
562435408,03/07/2022,07:00:00,530322,181072,7,Sun
322432971,01/11/2022,18:40:00,530323,181759,18,Tue
322427397,29/09/2022,20:45:00,530326,181889,20,Thu
563425831,21/03/2023,09:00:00,530327,180975,9,Tue
563419223,19/02/2023,01:17:00,530330,180409,1,Sun
722424802,10/09/2022,03:20:00,530330,185647,3,Sat
562476431,20/11/2022,14:00:00,530332,179676,14,Sun
42417183,15/11/2022,09:00:00,530335,164053,9,Tue
723406601,13/01/2023,17:00:00,530337,186163,17,Fri
563414593,21/02/2023,15:00:00,530339,179744,15,Tue
723407303,05/02/2023,01:00:00,530341,183029,1,Sun
562485300,18/12/2022,01:30:00,530342,179715,1,Sun
562477597,09/12/2022,02:00:00,530342,179715,2,Fri
562440687,12/08/2022,13:40:00,530342,179715,13,Fri
563412379,16/03/2023,14:30:00,530342,179715,14,Thu
563413013,16/02/2023,18:05:00,530342,179715,18,Thu
562465065,30/10/2022,22:18:00,530342,179715,22,Sun
562441025,01/08/2022,22:30:00,530342,179715,22,Mon
563411983,17/02/2023,22:30:00,530342,179715,22,Fri
822414389,10/08/2022,17:35:00,530343,188252,17,Wed
722425098,24/11/2022,13:55:00,530344,185727,13,Thu
563414127,06/03/2023,07:50:00,530349,180633,7,Mon
322420649,14/10/2022,16:13:00,530349,182949,16,Fri
563413071,01/12/2022,17:00:00,530349,180633,17,Thu
562473557,09/12/2022,21:50:00,530349,180633,21,Fri
562467870,12/10/2022,02:00:00,530351,180907,2,Wed
562484991,25/12/2022,02:17:00,530351,180907,2,Sun
252424541,03/08/2022,14:30:00,530351,192729,14,Wed
252429151,03/08/2022,14:50:00,530351,192729,14,Wed
833404061,11/01/2023,16:00:00,530351,180907,16,Wed
322435824,24/11/2022,17:37:00,530351,182944,17,Thu
213403009,25/03/2023,23:00:00,530351,180907,23,Sat
722439220,09/12/2022,01:30:00,530353,183641,1,Fri
322419339,10/07/2022,02:30:00,530353,181282,2,Sun
722414647,19/07/2022,17:00:00,530353,183641,17,Tue
723404575,01/03/2023,00:01:00,530356,183379,0,Wed
722429332,11/09/2022,14:20:00,530359,183241,14,Sun
562469556,02/11/2022,18:30:00,530359,180783,18,Wed
562464989,15/11/2022,15:40:00,530360,180928,15,Tue
832432922,15/10/2022,17:00:00,530360,166393,17,Sat
722421725,15/10/2022,04:00:00,530362,183009,4,Sat
722428237,07/11/2022,09:00:00,530362,183009,9,Mon
722429702,06/09/2022,20:30:00,530362,187766,20,Tue
412402938,09/07/2022,00:30:00,530363,168054,0,Sat
323408549,26/03/2023,02:00:00,530363,181253,2,Sun
723407324,18/02/2023,03:02:00,530363,183120,3,Sat
722426738,17/11/2022,11:15:00,530363,183120,11,Thu
323406018,15/03/2023,16:50:00,530363,182406,16,Wed
822421064,02/10/2022,22:16:00,530365,189414,22,Sun
413402801,25/01/2023,21:20:00,530367,168167,21,Wed
563419129,14/03/2023,10:46:00,530368,181090,10,Tue
562471657,09/12/2022,20:30:00,530368,181017,20,Fri
563401199,06/02/2023,22:30:00,530368,181017,22,Mon
832426945,16/08/2022,15:50:00,530370,169681,15,Tue
253406136,27/02/2023,16:30:00,530372,191579,16,Mon
822418409,02/08/2022,05:30:00,530375,188671,5,Tue
722417398,04/08/2022,00:01:00,530376,184265,0,Thu
322428729,13/10/2022,09:00:00,530381,182907,9,Thu
322423914,24/08/2022,19:10:00,530387,182107,19,Wed
722422593,02/10/2022,03:00:00,530388,185942,3,Sun
323404335,16/02/2023,20:55:00,530389,182033,20,Thu
563414425,25/02/2023,02:00:00,530394,179671,2,Sat
322425683,21/08/2022,23:25:00,530396,181474,23,Sun
823404257,21/03/2023,07:25:00,530398,187601,7,Tue
723418153,13/03/2023,11:00:00,530399,186592,11,Mon
722429296,02/11/2022,16:00:00,530400,185685,16,Wed
822414849,06/08/2022,17:00:00,530400,188706,17,Sat
722437571,27/12/2022,12:30:00,530403,187906,12,Tue
322426134,20/08/2022,22:30:00,530403,181242,22,Sat
322427950,21/07/2022,23:00:00,530403,181242,23,Thu
322429877,29/09/2022,09:36:00,530404,181721,9,Thu
322437034,25/11/2022,12:56:00,530405,182781,12,Fri
322437637,23/12/2022,23:20:00,530405,181822,23,Fri
563408390,01/01/2023,01:00:00,530406,180380,1,Sun
563412794,26/02/2023,02:30:00,530406,180380,2,Sun
562475483,28/11/2022,08:10:00,530406,180380,8,Mon
322430021,28/10/2022,09:30:00,530406,181519,9,Fri
562441336,06/08/2022,16:28:00,530406,180380,16,Sat
42415064,02/12/2022,22:00:00,530406,165233,22,Fri
562471553,26/11/2022,22:40:00,530406,180380,22,Sat
322425623,16/08/2022,02:42:00,530408,182837,2,Tue
822417386,09/07/2022,03:26:00,530408,191426,3,Sat
323407903,30/01/2023,21:30:00,530408,182188,21,Mon
562445654,30/07/2022,04:45:00,530409,180244,4,Sat
323403834,11/02/2023,07:20:00,530412,181790,7,Sat
823405906,06/03/2023,15:30:00,530414,189391,15,Mon
562445645,02/08/2022,00:01:00,530415,180370,0,Tue
722415098,04/08/2022,16:45:00,530415,186013,16,Thu
323409612,22/01/2023,19:45:00,530421,182720,19,Sun
832437464,05/11/2022,19:11:00,530422,158400,19,Sat
832426301,08/07/2022,17:20:00,530424,167113,17,Fri
322434326,10/12/2022,22:00:00,530428,181196,22,Sat
562466041,15/10/2022,21:20:00,530428,181196,21,Sat
322426018,02/10/2022,17:00:00,530429,182522,17,Sun
833404914,09/02/2023,16:35:00,530432,167108,16,Thu
252422694,10/09/2022,17:05:00,530432,192574,17,Sat
823404030,04/01/2023,16:29:00,530433,189338,16,Wed
562464389,14/11/2022,18:25:00,530433,180782,18,Mon
723409813,06/02/2023,23:30:00,530433,186447,23,Mon
832435811,04/10/2022,08:30:00,530434,169613,8,Tue
322424770,22/07/2022,19:00:00,530434,182764,19,Fri
723407642,29/01/2023,16:00:00,530437,186539,16,Sun
242438536,24/11/2022,01:30:00,530440,180745,1,Thu
722439980,17/12/2022,03:50:00,530450,186054,3,Sat
722413009,05/08/2022,22:00:00,530451,183062,22,Fri
253400192,29/01/2023,14:41:00,530452,194815,14,Sun
323403020,02/01/2023,21:50:00,530454,181846,21,Mon
322425144,27/08/2022,05:58:00,530455,181187,5,Sat
563417537,28/02/2023,23:30:00,530460,180455,23,Tue
562453953,11/09/2022,01:30:00,530460,180455,1,Sun
563401745,22/01/2023,16:20:00,530460,180455,16,Sun
823403453,01/12/2022,00:01:00,530461,190230,0,Thu
822426867,05/11/2022,14:58:00,530462,191077,14,Sat
723402474,23/02/2023,17:00:00,530463,182999,17,Thu
832426882,23/07/2022,18:30:00,530463,166739,18,Sat
722420760,22/08/2022,11:00:00,530464,184802,11,Mon
822412807,11/07/2022,16:00:00,530466,188432,16,Mon
723403082,01/02/2023,20:00:00,530470,186724,20,Wed
562446191,28/05/2022,00:28:00,530473,180994,0,Sat
322427671,01/08/2022,18:00:00,530476,181579,18,Mon
722415619,08/08/2022,00:25:00,530478,187599,0,Mon
723404796,20/03/2023,16:30:00,530480,186040,16,Mon
832428084,10/08/2022,17:30:00,530480,166118,17,Wed
322436502,06/11/2022,00:15:00,530482,181342,0,Sun
562436178,05/07/2022,17:00:00,530482,181054,17,Tue
563402204,14/01/2023,00:50:00,530485,180375,0,Sat
563414018,10/03/2023,02:10:00,530485,180719,2,Fri
722423795,20/10/2022,20:00:00,530486,183036,20,Thu
832424363,21/07/2022,16:44:00,530490,166101,16,Thu
822429085,10/10/2022,07:15:00,530493,189643,7,Mon
322411299,16/07/2022,04:40:00,530496,183038,4,Sat
562478969,16/12/2022,23:30:00,530498,180803,23,Fri
562446237,10/08/2022,23:30:00,530498,180958,23,Wed
723402281,22/01/2023,14:00:00,530501,186058,14,Sun
832426912,18/07/2022,14:20:00,530507,168551,14,Mon
832428222,18/07/2022,14:20:00,530507,168551,14,Mon
323409995,25/02/2023,03:42:00,530509,182981,3,Sat
823407256,10/03/2023,19:30:00,530509,188519,19,Fri
562486992,29/12/2022,20:55:00,530511,180803,20,Thu
722419606,04/07/2022,12:35:00,530512,186072,12,Mon
723401225,25/02/2023,18:00:00,530512,186072,18,Sat
722423262,10/09/2022,22:00:00,530513,186714,22,Sat
563402859,05/02/2023,23:30:00,530516,181082,23,Sun
832430545,10/11/2022,17:30:00,530517,167209,17,Thu
322427842,08/08/2022,13:00:00,530518,181445,13,Mon
212429777,19/09/2022,11:00:00,530519,168828,11,Mon
723404906,11/03/2023,00:01:00,530522,183107,0,Sat
723408235,02/03/2023,18:00:00,530522,183508,18,Thu
562466980,14/10/2022,00:20:00,530526,181332,0,Fri
722433121,20/12/2022,20:10:00,530526,186093,20,Tue
723408041,14/01/2023,22:00:00,530532,185198,22,Sat
253402531,13/01/2023,22:35:00,530537,191786,22,Fri
722428123,23/09/2022,19:55:00,530539,187535,19,Fri
832424653,30/07/2022,14:50:00,530540,167734,14,Sat
322426640,20/07/2022,22:00:00,530540,181518,22,Wed
563403769,06/02/2023,14:30:00,530543,180748,14,Mon
722426567,05/10/2022,14:00:00,530546,185865,14,Wed
722422268,21/11/2022,11:10:00,530548,185951,11,Mon
832422204,03/08/2022,14:00:00,530549,165951,14,Wed
832424483,01/08/2022,15:00:00,530549,165951,15,Mon
633400492,02/02/2023,20:00:00,530549,180841,20,Thu
832431270,01/10/2022,20:30:00,530550,169811,20,Sat
322425465,08/09/2022,23:00:00,530552,181496,23,Thu
323404919,24/03/2023,00:30:00,530554,181469,0,Fri
722418769,12/08/2022,11:06:00,530555,187551,11,Fri
722429084,10/10/2022,19:55:00,530557,187039,19,Mon
833401298,25/03/2023,16:45:00,530558,169904,16,Sat
832424397,07/09/2022,17:20:00,530560,169898,17,Wed
253407526,04/03/2023,23:58:00,530563,191887,23,Sat
323408609,23/03/2023,05:23:00,530564,181452,5,Thu
322429922,07/08/2022,06:05:00,530564,181452,6,Sun
652428901,23/11/2022,18:30:00,530565,180820,18,Wed
722424040,21/08/2022,20:20:00,530565,186076,20,Sun
722428268,21/11/2022,17:30:00,530568,184627,17,Mon
722417119,06/08/2022,17:00:00,530570,183080,17,Sat
323406214,07/02/2023,22:30:00,530573,181395,22,Tue
723405127,11/03/2023,20:35:00,530574,184959,20,Sat
323412420,29/03/2023,15:00:00,530575,181880,15,Wed
832420711,09/07/2022,19:30:00,530575,168248,19,Sat
322438691,04/11/2022,15:18:00,530579,182649,15,Fri
722420547,08/11/2022,08:00:00,530581,185926,8,Tue
723405260,09/01/2023,07:30:00,530581,185926,7,Mon
253408347,16/03/2023,12:33:00,530581,194872,12,Thu
832432860,01/10/2022,13:25:00,530584,170056,13,Sat
722413307,14/07/2022,21:40:00,530588,186370,21,Thu
822422852,10/09/2022,21:30:00,530588,189321,21,Sat
722439600,07/12/2022,09:00:00,530589,187467,9,Wed
832425976,28/08/2022,12:45:00,530593,166071,12,Sun
832434914,29/10/2022,14:30:00,530593,166071,14,Sat
832420905,12/08/2022,20:00:00,530593,166071,20,Fri
562479150,17/11/2022,20:00:00,530593,180962,20,Thu
722428941,03/09/2022,23:35:00,530593,187462,23,Sat
723407025,01/03/2023,13:30:00,530595,186409,13,Wed
213409591,18/01/2023,18:43:00,530595,169963,18,Wed
723414844,10/01/2023,01:20:00,530596,187086,1,Tue
563408606,25/01/2023,00:10:00,530598,180898,0,Wed
563412596,05/03/2023,00:01:00,530598,180978,0,Sun
322433815,02/12/2022,14:25:00,530598,182565,14,Fri
323402432,23/01/2023,15:49:00,530598,182565,15,Mon
323418100,30/03/2023,17:55:00,530598,182565,17,Thu
562444854,29/07/2022,19:50:00,530598,180978,19,Fri
323402198,21/03/2023,21:35:00,530598,182565,21,Tue
722427900,18/08/2022,07:14:00,530604,184837,7,Thu
322425822,07/08/2022,00:50:00,530607,181389,0,Sun
822421545,07/10/2022,21:30:00,530607,188874,21,Fri
822423505,07/10/2022,21:45:00,530613,188889,21,Fri
322434985,06/12/2022,00:30:00,530614,181784,0,Tue
412404958,10/07/2022,19:30:00,530614,168234,19,Sun
722421359,01/12/2022,08:25:00,530616,184743,8,Thu
722411016,12/06/2022,04:00:00,530617,183819,4,Sun
563411031,12/02/2023,04:38:00,530621,181115,4,Sun
832429397,07/09/2022,17:20:00,530621,169657,17,Wed
43408252,25/02/2023,19:00:00,530621,164781,19,Sat
832439454,29/10/2022,15:00:00,530624,166010,15,Sat
323406951,16/01/2023,15:00:00,530627,182634,15,Mon
322429220,18/07/2022,16:35:00,530627,182634,16,Mon
833407439,30/03/2023,15:20:00,530628,169640,15,Thu
832420617,31/08/2022,23:40:00,530629,168216,23,Wed
823400733,05/02/2023,15:30:00,530631,191584,15,Sun
322429309,01/10/2022,20:20:00,530631,182528,20,Sat
322421675,09/09/2022,20:50:00,530633,181332,20,Fri
723400560,06/01/2023,22:42:00,530635,185621,22,Fri
322424885,11/09/2022,03:06:00,530637,182263,3,Sun
823407165,27/02/2023,15:15:00,530640,189516,15,Mon
722427838,18/11/2022,18:30:00,530640,185871,18,Fri
822425840,18/08/2022,18:30:00,530642,189564,18,Thu
723406596,19/03/2023,22:30:00,530642,183930,22,Sun
322430850,24/10/2022,17:15:00,530643,181236,17,Mon
322429548,05/10/2022,21:08:00,530643,184266,21,Wed
723403116,11/03/2023,16:00:00,530646,184201,16,Sat
722425475,21/10/2022,06:30:00,530648,186023,6,Fri
722422497,13/11/2022,20:15:00,530649,184443,20,Sun
723404820,04/01/2023,20:40:00,530649,184443,20,Wed
722423398,24/11/2022,19:00:00,530651,187251,19,Thu
723403662,31/01/2023,19:20:00,530652,186975,19,Tue
323404511,13/01/2023,01:00:00,530653,181302,1,Fri
723406935,03/03/2023,09:37:00,530653,184152,9,Fri
322427176,19/09/2022,22:55:00,530653,181302,22,Mon
723401202,24/01/2023,15:10:00,530654,184412,15,Tue
833407355,22/02/2023,16:30:00,530655,163796,16,Wed
722428013,22/09/2022,17:40:00,530655,185937,17,Thu
722424093,01/10/2022,18:00:00,530655,185937,18,Sat
323404034,10/02/2023,15:00:00,530662,182725,15,Fri
562439388,06/07/2022,00:01:00,530663,180909,0,Wed
832424840,03/07/2022,23:00:00,530663,168006,23,Sun
832423277,05/09/2022,19:00:00,530663,168006,19,Mon
563401992,13/01/2023,22:24:00,530663,180909,22,Fri
832429816,21/08/2022,17:45:00,530664,166207,17,Sun
832422854,08/08/2022,19:18:00,530664,166207,19,Mon
723403427,22/03/2023,00:30:00,530665,186166,0,Wed
722412997,26/07/2022,03:50:00,530670,184028,3,Tue
563423511,22/03/2023,00:30:00,530673,181032,0,Wed
722412939,10/08/2022,02:30:00,530673,186368,2,Wed
563423452,28/03/2023,07:15:00,530673,181032,7,Tue
722421110,18/08/2022,06:30:00,530674,184494,6,Thu
722436551,25/12/2022,13:57:00,530674,184494,13,Sun
253408526,04/03/2023,22:10:00,530675,192074,22,Sat
832427202,16/07/2022,09:50:00,530676,169479,9,Sat
322418978,03/07/2022,15:00:00,530676,183979,15,Sun
412407588,15/07/2022,17:00:00,530676,169216,17,Fri
832436603,22/10/2022,16:05:00,530678,169358,16,Sat
562461402,17/10/2022,23:00:00,530679,180971,23,Mon
723403753,09/02/2023,14:28:00,530680,185804,14,Thu
723406381,16/01/2023,15:35:00,530680,185804,15,Mon
722422930,21/08/2022,16:00:00,530680,185804,16,Sun
722427814,04/10/2022,02:15:00,530685,183918,2,Tue
723406324,18/02/2023,04:30:00,530685,184907,4,Sat
563404898,04/02/2023,04:00:00,530687,180690,4,Sat
562456801,29/08/2022,04:30:00,530687,180690,4,Mon
252427480,28/07/2022,05:10:00,530687,191708,5,Thu
822411008,21/07/2022,11:00:00,530687,188947,11,Thu
723401820,04/01/2023,17:30:00,530687,183907,17,Wed
562473130,16/11/2022,23:00:00,530687,180690,23,Wed
723408211,14/01/2023,18:40:00,530694,187457,18,Sat
322415788,06/07/2022,06:25:00,530701,181794,6,Wed
722429340,20/08/2022,14:30:00,530701,186196,14,Sat
822434251,17/12/2022,16:00:00,530706,190886,16,Sat
723405160,08/01/2023,11:10:00,530707,184053,11,Sun
722427925,15/10/2022,20:22:00,530707,184053,20,Sat
352423865,04/08/2022,23:38:00,530709,188684,23,Thu
563424323,31/03/2023,00:01:00,530710,181890,0,Fri
322426213,13/08/2022,00:25:00,530715,182714,0,Sat
722414459,12/08/2022,00:45:00,530718,186258,0,Fri
822432991,23/12/2022,16:21:00,530718,188101,16,Fri
253404091,19/01/2023,14:00:00,530719,195055,14,Thu
322426507,22/09/2022,15:12:00,530720,182908,15,Thu
322439623,14/11/2022,12:45:00,530724,181650,12,Mon
322428875,09/09/2022,20:35:00,530724,181650,20,Fri
722420414,03/10/2022,11:00:00,530726,184311,11,Mon
722425540,22/08/2022,16:00:00,530727,185760,16,Mon
722420591,08/09/2022,21:10:00,530728,183155,21,Thu
323402218,15/03/2023,17:00:00,530729,182686,17,Wed
723400365,05/03/2023,23:30:00,530732,186045,23,Sun
43402732,22/02/2023,16:20:00,530733,163657,16,Wed
42410420,23/08/2022,20:20:00,530733,163657,20,Tue
823403526,04/03/2023,23:59:00,530734,192083,23,Sat
563428762,28/03/2023,16:05:00,530736,181098,16,Tue
723406673,13/02/2023,04:30:00,530737,186272,4,Mon
722426375,20/10/2022,21:00:00,530737,183067,21,Thu
722421295,22/10/2022,23:00:00,530737,183067,23,Sat
722422717,05/11/2022,12:00:00,530743,185669,12,Sat
832431860,01/10/2022,13:10:00,530743,169044,13,Sat
833408158,16/03/2023,10:02:00,530744,166755,10,Thu
723407767,27/03/2023,14:00:00,530755,182945,14,Mon
833400104,06/02/2023,17:30:00,530756,161902,17,Mon
322417289,14/07/2022,18:00:00,530756,182672,18,Thu
832420948,12/09/2022,13:15:00,530759,169205,13,Mon
562440317,10/08/2022,00:01:00,530761,181146,0,Wed
562446094,31/07/2022,12:00:00,530761,181146,12,Sun
302416399,14/09/2022,18:41:00,530763,181089,18,Wed
322439477,29/12/2022,18:30:00,530769,182111,18,Thu
832430349,20/12/2022,14:30:00,530770,166539,14,Tue
832426663,31/07/2022,15:38:00,530771,169420,15,Sun
562469459,11/11/2022,00:01:00,530773,180770,0,Fri
563420340,17/03/2023,03:15:00,530773,180770,3,Fri
832423165,17/08/2022,19:38:00,530774,168165,19,Wed
832420963,31/07/2022,20:40:00,530774,165856,20,Sun
823408497,24/03/2023,01:00:00,530777,190425,1,Fri
832421955,17/08/2022,09:30:00,530781,169491,9,Wed
722427803,22/09/2022,13:13:00,530783,185988,13,Thu
722426575,20/10/2022,21:05:00,530786,183069,21,Thu
253406738,27/03/2023,00:30:00,530789,196702,0,Mon
252428918,12/10/2022,20:00:00,530789,196702,20,Wed
323405076,03/03/2023,10:00:00,530790,182109,10,Fri
323406270,05/01/2023,12:35:00,530795,182325,12,Thu
723400862,31/01/2023,20:00:00,530795,186788,20,Tue
323407820,04/01/2023,09:10:00,530804,182694,9,Wed
562471967,10/12/2022,03:30:00,530806,181015,3,Sat
322427931,29/07/2022,13:50:00,530809,181632,13,Fri
322436365,06/12/2022,14:00:00,530810,181916,14,Tue
323404709,22/03/2023,21:30:00,530811,182255,21,Wed
252425135,01/09/2022,00:01:00,530811,192613,0,Thu
823409956,11/03/2023,16:30:00,530816,186302,16,Sat
253400145,23/02/2023,07:55:00,530818,194992,7,Thu
722422577,11/11/2022,14:30:00,530818,183207,14,Fri
563417622,15/02/2023,18:20:00,530818,180869,18,Wed
832430931,07/10/2022,23:30:00,530821,167100,23,Fri
323408263,03/02/2023,17:35:00,530822,181556,17,Fri
322438811,27/10/2022,20:50:00,530826,182451,20,Thu
722428384,09/10/2022,07:00:00,530828,184694,7,Sun
722414226,06/07/2022,12:20:00,530828,184694,12,Wed
723401472,01/02/2023,13:20:00,530828,182770,13,Wed
323404421,11/01/2023,23:20:00,530829,182540,23,Wed
562470408,11/12/2022,04:45:00,530830,181097,4,Sun
723406322,26/01/2023,16:25:00,530831,185698,16,Thu
253404658,28/03/2023,16:20:00,530834,196478,16,Tue
822423434,30/09/2022,00:50:00,530836,187591,0,Fri
832425298,16/09/2022,08:05:00,530838,167317,8,Fri
722422955,19/10/2022,09:45:00,530838,183298,9,Wed
822417248,25/07/2022,10:30:00,530840,191203,10,Mon
822426175,14/10/2022,20:00:00,530840,191203,20,Fri
832438871,11/10/2022,17:52:00,530843,168519,17,Tue
832428061,13/07/2022,12:00:00,530848,166455,12,Wed
563408863,15/01/2023,06:30:00,530849,180938,6,Sun
822417947,14/07/2022,12:20:00,530850,190939,12,Thu
563421440,18/03/2023,22:00:00,530851,180902,22,Sat
323400979,28/03/2023,19:30:00,530860,181576,19,Tue
822425965,14/10/2022,17:00:00,530861,189590,17,Fri
722419487,23/07/2022,04:00:00,530865,185545,4,Sat
723408022,26/01/2023,17:31:00,530865,185631,17,Thu
722410658,31/07/2022,18:35:00,530865,185631,18,Sun
822428920,14/08/2022,23:10:00,530865,187663,23,Sun
823405653,03/02/2023,19:00:00,530866,190902,19,Fri
723407574,23/02/2023,17:00:00,530871,185641,17,Thu
722421339,28/11/2022,12:45:00,530873,186558,12,Mon
722412817,14/07/2022,22:20:00,530873,183556,22,Thu
822435121,14/12/2022,11:20:00,530875,191473,11,Wed
563409369,06/02/2023,09:00:00,530877,190221,9,Mon
823400742,27/01/2023,16:00:00,530882,188387,16,Fri
822426587,07/11/2022,19:43:00,530890,189135,19,Mon
323404936,01/03/2023,05:59:00,530895,182502,5,Wed
722424329,26/11/2022,21:35:00,530900,187293,21,Sat
722418777,23/07/2022,13:32:00,530907,185627,13,Sat
722437860,14/12/2022,16:30:00,530907,184702,16,Wed
832436291,13/10/2022,01:05:00,530912,166524,1,Thu
823403400,01/01/2023,12:00:00,530913,187546,12,Sun
832437345,12/11/2022,13:50:00,530913,169517,13,Sat
832427994,11/08/2022,02:50:00,530915,167477,2,Thu
722427352,15/09/2022,15:45:00,530915,184906,15,Thu
322434282,13/11/2022,02:40:00,530916,182463,2,Sun
722436600,27/11/2022,21:15:00,530930,185457,21,Sun
62433541,11/12/2022,19:50:00,530931,185773,19,Sun
723407280,04/01/2023,17:00:00,530932,184429,17,Wed
722417785,29/06/2022,20:45:00,530933,184424,20,Wed
833408066,05/03/2023,03:23:00,530934,168857,3,Sun
822412867,17/07/2022,16:00:00,530934,191116,16,Sun
722439591,31/12/2022,12:45:00,530937,187250,12,Sat
723401630,05/01/2023,16:55:00,530937,186804,16,Thu
722421587,03/11/2022,17:00:00,530937,182890,17,Thu
723408640,29/12/2022,18:45:00,530944,184361,18,Thu
823407522,25/01/2023,16:05:00,530945,190402,16,Wed
822427878,16/11/2022,19:20:00,530945,190402,19,Wed
322434112,05/11/2022,06:10:00,530950,182096,6,Sat
252426330,22/07/2022,11:30:00,530952,192277,11,Fri
252425793,30/08/2022,15:50:00,530952,192277,15,Tue
722429924,29/09/2022,08:22:00,530960,184788,8,Thu
832427277,05/09/2022,16:19:00,530965,157131,16,Mon
832424667,05/09/2022,01:20:00,530967,163643,1,Mon
722422377,10/11/2022,11:35:00,530967,185107,11,Thu
723400356,16/03/2023,13:38:00,530968,186983,13,Thu
252424116,22/09/2022,16:25:00,530969,191658,16,Thu
722428321,31/08/2022,19:09:00,530971,186749,19,Wed
832429396,30/08/2022,02:35:00,530972,168831,2,Tue
722415879,14/08/2022,16:57:00,530972,184961,16,Sun
253401850,06/01/2023,16:23:00,530974,191988,16,Fri
722424564,08/10/2022,14:30:00,530979,185659,14,Sat
322428738,05/10/2022,08:05:00,530980,182578,8,Wed
822417579,10/08/2022,01:00:00,530984,190485,1,Wed
722424287,12/11/2022,04:00:00,530984,185707,4,Sat
822420275,15/10/2022,04:17:00,530984,190485,4,Sat
822428436,22/10/2022,09:20:00,530984,190485,9,Sat
823402287,22/03/2023,16:45:00,530984,190485,16,Wed
722424807,03/11/2022,14:30:00,530985,187055,14,Thu
823403362,30/01/2023,01:00:00,530987,192324,1,Mon
252428037,05/10/2022,01:20:00,530987,192324,1,Wed
832438067,02/12/2022,15:30:00,530994,169853,15,Fri
832428956,26/08/2022,18:30:00,530994,169853,18,Fri
832426333,28/07/2022,20:00:00,530994,169853,20,Thu
562460147,05/11/2022,21:45:00,530996,180809,21,Sat
832433634,02/11/2022,22:55:00,530997,161155,22,Wed
722425470,25/08/2022,20:10:00,530999,185729,20,Thu
562443823,24/07/2022,04:57:00,531000,181100,4,Sun
562464654,27/10/2022,19:25:00,531000,181100,19,Thu
562432539,07/07/2022,21:45:00,531000,181100,21,Thu
832436201,04/10/2022,22:30:00,531001,168540,22,Tue
823407518,24/03/2023,09:00:00,531005,190339,9,Fri
722420450,23/08/2022,12:10:00,531005,186140,12,Tue
723405600,01/01/2023,18:00:00,531005,186140,18,Sun
823409325,25/02/2023,18:30:00,531005,190339,18,Sat
822427707,29/10/2022,20:00:00,531005,186140,20,Sat
823401237,18/03/2023,18:20:00,531006,190426,18,Sat
832422608,08/09/2022,17:00:00,531013,165927,17,Thu
832425070,05/07/2022,23:35:00,531013,167151,23,Tue
723400002,24/01/2023,16:00:00,531024,186208,16,Tue
822423498,19/11/2022,12:10:00,531028,190296,12,Sat
723409994,27/02/2023,06:45:00,531033,185572,6,Mon
833400760,06/01/2023,16:35:00,531034,161453,16,Fri
822428848,14/11/2022,18:30:00,531034,190212,18,Mon
722421884,11/10/2022,11:23:00,531037,186039,11,Tue
822425213,15/09/2022,14:00:00,531037,190298,14,Thu
562448742,21/07/2022,20:35:00,531040,181039,20,Thu
562453081,01/09/2022,10:44:00,531042,189608,10,Thu
823409063,08/02/2023,15:00:00,531046,190113,15,Wed
252435240,04/11/2022,19:30:00,531047,190252,19,Fri
822411099,11/08/2022,21:00:00,531047,190252,21,Thu
722424104,03/10/2022,04:35:00,531049,186091,4,Mon
832432808,04/12/2022,19:20:00,531049,168712,19,Sun
722413866,10/07/2022,22:22:00,531052,186954,22,Sun
822434971,20/12/2022,14:00:00,531056,190085,14,Tue
832427996,30/05/2022,19:30:00,531057,161753,19,Mon
822437961,19/12/2022,22:00:00,531058,187598,22,Mon
823403300,01/01/2023,07:37:00,531063,190420,7,Sun
833409119,20/03/2023,15:45:00,531064,167591,15,Mon
723407686,19/03/2023,05:50:00,531065,183112,5,Sun
323405171,18/01/2023,07:20:00,531065,182017,7,Wed
562462242,19/10/2022,19:00:00,531065,180778,19,Wed
722428609,26/11/2022,00:01:00,531067,183152,0,Sat
823400587,23/03/2023,17:15:00,531067,190387,17,Thu
822420960,18/08/2022,21:00:00,531067,190387,21,Thu
252420395,20/09/2022,19:58:00,531069,191209,19,Tue
823404497,24/03/2023,18:13:00,531072,190398,18,Fri
562479575,04/12/2022,02:17:00,531073,182317,2,Sun
562474218,09/12/2022,13:31:00,531073,182317,13,Fri
722424165,19/10/2022,12:00:00,531074,190057,12,Wed
822419759,07/08/2022,23:00:00,531077,187413,23,Sun
822427376,26/10/2022,14:30:00,531078,189482,14,Wed
722423757,09/11/2022,17:35:00,531078,182548,17,Wed
723407391,23/01/2023,16:30:00,531085,185048,16,Mon
722414069,12/08/2022,14:55:00,531088,186543,14,Fri
832431472,19/10/2022,13:45:00,531089,168865,13,Wed
822434811,14/12/2022,07:20:00,531093,190366,7,Wed
563406640,02/01/2023,19:15:00,531093,181082,19,Mon
822429042,08/09/2022,14:00:00,531094,190366,14,Thu
822427414,26/09/2022,19:07:00,531094,190366,19,Mon
822426148,13/11/2022,20:00:00,531094,190366,20,Sun
822420994,04/10/2022,20:45:00,531094,190366,20,Tue
833403129,29/03/2023,14:00:00,531095,162201,14,Wed
322422697,30/09/2022,10:55:00,531096,181642,10,Fri
822421754,02/10/2022,14:20:00,531096,190375,14,Sun
823407277,22/03/2023,15:00:00,531096,190375,15,Wed
823408370,09/01/2023,16:20:00,531097,187194,16,Mon
823401282,30/01/2023,08:50:00,531098,190365,8,Mon
722422659,01/12/2022,16:47:00,531098,184740,16,Thu
822428038,12/11/2022,19:10:00,531098,190365,19,Sat
823405937,14/03/2023,14:30:00,531099,190239,14,Tue
822425930,17/08/2022,16:55:00,531099,190387,16,Wed
832424155,16/08/2022,18:30:00,531099,168279,18,Tue
832424446,24/08/2022,20:50:00,531099,168279,20,Wed
822422895,15/10/2022,13:55:00,531101,189376,13,Sat
822427047,01/11/2022,23:00:00,531101,190375,23,Tue
822427326,21/10/2022,01:05:00,531102,187213,1,Fri
822439891,23/12/2022,17:00:00,531102,190190,17,Fri
722424915,14/10/2022,20:00:00,531103,181294,20,Fri
832438705,09/11/2022,10:45:00,531104,165764,10,Wed
832427499,25/09/2022,19:00:00,531106,166753,19,Sun
253405364,16/02/2023,10:20:00,531107,192764,10,Thu
252425963,25/08/2022,15:45:00,531107,192764,15,Thu
252436554,17/12/2022,17:35:00,531109,192846,17,Sat
722423888,24/11/2022,09:30:00,531110,185259,9,Thu
822429863,22/09/2022,14:00:00,531111,190081,14,Thu
822420128,10/11/2022,15:30:00,531111,190081,15,Thu
822434642,29/12/2022,18:01:00,531111,190081,18,Thu
722423114,04/10/2022,05:30:00,531113,186229,5,Tue
722417286,10/07/2022,17:30:00,531113,186504,17,Sun
823404415,24/02/2023,00:01:00,531114,190104,0,Fri
822426529,20/11/2022,12:00:00,531114,190104,12,Sun
823408225,25/02/2023,18:00:00,531114,190104,18,Sat
822424227,31/10/2022,18:20:00,531114,190104,18,Mon
723401087,29/03/2023,17:20:00,531115,186913,17,Wed
562448878,18/08/2022,00:01:00,531119,181193,0,Thu
723403573,12/02/2023,18:20:00,531119,186180,18,Sun
722420734,06/10/2022,10:00:00,531120,185351,10,Thu
322437052,05/10/2022,16:20:00,531120,181725,16,Wed
833403087,16/03/2023,13:50:00,531121,164620,13,Thu
722423325,14/10/2022,17:15:00,531126,183308,17,Fri
722429445,18/10/2022,02:20:00,531127,186567,2,Tue
722427659,01/12/2022,16:50:00,531127,184933,16,Thu
322422286,20/09/2022,19:50:00,531128,182143,19,Tue
832428591,16/07/2022,00:20:00,531129,167593,0,Sat
252422653,26/08/2022,04:00:00,531129,192791,4,Fri
833409371,16/01/2023,18:20:00,531129,167593,18,Mon
832435237,11/11/2022,21:30:00,531132,164821,21,Fri
822429013,13/09/2022,16:00:00,531135,189221,16,Tue
822427160,18/08/2022,21:00:00,531135,189221,21,Thu
823403972,31/01/2023,14:00:00,531138,190032,14,Tue
722420653,26/09/2022,19:00:00,531146,186437,19,Mon
822432810,01/12/2022,14:42:00,531151,189513,14,Thu
252438692,30/11/2022,18:10:00,531152,194342,18,Wed
822422181,02/09/2022,20:40:00,531154,190091,20,Fri
723402682,03/02/2023,00:30:00,531158,185199,0,Fri
723404500,01/01/2023,16:45:00,531158,186528,16,Sun
822420992,11/09/2022,21:47:00,531158,189895,21,Sun
722410836,07/07/2022,21:50:00,531158,186528,21,Thu
722420262,14/09/2022,09:45:00,531159,186137,9,Wed
832438357,08/10/2022,03:23:00,531162,169378,3,Sat
822428041,27/08/2022,20:23:00,531164,189243,20,Sat
722426437,07/11/2022,12:31:00,531166,184889,12,Mon
723404720,04/01/2023,16:20:00,531171,184807,16,Wed
722413487,24/07/2022,06:05:00,531172,186608,6,Sun
323400301,11/01/2023,17:40:00,531173,182148,17,Wed
832438015,09/11/2022,16:30:00,531179,166880,16,Wed
822434931,15/12/2022,05:30:00,531181,190049,5,Thu
822428124,28/09/2022,13:40:00,531181,190049,13,Wed
822427988,18/11/2022,15:30:00,531181,190049,15,Fri
822424593,25/09/2022,16:00:00,531181,190049,16,Sun
252428290,28/07/2022,21:00:00,531185,192928,21,Thu
823401910,02/01/2023,13:00:00,531186,189522,13,Mon
832427184,10/08/2022,15:00:00,531187,164966,15,Wed
722417387,24/07/2022,05:10:00,531189,186890,5,Sun
723402661,19/01/2023,16:10:00,531200,184718,16,Thu
722421232,13/09/2022,07:35:00,531201,182440,7,Tue
822412146,03/07/2022,12:00:00,531201,189782,12,Sun
723400734,19/02/2023,17:30:00,531202,183824,17,Sun
723408317,21/03/2023,22:00:00,531202,183824,22,Tue
832421097,07/09/2022,11:50:00,531203,163312,11,Wed
252427592,16/08/2022,17:51:00,531203,197735,17,Tue
723407785,06/03/2023,08:00:00,531203,183256,8,Mon
722435910,08/12/2022,16:00:00,531206,183466,16,Thu
822418897,20/07/2022,18:45:00,531209,187206,18,Wed
722416286,12/07/2022,06:15:00,531210,186855,6,Tue
722433580,10/12/2022,11:15:00,531211,185192,11,Sat
722422480,25/08/2022,16:00:00,531211,185192,16,Thu
253403564,16/02/2023,18:55:00,531211,196856,18,Thu
822439771,19/12/2022,16:20:00,531215,187492,16,Mon
833405096,07/03/2023,17:30:00,531215,168105,17,Tue
723409653,10/02/2023,19:45:00,531215,186665,19,Fri
252436264,16/12/2022,14:13:00,531219,198118,14,Fri
722410416,05/07/2022,08:40:00,531220,182466,8,Tue
322422054,27/08/2022,22:40:00,531223,182062,22,Sat
722426804,03/10/2022,16:50:00,531227,183285,16,Mon
823413432,11/05/2022,11:03:00,531231,187102,11,Wed
822427963,22/09/2022,19:05:00,531231,189927,19,Thu
823408724,15/02/2023,23:45:00,531231,189927,23,Wed
722422635,17/10/2022,01:30:00,531232,186821,1,Mon
832429874,10/08/2022,15:40:00,531232,167333,15,Wed
723405416,11/03/2023,16:37:00,531232,183064,16,Sat
822423285,16/10/2022,08:00:00,531233,189984,8,Sun
822423217,30/10/2022,19:57:00,531233,189984,19,Sun
723406851,18/01/2023,12:15:00,531234,185719,12,Wed
722429865,17/10/2022,20:36:00,531234,185719,20,Mon
723401861,20/01/2023,17:33:00,531237,186861,17,Fri
822410949,06/08/2022,21:20:00,531242,190493,21,Sat
723402796,20/03/2023,19:05:00,531247,183285,19,Mon
832430883,30/10/2022,01:00:00,531249,166227,1,Sun
822420875,15/10/2022,16:00:00,531252,189966,16,Sat
832436279,19/12/2022,20:30:00,531252,161704,20,Mon
822425181,02/09/2022,21:30:00,531252,190239,21,Fri
722423502,10/09/2022,00:25:00,531255,186841,0,Sat
723408540,06/01/2023,17:23:00,531257,186890,17,Fri
832427819,18/09/2022,12:36:00,531260,167804,12,Sun
832428792,25/07/2022,12:50:00,531261,161445,12,Mon
832427938,11/09/2022,15:25:00,531261,161445,15,Sun
723407676,18/03/2023,15:40:00,531261,186878,15,Sat
832430101,04/10/2022,19:25:00,531261,161445,19,Tue
722437911,20/12/2022,14:25:00,531263,186968,14,Tue
322431555,05/12/2022,08:10:00,531264,182075,8,Mon
723404591,23/01/2023,19:20:00,531264,183563,19,Mon
723409861,20/01/2023,21:15:00,531264,183425,21,Fri
322415079,10/07/2022,15:00:00,531268,184577,15,Sun
722424645,18/10/2022,10:29:00,531270,184096,10,Tue
832436439,20/12/2022,00:45:00,531272,167733,0,Tue
822436191,22/12/2022,16:30:00,531272,187400,16,Thu
832430748,04/12/2022,22:00:00,531273,169293,22,Sun
722423919,16/11/2022,01:00:00,531274,186509,1,Wed
723405824,18/02/2023,14:00:00,531274,186509,14,Sat
822421134,25/09/2022,16:30:00,531277,190017,16,Sun
822429185,14/10/2022,23:00:00,531277,190017,23,Fri
822426932,08/09/2022,16:30:00,531280,189938,16,Thu
822437661,19/12/2022,17:15:00,531284,187136,17,Mon
832431671,07/10/2022,15:00:00,531285,167708,15,Fri
723405640,07/01/2023,00:01:00,531287,186556,0,Sat
722427564,09/10/2022,06:35:00,531288,184973,6,Sun
722420828,17/11/2022,16:35:00,531288,184973,16,Thu
823409638,29/03/2023,00:31:00,531291,190558,0,Wed
822427786,28/10/2022,06:37:00,531292,190763,6,Fri
722427448,17/11/2022,14:05:00,531292,183305,14,Thu
723405253,09/02/2023,17:45:00,531292,183305,17,Thu
723404391,22/01/2023,19:00:00,531292,183305,19,Sun
723406074,22/02/2023,22:50:00,531292,184598,22,Wed
832438439,20/12/2022,02:00:00,531294,161614,2,Tue
822420251,30/08/2022,14:00:00,531294,189469,14,Tue
832433349,20/12/2022,18:40:00,531294,165312,18,Tue
822434501,12/12/2022,17:00:00,531295,187335,17,Mon
722427229,24/11/2022,17:00:00,531295,187335,17,Thu
832439960,30/09/2022,12:15:00,531297,161703,12,Fri
822419336,03/07/2022,16:35:00,531304,189913,16,Sun
823409266,11/03/2023,20:30:00,531306,186926,20,Sat
722424855,18/10/2022,17:20:00,531309,186642,17,Tue
722427939,29/11/2022,02:30:00,531310,183162,2,Tue
322431370,24/10/2022,23:00:00,531310,183162,23,Mon
823404313,03/02/2023,12:00:00,531311,189591,12,Fri
822413609,02/08/2022,09:45:00,531312,189969,9,Tue
833407350,05/01/2023,12:00:00,531315,167776,12,Thu
252427038,13/10/2022,21:30:00,531316,192415,21,Thu
723409982,02/02/2023,17:10:00,531317,185094,17,Thu
832429217,31/08/2022,16:15:00,531320,168778,16,Wed
823407914,14/02/2023,19:00:00,531322,187256,19,Tue
832436798,15/12/2022,00:01:00,531324,167738,0,Thu
832438490,02/10/2022,21:40:00,531324,167738,21,Sun
832427429,18/09/2022,18:55:00,531325,161550,18,Sun
823403057,18/03/2023,22:30:00,531326,189899,22,Sat
832430568,12/12/2022,19:15:00,531329,161718,19,Mon
822438271,20/12/2022,13:45:00,531333,187747,13,Tue
822412348,25/07/2022,16:00:00,531335,190008,16,Mon
822429235,07/10/2022,16:40:00,531336,190502,16,Fri
823404153,07/02/2023,10:00:00,531338,189565,10,Tue
823407812,24/01/2023,15:30:00,531338,190587,15,Tue
822422916,14/10/2022,22:53:00,531338,189565,22,Fri
833406739,30/03/2023,21:00:00,531339,167688,21,Thu
822421383,23/09/2022,23:43:00,531340,190358,23,Fri
823401147,18/03/2023,23:00:00,531341,187535,23,Sat
722418848,31/07/2022,18:35:00,531343,185531,18,Sun
833400695,26/02/2023,17:50:00,531344,161546,17,Sun
722430920,09/12/2022,18:50:00,531345,184439,18,Fri
833400469,30/03/2023,14:00:00,531350,161689,14,Thu
822415549,06/08/2022,14:53:00,531351,190398,14,Sat
722424856,29/10/2022,22:34:00,531352,182135,22,Sat
823406795,05/03/2023,09:30:00,531356,191305,9,Sun
832430311,05/10/2022,14:00:00,531358,161699,14,Wed
833408868,24/03/2023,18:00:00,531358,161699,18,Fri
832436141,07/10/2022,21:00:00,531358,161699,21,Fri
832439674,05/11/2022,22:00:00,531358,161746,22,Sat
322427013,14/08/2022,15:15:00,531359,181654,15,Sun
722432741,23/12/2022,18:05:00,531371,184746,18,Fri
832429843,29/07/2022,22:35:00,531374,164327,22,Fri
832439654,02/11/2022,18:50:00,531381,161719,18,Wed
253400724,12/02/2023,02:00:00,531382,196924,2,Sun
832429205,12/08/2022,11:01:00,531382,164271,11,Fri
832425832,19/07/2022,22:48:00,531382,168882,22,Tue
823405180,10/01/2023,13:06:00,531383,189385,13,Tue
722425425,15/10/2022,00:50:00,531384,182096,0,Sat
723406243,08/02/2023,23:00:00,531384,182096,23,Wed
722418168,30/07/2022,04:05:00,531384,186810,4,Sat
722435011,19/12/2022,19:30:00,531384,184879,19,Mon
722422044,04/10/2022,21:55:00,531384,186810,21,Tue
722420926,26/10/2022,23:00:00,531385,186784,23,Wed
642425440,23/07/2022,00:01:00,531385,186779,0,Sat
723404081,22/01/2023,04:52:00,531385,186779,4,Sun
722428826,27/10/2022,04:50:00,531385,186784,4,Thu
722410517,16/07/2022,04:45:00,531385,186784,4,Sat
722428337,02/11/2022,12:00:00,531385,186779,12,Wed
722421931,02/09/2022,12:30:00,531385,186784,12,Fri
722424971,02/09/2022,12:30:00,531385,186779,12,Fri
723406545,03/03/2023,14:00:00,531385,186779,14,Fri
722418846,08/07/2022,15:00:00,531385,186784,15,Fri
722432021,20/12/2022,15:20:00,531385,186779,15,Tue
723408897,29/03/2023,16:56:00,531385,186784,16,Wed
722425706,24/10/2022,16:00:00,531385,186784,16,Mon
253403900,31/12/2022,17:50:00,531385,194389,17,Sat
722415608,26/07/2022,18:20:00,531385,186784,18,Tue
723402123,06/02/2023,20:30:00,531385,186779,20,Mon
722419766,10/07/2022,22:00:00,531385,186779,22,Sun
723401817,20/03/2023,22:08:00,531385,186784,22,Mon
723406780,11/01/2023,23:00:00,531385,186779,23,Wed
722415217,15/07/2022,23:00:00,531385,183965,23,Fri
722421564,09/10/2022,02:45:00,531386,186839,2,Sun
723401316,12/03/2023,05:20:00,531386,186839,5,Sun
723409165,05/03/2023,14:20:00,531386,183349,14,Sun
722418197,24/07/2022,16:00:00,531386,183349,16,Sun
723407135,02/03/2023,17:20:00,531386,186839,17,Thu
723406391,23/01/2023,19:20:00,531386,183349,19,Mon
723406860,09/01/2023,19:30:00,531386,183349,19,Mon
722422302,09/09/2022,19:30:00,531386,183349,19,Fri
822421130,15/08/2022,04:56:00,531387,187887,4,Mon
722431741,23/12/2022,18:10:00,531388,184778,18,Fri
723409892,03/02/2023,23:20:00,531388,184286,23,Fri
822436861,20/12/2022,02:50:00,531393,189753,2,Tue
822426541,24/08/2022,09:00:00,531393,189753,9,Wed
822428949,25/11/2022,11:52:00,531393,189753,11,Fri
822422061,31/08/2022,17:00:00,531393,189753,17,Wed
722420607,03/11/2022,15:30:00,531396,184885,15,Thu
252434123,02/12/2022,15:30:00,531400,197400,15,Fri
723409337,24/03/2023,17:00:00,531400,186666,17,Fri
823402918,27/03/2023,09:05:00,531401,189590,9,Mon
833402095,26/02/2023,07:15:00,531402,161519,7,Sun
722433031,21/12/2022,14:50:00,531402,186605,14,Wed
722416248,30/07/2022,14:35:00,531403,183753,14,Sat
833405205,05/02/2023,22:00:00,531408,167168,22,Sun
722422908,15/11/2022,15:30:00,531412,183414,15,Tue
723406314,21/01/2023,23:00:00,531413,186838,23,Sat
823408567,19/03/2023,01:14:00,531413,189799,1,Sun
823402825,26/02/2023,03:00:00,531413,186838,3,Sun
822425966,22/10/2022,15:01:00,531413,189799,15,Sat
722422365,19/10/2022,16:45:00,531413,183320,16,Wed
822431740,05/12/2022,17:00:00,531413,186838,17,Mon
822427423,17/09/2022,22:45:00,531413,186838,22,Sat
722422296,02/11/2022,15:20:00,531415,183309,15,Wed
722430831,22/12/2022,17:05:00,531415,183309,17,Thu
832431304,31/10/2022,13:27:00,531416,166941,13,Mon
253400320,30/12/2022,19:00:00,531416,189630,19,Fri
722431611,19/12/2022,18:10:00,531417,186724,18,Mon
823403530,01/01/2023,03:00:00,531419,186806,3,Sun
832439695,16/11/2022,12:55:00,531419,171007,12,Wed
723408844,21/02/2023,07:25:00,531421,186769,7,Tue
723409137,24/03/2023,12:25:00,531421,186769,12,Fri
723403832,28/01/2023,14:48:00,531421,186769,14,Sat
723409335,13/02/2023,17:30:00,531421,186769,17,Mon
723407763,11/02/2023,21:00:00,531421,186769,21,Sat
723406581,22/01/2023,17:33:00,531422,183427,17,Sun
722416287,24/07/2022,02:00:00,531424,186786,2,Sun
723408457,26/03/2023,02:30:00,531424,186796,2,Sun
723405850,08/01/2023,04:20:00,531424,186786,4,Sun
722424530,21/08/2022,04:34:00,531424,186786,4,Sun
723408642,29/01/2023,00:30:00,531424,186786,0,Sun
722411279,13/08/2022,18:30:00,531424,186786,18,Sat
722429627,06/11/2022,02:00:00,531424,186786,2,Sun
822411358,15/07/2022,22:50:00,531424,186796,22,Fri
823404523,04/02/2023,23:37:00,531424,186796,23,Sat
722421412,11/09/2022,04:20:00,531425,186775,4,Sun
723407097,25/03/2023,14:15:00,531425,186775,14,Sat
252425738,14/10/2022,21:00:00,531426,193665,21,Fri
833406881,18/01/2023,15:40:00,531427,165418,15,Wed
722416527,17/07/2022,01:40:00,531428,183165,1,Sun
723402614,16/02/2023,08:45:00,531428,183174,8,Thu
722422581,04/09/2022,15:00:00,531428,183174,15,Sun
832424549,20/09/2022,22:30:00,531428,159074,22,Tue
723408160,08/01/2023,22:00:00,531428,183174,22,Sun
723401606,11/03/2023,06:27:00,531429,186107,6,Sat
722433450,13/12/2022,08:10:00,531429,183195,8,Tue
832434069,22/12/2022,14:00:00,531429,169723,14,Thu
723405455,04/03/2023,18:00:00,531429,183195,18,Sat
833401416,28/02/2023,16:55:00,531430,161588,16,Tue
722414495,03/07/2022,01:30:00,531431,183195,1,Sun
822421314,27/09/2022,11:00:00,531431,188434,11,Tue
722422119,24/11/2022,20:30:00,531431,183230,20,Thu
722420362,13/09/2022,00:01:00,531431,182907,0,Tue
722412289,15/08/2022,07:10:00,531432,184879,7,Mon
723402111,14/01/2023,15:20:00,531433,183271,15,Sat
723403785,08/03/2023,16:00:00,531435,186555,16,Wed
822426501,24/08/2022,22:40:00,531435,190349,22,Wed
722410587,24/07/2022,02:00:00,531436,186786,2,Sun
722423864,08/10/2022,15:15:00,531437,183254,15,Sat
833400227,06/03/2023,18:00:00,531437,161618,18,Mon
832439101,04/10/2022,21:30:00,531437,161618,21,Tue
722421365,19/10/2022,11:45:00,531438,183553,11,Wed
723408950,08/01/2023,19:30:00,531438,183553,19,Sun
823407091,22/01/2023,03:00:00,531441,186856,3,Sun
822418468,27/07/2022,13:20:00,531441,186856,13,Wed
822414966,07/07/2022,14:00:00,531441,186856,14,Thu
722413166,10/07/2022,12:00:00,531443,186394,12,Sun
723407517,22/03/2023,19:20:00,531444,184866,19,Wed
833407978,25/03/2023,21:47:00,531444,161741,21,Sat
723401473,12/02/2023,15:55:00,531446,185440,15,Sun
723402776,18/03/2023,16:45:00,531448,186743,16,Sat
253406464,16/02/2023,19:25:00,531448,192223,19,Thu
822416456,04/07/2022,00:45:00,531449,186858,0,Mon
723405171,21/01/2023,02:00:00,531449,183395,2,Sat
822425818,11/11/2022,14:00:00,531449,189663,14,Fri
723405308,31/03/2023,15:00:00,531449,186858,15,Fri
822435061,18/12/2022,19:00:00,531449,186858,19,Sun
642433475,28/12/2022,23:50:00,531449,186729,23,Wed
723408785,07/03/2023,13:00:00,531450,183314,13,Tue
833403873,05/02/2023,20:05:00,531450,159054,20,Sun
822412868,29/07/2022,00:45:00,531452,189545,0,Fri
833401905,14/02/2023,14:00:00,531456,161753,14,Tue
833407796,07/03/2023,20:30:00,531457,168635,20,Tue
833404398,24/03/2023,21:00:00,531459,170064,21,Fri
832430472,19/10/2022,17:00:00,531460,161533,17,Wed
823403227,17/03/2023,01:00:00,531461,186808,1,Fri
822422380,12/06/2022,03:01:00,531461,186808,3,Sun
823407753,05/02/2023,17:00:00,531461,186808,17,Sun
822426351,27/08/2022,22:10:00,531461,186808,22,Sat
823403245,27/02/2023,22:15:00,531461,186808,22,Mon
722417109,06/08/2022,01:20:00,531462,183348,1,Sat
252435063,07/12/2022,12:38:00,531462,193268,12,Wed
832427004,03/08/2022,15:30:00,531467,166375,15,Wed
722422479,03/12/2022,16:40:00,531467,184552,16,Sat
823405115,23/02/2023,15:00:00,531468,189723,15,Thu
642437605,19/12/2022,14:30:00,531469,186825,14,Mon
822438501,12/12/2022,16:50:00,531469,186825,16,Mon
822419086,08/07/2022,18:10:00,531469,186825,18,Fri
822422907,29/10/2022,18:45:00,531469,186825,18,Sat
822412328,10/07/2022,19:20:00,531469,186825,19,Sun
822414386,08/07/2022,19:00:00,531469,186825,19,Fri
643407780,09/01/2023,22:15:00,531469,186825,22,Mon
643408795,04/03/2023,23:45:00,531469,186825,23,Sat
722428552,15/09/2022,06:20:00,531472,183354,6,Thu
722422476,31/10/2022,16:25:00,531472,185728,16,Mon
722426832,13/09/2022,21:45:00,531472,185005,21,Tue
723400290,12/01/2023,13:15:00,531474,183377,13,Thu
822437671,20/12/2022,20:07:00,531474,190204,20,Tue
823405597,24/03/2023,20:15:00,531474,190204,20,Fri
822428486,26/10/2022,15:30:00,531476,188709,15,Wed
823402521,12/01/2023,12:00:00,531476,189411,12,Thu
723401193,14/02/2023,15:30:00,531483,183399,15,Tue
822428116,17/10/2022,11:50:00,531484,188078,11,Mon
722422888,21/11/2022,13:00:00,531484,186774,13,Mon
823400473,09/02/2023,21:15:00,531484,189142,21,Thu
823400542,27/01/2023,16:00:00,531485,188161,16,Fri
823408898,31/03/2023,01:35:00,531488,190621,1,Fri
823400382,31/01/2023,13:05:00,531488,190621,13,Tue
723409912,26/01/2023,15:45:00,531488,184547,15,Thu
832427964,09/08/2022,18:18:00,531491,164157,18,Tue
723401902,25/01/2023,18:00:00,531494,183426,18,Wed
822429825,06/10/2022,23:40:00,531499,190483,23,Thu
822425841,27/08/2022,22:00:00,531503,186756,22,Sat
723407940,07/01/2023,05:55:00,531505,183277,5,Sat
723406831,17/01/2023,16:00:00,531505,183277,16,Tue
642415139,10/07/2022,00:01:00,531510,186799,0,Sun
722419756,09/07/2022,23:00:00,531510,186799,23,Sat
723407050,07/01/2023,01:30:00,531511,181768,1,Sat
723400633,04/02/2023,19:00:00,531511,184897,19,Sat
643405045,26/02/2023,20:10:00,531514,186804,20,Sun
322426052,08/08/2022,21:30:00,531514,181658,21,Mon
832435795,12/11/2022,16:39:00,531515,166584,16,Sat
63409145,01/03/2023,19:00:00,531516,190788,19,Wed
823404175,02/03/2023,16:30:00,531518,186809,16,Thu
723407022,26/01/2023,16:56:00,531518,184944,16,Thu
643402508,25/03/2023,20:00:00,531518,186809,20,Sat
722429769,02/12/2022,18:44:00,531520,183067,18,Fri
822413909,02/08/2022,19:45:00,531520,190257,19,Tue
642438595,31/12/2022,20:30:00,531521,186777,20,Sat
422429084,06/10/2022,10:30:00,531523,183469,10,Thu
722422663,27/09/2022,16:41:00,531523,183698,16,Tue
722424038,17/11/2022,19:10:00,531523,183469,19,Thu
822426967,06/11/2022,06:41:00,531524,189650,6,Sun
823401228,23/03/2023,15:50:00,531524,189650,15,Thu
822420003,13/09/2022,16:00:00,531524,189650,16,Tue
822424259,23/11/2022,16:00:00,531524,189650,16,Wed
822420632,05/09/2022,17:30:00,531524,189650,17,Mon
822439122,26/12/2022,20:00:00,531524,189650,20,Mon
823407371,19/01/2023,22:15:00,531524,189650,22,Thu
823404842,27/01/2023,13:25:00,531525,189768,13,Fri
723407980,12/01/2023,07:15:00,531527,183154,7,Thu
723401180,11/01/2023,09:10:00,531527,183154,9,Wed
833405768,24/03/2023,21:30:00,531527,166172,21,Fri
822428296,28/10/2022,13:45:00,531528,189687,13,Fri
642424279,27/10/2022,11:30:00,531529,186811,11,Thu
822426169,24/11/2022,19:30:00,531529,189637,19,Thu
722431710,08/12/2022,15:40:00,531533,186310,15,Thu
722435350,12/12/2022,22:40:00,531533,184180,22,Mon
822426464,03/10/2022,13:05:00,531534,189623,13,Mon
723408804,14/02/2023,21:00:00,531536,182186,21,Tue
823400807,16/03/2023,22:00:00,531536,189738,22,Thu
723404834,19/02/2023,06:30:00,531537,183394,6,Sun
723405482,02/02/2023,17:15:00,531538,185229,17,Thu
822414136,03/07/2022,13:00:00,531540,187899,13,Sun
823400237,18/03/2023,15:15:00,531540,187899,15,Sat
822419796,10/07/2022,15:30:00,531540,187899,15,Sun
722434151,24/12/2022,15:30:00,531540,187899,15,Sat
822416017,10/07/2022,16:00:00,531540,187899,16,Sun
822414286,08/07/2022,17:40:00,531540,187899,17,Fri
822415286,08/07/2022,19:20:00,531540,187899,19,Fri
823402167,21/03/2023,19:37:00,531540,187899,19,Tue
822413007,10/07/2022,21:20:00,531540,187899,21,Sun
822415727,08/07/2022,21:40:00,531540,187899,21,Fri
833401537,11/03/2023,23:30:00,531541,166545,23,Sat
833406442,20/01/2023,17:59:00,531542,161974,17,Fri
722411079,13/08/2022,17:30:00,531543,186712,17,Sat
823400261,08/01/2023,00:15:00,531546,187902,0,Sun
722429754,06/10/2022,16:00:00,531546,184843,16,Thu
822418207,10/07/2022,16:30:00,531546,187902,16,Sun
822415896,08/07/2022,20:00:00,531546,187902,20,Fri
722426306,22/10/2022,02:00:00,531548,183595,2,Sat
832424276,27/08/2022,17:20:00,531549,165644,17,Sat
832439442,12/10/2022,18:50:00,531549,165644,18,Wed
823405804,13/02/2023,18:00:00,531550,189593,18,Mon
822421859,25/11/2022,21:15:00,531551,189436,21,Fri
822421275,14/10/2022,22:53:00,531551,189436,22,Fri
822425729,23/11/2022,01:03:00,531552,189652,1,Wed
643404911,14/01/2023,00:16:00,531556,186840,0,Sat
643407147,20/03/2023,10:25:00,531556,186840,10,Mon
643400463,09/02/2023,16:45:00,531556,186840,16,Thu
823404350,07/01/2023,02:00:00,531557,186843,2,Sat
822421087,28/10/2022,13:30:00,531557,186843,13,Fri
823402292,01/02/2023,16:27:00,531557,190606,16,Wed
723409950,08/01/2023,17:55:00,531561,186693,17,Sun
722436411,18/12/2022,12:00:00,531562,184770,12,Sun
722436850,13/12/2022,15:50:00,531562,184556,15,Tue
722434860,12/12/2022,16:00:00,531562,184770,16,Mon
722438700,07/12/2022,16:30:00,531562,184770,16,Wed
722437800,07/12/2022,16:45:00,531562,184770,16,Wed
723402264,21/02/2023,23:55:00,531562,184770,23,Tue
723402904,16/02/2023,19:30:00,531563,183426,19,Thu
643406203,02/02/2023,09:20:00,531564,186853,9,Thu
723402676,18/03/2023,14:01:00,531566,184651,14,Sat
722429703,22/09/2022,02:00:00,531567,184657,2,Thu
722425157,09/11/2022,10:00:00,531567,182973,10,Wed
723406092,03/02/2023,16:20:00,531570,184748,16,Fri
832423578,14/09/2022,16:52:00,531578,166637,16,Wed
722421926,26/10/2022,19:55:00,531581,185244,19,Wed
723409482,02/02/2023,13:30:00,531582,186727,13,Thu
823401160,08/01/2023,14:30:00,531582,189522,14,Sun
643401805,23/02/2023,15:38:00,531582,186727,15,Thu
723408507,20/03/2023,18:30:00,531582,186727,18,Mon
722436690,17/12/2022,22:00:00,531582,186727,22,Sat
723405351,18/01/2023,20:30:00,531587,182734,20,Wed
642425843,21/08/2022,19:00:00,531589,186674,19,Sun
723403124,01/12/2022,00:01:00,531591,181855,0,Thu
722411176,10/07/2022,01:00:00,531591,184283,1,Sun
833401512,18/01/2023,15:00:00,531591,169612,15,Wed
252438533,03/12/2022,18:15:00,531591,197651,18,Sat
722410686,12/07/2022,19:00:00,531591,181855,19,Tue
723408191,23/01/2023,17:05:00,531592,184597,17,Mon
823407153,07/02/2023,17:15:00,531593,188836,17,Tue
722419897,25/07/2022,10:30:00,531596,183596,10,Mon
723405574,23/02/2023,17:10:00,531598,184629,17,Thu
723400713,06/02/2023,16:25:00,531600,184822,16,Mon
833406636,28/02/2023,16:00:00,531602,164755,16,Tue
833409416,28/02/2023,16:20:00,531602,164755,16,Tue
823404670,09/01/2023,16:11:00,531603,189489,16,Mon
722423414,04/10/2022,08:10:00,531604,183623,8,Tue
722438830,10/12/2022,04:30:00,531607,184671,4,Sat
723405211,14/01/2023,15:30:00,531609,184718,15,Sat
832425549,20/09/2022,23:53:00,531611,166938,23,Tue
822429124,23/09/2022,17:55:00,531613,189595,17,Fri
822419656,27/06/2022,15:25:00,531614,191115,15,Mon
722438970,15/12/2022,15:50:00,531619,185578,15,Thu
722424498,24/11/2022,20:00:00,531621,186910,20,Thu
822427564,02/10/2022,12:00:00,531624,189470,12,Sun
722435890,17/12/2022,03:00:00,531628,182794,3,Sat
722410049,10/08/2022,15:45:00,531628,183294,15,Wed
722416379,13/08/2022,22:00:00,531628,183173,22,Sat
722424820,20/08/2022,08:30:00,531629,181855,8,Sat
643404834,16/02/2023,12:52:00,531629,186897,12,Thu
832420113,26/07/2022,17:20:00,531630,166600,17,Tue
823408930,05/01/2023,17:45:00,531630,186876,17,Thu
252423048,15/10/2022,17:50:00,531640,193630,17,Sat
723401115,28/02/2023,12:28:00,531641,184201,12,Tue
722425692,20/09/2022,21:40:00,531642,181904,21,Tue
723402392,03/02/2023,16:13:00,531649,184791,16,Fri
722439401,18/12/2022,19:55:00,531649,182737,19,Sun
723406445,02/03/2023,20:10:00,531649,182551,20,Thu
722422364,08/10/2022,21:00:00,531649,184791,21,Sat
642430444,10/12/2022,23:33:00,531651,186942,23,Sat
823401822,23/01/2023,15:30:00,531653,190883,15,Mon
722424589,04/12/2022,18:40:00,531653,183679,18,Sun
723407835,02/03/2023,20:00:00,531653,183679,20,Thu
252434550,07/11/2022,04:43:00,531654,193192,4,Mon
722410385,01/07/2022,15:41:00,531654,181905,15,Fri
723408793,09/02/2023,23:00:00,531654,181905,23,Thu
723403983,14/02/2023,12:28:00,531656,184366,12,Tue
252432572,28/11/2022,20:31:00,531657,197213,20,Mon
723406904,16/02/2023,18:00:00,531658,184822,18,Thu
822421791,04/09/2022,20:20:00,531658,190199,20,Sun
822423797,08/11/2022,17:53:00,531659,190448,17,Tue
642423023,19/08/2022,18:35:00,531659,186691,18,Fri
722410477,23/07/2022,00:50:00,531660,184535,0,Sat
722424084,10/10/2022,16:50:00,531660,184830,16,Mon
832438201,04/10/2022,22:40:00,531660,169771,22,Tue
722415989,15/08/2022,13:00:00,531662,183220,13,Mon
722413089,15/08/2022,04:20:00,531663,186121,4,Mon
723401393,13/02/2023,18:30:00,531665,186033,18,Mon
722424490,28/08/2022,01:30:00,531666,184846,1,Sun
832432970,02/10/2022,15:26:00,531666,165772,15,Sun
252428116,22/09/2022,17:50:00,531667,191894,17,Thu
723408482,02/02/2023,20:00:00,531670,185702,20,Thu
722414738,30/07/2022,03:00:00,531671,183826,3,Sat
822437850,05/12/2022,15:50:00,531671,189051,15,Mon
822418437,10/07/2022,16:05:00,531671,187951,16,Sun
722419936,06/07/2022,22:45:00,531671,183233,22,Wed
822418789,24/07/2022,17:00:00,531673,191245,17,Sun
822435050,06/12/2022,07:45:00,531676,189309,7,Tue
252431780,02/11/2022,16:30:00,531676,197888,16,Wed
723401297,30/03/2023,18:55:00,531678,184748,18,Thu
252425192,18/08/2022,19:00:00,531678,197675,19,Thu
723408105,23/02/2023,18:05:00,531682,182704,18,Thu
833403187,21/02/2023,10:20:00,531688,167262,10,Tue
832434934,02/11/2022,17:00:00,531688,167262,17,Wed
642422851,03/08/2022,18:25:00,531691,186804,18,Wed
822420147,02/11/2022,10:15:00,531692,189063,10,Wed
722423133,25/09/2022,02:15:00,531694,181989,2,Sun
723407705,24/02/2023,20:40:00,531694,183577,20,Fri
722413589,15/08/2022,07:10:00,531695,184626,7,Mon
723404354,19/02/2023,01:00:00,531696,183315,1,Sun
723400495,09/03/2023,20:55:00,531696,183315,20,Thu
832429391,14/07/2022,07:51:00,531697,166428,7,Thu
832426993,03/08/2022,15:14:00,531697,166489,15,Wed
723405724,17/02/2023,19:45:00,531697,184939,19,Fri
833405354,13/02/2023,09:00:00,531699,166496,9,Mon
832434937,26/11/2022,20:15:00,531700,169477,20,Sat
833404724,09/12/2022,12:00:00,531702,166692,12,Fri
723401641,17/01/2023,18:40:00,531702,182132,18,Tue
722414306,02/07/2022,19:00:00,531702,182132,19,Sat
722421764,09/10/2022,09:03:00,531703,184066,9,Sun
723404803,05/02/2023,17:15:00,531707,184967,17,Sun
723403041,15/01/2023,01:15:00,531708,184241,1,Sun
822410749,06/08/2022,18:20:00,531710,190745,18,Sat
722415958,02/08/2022,02:18:00,531714,183081,2,Tue
723402411,12/01/2023,16:40:00,531714,183153,16,Thu
723409590,12/01/2023,19:50:00,531714,183081,19,Thu
722412207,14/07/2022,20:16:00,531714,183081,20,Thu
832427335,15/08/2022,14:20:00,531717,166589,14,Mon
822432730,04/12/2022,22:40:00,531717,189843,22,Sun
833402140,04/01/2023,22:30:00,531718,169567,22,Wed
722426606,24/10/2022,17:55:00,531719,182594,17,Mon
822411279,09/08/2022,18:20:00,531719,189338,18,Tue
722410886,12/07/2022,04:00:00,531721,185476,4,Tue
832426876,27/08/2022,04:30:00,531721,165716,4,Sat
722421284,09/10/2022,06:00:00,531721,185476,6,Sun
722429526,26/10/2022,15:20:00,531721,185476,15,Wed
722438920,09/12/2022,16:45:00,531721,185476,16,Fri
722429493,01/10/2022,17:00:00,531721,185476,17,Sat
723403486,17/03/2023,18:50:00,531721,185476,18,Fri
723407271,21/01/2023,07:45:00,531724,184233,7,Sat
722428713,22/09/2022,16:24:00,531724,184233,16,Thu
822425878,17/11/2022,16:20:00,531726,188083,16,Thu
252432173,08/12/2022,12:00:00,531727,193199,12,Thu
723401656,16/03/2023,15:20:00,531727,185603,15,Thu
722421823,22/09/2022,23:50:00,531728,181775,23,Thu
722420170,22/08/2022,04:30:00,531728,181775,4,Mon
723407740,07/01/2023,04:30:00,531728,181775,4,Sat
723401592,04/02/2023,04:00:00,531728,181775,4,Sat
722413079,13/08/2022,05:40:00,531728,181775,5,Sat
832425038,10/09/2022,17:19:00,531728,166771,17,Sat
722415576,11/07/2022,18:30:00,531728,181775,18,Mon
832421382,24/07/2022,00:04:00,531729,164526,0,Sun
832424297,06/09/2022,20:00:00,531729,160907,20,Tue
823409712,24/01/2023,17:00:00,531732,190784,17,Tue
832427617,31/08/2022,22:30:00,531736,166559,22,Wed
822429335,10/10/2022,23:25:00,531737,189540,23,Mon
832423438,11/09/2022,00:45:00,531742,166687,0,Sun
723404480,11/01/2023,16:00:00,531743,183871,16,Wed
723407882,30/01/2023,16:30:00,531743,185064,16,Mon
722425883,25/09/2022,01:00:00,531746,181788,1,Sun
723402542,29/01/2023,06:30:00,531746,181788,6,Sun
832435165,14/11/2022,11:43:00,531753,165344,11,Mon
832420219,17/09/2022,21:25:00,531753,165344,21,Sat
823404577,23/03/2023,03:00:00,531762,190882,3,Thu
252411029,11/07/2022,05:55:00,531762,196597,5,Mon
723409426,13/03/2023,16:10:00,531762,184728,16,Mon
723402880,11/01/2023,16:15:00,531762,184728,16,Wed
723404332,27/01/2023,16:10:00,531762,184728,16,Fri
722422669,02/12/2022,18:09:00,531766,183394,18,Fri
642422641,02/08/2022,05:40:00,531767,186544,5,Tue
822429429,22/11/2022,15:30:00,531767,186544,15,Tue
722436791,31/12/2022,19:50:00,531769,183515,19,Sat
723400906,11/03/2023,05:30:00,531771,181912,5,Sat
723401590,12/01/2023,18:21:00,531771,183151,18,Thu
823404995,05/03/2023,14:30:00,531773,188835,14,Sun
822429117,30/10/2022,03:30:00,531777,188809,3,Sun
822429047,01/11/2022,17:05:00,531777,188809,17,Tue
722429549,28/11/2022,06:35:00,531778,181946,6,Mon
822417366,06/07/2022,23:45:00,531785,188310,23,Wed
832432984,07/11/2022,22:40:00,531785,164322,22,Mon
833407849,29/03/2023,16:30:00,531787,166557,16,Wed
243406133,29/01/2023,20:00:00,531790,182062,20,Sun
722411698,04/08/2022,19:45:00,531791,185194,19,Thu
823406990,12/01/2023,15:45:00,531798,188630,15,Thu
722429914,04/10/2022,16:00:00,531801,186115,16,Tue
723401223,05/02/2023,17:00:00,531801,185225,17,Sun
832433820,25/09/2022,19:15:00,531801,165468,19,Sun
822424234,29/09/2022,16:35:00,531802,190878,16,Thu
833403623,31/01/2023,18:15:00,531803,168691,18,Tue
823409143,06/02/2023,00:01:00,531806,189066,0,Mon
822412307,11/07/2022,09:50:00,531808,188012,9,Mon
823407141,16/01/2023,20:50:00,531809,190887,20,Mon
723405581,22/01/2023,21:36:00,531811,185422,21,Sun
833406711,12/01/2023,01:00:00,531817,166603,1,Thu
832433536,16/11/2022,10:00:00,531820,165984,10,Wed
832437974,06/11/2022,23:30:00,531821,165413,23,Sun
822410159,04/08/2022,23:00:00,531822,188783,23,Thu
832425526,17/07/2022,00:08:00,531823,166594,0,Sun
723404077,28/03/2023,14:30:00,531826,182498,14,Tue
832424711,09/07/2022,19:41:00,531827,161003,19,Sat
822425603,15/09/2022,22:00:00,531828,188412,22,Thu
722411449,09/08/2022,22:45:00,531828,185468,22,Tue
643403835,26/02/2023,23:07:00,531828,187149,23,Sun
722425663,28/09/2022,19:00:00,531833,181939,19,Wed
833403547,13/03/2023,08:58:00,531837,169955,8,Mon
822410279,05/08/2022,16:00:00,531837,190978,16,Fri
833402214,09/02/2023,00:55:00,531838,166117,0,Thu
832421338,11/09/2022,00:30:00,531839,166663,0,Sun
833403700,01/01/2023,19:20:00,531846,170973,19,Sun
832430109,16/12/2022,10:45:00,531849,168290,10,Fri
723404134,19/02/2023,01:30:00,531851,183742,1,Sun
722426519,27/11/2022,13:00:00,531851,183742,13,Sun
832429597,07/09/2022,18:45:00,531851,166382,18,Wed
832421202,16/07/2022,18:45:00,531852,169325,18,Sat
722411699,12/08/2022,14:20:00,531855,184629,14,Fri
322424851,31/07/2022,03:30:00,531859,181875,3,Sun
323405140,04/01/2023,14:10:00,531859,182902,14,Wed
722426687,12/11/2022,20:00:00,531860,185464,20,Sat
723403501,13/01/2023,16:00:00,531862,185197,16,Fri
832434399,26/12/2022,17:50:00,531863,165262,17,Mon
832435688,14/12/2022,23:35:00,531863,166702,23,Wed
823408264,20/02/2023,02:41:00,531869,190957,2,Mon
833403306,27/02/2023,15:10:00,531869,170891,15,Mon
833408366,04/03/2023,19:00:00,531869,167321,19,Sat
722412628,28/07/2022,17:10:00,531870,185458,17,Thu
832430551,20/09/2022,17:30:00,531873,169382,17,Tue
723409473,12/02/2023,20:00:00,531877,183326,20,Sun
723403581,22/01/2023,14:50:00,531880,185506,14,Sun
252436194,21/12/2022,16:50:00,531880,195090,16,Wed
822420892,15/09/2022,10:40:00,531882,189187,10,Thu
822414888,31/07/2022,13:19:00,531882,189281,13,Sun
723405002,23/01/2023,16:15:00,531882,184643,16,Mon
832449730,31/12/2022,03:00:00,531883,166776,3,Sat
723408993,15/02/2023,16:35:00,531885,186322,16,Wed
723408142,29/01/2023,04:00:00,531886,183733,4,Sun
822423633,19/09/2022,14:30:00,531886,188065,14,Mon
253409102,18/01/2023,16:30:00,531886,194045,16,Wed
722422059,30/11/2022,15:00:00,531886,184283,15,Wed
722424733,25/09/2022,20:30:00,531886,186360,20,Sun
832432672,19/10/2022,18:45:00,531887,168132,18,Wed
822411729,04/08/2022,14:45:00,531888,189147,14,Thu
822424981,03/09/2022,21:00:00,531888,188164,21,Sat
723406037,24/03/2023,07:25:00,531892,185509,7,Fri
823400307,16/03/2023,12:20:00,531892,190989,12,Thu
253404702,19/01/2023,17:05:00,531892,194213,17,Thu
822429715,07/10/2022,11:30:00,531893,188003,11,Fri
722424249,25/11/2022,03:15:00,531894,183371,3,Fri
822417607,11/07/2022,14:50:00,531894,188192,14,Mon
723407501,13/01/2023,16:58:00,531894,184963,16,Fri
833402037,07/03/2023,16:45:00,531895,165476,16,Tue
723406922,27/01/2023,18:15:00,531897,182787,18,Fri
642418419,10/07/2022,22:00:00,531899,187154,22,Sun
833408036,02/03/2023,01:45:00,531900,166474,1,Thu
832422640,03/07/2022,20:52:00,531900,166473,20,Sun
832425508,06/09/2022,05:10:00,531904,168890,5,Tue
722423650,23/08/2022,19:50:00,531904,184309,19,Tue
832436320,27/09/2022,21:30:00,531905,167474,21,Tue
833407748,22/03/2023,18:45:00,531906,165485,18,Wed
832435032,15/10/2022,22:37:00,531906,165485,22,Sat
822425427,01/11/2022,00:01:00,531907,190604,0,Tue
722428422,12/09/2022,09:15:00,531907,185550,9,Mon
723402991,24/01/2023,14:00:00,531907,184306,14,Tue
833407378,20/03/2023,16:25:00,531909,166173,16,Mon
832428159,15/09/2022,15:20:00,531912,165889,15,Thu
722421287,12/11/2022,10:26:00,531914,185907,10,Sat
642415288,07/07/2022,16:20:00,531918,186393,16,Thu
722413585,02/07/2022,00:10:00,531919,183026,0,Sat
832432204,31/10/2022,11:53:00,531920,166455,11,Mon
832424477,05/09/2022,22:30:00,531920,166455,22,Mon
722425801,29/08/2022,22:00:00,531920,186175,22,Mon
63400836,11/03/2023,00:01:00,531921,186234,0,Sat
723406380,11/01/2023,16:13:00,531921,184758,16,Wed
833407207,08/03/2023,19:53:00,531922,166330,19,Wed
832422760,05/07/2022,18:20:00,531924,167665,18,Tue
723407920,04/01/2023,12:50:00,531925,185716,12,Wed
722429753,27/09/2022,19:40:00,531930,186080,19,Tue
722432840,09/12/2022,16:35:00,531931,185595,16,Fri
722432121,20/12/2022,19:45:00,531936,183514,19,Tue
723400250,07/01/2023,21:47:00,531937,183460,21,Sat
643409355,25/02/2023,16:20:00,531940,185167,16,Sat
722417417,15/07/2022,21:40:00,531940,184698,21,Fri
642432820,30/10/2022,00:05:00,531941,187673,0,Sun
822420515,09/10/2022,02:45:00,531941,187673,2,Sun
822420843,20/09/2022,13:00:00,531941,187673,13,Tue
723402540,06/01/2023,17:00:00,531941,184980,17,Fri
722411068,01/08/2022,22:00:00,531941,187673,22,Mon
723402907,22/03/2023,06:00:00,531942,184787,6,Wed
823405841,17/01/2023,14:55:00,531942,191272,14,Tue
722424001,28/08/2022,23:00:00,531943,183940,23,Sun
723405541,17/01/2023,20:00:00,531945,183994,20,Tue
63402871,21/01/2023,22:45:00,531945,188708,22,Sat
822416598,01/08/2022,04:50:00,531948,188075,4,Mon
722414007,01/07/2022,14:00:00,531948,186019,14,Fri
723408486,18/03/2023,21:34:00,531948,185536,21,Sat
723408363,11/02/2023,16:32:00,531949,185552,16,Sat
723407471,21/01/2023,02:15:00,531952,182202,2,Sat
253405977,19/03/2023,20:37:00,531952,192179,20,Sun
822415076,06/07/2022,18:00:00,531954,190410,18,Wed
832435476,14/11/2022,11:45:00,531955,166128,11,Mon
723407891,24/01/2023,07:25:00,531956,182985,7,Tue
253408391,18/01/2023,16:45:00,531960,193969,16,Wed
723402882,31/01/2023,16:40:00,531962,185627,16,Tue
832438937,30/11/2022,17:30:00,531962,162646,17,Wed
832421093,02/08/2022,23:20:00,531970,166810,23,Tue
722427916,25/10/2022,13:40:00,531971,185747,13,Tue
723400345,03/03/2023,18:00:00,531973,183176,18,Fri
832437145,12/11/2022,08:17:00,531977,166427,8,Sat
643405451,16/01/2023,15:30:00,531977,187349,15,Mon
723400501,09/01/2023,17:00:00,531981,185493,17,Mon
722415006,03/07/2022,22:35:00,531983,185189,22,Sun
722417279,13/08/2022,02:00:00,531987,182183,2,Sat
722422144,06/10/2022,12:44:00,531987,182644,12,Thu
723403653,10/02/2023,18:00:00,531988,182405,18,Fri
253407305,20/02/2023,23:25:00,531992,194319,23,Mon
643404818,28/03/2023,00:20:00,531995,187370,0,Tue
642424426,22/09/2022,10:50:00,531996,187368,10,Thu
832438559,21/12/2022,23:30:00,532001,166479,23,Wed
823402380,10/01/2023,16:55:00,532002,188035,16,Tue
822419567,17/07/2022,13:25:00,532003,191363,13,Sun
832420926,23/08/2022,23:23:00,532008,166219,23,Tue
833408243,02/02/2023,14:05:00,532011,167078,14,Thu
723409886,19/03/2023,04:25:00,532012,186418,4,Sun
823407977,23/03/2023,12:00:00,532012,188740,12,Thu
832426589,24/09/2022,19:50:00,532012,165556,19,Sat
832436460,01/09/2022,00:30:00,532014,166115,0,Thu
833400752,25/01/2023,07:40:00,532014,165692,7,Wed
723405440,06/01/2023,15:15:00,532014,186021,15,Fri
832437498,15/12/2022,15:50:00,532014,165692,15,Thu
642438443,02/12/2022,01:00:00,532015,182199,1,Fri
643405173,10/02/2023,01:00:00,532015,182199,1,Fri
643400801,13/01/2023,01:35:00,532015,182199,1,Fri
642431384,16/12/2022,02:00:00,532015,182199,2,Fri
442417878,25/08/2022,01:00:00,532015,182199,1,Thu
642424977,01/10/2022,03:00:00,532015,182199,3,Sat
642412309,09/07/2022,01:38:00,532015,182199,1,Sat
242436933,27/10/2022,23:00:00,532015,182199,23,Thu
642429692,29/07/2022,23:30:00,532015,182199,23,Fri
723406430,05/01/2023,12:00:00,532016,182398,12,Thu
833404517,10/03/2023,08:00:00,532017,165546,8,Fri
833402113,30/01/2023,16:45:00,532017,165546,16,Mon
832437504,24/10/2022,18:00:00,532017,165546,18,Mon
722434121,20/12/2022,21:15:00,532017,183426,21,Tue
832432806,18/11/2022,08:12:00,532019,169416,8,Fri
252425472,17/08/2022,06:20:00,532020,193455,6,Wed
722427804,03/10/2022,21:55:00,532020,182166,21,Mon
832436424,02/11/2022,02:15:00,532022,166192,2,Wed
723408983,09/02/2023,08:30:00,532023,185102,8,Thu
723402656,16/03/2023,19:55:00,532025,182221,19,Thu
833403574,14/02/2023,23:00:00,532028,168179,23,Tue
722420924,05/10/2022,11:45:00,532029,182950,11,Wed
822435661,19/12/2022,15:30:00,532032,188016,15,Mon
642420756,24/09/2022,10:00:00,532035,187575,10,Sat
832434241,05/10/2022,21:50:00,532036,165559,21,Wed
723402152,29/01/2023,03:00:00,532038,182251,3,Sun
723405673,13/02/2023,03:50:00,532038,182251,3,Mon
833404655,22/02/2023,16:20:00,532039,165659,16,Wed
833402219,28/03/2023,22:27:00,532043,167420,22,Tue
832428928,10/09/2022,16:32:00,532050,168592,16,Sat
832436152,06/10/2022,22:00:00,532050,165118,22,Thu
832435604,31/10/2022,00:01:00,532054,168196,0,Mon
833406064,13/02/2023,19:03:00,532054,166213,19,Mon
643400877,24/03/2023,00:35:00,532056,187476,0,Fri
643402254,15/02/2023,03:00:00,532056,187476,3,Wed
643404858,31/03/2023,18:20:00,532056,187476,18,Fri
832439446,18/11/2022,15:25:00,532060,166059,15,Fri
722428151,03/09/2022,18:05:00,532061,183814,18,Sat
833403164,13/02/2023,19:13:00,532061,166218,19,Mon
832425259,21/09/2022,15:45:00,532062,166300,15,Wed
642439271,14/11/2022,18:25:00,532067,187530,18,Mon
832436692,21/10/2022,14:30:00,532072,166124,14,Fri
833403027,26/12/2022,19:30:00,532072,166124,19,Mon
832420886,28/08/2022,08:13:00,532073,166945,8,Sun
832435557,02/12/2022,14:00:00,532074,165685,14,Fri
823405861,19/01/2023,17:30:00,532074,188210,17,Thu
723402842,29/01/2023,19:15:00,532074,184078,19,Sun
832438054,04/11/2022,08:00:00,532076,166191,8,Fri
823406833,06/02/2023,14:20:00,532077,188038,14,Mon
822413096,09/07/2022,19:27:00,532077,188038,19,Sat
833409026,01/03/2023,08:20:00,532079,166081,8,Wed
723404018,30/03/2023,03:30:00,532081,183671,3,Thu
832422991,15/07/2022,17:00:00,532082,162405,17,Fri
832432841,08/10/2022,22:33:00,532082,165065,22,Sat
833405103,29/01/2023,00:40:00,532084,166071,0,Sun
832423159,21/09/2022,13:00:00,532084,165564,13,Wed
832432256,22/11/2022,08:10:00,532088,166026,8,Tue
643408640,05/01/2023,21:00:00,532090,187668,21,Thu
642432724,06/12/2022,20:00:00,532091,187131,20,Tue
642429131,31/07/2022,12:25:00,532092,186459,12,Sun
832438938,09/12/2022,15:45:00,532094,165507,15,Fri
832429663,31/07/2022,16:45:00,532094,165507,16,Sun
832430715,09/11/2022,16:00:00,532094,165507,16,Wed
832426852,21/07/2022,16:55:00,532094,165507,16,Thu
832427952,21/07/2022,17:30:00,532094,165507,17,Thu
832432360,30/09/2022,17:45:00,532094,165507,17,Fri
832424348,11/09/2022,20:35:00,532094,165507,20,Sun
832425994,11/08/2022,20:51:00,532094,165507,20,Thu
832432742,14/10/2022,22:36:00,532094,165507,22,Fri
822427488,18/11/2022,11:52:00,532095,190637,11,Fri
832431692,21/10/2022,15:30:00,532095,166171,15,Fri
723407132,27/01/2023,18:30:00,532095,183285,18,Fri
833403207,08/03/2023,21:00:00,532095,166055,21,Wed
722416367,21/07/2022,22:00:00,532095,183285,22,Thu
723409554,21/02/2023,23:40:00,532095,183285,23,Tue
832432173,28/10/2022,16:15:00,532096,166150,16,Fri
832428612,12/07/2022,20:00:00,532097,167018,20,Tue
822439681,22/12/2022,01:05:00,532100,189154,1,Thu
642433512,18/11/2022,19:20:00,532102,187441,19,Fri
722426577,09/11/2022,22:00:00,532106,182812,22,Wed
722420068,21/11/2022,06:30:00,532107,184142,6,Mon
253403215,21/02/2023,19:50:00,532114,194645,19,Tue
822433280,08/12/2022,18:00:00,532118,191476,18,Thu
822426083,23/09/2022,19:20:00,532119,188260,19,Fri
832433489,24/12/2022,23:15:00,532119,166115,23,Sat
723409242,29/01/2023,06:30:00,532120,182252,6,Sun
833402466,01/01/2023,12:00:00,532121,166108,12,Sun
833402197,17/03/2023,13:00:00,532127,165768,13,Fri
833408547,11/03/2023,17:30:00,532130,166029,17,Sat
252427784,09/09/2022,18:10:00,532130,196766,18,Fri
832434392,21/10/2022,13:00:00,532131,166055,13,Fri
832441630,31/12/2022,01:30:00,532140,165934,1,Sat
832437978,12/12/2022,18:20:00,532140,165934,18,Mon
822433730,04/12/2022,23:40:00,532142,190520,23,Sun
232413807,11/07/2022,12:00:00,532143,166069,12,Mon
832434634,03/11/2022,00:20:00,532146,165541,0,Thu
832420575,19/08/2022,01:05:00,532146,166083,1,Fri
832433016,18/11/2022,09:08:00,532146,166083,9,Fri
822427798,29/09/2022,16:00:00,532146,189684,16,Thu
833402171,14/01/2023,21:30:00,532146,166083,21,Sat
722429233,24/09/2022,22:00:00,532146,183119,22,Sat
833409990,10/01/2023,14:05:00,532147,166065,14,Tue
822429643,20/09/2022,14:20:00,532148,189428,14,Tue
722423925,16/10/2022,03:00:00,532149,182433,3,Sun
722431671,28/12/2022,23:40:00,532151,186384,23,Wed
253406921,13/01/2023,16:36:00,532153,194830,16,Fri
833400436,28/02/2023,16:15:00,532155,165935,16,Tue
722432900,07/12/2022,19:10:00,532156,183615,19,Wed
832424342,18/07/2022,15:30:00,532158,165966,15,Mon
832426982,24/07/2022,21:07:00,532158,166256,21,Sun
642420889,27/10/2022,22:20:00,532158,186598,22,Thu
723401733,08/02/2023,20:40:00,532159,184388,20,Wed
823406610,02/01/2023,21:30:00,532159,188615,21,Mon
833400820,03/01/2023,13:20:00,532161,165925,13,Tue
832422340,03/07/2022,15:00:00,532162,168119,15,Sun
643407912,25/01/2023,18:30:00,532162,187705,18,Wed
723403241,16/01/2023,08:30:00,532166,183500,8,Mon
833402296,07/03/2023,17:15:00,532169,166035,17,Tue
832427454,06/08/2022,20:50:00,532169,169709,20,Sat
722412909,25/07/2022,21:00:00,532172,183326,21,Mon
832434694,08/11/2022,14:27:00,532175,165731,14,Tue
833404080,08/01/2023,14:40:00,532175,165731,14,Sun
822428209,20/11/2022,02:49:00,532177,190550,2,Sun
723401161,19/01/2023,23:05:00,532177,184417,23,Thu
833404090,09/01/2023,16:15:00,532179,166074,16,Mon
723407005,23/02/2023,21:15:00,532180,183335,21,Thu
832422717,01/09/2022,05:42:00,532186,165848,5,Thu
832426583,02/08/2022,15:30:00,532186,165848,15,Tue
252420816,22/09/2022,15:50:00,532186,192120,15,Thu
722422642,14/09/2022,22:45:00,532190,182893,22,Wed
832442140,31/12/2022,00:01:00,532191,165452,0,Sat
832436448,10/12/2022,01:00:00,532191,165452,1,Sat
832423509,17/09/2022,03:30:00,532191,165452,3,Sat
832432696,26/11/2022,03:00:00,532191,165452,3,Sat
833404255,12/02/2023,16:00:00,532192,168405,16,Sun
722423591,08/09/2022,22:25:00,532192,183836,22,Thu
832438548,08/12/2022,22:00:00,532192,168405,22,Thu
722438581,29/12/2022,23:00:00,532195,186307,23,Thu
823407306,06/03/2023,08:51:00,532196,189206,8,Mon
832437421,06/10/2022,19:49:00,532196,166751,19,Thu
832422959,22/09/2022,07:35:00,532197,166408,7,Thu
833407626,01/03/2023,15:58:00,532197,166408,15,Wed
832432279,23/12/2022,16:20:00,532198,165518,16,Fri
642426606,20/09/2022,09:40:00,532201,187458,9,Tue
722423506,23/10/2022,17:00:00,532205,183604,17,Sun
722428368,21/11/2022,20:20:00,532205,183604,20,Mon
643404167,21/03/2023,20:25:00,532207,187531,20,Tue
722433730,10/12/2022,21:48:00,532207,184449,21,Sat
832428824,05/08/2022,19:50:00,532209,166077,19,Fri
833401748,22/03/2023,20:00:00,532209,168326,20,Wed
723406012,25/01/2023,18:40:00,532212,183558,18,Wed
833404942,24/01/2023,15:50:00,532213,165792,15,Tue
833407634,10/02/2023,17:00:00,532213,165792,17,Fri
723408130,05/01/2023,07:00:00,532214,184156,7,Thu
642429262,13/08/2022,18:00:00,532215,186442,18,Sat
723403826,13/03/2023,22:15:00,532220,182632,22,Mon
33405121,12/01/2023,17:20:00,532225,165967,17,Thu
722439630,09/12/2022,17:30:00,532225,182825,17,Fri
832425223,27/07/2022,20:55:00,532225,165235,20,Wed
822429431,28/08/2022,17:25:00,532227,165247,17,Sun
722419438,22/07/2022,22:00:00,532228,184470,22,Fri
832431454,04/11/2022,11:00:00,532229,165759,11,Fri
832429887,06/09/2022,17:30:00,532229,165759,17,Tue
723406384,24/02/2023,07:25:00,532230,182342,7,Fri
822419486,08/07/2022,19:30:00,532231,188152,19,Fri
833409114,04/02/2023,08:30:00,532233,166550,8,Sat
832428890,06/07/2022,17:55:00,532233,165910,17,Wed
833408362,25/01/2023,07:46:00,532234,166157,7,Wed
833400970,08/01/2023,12:20:00,532234,166157,12,Sun
833406809,28/03/2023,16:37:00,532234,166157,16,Tue
832437589,25/12/2022,00:01:00,532236,168626,0,Sun
832437787,05/12/2022,07:58:00,532236,168626,7,Mon
832438675,13/11/2022,15:00:00,532237,165727,15,Sun
833403229,29/03/2023,16:30:00,532237,165136,16,Wed
643402746,10/03/2023,17:51:00,532238,186729,17,Fri
643403623,05/02/2023,16:29:00,532245,183339,16,Sun
832422922,19/07/2022,08:00:00,532246,165441,8,Tue
832423032,18/04/2022,15:00:00,532246,165879,15,Mon
832420697,07/09/2022,16:00:00,532246,165879,16,Wed
832431967,03/12/2022,17:00:00,532246,165879,17,Sat
832428788,15/09/2022,19:00:00,532246,165441,19,Thu
833407303,29/01/2023,19:40:00,532246,165879,19,Sun
63411242,20/12/2022,20:00:00,532249,191669,20,Tue
642430300,28/10/2022,20:06:00,532250,187404,20,Fri
722438041,22/12/2022,22:30:00,532253,182930,22,Thu
832421159,21/09/2022,13:47:00,532259,165542,13,Wed
832433340,29/09/2022,14:33:00,532259,165542,14,Thu
822416876,07/07/2022,17:45:00,532265,189786,17,Thu
832431953,27/10/2022,17:00:00,532267,168469,17,Thu
32424628,19/09/2022,16:30:00,532267,190545,16,Mon
832439423,24/10/2022,12:00:00,532270,165482,12,Mon
832422330,02/07/2022,16:20:00,532270,165482,16,Sat
832425530,02/07/2022,18:00:00,532270,165482,18,Sat
722414189,13/08/2022,23:45:00,532272,182597,23,Sat
832445930,18/12/2022,15:00:00,532277,168341,15,Sun
832433704,31/10/2022,15:30:00,532279,165923,15,Mon
832435645,11/11/2022,16:30:00,532281,165538,16,Fri
832420329,18/09/2022,21:09:00,532281,165538,21,Sun
722436810,08/12/2022,18:40:00,532284,183672,18,Thu
723401763,11/02/2023,22:40:00,532284,182355,22,Sat
832438169,03/12/2022,02:27:00,532287,165355,2,Sat
832438531,07/10/2022,16:20:00,532287,165355,16,Fri
722426214,04/10/2022,06:33:00,532288,183780,6,Tue
822422020,15/08/2022,15:00:00,532289,190538,15,Mon
832436975,12/11/2022,17:10:00,532291,165780,17,Sat
832430034,02/11/2022,00:01:00,532293,168388,0,Wed
832424892,25/07/2022,14:06:00,532293,165583,14,Mon
833405854,13/02/2023,14:30:00,532293,168388,14,Mon
833400060,06/01/2023,15:00:00,532293,165583,15,Fri
833400996,08/03/2023,15:30:00,532293,165583,15,Wed
832432421,05/10/2022,19:00:00,532293,165583,19,Wed
832439465,14/11/2022,15:45:00,532293,165583,15,Mon
833401387,16/03/2023,15:30:00,532293,165583,15,Thu
833404395,26/02/2023,16:00:00,532293,168388,16,Sun
933404372,19/02/2023,17:20:00,532293,168388,17,Sun
832436565,14/11/2022,19:20:00,532293,168388,19,Mon
833407900,01/01/2023,21:41:00,532293,168388,21,Sun
642423383,26/08/2022,21:05:00,532294,186734,21,Fri
832427608,08/09/2022,16:00:00,532295,165528,16,Thu
832435592,21/10/2022,15:25:00,532301,166578,15,Fri
833404351,06/01/2023,15:00:00,532302,165468,15,Fri
833402858,23/03/2023,15:59:00,532302,165468,15,Thu
833409610,02/01/2023,20:30:00,532302,165468,20,Mon
832439369,22/12/2022,18:10:00,532303,165306,18,Thu
642420769,26/10/2022,18:45:00,532303,186580,18,Wed
822429470,18/08/2022,00:01:00,532304,190503,0,Thu
822420896,25/10/2022,05:14:00,532304,190503,5,Tue
723403302,24/01/2023,22:00:00,532305,182591,22,Tue
723400583,13/02/2023,23:33:00,532305,182591,23,Mon
642432341,12/11/2022,00:10:00,532306,183110,0,Sat
832424657,04/09/2022,13:45:00,532306,165280,13,Sun
832438047,30/11/2022,22:10:00,532306,165280,22,Wed
252438160,06/11/2022,18:30:00,532308,198045,18,Sun
833402771,17/01/2023,16:30:00,532310,165271,16,Tue
722420194,11/10/2022,19:38:00,532311,185061,19,Tue
252425208,11/10/2022,22:15:00,532312,198104,22,Tue
722412508,26/07/2022,19:10:00,532314,185726,19,Tue
832425734,06/08/2022,12:30:00,532316,165917,12,Sat
562458445,18/09/2022,00:01:00,532319,165100,0,Sun
722421552,15/09/2022,23:16:00,532320,186175,23,Thu
832422438,11/09/2022,04:00:00,532324,165235,4,Sun
252422226,23/09/2022,18:50:00,532324,193062,18,Fri
832438415,10/11/2022,02:35:00,532328,165200,2,Thu
722429605,13/10/2022,14:20:00,532328,182562,14,Thu
832433656,22/11/2022,16:40:00,532329,165600,16,Tue
252429019,20/10/2022,21:30:00,532329,193949,21,Thu
822416628,24/07/2022,20:30:00,532331,191518,20,Sun
832434301,05/10/2022,00:30:00,532333,165049,0,Wed
832436811,04/10/2022,17:00:00,532336,165531,17,Tue
832437573,29/10/2022,04:00:00,532338,165179,4,Sat
832437474,06/11/2022,13:00:00,532338,165785,13,Sun
832429257,03/09/2022,16:34:00,532338,165785,16,Sat
832432180,02/10/2022,19:18:00,532342,165377,19,Sun
832435861,07/10/2022,21:00:00,532342,168496,21,Fri
642422521,29/07/2022,14:20:00,532343,182785,14,Fri
833409536,23/02/2023,12:00:00,532346,165549,12,Thu
832424886,29/08/2022,12:30:00,532346,165549,12,Mon
833409050,05/01/2023,16:30:00,532346,165549,16,Thu
833402334,10/02/2023,19:35:00,532346,165549,19,Fri
832421138,10/09/2022,20:55:00,532346,165549,20,Sat
832421988,15/09/2022,22:34:00,532346,165324,22,Thu
252436893,11/12/2022,01:30:00,532352,196793,1,Sun
723407315,24/02/2023,03:00:00,532353,182358,3,Fri
723405187,29/03/2023,16:00:00,532353,184834,16,Wed
723405046,15/03/2023,01:14:00,532355,184979,1,Wed
722415486,12/07/2022,18:20:00,532355,184979,18,Tue
822428163,21/09/2022,08:55:00,532359,191020,8,Wed
723409652,30/01/2023,19:20:00,532361,182143,19,Mon
252426712,10/08/2022,15:40:00,532362,194554,15,Wed
252435614,09/11/2022,00:01:00,532365,192314,0,Wed
642432384,16/12/2022,15:00:00,532367,187569,15,Fri
722423703,22/09/2022,09:30:00,532369,185738,9,Thu
722435140,11/12/2022,17:23:00,532369,185739,17,Sun
722439590,18/12/2022,00:01:00,532370,183465,0,Sun
643408982,01/02/2023,14:13:00,532370,183125,14,Wed
252439850,02/11/2022,14:30:00,532370,197787,14,Wed
252418449,13/07/2022,08:30:00,532377,193939,8,Wed
642434474,15/12/2022,19:35:00,532377,182852,19,Thu
822420220,15/08/2022,18:30:00,532385,189980,18,Mon
822423413,16/09/2022,14:37:00,532389,191336,14,Fri
722420431,01/09/2022,18:15:00,532390,183408,18,Thu
643400015,23/02/2023,21:15:00,532390,183408,21,Thu
252425736,26/09/2022,03:15:00,532391,192221,3,Mon
643404212,25/01/2023,06:50:00,532391,182889,6,Wed
822422410,14/08/2022,18:00:00,532393,189913,18,Sun
723400672,01/02/2023,21:31:00,532394,184516,21,Wed
723407183,13/02/2023,17:55:00,532396,184702,17,Mon
832422876,28/08/2022,11:10:00,532397,169451,11,Sun
832420550,04/07/2022,15:56:00,532397,164730,15,Mon
823403274,20/02/2023,23:53:00,532398,191602,23,Mon
832429779,23/09/2022,19:17:00,532406,166048,19,Fri
822428335,09/10/2022,02:00:00,532408,188938,2,Sun
722420394,12/10/2022,02:13:00,532411,184300,2,Wed
252414158,03/07/2022,09:30:00,532411,194364,9,Sun
833407026,28/02/2023,17:40:00,532415,168457,17,Tue
832431669,22/12/2022,18:30:00,532417,165393,18,Thu
833409127,10/03/2023,16:50:00,532418,165621,16,Fri
832427829,19/09/2022,15:15:00,532419,168381,15,Mon
833407387,16/03/2023,19:00:00,532421,170016,19,Thu
643403084,19/02/2023,01:30:00,532424,183510,1,Sun
723404535,02/03/2023,22:50:00,532426,182761,22,Thu
822428157,01/11/2022,16:00:00,532427,188970,16,Tue
832430219,17/12/2022,19:30:00,532429,168598,19,Sat
823408817,17/03/2023,15:20:00,532430,189249,15,Fri
832423859,21/09/2022,19:30:00,532430,165595,19,Wed
832424391,15/07/2022,15:20:00,532431,165611,15,Fri
833407112,19/01/2023,16:30:00,532431,165611,16,Thu
832428044,06/08/2022,18:10:00,532431,165611,18,Sat
722415777,22/07/2022,18:58:00,532436,184283,18,Fri
322417898,07/07/2022,07:40:00,532439,184424,7,Thu
642420860,25/07/2022,18:40:00,532440,182971,18,Mon
642422853,24/08/2022,01:30:00,532443,183147,1,Wed
832425586,29/08/2022,01:30:00,532444,166086,1,Mon
832435250,30/09/2022,08:15:00,532444,166086,8,Fri
833407835,21/02/2023,09:00:00,532444,165559,9,Tue
832421974,10/08/2022,15:15:00,532444,165559,15,Wed
832438268,09/12/2022,15:15:00,532444,166086,15,Fri
833408758,23/03/2023,19:45:00,532444,165559,19,Thu
832421548,12/09/2022,00:40:00,532452,165615,0,Mon
832431628,05/12/2022,16:05:00,532452,165615,16,Mon
832437593,30/10/2022,14:30:00,532456,165610,14,Sun
722427031,01/09/2022,16:00:00,532459,184435,16,Thu
832432460,01/10/2022,03:42:00,532460,164625,3,Sat
822419038,24/07/2022,12:25:00,532460,189542,12,Sun
723401254,21/02/2023,12:59:00,532460,184390,12,Tue
833408513,30/01/2023,22:40:00,532461,162755,22,Mon
722426914,04/10/2022,13:45:00,532464,185898,13,Tue
722420139,28/11/2022,16:06:00,532466,184443,16,Mon
832438133,24/10/2022,17:00:00,532468,165618,17,Mon
722439691,07/12/2022,16:45:00,532470,185351,16,Wed
252417638,01/07/2022,19:15:00,532470,194219,19,Fri
723404232,28/01/2023,00:15:00,532471,184872,0,Sat
642439173,04/12/2022,18:15:00,532472,182808,18,Sun
642420000,18/07/2022,18:50:00,532472,182808,18,Mon
642425860,25/07/2022,21:50:00,532472,182808,21,Mon
822420848,14/11/2022,14:00:00,532474,189073,14,Mon
833404249,27/03/2023,16:30:00,532474,168785,16,Mon
832426684,10/08/2022,23:40:00,532476,165480,23,Wed
723408296,20/03/2023,13:15:00,532479,182616,13,Mon
833401816,01/03/2023,00:55:00,532480,168852,0,Wed
642422758,15/10/2022,14:50:00,532480,187555,14,Sat
722432281,23/12/2022,17:00:00,532482,182525,17,Fri
722423895,23/10/2022,14:30:00,532485,183754,14,Sun
642426041,01/08/2022,23:00:00,532487,188191,23,Mon
832429141,11/07/2022,12:55:00,532493,165561,12,Mon
252428097,07/10/2022,20:00:00,532493,196500,20,Fri
832444120,29/12/2022,20:05:00,532493,165561,20,Thu
832426558,12/09/2022,22:26:00,532493,165888,22,Mon
723401986,19/02/2023,22:00:00,532494,183625,22,Sun
722432980,12/12/2022,23:30:00,532494,184469,23,Mon
722435000,06/12/2022,19:10:00,532495,186013,19,Tue
822427083,23/09/2022,10:00:00,532498,190830,10,Fri
832425193,03/08/2022,04:00:00,532499,165839,4,Wed
832428769,23/09/2022,01:50:00,532501,168407,1,Fri
832431315,09/11/2022,18:20:00,532501,168407,18,Wed
723401445,03/03/2023,21:15:00,532501,183463,21,Fri
62430402,19/12/2022,01:30:00,532502,182311,1,Mon
832437412,14/10/2022,15:40:00,532503,165685,15,Fri
722410558,25/07/2022,23:00:00,532503,182345,23,Mon
643409790,11/01/2023,23:45:00,532504,185953,23,Wed
832439120,28/09/2022,08:05:00,532505,166011,8,Wed
722438220,09/12/2022,00:01:00,532508,183899,0,Fri
833401891,18/01/2023,10:00:00,532509,164471,10,Wed
723403496,19/03/2023,12:15:00,532509,182406,12,Sun
833407521,12/01/2023,17:35:00,532509,166141,17,Thu
832437616,10/11/2022,15:30:00,532511,166409,15,Thu
722424278,20/11/2022,02:30:00,532515,185181,2,Sun
832420133,28/07/2022,06:10:00,532516,163142,6,Thu
833409557,04/03/2023,09:40:00,532519,164602,9,Sat
832434970,02/08/2022,12:55:00,532521,170319,12,Tue
833404046,28/02/2023,19:10:00,532523,163717,19,Tue
833405342,23/01/2023,21:30:00,532523,165353,21,Mon
833407920,03/01/2023,19:30:00,532524,165294,19,Tue
832424465,17/08/2022,21:00:00,532524,167135,21,Wed
642434980,07/11/2022,09:52:00,532525,183255,9,Mon
832421189,24/09/2022,10:30:00,532526,164639,10,Sat
822417846,02/07/2022,22:10:00,532529,188722,22,Sat
833407251,14/01/2023,22:25:00,532529,165577,22,Sat
823407433,02/02/2023,23:30:00,532529,188722,23,Thu
253409118,23/03/2023,20:05:00,532531,192313,20,Thu
252424629,23/10/2022,16:00:00,532534,196532,16,Sun
723403986,19/03/2023,23:20:00,532534,183658,23,Sun
253408863,06/02/2023,13:40:00,532539,196588,13,Mon
832423970,06/07/2022,16:00:00,532540,165957,16,Wed
823405865,01/03/2023,17:00:00,532542,190927,17,Wed
252431691,20/11/2022,16:30:00,532543,192852,16,Sun
253406236,05/03/2023,14:40:00,532547,196475,14,Sun
253401767,18/03/2023,19:45:00,532547,196475,19,Sat
562446303,23/07/2022,19:43:00,532547,194049,19,Sat
832431760,30/09/2022,22:00:00,532549,165745,22,Fri
723409922,25/01/2023,13:45:00,532550,184334,13,Wed
252410819,10/07/2022,20:32:00,532550,196589,20,Sun
723407435,02/03/2023,21:15:00,532553,183631,21,Thu
643409768,31/03/2023,22:00:00,532557,186805,22,Fri
823404983,11/02/2023,15:35:00,532559,190608,15,Sat
823409383,10/02/2023,19:30:00,532559,190612,19,Fri
822435480,09/12/2022,16:32:00,532560,190527,16,Fri
822424330,16/08/2022,23:00:00,532560,190527,23,Tue
822423230,16/08/2022,23:19:00,532560,190527,23,Tue
833402837,10/03/2023,17:20:00,532562,165716,17,Fri
322428410,17/07/2022,23:30:00,532562,182712,23,Sun
722420446,28/10/2022,00:01:00,532563,182477,0,Fri
722422624,03/10/2022,06:30:00,532563,182477,6,Mon
642428178,13/10/2022,12:30:00,532563,182477,12,Thu
832439208,06/12/2022,16:10:00,532563,163710,16,Tue
252425548,12/10/2022,04:00:00,532564,196780,4,Wed
252430450,06/11/2022,23:05:00,532564,196780,23,Sun
723403880,12/01/2023,05:35:00,532565,182142,5,Thu
832425635,15/08/2022,10:30:00,532565,168387,10,Mon
643405455,28/02/2023,19:45:00,532566,186861,19,Tue
642420194,06/09/2022,21:00:00,532567,187707,21,Tue
822420316,19/10/2022,17:00:00,532568,189283,17,Wed
822432100,30/11/2022,18:56:00,532568,189283,18,Wed
722429976,27/10/2022,22:00:00,532568,182423,22,Thu
832431087,03/12/2022,19:50:00,532569,166604,19,Sat
832423968,14/09/2022,08:58:00,532570,165701,8,Wed
832428349,20/09/2022,22:00:00,532570,165701,22,Tue
253409241,14/01/2023,16:30:00,532571,192584,16,Sat
252429265,17/09/2022,21:05:00,532571,192584,21,Sat
833402676,06/03/2023,15:15:00,532580,169938,15,Mon
832438538,25/11/2022,14:10:00,532582,164965,14,Fri
642433743,02/12/2022,17:15:00,532583,183555,17,Fri
822429346,22/10/2022,09:27:00,532584,190590,9,Sat
833409523,30/01/2023,19:13:00,532584,165674,19,Mon
722423887,13/11/2022,05:45:00,532585,184076,5,Sun
642429720,21/07/2022,22:20:00,532585,185891,22,Thu
252432513,02/12/2022,12:00:00,532586,196584,12,Fri
253400318,24/03/2023,00:15:00,532587,192490,0,Fri
823408113,03/02/2023,21:05:00,532587,190530,21,Fri
822424156,24/10/2022,08:50:00,532590,190610,8,Mon
642427830,22/07/2022,19:50:00,532590,186370,19,Fri
832422379,21/09/2022,12:30:00,532592,165661,12,Wed
822432630,04/12/2022,16:12:00,532592,190692,16,Sun
723401834,19/02/2023,19:00:00,532595,184227,19,Sun
822418718,23/07/2022,13:00:00,532596,190213,13,Sat
832429615,10/08/2022,19:00:00,532598,166056,19,Wed
722425611,31/08/2022,07:40:00,532599,182557,7,Wed
832425640,28/06/2022,16:00:00,532600,165599,16,Tue
832437311,05/10/2022,17:15:00,532600,165599,17,Wed
723408802,24/01/2023,18:31:00,532600,182337,18,Tue
642437102,17/11/2022,15:15:00,532602,186078,15,Thu
723402775,07/03/2023,10:00:00,532602,182655,10,Tue
823408938,25/03/2023,21:20:00,532602,191285,21,Sat
722424411,30/08/2022,21:40:00,532602,182655,21,Tue
832429486,28/08/2022,03:00:00,532603,166022,3,Sun
832425339,15/09/2022,23:37:00,532604,164351,23,Thu
833400519,29/03/2023,07:30:00,532606,165662,7,Wed
832435072,18/10/2022,16:10:00,532606,165662,16,Tue
822417137,11/07/2022,06:50:00,532607,191121,6,Mon
822429523,17/09/2022,23:30:00,532607,189195,23,Sat
723408372,01/02/2023,14:15:00,532610,183232,14,Wed
833403140,04/01/2023,22:45:00,532612,168349,22,Wed
822428891,31/08/2022,21:15:00,532613,189889,21,Wed
822426594,06/10/2022,21:25:00,532613,189889,21,Thu
822422171,31/08/2022,21:40:00,532613,189889,21,Wed
723407254,21/02/2023,14:25:00,532614,184450,14,Tue
823407087,21/03/2023,16:30:00,532614,190878,16,Tue
822428608,10/11/2022,02:00:00,532615,191324,2,Thu
832425688,15/09/2022,15:00:00,532615,165558,15,Thu
643402627,18/03/2023,16:00:00,532615,185600,16,Sat
832435517,27/11/2022,14:00:00,532616,165599,14,Sun
832428754,08/08/2022,16:00:00,532616,165899,16,Mon
823407073,08/02/2023,17:40:00,532617,190530,17,Wed
833401855,22/02/2023,19:00:00,532617,168661,19,Wed
722429204,02/10/2022,01:00:00,532618,182337,1,Sun
832434609,17/12/2022,00:30:00,532621,167120,0,Sat
252437124,13/12/2022,13:40:00,532624,192206,13,Tue
833402410,02/01/2023,11:00:00,532625,165903,11,Mon
833400690,09/01/2023,21:20:00,532625,165729,21,Mon
833403364,13/02/2023,22:03:00,532625,165655,22,Mon
832434681,12/10/2022,15:30:00,532626,165601,15,Wed
833409542,23/01/2023,16:50:00,532626,165601,16,Mon
253406616,03/03/2023,23:00:00,532628,191734,23,Fri
832436011,05/10/2022,15:35:00,532630,165668,15,Wed
832436378,13/12/2022,16:00:00,532630,165668,16,Tue
832435903,22/10/2022,16:30:00,532630,165668,16,Sat
832435462,18/10/2022,20:10:00,532634,164173,20,Tue
562477836,05/12/2022,20:00:00,532636,181953,20,Mon
832436461,10/10/2022,00:01:00,532637,165258,0,Mon
833401580,06/01/2023,00:01:00,532637,165258,0,Fri
832439758,12/12/2022,01:30:00,532637,165258,1,Mon
832421551,12/07/2022,12:00:00,532637,169531,12,Tue
722429241,03/09/2022,01:34:00,532641,183822,1,Sat
832434612,09/10/2022,00:15:00,532645,170174,0,Sun
43400473,21/03/2023,12:30:00,532648,165113,12,Tue
642420617,01/10/2022,22:05:00,532649,182856,22,Sat
252420572,17/08/2022,06:00:00,532650,192754,6,Wed
252418109,08/07/2022,16:30:00,532652,196581,16,Fri
252433761,14/11/2022,17:00:00,532652,196581,17,Mon
643409403,02/02/2023,06:44:00,532654,186467,6,Thu
643405047,18/03/2023,18:30:00,532654,186467,18,Sat
642426048,11/10/2022,12:00:00,532655,187354,12,Tue
723409281,21/01/2023,20:20:00,532661,182629,20,Sat
722420573,20/09/2022,04:03:00,532662,182506,4,Tue
723403291,20/01/2023,19:30:00,532662,182506,19,Fri
722428318,15/11/2022,22:00:00,532662,182506,22,Tue
723402651,25/10/2022,13:30:00,532663,183731,13,Tue
722419187,23/07/2022,23:50:00,532664,182409,23,Sat
832439658,11/12/2022,20:27:00,532664,166098,20,Sun
642420988,18/10/2022,23:00:00,532669,185552,23,Tue
722429716,25/10/2022,13:25:00,532670,182348,13,Tue
832427049,20/09/2022,13:00:00,532671,165670,13,Tue
832432638,03/12/2022,13:36:00,532671,170040,13,Sat
832430558,09/12/2022,20:10:00,532671,165670,20,Fri
823407632,25/01/2023,14:10:00,532672,191330,14,Wed
832424489,24/09/2022,00:01:00,532675,165672,0,Sat
722419946,07/07/2022,23:30:00,532675,182614,23,Thu
722424745,16/10/2022,15:44:00,532676,184647,15,Sun
832435399,26/12/2022,17:25:00,532678,165539,17,Mon
833401053,03/02/2023,07:50:00,532681,165674,7,Fri
832439441,02/10/2022,15:11:00,532681,165674,15,Sun
642423832,11/08/2022,21:40:00,532681,186982,21,Thu
832425889,21/09/2022,23:30:00,532681,165674,23,Wed
722417416,04/07/2022,23:00:00,532682,182438,23,Mon
253400319,29/03/2023,10:49:00,532685,196459,10,Wed
252420787,04/09/2022,12:00:00,532685,196459,12,Sun
253403012,21/01/2023,19:15:00,532685,196459,19,Sat
252420831,02/08/2022,20:40:00,532686,196107,20,Tue
722426157,09/11/2022,09:00:00,532688,185482,9,Wed
823400728,27/03/2023,23:38:00,532688,189184,23,Mon
822437370,02/12/2022,14:00:00,532690,189765,14,Fri
832430718,07/12/2022,23:40:00,532690,165331,23,Wed
833407286,06/03/2023,16:40:00,532691,165739,16,Mon
643407373,03/02/2023,18:00:00,532691,187298,18,Fri
832424912,16/07/2022,23:59:00,532691,165739,23,Sat
643401593,12/02/2023,17:59:00,532693,183374,17,Sun
832438389,24/12/2022,19:29:00,532693,165677,19,Sat
643408952,29/01/2023,20:00:00,532693,183374,20,Sun
642420537,03/10/2022,20:50:00,532693,183374,20,Mon
642429647,04/10/2022,21:05:00,532693,183374,21,Tue
642439262,23/11/2022,21:00:00,532693,183374,21,Wed
642421982,17/08/2022,01:55:00,532695,182794,1,Wed
252427466,28/09/2022,10:30:00,532695,196542,10,Wed
722424874,10/10/2022,12:40:00,532695,183752,12,Mon
832438451,09/10/2022,15:00:00,532695,165688,15,Sun
822420173,22/09/2022,21:00:00,532697,189149,21,Thu
822410889,04/08/2022,22:00:00,532697,189149,22,Thu
832431583,29/10/2022,18:52:00,532700,165728,18,Sat
823409874,21/02/2023,18:42:00,532701,188209,18,Tue
822422787,08/11/2022,03:00:00,532703,190713,3,Tue
723406744,21/02/2023,00:35:00,532704,183779,0,Tue
722428352,15/09/2022,15:29:00,532704,183779,15,Thu
722411818,27/07/2022,18:38:00,532705,182587,18,Wed
832433071,10/10/2022,18:55:00,532705,165719,18,Mon
833406284,15/02/2023,20:45:00,532705,167848,20,Wed
722429603,22/09/2022,08:35:00,532706,184794,8,Thu
723400794,26/02/2023,16:45:00,532706,184794,16,Sun
833403967,15/03/2023,08:30:00,532707,164818,8,Wed
832426601,08/07/2022,23:00:00,532708,165714,23,Fri
642423057,05/10/2022,07:45:00,532709,182682,7,Wed
722439371,28/12/2022,18:00:00,532712,185443,18,Wed
643404952,28/01/2023,18:00:00,532714,187762,18,Sat
722425577,10/11/2022,14:59:00,532716,184663,14,Thu
723409294,22/02/2023,20:30:00,532717,183740,20,Wed
252431582,01/07/2022,00:01:00,532718,196580,0,Fri
252427344,03/09/2022,17:10:00,532718,196580,17,Sat
832437167,03/12/2022,00:30:00,532719,165700,0,Sat
832432163,26/10/2022,11:34:00,532719,164816,11,Wed
833402803,14/01/2023,16:30:00,532719,165700,16,Sat
832427601,09/07/2022,01:00:00,532721,168241,1,Sat
642426241,01/08/2022,22:20:00,532722,182907,22,Mon
722419138,29/07/2022,13:40:00,532724,184012,13,Fri
822425579,27/11/2022,21:35:00,532724,189340,21,Sun
412419534,17/11/2022,18:40:00,532725,182789,18,Thu
823404266,11/03/2023,19:40:00,532725,191313,19,Sat
832424157,04/09/2022,00:30:00,532728,166130,0,Sun
832428417,31/08/2022,22:00:00,532729,168288,22,Wed
723407780,11/01/2023,20:13:00,532730,184454,20,Wed
832425733,29/07/2022,09:00:00,532736,165254,9,Fri
252422639,25/10/2022,14:50:00,532740,192618,14,Tue
643402244,15/02/2023,19:00:00,532740,186253,19,Wed
642421595,18/09/2022,21:26:00,532744,187853,21,Sun
823403310,02/01/2023,05:30:00,532745,189532,5,Mon
822412129,03/08/2022,23:15:00,532745,189532,23,Wed
723405680,11/01/2023,00:01:00,532747,182594,0,Wed
643408925,25/02/2023,23:37:00,532747,183725,23,Sat
722424343,26/09/2022,13:15:00,532748,183973,13,Mon
642437474,15/12/2022,16:10:00,532749,183695,16,Thu
643401473,09/02/2023,21:20:00,532751,182700,21,Thu
722416166,09/07/2022,02:00:00,532752,182381,2,Sat
822427210,14/08/2022,12:30:00,532752,189899,12,Sun
642431963,04/12/2022,21:10:00,532753,182866,21,Sun
642425673,26/08/2022,07:15:00,532754,186437,7,Fri
642422624,31/08/2022,11:04:00,532754,186437,11,Wed
642420312,09/08/2022,11:30:00,532754,186437,11,Tue
642429068,15/10/2022,03:00:00,532755,182698,3,Sat
643407566,12/03/2023,14:25:00,532755,186437,14,Sun
642439644,10/12/2022,15:15:00,532755,186437,15,Sat
822421413,16/09/2022,18:00:00,532755,189620,18,Fri
833402731,13/01/2023,14:45:00,532756,169919,14,Fri
832428789,24/09/2022,23:40:00,532756,170009,23,Sat
723405163,10/02/2023,05:00:00,532759,182480,5,Fri
722415607,15/07/2022,11:08:00,532759,184339,11,Fri
723405835,03/03/2023,07:45:00,532762,184769,7,Fri
822426585,15/10/2022,17:10:00,532762,188023,17,Sat
822416027,12/07/2022,20:35:00,532762,188023,20,Tue
822422141,28/08/2022,23:00:00,532762,188023,23,Sun
832438255,10/11/2022,00:01:00,532764,166135,0,Thu
722438101,19/12/2022,01:30:00,532764,182474,1,Mon
723400555,05/03/2023,01:15:00,532765,182500,1,Sun
723409880,11/01/2023,22:30:00,532765,182500,22,Wed
252426887,10/10/2022,14:30:00,532765,197855,14,Mon
832438657,02/12/2022,16:00:00,532766,165428,16,Fri
722434411,19/12/2022,23:15:00,532768,181867,23,Mon
642435461,07/11/2022,16:00:00,532774,182581,16,Mon
252424315,12/09/2022,18:27:00,532774,196372,18,Mon
723404422,27/01/2023,07:05:00,532777,185281,7,Fri
832436912,11/10/2022,17:45:00,532777,165706,17,Tue
832434339,19/12/2022,18:00:00,532777,165706,18,Mon
833402181,09/01/2023,20:30:00,532777,165706,20,Mon
823408301,13/01/2023,00:50:00,532778,189458,0,Fri
252438182,29/11/2022,11:40:00,532783,192273,11,Tue
723404827,24/03/2023,00:30:00,532784,182382,0,Fri
722411395,03/07/2022,04:00:00,532784,182382,4,Sun
642421801,29/07/2022,14:15:00,532784,182382,14,Fri
253400150,05/01/2023,23:33:00,532784,196327,23,Thu
642426766,26/09/2022,07:00:00,532785,182546,7,Mon
822420115,08/10/2022,15:30:00,532786,188798,15,Sat
252426147,05/10/2022,20:37:00,532787,196588,20,Wed
422426258,15/11/2022,21:06:00,532787,196588,21,Tue
253406782,28/01/2023,15:40:00,532788,196503,15,Sat
723405042,28/01/2023,21:00:00,532788,183311,21,Sat
832420759,21/09/2022,19:04:00,532790,163923,19,Wed
253404341,14/01/2023,16:20:00,532791,196251,16,Sat
643406954,19/02/2023,01:45:00,532794,183807,1,Sun
832421349,20/09/2022,18:20:00,532795,164435,18,Tue
823400420,03/01/2023,19:55:00,532795,189393,19,Tue
643401801,13/01/2023,02:38:00,532796,183359,2,Fri
643402423,01/02/2023,19:32:00,532796,183359,19,Wed
722430021,20/12/2022,15:02:00,532798,185334,15,Tue
722412047,18/07/2022,20:05:00,532798,185334,20,Mon
832434328,07/12/2022,14:30:00,532802,166316,14,Wed
823400482,31/01/2023,15:26:00,532802,188226,15,Tue
832428776,28/08/2022,02:30:00,532803,165711,2,Sun
833404713,25/01/2023,08:00:00,532803,165711,8,Wed
833405713,31/01/2023,08:06:00,532803,165711,8,Tue
832432451,09/10/2022,14:00:00,532803,165711,14,Sun
832436238,02/10/2022,16:00:00,532803,165711,16,Sun
832427731,11/07/2022,16:10:00,532803,165711,16,Mon
833408893,07/02/2023,16:00:00,532803,165711,16,Tue
303403805,06/03/2023,16:00:00,532803,165711,16,Mon
832436366,22/11/2022,16:50:00,532803,165711,16,Tue
832427808,05/09/2022,16:30:00,532803,165711,16,Mon
832438412,11/10/2022,18:30:00,532803,165711,18,Tue
643409042,27/01/2023,19:45:00,532804,183487,19,Fri
642421527,02/10/2022,20:25:00,532804,183487,20,Sun
642431100,30/10/2022,03:00:00,532806,182758,3,Sun
723408226,12/03/2023,11:35:00,532806,182380,11,Sun
722411406,01/07/2022,00:30:00,532810,182253,0,Fri
252427514,31/08/2022,13:33:00,532810,193077,13,Wed
833402409,21/03/2023,22:00:00,532812,164797,22,Tue
722423067,06/11/2022,04:30:00,532814,181862,4,Sun
832422251,12/07/2022,19:44:00,532816,166917,19,Tue
723409311,14/01/2023,20:45:00,532821,182163,20,Sat
722420310,17/08/2022,22:30:00,532821,182117,22,Wed
643400232,26/01/2023,21:00:00,532822,183370,21,Thu
643404482,31/01/2023,23:00:00,532822,183370,23,Tue
253408088,30/03/2023,15:45:00,532824,196654,15,Thu
252425741,03/08/2022,17:30:00,532825,191895,17,Wed
643405230,04/01/2023,21:10:00,532825,183362,21,Wed
642436760,05/11/2022,00:51:00,532826,182938,0,Sat
822416488,30/07/2022,17:05:00,532826,190742,17,Sat
643402062,29/01/2023,22:05:00,532826,182938,22,Sun
832436970,02/10/2022,15:11:00,532827,165714,15,Sun
832420209,16/09/2022,23:30:00,532832,164348,23,Fri
643406632,26/01/2023,23:01:00,532833,182674,23,Thu
643402861,20/01/2023,01:00:00,532835,182538,1,Fri
252429422,11/08/2022,14:45:00,532836,196458,14,Thu
833400053,03/02/2023,07:45:00,532837,165719,7,Fri
643400946,10/03/2023,15:00:00,532837,183539,15,Fri
833401113,30/01/2023,16:30:00,532837,165719,16,Mon
832438756,21/11/2022,16:43:00,532837,165719,16,Mon
833408390,08/01/2023,22:52:00,532837,165719,22,Sun
832426178,14/09/2022,12:19:00,532839,162687,12,Wed
253406668,29/03/2023,10:31:00,532841,196408,10,Wed
642432061,12/11/2022,00:01:00,532845,182538,0,Sat
642424324,30/08/2022,07:38:00,532846,182480,7,Tue
642426216,20/09/2022,21:20:00,532846,183528,21,Tue
253409180,09/01/2023,12:31:00,532849,196357,12,Mon
643400009,29/03/2023,07:00:00,532851,184716,7,Wed
643406648,30/03/2023,07:45:00,532853,183870,7,Thu
252434801,05/11/2022,16:00:00,532853,196531,16,Sat
722428425,10/10/2022,19:30:00,532853,184112,19,Mon
832426149,19/09/2022,21:20:00,532853,165687,21,Mon
642429870,26/07/2022,23:20:00,532854,182542,23,Tue
643404240,05/01/2023,19:30:00,532855,183072,19,Thu
832433971,07/10/2022,20:00:00,532855,168167,20,Fri
722418598,05/08/2022,02:00:00,532857,182544,2,Fri
642422303,18/08/2022,11:55:00,532859,187846,11,Thu
642423975,17/09/2022,04:00:00,532861,182546,4,Sat
643407018,26/03/2023,04:00:00,532861,182546,4,Sun
822426996,29/10/2022,10:55:00,532861,188330,10,Sat
722418877,23/07/2022,14:00:00,532861,185071,14,Sat
722428903,21/09/2022,15:40:00,532861,181748,15,Wed
822424412,24/08/2022,16:36:00,532863,190235,16,Wed
643409671,20/01/2023,22:30:00,532865,183671,22,Fri
642421984,06/09/2022,20:40:00,532866,183194,20,Tue
643406881,21/01/2023,19:15:00,532867,184178,19,Sat
723400640,06/01/2023,20:50:00,532867,184178,20,Fri
832437676,15/11/2022,08:20:00,532872,165633,8,Tue
822428032,07/09/2022,19:27:00,532872,188628,19,Wed
252424496,30/09/2022,23:30:00,532874,192356,23,Fri
832420721,10/07/2022,16:50:00,532878,165672,16,Sun
832420630,02/07/2022,14:01:00,532880,169062,14,Sat
642414979,16/07/2022,18:25:00,532880,183039,18,Sat
722421227,06/11/2022,03:00:00,532883,182242,3,Sun
723402365,06/03/2023,00:59:00,532885,182308,0,Mon
642424050,24/07/2022,00:15:00,532886,184095,0,Sun
722422545,18/10/2022,01:10:00,532886,182470,1,Tue
722421100,17/08/2022,01:00:00,532886,182470,1,Wed
722425945,18/10/2022,02:00:00,532886,182470,2,Tue
723404101,12/01/2023,02:10:00,532886,182470,2,Thu
722429014,04/10/2022,02:37:00,532886,182470,2,Tue
723406710,02/01/2023,23:45:00,532886,182470,23,Mon
722416499,16/08/2022,03:15:00,532886,182470,3,Tue
323402096,02/03/2023,03:15:00,532886,182470,3,Thu
722437291,31/12/2022,03:10:00,532886,182470,3,Sat
722435841,24/12/2022,03:50:00,532886,182470,3,Sat
722411198,05/08/2022,04:10:00,532886,182470,4,Fri
722412286,12/07/2022,03:15:00,532886,182470,3,Tue
722427770,26/08/2022,04:27:00,532886,182470,4,Fri
722420384,11/10/2022,02:20:00,532888,182441,2,Tue
822412276,07/07/2022,20:15:00,532888,188915,20,Thu
652421703,22/12/2022,13:20:00,532891,190244,13,Thu
252421121,01/08/2022,07:00:00,532896,196593,7,Mon
252422128,12/10/2022,13:00:00,532896,196593,13,Wed
643407215,22/02/2023,18:30:00,532897,183833,18,Wed
643407894,22/02/2023,18:25:00,532897,183833,18,Wed
832438859,21/12/2022,19:31:00,532897,168250,19,Wed
722423169,01/12/2022,22:00:00,532899,182215,22,Thu
723409231,17/01/2023,03:00:00,532903,182467,3,Tue
722414048,26/07/2022,03:30:00,532903,182467,3,Tue
722426516,25/10/2022,04:15:00,532903,182467,4,Tue
723406163,10/02/2023,04:30:00,532903,182467,4,Fri
252436061,12/11/2022,16:00:00,532903,192283,16,Sat
832436234,02/11/2022,17:00:00,532903,165831,17,Wed
642438934,11/12/2022,13:53:00,532907,186959,13,Sun
642437065,26/12/2022,21:00:00,532907,186959,21,Mon
833403970,06/01/2023,09:30:00,532912,170617,9,Fri
643409608,26/03/2023,21:30:00,532912,182577,21,Sun
722422750,23/08/2022,22:35:00,532912,184397,22,Tue
822429385,15/10/2022,22:00:00,532914,190775,22,Sat
822429112,06/09/2022,09:15:00,532918,190633,9,Tue
252428899,29/10/2022,14:15:00,532918,197441,14,Sat
822424740,18/08/2022,19:19:00,532920,189111,19,Thu
822423247,02/11/2022,13:39:00,532921,190433,13,Wed
252422056,24/09/2022,03:05:00,532923,196594,3,Sat
643407540,06/01/2023,08:45:00,532924,182684,8,Fri
722426681,05/09/2022,01:00:00,532928,182472,1,Mon
722425667,09/11/2022,02:45:00,532928,182472,2,Wed
722426211,30/08/2022,04:00:00,532928,182472,4,Tue
643401032,26/01/2023,19:30:00,532929,182831,19,Thu
832429373,01/08/2022,14:00:00,532930,166080,14,Mon
643406684,21/02/2023,01:00:00,532932,182513,1,Tue
723400774,24/02/2023,03:04:00,532932,182345,3,Fri
722427648,18/11/2022,08:15:00,532932,182513,8,Fri
723409381,22/01/2023,08:00:00,532932,182513,8,Sun
353405254,10/02/2023,08:30:00,532932,182513,8,Fri
643409816,06/03/2023,02:15:00,532934,182487,2,Mon
253405711,08/01/2023,05:00:00,532936,196542,5,Sun
642421458,15/10/2022,04:00:00,532938,183342,4,Sat
833402243,02/02/2023,09:30:00,532939,169400,9,Thu
643409932,25/01/2023,08:53:00,532940,182688,8,Wed
643401172,30/01/2023,18:45:00,532940,182635,18,Mon
642421257,03/10/2022,21:00:00,532940,182688,21,Mon
822413188,30/07/2022,00:25:00,532943,191452,0,Sat
833408533,30/01/2023,16:15:00,532943,165735,16,Mon
643403375,02/03/2023,17:31:00,532945,187706,17,Thu
722425312,10/09/2022,11:00:00,532947,182472,11,Sat
643409168,31/03/2023,22:30:00,532951,185690,22,Fri
643408250,06/01/2023,23:55:00,532956,182870,23,Fri
643414578,09/07/2022,03:06:00,532957,182534,3,Sat
252427546,26/09/2022,15:15:00,532958,193560,15,Mon
642423102,07/08/2022,21:20:00,532960,183098,21,Sun
643404372,30/01/2023,06:55:00,532961,182756,6,Mon
642428654,03/09/2022,14:15:00,532963,184337,14,Sat
252428426,23/09/2022,17:00:00,532963,193158,17,Fri
252434292,28/11/2022,14:25:00,532964,196562,14,Mon
252420596,29/08/2022,22:15:00,532964,196562,22,Mon
642430692,26/11/2022,03:00:00,532969,182532,3,Sat
642438193,05/12/2022,20:15:00,532969,182107,20,Mon
833404414,09/02/2023,10:30:00,532974,167816,10,Thu
832428107,30/08/2022,20:46:00,532974,162389,20,Tue
722427869,02/12/2022,03:00:00,532976,182205,3,Fri
722422446,27/10/2022,20:12:00,532976,182205,20,Thu
643400191,22/01/2023,15:50:00,532977,182718,15,Sun
822421260,20/08/2022,12:25:00,532979,188310,12,Sat
823401255,26/02/2023,17:30:00,532979,188310,17,Sun
232420022,01/09/2022,18:00:00,532979,167324,18,Thu
253402866,09/03/2023,02:39:00,532980,192003,2,Thu
642427689,18/10/2022,08:50:00,532980,185450,8,Tue
832433322,15/10/2022,15:37:00,532980,167091,15,Sat
643409060,07/01/2023,19:05:00,532980,182534,19,Sat
722429149,30/11/2022,02:30:00,532982,182456,2,Wed
722422527,06/11/2022,02:45:00,532982,182456,2,Sun
722420827,06/11/2022,04:00:00,532982,182456,4,Sun
833405980,11/12/2022,10:30:00,532983,168282,10,Sun
822422721,27/08/2022,18:30:00,532984,190245,18,Sat
823408245,26/02/2023,16:00:00,532985,189476,16,Sun
642429733,21/08/2022,01:00:00,532986,182534,1,Sun
642423096,29/09/2022,07:50:00,532988,185450,7,Thu
833409216,28/02/2023,13:57:00,532988,166234,13,Tue
643407223,05/02/2023,02:30:00,532990,182596,2,Sun
643407821,15/01/2023,03:40:00,532990,182596,3,Sun
642421796,30/09/2022,04:50:00,532990,182596,4,Fri
822428701,24/08/2022,17:30:00,532993,188397,17,Wed
823402937,19/03/2023,18:46:00,532993,188397,18,Sun
723403170,10/01/2023,03:15:00,532994,182474,3,Tue
642435143,02/12/2022,04:20:00,532994,182474,4,Fri
722428602,10/09/2022,05:50:00,532994,182474,5,Sat
642435180,06/11/2022,15:07:00,532994,182474,15,Sun
642427048,13/10/2022,17:40:00,532997,184631,17,Thu
822429155,13/10/2022,01:40:00,532999,188348,1,Thu
823405800,02/01/2023,01:19:00,533000,188300,1,Mon
642427736,22/09/2022,07:55:00,533000,182000,7,Thu
643404525,23/02/2023,20:50:00,533000,182000,20,Thu
642434942,22/11/2022,02:10:00,533001,182537,2,Tue
722414899,17/08/2022,02:00:00,533001,182516,2,Wed
643400208,25/03/2023,03:00:00,533001,182525,3,Sat
642413738,02/07/2022,03:20:00,533001,182537,3,Sat
723405514,17/02/2023,03:10:00,533001,182537,3,Fri
723405971,21/01/2023,03:30:00,533001,182537,3,Sat
642436143,02/12/2022,04:11:00,533001,182516,4,Fri
642433674,16/12/2022,04:44:00,533001,182525,4,Fri
643401357,19/03/2023,21:00:00,533001,182537,21,Sun
832428207,30/08/2022,21:30:00,533003,164649,21,Tue
833404457,13/03/2023,07:30:00,533005,167970,7,Mon
642432710,30/10/2022,15:30:00,533006,185828,15,Sun
823405346,09/03/2023,15:33:00,533007,189846,15,Thu
822411679,10/08/2022,08:45:00,533008,188961,8,Wed
643401551,18/01/2023,20:14:00,533009,184401,20,Wed
642427767,07/10/2022,00:01:00,533010,182601,0,Fri
722421756,30/10/2022,01:00:00,533010,182601,1,Sun
642418948,01/07/2022,02:30:00,533010,182601,2,Fri
642423285,17/09/2022,03:00:00,533010,182601,3,Sat
643406012,24/01/2023,02:55:00,533010,182493,2,Tue
642415589,17/07/2022,03:00:00,533010,182601,3,Sun
722413168,25/07/2022,03:15:00,533010,182493,3,Mon
642437881,13/11/2022,03:30:00,533010,182601,3,Sun
643406372,31/01/2023,03:41:00,533010,182493,3,Tue
642428809,21/10/2022,04:20:00,533010,182493,4,Fri
642424636,23/09/2022,14:28:00,533010,182601,14,Fri
822433032,28/12/2022,15:55:00,533010,189706,15,Wed
722429331,02/09/2022,07:15:00,533013,183562,7,Fri
643402908,27/03/2023,09:05:00,533013,183562,9,Mon
643402852,28/01/2023,16:30:00,533013,183562,16,Sat
642425756,25/09/2022,19:50:00,533013,183562,19,Sun
643401841,17/01/2023,20:23:00,533013,183562,20,Tue
642425707,30/09/2022,18:00:00,533019,182216,18,Fri
643408424,15/02/2023,16:05:00,533023,183581,16,Wed
823400377,22/03/2023,18:15:00,533026,190214,18,Wed
642424770,26/07/2022,20:30:00,533030,184553,20,Tue
643407858,31/03/2023,19:08:00,533033,186436,19,Fri
642421473,25/08/2022,03:00:00,533034,182293,3,Thu
722435241,23/12/2022,03:40:00,533034,182461,3,Fri
252425493,30/08/2022,09:30:00,533037,197769,9,Tue
643400471,19/01/2023,21:30:00,533038,185886,21,Thu
832428380,07/07/2022,00:15:00,533039,166433,0,Thu
722423453,24/09/2022,04:30:00,533040,182469,4,Sat
722428621,29/08/2022,00:01:00,533040,182469,0,Mon
642423082,16/08/2022,02:30:00,533041,182485,2,Tue
253409886,11/03/2023,02:35:00,533041,196562,2,Sat
642433324,09/12/2022,20:55:00,533042,186485,20,Fri
642420144,01/09/2022,21:10:00,533042,182654,21,Thu
643402555,28/02/2023,22:50:00,533042,182654,22,Tue
642428917,02/10/2022,02:15:00,533044,182618,2,Sun
642428134,01/09/2022,03:01:00,533044,182505,3,Thu
642420967,07/10/2022,03:24:00,533044,182505,3,Fri
643405821,15/01/2023,03:28:00,533044,182618,3,Sun
643406850,07/01/2023,04:00:00,533045,182505,4,Sat
722420571,06/09/2022,13:45:00,533045,185138,13,Tue
642431733,01/12/2022,17:30:00,533045,182715,17,Thu
642433451,13/11/2022,02:30:00,533046,182613,2,Sun
642423545,13/09/2022,07:45:00,533046,182613,7,Tue
642439095,30/12/2022,21:00:00,533046,182693,21,Fri
642435244,11/12/2022,22:31:00,533046,182693,22,Sun
643405317,16/03/2023,03:20:00,533051,182510,3,Thu
822429742,08/09/2022,20:30:00,533051,188623,20,Thu
833407829,30/03/2023,08:26:00,533053,166054,8,Thu
833406205,17/02/2023,17:00:00,533053,166793,17,Fri
822433531,15/12/2022,19:00:00,533053,190141,19,Thu
643404620,03/01/2023,02:00:00,533054,182494,2,Tue
643403062,28/01/2023,22:00:00,533054,182494,22,Sat
642424153,23/08/2022,13:15:00,533056,186084,13,Tue
642420708,10/10/2022,20:15:00,533056,182772,20,Mon
643407680,10/01/2023,21:10:00,533056,182772,21,Tue
833402742,24/01/2023,09:00:00,533057,168743,9,Tue
252428092,18/08/2022,17:00:00,533062,197822,17,Thu
722427067,10/11/2022,07:10:00,533063,184884,7,Thu
822426942,09/09/2022,20:50:00,533071,189548,20,Fri
822437791,20/12/2022,01:00:00,533076,190097,1,Tue
823406708,24/03/2023,21:00:00,533076,190097,21,Fri
823407142,27/01/2023,08:30:00,533076,190097,8,Fri
252437494,21/12/2022,12:59:00,533079,191758,12,Wed
823407806,06/03/2023,17:15:00,533081,189564,17,Mon
642430445,23/12/2022,14:10:00,533083,186628,14,Fri
642430845,23/12/2022,19:00:00,533085,183194,19,Fri
643409982,31/01/2023,23:45:00,533085,185643,23,Tue
642436874,15/12/2022,15:00:00,533086,183133,15,Thu
352425194,20/07/2022,23:55:00,533087,182615,23,Wed
643405033,05/02/2023,06:40:00,533087,182615,6,Sun
643401693,12/02/2023,20:30:00,533087,182615,20,Sun
822434681,21/12/2022,23:30:00,533088,188880,23,Wed
642431800,30/10/2022,15:25:00,533095,185784,15,Sun
822426280,06/07/2022,00:01:00,533099,190268,0,Wed
823404411,13/01/2023,00:28:00,533099,190268,0,Fri
822425115,08/10/2022,12:00:00,533099,190268,12,Sat
642437425,20/12/2022,17:40:00,533100,181892,17,Tue
252411749,09/07/2022,12:00:00,533101,197358,12,Sat
722425128,16/11/2022,17:40:00,533105,185734,17,Wed
642439545,23/12/2022,19:11:00,533106,183036,19,Fri
642434350,03/11/2022,15:00:00,533110,186531,15,Thu
252422453,25/08/2022,18:52:00,533110,197842,18,Thu
242425243,31/07/2022,11:00:00,533115,182210,11,Sun
643407543,07/02/2023,23:34:00,533117,182749,23,Tue
643407803,02/02/2023,20:00:00,533120,184030,20,Thu
823408010,02/01/2023,12:05:00,533122,188417,12,Mon
642425966,26/09/2022,21:10:00,533124,182462,21,Mon
823402810,03/01/2023,04:45:00,533125,190580,4,Tue
252431022,22/11/2022,21:00:00,533126,192259,21,Tue
642412538,02/07/2022,15:15:00,533126,184461,15,Sat
643405471,20/01/2023,21:30:00,533126,184162,21,Fri
822428282,13/09/2022,16:30:00,533127,188532,16,Tue
822424960,19/08/2022,00:16:00,533131,189498,0,Fri
253405072,27/01/2023,11:15:00,533131,196215,11,Fri
253401773,02/02/2023,00:01:00,533135,193394,0,Thu
823407704,13/02/2023,14:30:00,533137,190496,14,Mon
822428642,09/09/2022,15:43:00,533138,188671,15,Fri
643405268,31/03/2023,22:00:00,533140,187389,22,Fri
822422142,09/09/2022,01:50:00,533141,189141,1,Fri
643402384,21/02/2023,10:45:00,533142,183796,10,Tue
642420294,07/09/2022,07:45:00,533143,183669,7,Wed
642424040,21/07/2022,23:20:00,533143,182237,23,Thu
252425902,09/08/2022,18:00:00,533144,196148,18,Tue
643401353,08/02/2023,18:40:00,533145,182271,18,Wed
832433162,19/10/2022,00:43:00,533146,166202,0,Wed
642425717,02/10/2022,00:01:00,533146,182698,0,Sun
642422471,03/08/2022,23:15:00,533146,182488,23,Wed
832429195,20/08/2022,16:50:00,533148,165756,16,Sat
832423901,08/07/2022,17:00:00,533148,169615,17,Fri
642424737,04/10/2022,06:25:00,533150,184226,6,Tue
822438421,14/12/2022,17:50:00,533150,188177,17,Wed
642434270,05/11/2022,01:00:00,533152,186048,1,Sat
642434760,04/11/2022,17:20:00,533152,186048,17,Fri
643405856,11/03/2023,20:55:00,533152,183749,20,Sat
832430429,19/12/2022,09:01:00,533153,169497,9,Mon
722429428,17/11/2022,08:10:00,533158,185396,8,Thu
642416488,08/07/2022,00:20:00,533160,182686,0,Fri
822422696,28/10/2022,23:00:00,533161,190550,23,Fri
823400492,01/02/2023,15:45:00,533165,188760,15,Wed
643404761,20/01/2023,04:00:00,533170,182872,4,Fri
832421926,23/08/2022,23:00:00,533170,170298,23,Tue
643403064,19/02/2023,07:40:00,533171,187741,7,Sun
832437765,14/11/2022,19:55:00,533171,164182,19,Mon
822438502,22/12/2022,21:00:00,533171,190551,21,Thu
642436430,01/11/2022,15:24:00,533172,186744,15,Tue
833404736,28/02/2023,19:00:00,533172,166271,19,Tue
642416798,05/07/2022,23:30:00,533172,182934,23,Tue
642418089,16/07/2022,21:41:00,533173,186098,21,Sat
642421556,25/09/2022,01:00:00,533177,182368,1,Sun
642434975,28/12/2022,18:40:00,533178,182413,18,Wed
643408545,27/02/2023,19:05:00,533182,185772,19,Mon
643403794,20/02/2023,18:31:00,533183,187399,18,Mon
642438725,21/12/2022,12:20:00,533186,182629,12,Wed
353409338,11/03/2023,00:01:00,533188,182597,0,Sat
642422983,26/08/2022,01:00:00,533188,182597,1,Fri
642428091,06/08/2022,23:00:00,533189,184781,23,Sat
823405605,24/02/2023,00:01:00,533190,190369,0,Fri
642438260,04/11/2022,19:00:00,533191,182045,19,Fri
832437848,10/12/2022,20:25:00,533191,170418,20,Sat
643403905,23/02/2023,19:40:00,533193,184224,19,Thu
822433560,07/12/2022,15:30:00,533194,190587,15,Wed
823401068,31/03/2023,12:12:00,533196,190006,12,Fri
832431105,08/11/2022,15:58:00,533199,168150,15,Tue
252420121,01/08/2022,09:33:00,533200,192148,9,Mon
642432122,19/11/2022,00:15:00,533201,182396,0,Sat
822418926,01/07/2022,11:05:00,533203,189137,11,Fri
642426598,18/10/2022,21:00:00,533207,182430,21,Tue
642412949,13/07/2022,21:45:00,533207,182430,21,Wed
643409486,14/03/2023,16:18:00,533213,187995,16,Tue
643405448,30/03/2023,09:30:00,533214,186566,9,Thu
252425684,09/09/2022,14:50:00,533215,190181,14,Fri
642430442,21/11/2022,19:35:00,533218,186532,19,Mon
642422150,24/07/2022,01:47:00,533220,182117,1,Sun
643400253,08/02/2023,17:55:00,533220,182117,17,Wed
642430600,29/10/2022,23:20:00,533220,182117,23,Sat
642431145,21/12/2022,03:00:00,533221,182597,3,Wed
642424013,19/08/2022,02:30:00,533224,182154,2,Fri
643409557,21/03/2023,16:30:00,533225,185395,16,Tue
642426959,26/10/2022,06:25:00,533226,182887,6,Wed
643408766,12/03/2023,19:20:00,533226,183778,19,Sun
642429274,05/09/2022,10:46:00,533227,187596,10,Mon
643404126,06/03/2023,20:00:00,533227,187548,20,Mon
62419048,23/07/2022,01:30:00,533232,182439,1,Sat
253405701,11/01/2023,11:30:00,533232,196161,11,Wed
822428154,01/10/2022,19:30:00,533233,189046,19,Sat
833408118,18/03/2023,17:00:00,533234,170307,17,Sat
643408681,21/01/2023,23:00:00,533234,182645,23,Sat
832424448,11/09/2022,23:25:00,533234,170307,23,Sun
643404281,21/01/2023,02:30:00,533235,182690,2,Sat
823407501,13/01/2023,05:20:00,533235,189096,5,Fri
833403763,03/02/2023,15:30:00,533235,166281,15,Fri
822418819,03/08/2022,17:30:00,533235,189096,17,Wed
823404322,24/01/2023,21:45:00,533235,189096,21,Tue
643405704,13/02/2023,22:58:00,533238,182738,22,Mon
823402683,11/02/2023,00:53:00,533239,191602,0,Sat
642429783,27/08/2022,14:20:00,533240,185315,14,Sat
642412828,02/07/2022,00:15:00,533241,183160,0,Sat
822423132,08/09/2022,01:50:00,533243,189735,1,Thu
642434000,30/10/2022,00:15:00,533244,182524,0,Sun
642421407,30/09/2022,01:30:00,533244,182659,1,Fri
642427290,23/07/2022,05:30:00,533245,186428,5,Sat
643400707,15/03/2023,19:10:00,533245,182557,19,Wed
823409995,05/03/2023,16:32:00,533247,188580,16,Sun
642420287,07/10/2022,00:01:00,533248,182661,0,Fri
722430680,16/12/2022,11:18:00,533248,182661,11,Fri
252413739,11/07/2022,02:00:00,533250,194011,2,Mon
643400556,11/03/2023,14:00:00,533252,182310,14,Sat
643401061,14/01/2023,22:00:00,533252,182310,22,Sat
832439793,30/10/2022,18:00:00,533253,168278,18,Sun
832433398,11/12/2022,16:00:00,533254,168516,16,Sun
642421808,10/10/2022,21:00:00,533255,184478,21,Mon
823408592,02/02/2023,01:30:00,533257,190475,1,Thu
822410166,06/07/2022,14:50:00,533257,188141,14,Wed
822428584,01/09/2022,19:00:00,533259,188638,19,Thu
643403792,02/02/2023,04:20:00,533261,185630,4,Thu
822412689,11/08/2022,13:47:00,533261,191644,13,Thu
642421626,22/09/2022,08:20:00,533264,182767,8,Thu
833405894,17/02/2023,00:15:00,533265,170352,0,Fri
832448010,18/12/2022,08:30:00,533265,170352,8,Sun
833405995,26/02/2023,16:45:00,533265,170352,16,Sun
722428222,12/09/2022,04:30:00,533268,184827,4,Mon
642427379,16/10/2022,13:20:00,533268,184779,13,Sun
643406041,16/01/2023,17:55:00,533271,184268,17,Mon
642422547,04/10/2022,07:00:00,533272,185777,7,Tue
723402062,30/01/2023,22:00:00,533273,185235,22,Mon
642429352,13/08/2022,16:00:00,533276,183093,16,Sat
643401226,07/03/2023,14:00:00,533277,184422,14,Tue
642426025,09/09/2022,17:45:00,533279,183322,17,Fri
642420842,12/08/2022,22:56:00,533279,184467,22,Fri
642432864,15/12/2022,01:20:00,533281,187973,1,Thu
642427265,14/09/2022,21:00:00,533281,187973,21,Wed
242422135,18/08/2022,01:00:00,533282,182619,1,Thu
253405978,30/03/2023,14:04:00,533284,193132,14,Thu
522422252,13/08/2022,01:30:00,533285,182529,1,Sat
643404377,20/03/2023,08:10:00,533285,184078,8,Mon
823401791,22/01/2023,14:45:00,533286,188603,14,Sun
642439633,29/11/2022,23:30:00,533290,182597,23,Tue
643400083,11/02/2023,01:20:00,533290,182597,1,Sat
323405277,12/03/2023,01:47:00,533290,182597,1,Sun
642424358,14/09/2022,21:00:00,533291,184401,21,Wed
822428962,07/09/2022,17:40:00,533293,188465,17,Wed
642424847,05/10/2022,01:55:00,533295,182301,1,Wed
822419926,03/07/2022,10:00:00,533296,189073,10,Sun
832437298,13/12/2022,15:25:00,533296,165804,15,Tue
643409536,07/03/2023,18:30:00,533297,184421,18,Tue
253407313,28/01/2023,10:00:00,533298,195237,10,Sat
643401293,12/02/2023,03:45:00,533300,183441,3,Sun
643402371,20/01/2023,17:20:00,533301,184172,17,Fri
822428871,02/09/2022,17:07:00,533302,190855,17,Fri
642434722,20/11/2022,03:29:00,533307,182550,3,Sun
643407948,30/03/2023,16:45:00,533307,185901,16,Thu
642425355,14/09/2022,00:50:00,533313,182737,0,Wed
822427310,14/08/2022,14:15:00,533313,188617,14,Sun
252412348,29/06/2022,18:20:00,533313,192472,18,Wed
832434712,15/10/2022,01:20:00,533318,165756,1,Sat
642437720,31/10/2022,15:45:00,533319,185422,15,Mon
643407107,02/03/2023,12:13:00,533323,184169,12,Thu
643400692,02/02/2023,10:15:00,533329,184511,10,Thu
642426578,17/10/2022,20:05:00,533329,184511,20,Mon
722425306,23/10/2022,21:20:00,533330,184878,21,Sun
642422507,01/10/2022,01:00:00,533334,182320,1,Sat
642426938,14/10/2022,00:45:00,533338,182551,0,Fri
822421803,13/09/2022,15:45:00,533341,188855,15,Tue
563411408,09/03/2023,19:50:00,533342,182092,19,Thu
642436514,09/12/2022,08:55:00,533345,184167,8,Fri
822431581,21/12/2022,16:11:00,533349,189046,16,Wed
822412716,01/07/2022,23:00:00,533349,189046,23,Fri
642420182,15/08/2022,22:40:00,533353,184762,22,Mon
253406467,18/03/2023,14:06:00,533354,193263,14,Sat
822420972,12/09/2022,16:15:00,533357,190067,16,Mon
252436400,01/11/2022,21:00:00,533357,193908,21,Tue
833405413,30/01/2023,22:15:00,533359,165807,22,Mon
643408222,25/01/2023,01:10:00,533367,187929,1,Wed
722417669,11/08/2022,23:55:00,533369,184797,23,Thu
822417057,15/07/2022,23:40:00,533370,188877,23,Fri
832430506,17/11/2022,15:15:00,533373,166212,15,Thu
642426785,18/09/2022,01:45:00,533375,185202,1,Sun
823407300,01/01/2023,03:00:00,533376,188708,3,Sun
252424542,13/08/2022,23:30:00,533376,191831,23,Sat
822426111,25/08/2022,23:49:00,533376,188708,23,Thu
642425148,13/10/2022,19:03:00,533379,184140,19,Thu
252424318,12/10/2022,22:43:00,533382,193886,22,Wed
822424138,13/11/2022,00:45:00,533384,189601,0,Sun
822413136,03/07/2022,12:45:00,533384,189601,12,Sun
822427573,22/09/2022,15:30:00,533384,188807,15,Thu
822423071,01/09/2022,13:41:00,533386,188824,13,Thu
642423287,08/10/2022,15:50:00,533389,187925,15,Sat
642424126,21/09/2022,20:35:00,533394,184224,20,Wed
822420320,15/08/2022,21:00:00,533394,191638,21,Mon
642418459,08/07/2022,01:00:00,533399,182654,1,Fri
642438032,19/11/2022,18:45:00,533402,185593,18,Sat
643404122,26/01/2023,00:11:00,533403,182279,0,Thu
642432394,18/12/2022,03:30:00,533404,182546,3,Sun
822426124,24/09/2022,12:20:00,533404,188860,12,Sat
213406208,18/03/2023,04:37:00,533406,170695,4,Sat
642427823,21/08/2022,00:15:00,533410,182584,0,Sun
242426710,01/07/2022,01:30:00,533410,182584,1,Fri
642432344,20/11/2022,03:00:00,533410,182542,3,Sun
642422680,27/07/2022,18:35:00,533410,182584,18,Wed
643408831,14/01/2023,21:30:00,533410,182584,21,Sat
642427542,11/08/2022,22:50:00,533410,182584,22,Thu
822421981,03/09/2022,12:00:00,533411,189593,12,Sat
832436334,02/11/2022,17:10:00,533411,170556,17,Wed
642434535,22/12/2022,19:17:00,533411,182107,19,Thu
63408783,12/02/2023,05:40:00,533415,182194,5,Sun
642420670,26/07/2022,14:45:00,533415,184379,14,Tue
253402158,20/03/2023,12:30:00,533416,191824,12,Mon
823403790,11/01/2023,12:56:00,533418,190576,12,Wed
643401737,20/03/2023,00:01:00,533420,184232,0,Mon
643407342,28/01/2023,00:30:00,533420,182191,0,Sat
722428453,26/09/2022,01:15:00,533420,182191,1,Mon
642425889,28/10/2022,02:00:00,533420,182526,2,Fri
722420401,20/08/2022,02:00:00,533420,182191,2,Sat
643400332,27/01/2023,06:55:00,533420,182191,6,Fri
642426957,05/10/2022,07:45:00,533420,182191,7,Wed
822427282,13/09/2022,16:34:00,533422,189237,16,Tue
642421679,27/10/2022,21:30:00,533422,183419,21,Thu
643404721,14/01/2023,22:30:00,533422,182147,22,Sat
822429619,21/11/2022,22:00:00,533424,189008,22,Mon
642434774,16/12/2022,10:05:00,533425,184415,10,Fri
822410386,08/07/2022,20:00:00,533427,190086,20,Fri
823405264,19/02/2023,21:00:00,533427,190086,21,Sun
642433663,04/12/2022,04:55:00,533429,182275,4,Sun
642429321,31/07/2022,05:00:00,533429,182275,5,Sun
642431774,16/12/2022,08:30:00,533429,185719,8,Fri
642410969,15/07/2022,16:28:00,533429,182275,16,Fri
832430831,07/10/2022,21:55:00,533429,168270,21,Fri
642421805,09/09/2022,00:20:00,533433,183090,0,Fri
252430162,25/11/2022,09:30:00,533433,192280,9,Fri
253401812,21/01/2023,15:30:00,533433,192280,15,Sat
253406565,23/02/2023,18:00:00,533433,192280,18,Thu
242427524,05/08/2022,00:01:00,533434,180577,0,Fri
642425398,19/10/2022,12:30:00,533434,183633,12,Wed
252424917,03/10/2022,16:10:00,533435,195390,16,Mon
642423342,10/08/2022,22:30:00,533436,187828,22,Wed
643400671,21/01/2023,01:56:00,533439,182752,1,Sat
642427123,20/08/2022,03:47:00,533443,182217,3,Sat
642437224,09/12/2022,19:00:00,533443,184612,19,Fri
822421261,31/08/2022,18:45:00,533444,189031,18,Wed
643401785,04/03/2023,04:00:00,533446,182604,4,Sat
832433912,15/10/2022,08:00:00,533446,165518,8,Sat
252425271,05/08/2022,21:00:00,533447,192672,21,Fri
643402450,05/01/2023,23:45:00,533449,182688,23,Thu
642439635,23/12/2022,02:45:00,533449,182688,2,Fri
643407008,25/03/2023,19:40:00,533449,182688,19,Sat
253408277,18/03/2023,15:30:00,533452,192465,15,Sat
642423240,23/07/2022,00:45:00,533453,184721,0,Sat
642420896,30/09/2022,00:01:00,533453,182547,0,Fri
642431400,29/10/2022,15:50:00,533453,184721,15,Sat
642437820,31/10/2022,23:30:00,533453,182122,23,Mon
642427281,05/08/2022,22:00:00,533454,182573,22,Fri
642428030,22/07/2022,02:00:00,533456,182132,2,Fri
642422057,05/10/2022,08:30:00,533457,182880,8,Wed
642426359,24/10/2022,13:10:00,533458,182399,13,Mon
822431661,19/12/2022,15:30:00,533460,191108,15,Mon
642429767,07/10/2022,00:20:00,533462,183949,0,Fri
643408224,15/02/2023,08:00:00,533462,183634,8,Wed
252411918,30/06/2022,22:44:00,533462,192750,22,Thu
642431240,30/10/2022,03:00:00,533463,183964,3,Sun
252428273,27/08/2022,19:45:00,533464,198121,19,Sat
642429599,29/10/2022,03:00:00,533465,182692,3,Sat
643400273,10/02/2023,07:00:00,533465,182302,7,Fri
252413878,04/07/2022,15:40:00,533468,192562,15,Mon
832433077,01/12/2022,17:10:00,533468,170511,17,Thu
642420539,20/10/2022,00:30:00,533469,182375,0,Thu
822419099,12/08/2022,00:50:00,533469,190053,0,Fri
642435943,02/12/2022,04:00:00,533469,182375,4,Fri
832435723,24/10/2022,16:15:00,533472,165222,16,Mon
822417217,11/07/2022,23:59:00,533474,191704,23,Mon
642422567,05/10/2022,21:10:00,533476,182508,21,Wed
822415336,03/07/2022,05:00:00,533479,188822,5,Sun
822427424,28/09/2022,20:15:00,533479,188822,20,Wed
823403182,21/01/2023,23:00:00,533479,188822,23,Sat
823407146,09/03/2023,16:36:00,533480,191498,16,Thu
823403951,17/01/2023,18:30:00,533480,191498,18,Tue
822426712,06/09/2022,16:33:00,533481,189748,16,Tue
833406600,01/01/2023,17:00:00,533484,170490,17,Sun
833401604,07/02/2023,15:10:00,533485,165085,15,Tue
242420878,18/09/2022,01:30:00,533487,181630,1,Sun
642428468,16/10/2022,14:49:00,533488,186074,14,Sun
242448420,31/12/2022,14:50:00,533490,181981,14,Sat
642424199,29/10/2022,10:30:00,533491,185262,10,Sat
642436844,12/12/2022,23:23:00,533491,184916,23,Mon
643405390,11/01/2023,02:15:00,533492,183671,2,Wed
643407173,09/02/2023,07:30:00,533493,184859,7,Thu
642438300,28/10/2022,11:30:00,533493,182845,11,Fri
242423248,15/09/2022,02:00:00,533495,181659,2,Thu
642432363,04/12/2022,10:00:00,533499,183441,10,Sun
832432966,23/11/2022,16:57:00,533499,168178,16,Wed
832426416,22/08/2022,23:30:00,533499,166468,23,Mon
643406125,25/02/2023,10:00:00,533503,185816,10,Sat
822424554,01/10/2022,23:00:00,533503,189946,23,Sat
823404543,04/02/2023,06:00:00,533504,188993,6,Sat
642419898,09/07/2022,08:55:00,533504,183882,8,Sat
22411047,30/11/2022,17:53:00,533504,166444,17,Wed
643404695,04/03/2023,20:00:00,533504,183882,20,Sat
643400837,19/03/2023,04:00:00,533505,182736,4,Sun
643408630,05/01/2023,12:35:00,533505,182736,12,Thu
832430741,08/10/2022,21:00:00,533506,170705,21,Sat
643402838,29/03/2023,18:00:00,533506,184704,18,Wed
642424448,04/10/2022,23:40:00,533508,184829,23,Tue
642413579,16/07/2022,01:30:00,533510,184856,1,Sat
643405758,31/03/2023,17:00:00,533510,184856,17,Fri
642439884,17/12/2022,01:00:00,533511,182390,1,Sat
242430932,21/10/2022,02:30:00,533517,182697,2,Fri
642426950,24/07/2022,04:30:00,533518,184162,4,Sun
642428909,20/10/2022,02:30:00,533519,184928,2,Thu
643408023,05/02/2023,04:00:00,533519,184928,4,Sun
642426356,23/09/2022,12:31:00,533519,185170,12,Fri
642426585,17/09/2022,18:50:00,533519,184928,18,Sat
823404091,22/01/2023,00:30:00,533522,189460,0,Sun
643407194,21/02/2023,08:45:00,533522,185002,8,Tue
823408554,19/02/2023,13:35:00,533522,189460,13,Sun
822410009,01/08/2022,18:15:00,533522,189460,18,Mon
642435144,09/12/2022,19:00:00,533522,185002,19,Fri
642438941,11/11/2022,19:30:00,533522,184949,19,Fri
822425932,08/09/2022,20:30:00,533522,188924,20,Thu
822426934,28/09/2022,22:30:00,533522,189022,22,Wed
643409510,02/01/2023,22:53:00,533522,183412,22,Mon
642434983,06/12/2022,23:45:00,533522,184949,23,Tue
832439316,18/11/2022,09:50:00,533523,168923,9,Fri
642435295,31/12/2022,06:30:00,533525,185059,6,Sat
823404445,26/02/2023,23:51:00,533525,189099,23,Sun
642421301,27/07/2022,01:30:00,533526,182814,1,Wed
822423817,27/10/2022,06:25:00,533526,188816,6,Thu
642438285,28/12/2022,13:19:00,533526,188816,13,Wed
822437942,29/12/2022,14:30:00,533526,188816,14,Thu
822424472,12/09/2022,17:00:00,533526,188816,17,Mon
642432964,14/12/2022,21:00:00,533526,184268,21,Wed
822414936,03/07/2022,22:25:00,533526,188816,22,Sun
822428240,16/08/2022,23:00:00,533526,188816,23,Tue
822420034,28/09/2022,23:30:00,533526,188816,23,Wed
642426333,20/08/2022,02:05:00,533528,185126,2,Sat
823403424,15/02/2023,17:20:00,533528,188987,17,Wed
823405941,17/01/2023,18:20:00,533528,188987,18,Tue
643402880,10/01/2023,15:00:00,533529,183777,15,Tue
642431253,03/12/2022,04:22:00,533531,185159,4,Sat
642434500,29/10/2022,13:29:00,533531,185159,13,Sat
642426301,25/07/2022,18:00:00,533531,185159,18,Mon
643407484,20/02/2023,20:13:00,533531,185159,20,Mon
643401264,19/02/2023,01:00:00,533533,185130,1,Sun
642438812,19/11/2022,05:35:00,533533,184298,5,Sat
642427843,21/08/2022,00:30:00,533534,184457,0,Sun
642411519,11/07/2022,01:10:00,533534,184457,1,Mon
643408252,29/01/2023,01:00:00,533534,185287,1,Sun
643405233,05/02/2023,03:00:00,533534,184457,3,Sun
642435741,11/11/2022,19:30:00,533534,184457,19,Fri
822414818,23/07/2022,17:55:00,533535,188732,17,Sat
643402037,19/03/2023,04:30:00,533536,182768,4,Sun
832430527,25/11/2022,12:30:00,533537,165240,12,Fri
642435495,31/12/2022,09:30:00,533538,185435,9,Sat
642425264,03/09/2022,11:00:00,533539,185784,11,Sat
642420035,11/09/2022,15:20:00,533540,185533,15,Sun
823404575,03/03/2023,00:10:00,533541,189563,0,Fri
822417446,04/07/2022,18:00:00,533541,189563,18,Mon
642426089,28/10/2022,06:30:00,533543,183943,6,Fri
642414668,04/07/2022,21:30:00,533543,183943,21,Mon
252418049,10/07/2022,09:25:00,533544,192488,9,Sun
252433821,12/11/2022,18:55:00,533544,192488,18,Sat
822429083,23/09/2022,19:00:00,533545,189695,19,Fri
823403571,19/01/2023,12:35:00,533546,188669,12,Thu
823400276,12/03/2023,21:30:00,533546,189019,21,Sun
642439974,16/12/2022,09:30:00,533547,184731,9,Fri
642419528,30/06/2022,00:30:00,533548,186411,0,Thu
643402221,14/01/2023,15:50:00,533548,184894,15,Sat
642436564,13/12/2022,18:55:00,533548,184894,18,Tue
643400516,06/03/2023,18:00:00,533549,186567,18,Mon
642427794,07/09/2022,21:00:00,533549,184780,21,Wed
832422809,16/09/2022,15:00:00,533550,168790,15,Fri
242439305,13/11/2022,00:10:00,533551,182376,0,Sun
823408092,01/02/2023,13:52:00,533552,188916,13,Wed
822430470,06/12/2022,14:35:00,533552,188707,14,Tue
822436060,06/12/2022,14:44:00,533552,188707,14,Tue
242439892,26/10/2022,03:00:00,533553,182258,3,Wed
242432250,05/10/2022,07:50:00,533553,182258,7,Wed
822429580,23/08/2022,11:07:00,533554,188960,11,Tue
243409717,05/03/2023,01:58:00,533555,182618,1,Sun
252425630,22/07/2022,12:40:00,533555,192473,12,Fri
642425011,28/07/2022,17:00:00,533555,184912,17,Thu
243409291,17/01/2023,14:00:00,533556,180611,14,Tue
643407415,24/02/2023,14:30:00,533556,184981,14,Fri
642428265,15/09/2022,02:05:00,533559,182333,2,Thu
642429298,19/10/2022,03:00:00,533559,182333,3,Wed
642437884,08/12/2022,16:00:00,533559,184974,16,Thu
822417486,09/07/2022,05:45:00,533560,191418,5,Sat
642434312,17/11/2022,17:20:00,533560,183749,17,Thu
243400880,08/01/2023,18:10:00,533561,182374,18,Sun
643404933,21/01/2023,14:59:00,533562,187466,14,Sat
643400748,20/03/2023,14:20:00,533565,185026,14,Mon
643408732,27/01/2023,15:55:00,533565,185026,15,Fri
642413818,30/06/2022,23:50:00,533567,184781,23,Thu
642414779,16/07/2022,04:35:00,533567,184781,4,Sat
643405084,21/02/2023,07:00:00,533567,184781,7,Tue
643408340,03/01/2023,14:30:00,533567,184781,14,Tue
642423295,18/09/2022,20:00:00,533567,184781,20,Sun
642429233,20/08/2022,19:00:00,533567,184781,19,Sat
642422555,14/09/2022,06:07:00,533569,185260,6,Wed
822426780,23/08/2022,09:40:00,533571,190653,9,Tue
822424314,25/09/2022,12:00:00,533571,190653,12,Sun
642426529,21/10/2022,12:45:00,533571,185225,12,Fri
823407740,06/01/2023,16:50:00,533571,190653,16,Fri
643401914,14/02/2023,18:55:00,533572,185166,18,Tue
252427549,26/10/2022,16:15:00,533573,194035,16,Wed
642438673,04/12/2022,14:16:00,533575,186225,14,Sun
643407616,06/03/2023,21:00:00,533576,183730,21,Mon
822422320,16/08/2022,00:41:00,533577,191319,0,Tue
253409252,23/01/2023,07:25:00,533577,196783,7,Mon
822428780,23/08/2022,10:15:00,533577,189694,10,Tue
642422305,08/09/2022,17:15:00,533578,183582,17,Thu
242435955,15/11/2022,22:00:00,533581,181745,22,Tue
823402980,10/01/2023,17:00:00,533583,189627,17,Tue
642423920,21/07/2022,23:10:00,533584,185478,23,Thu
822418938,26/07/2022,03:05:00,533586,188261,3,Tue
822425136,21/10/2022,07:57:00,533586,188188,7,Fri
823406268,31/03/2023,15:00:00,533586,188261,15,Fri
242420660,06/07/2022,01:50:00,533587,182756,1,Wed
822428218,10/11/2022,22:35:00,533589,188745,22,Thu
242439380,07/10/2022,11:15:00,533591,182594,11,Fri
822413488,30/07/2022,17:00:00,533591,188304,17,Sat
822413999,13/08/2022,02:00:00,533592,188865,2,Sat
643408145,25/02/2023,02:00:00,533594,184568,2,Sat
643404802,22/01/2023,02:30:00,533594,184568,2,Sun
823407151,17/01/2023,17:00:00,533594,191357,17,Tue
822437161,18/12/2022,16:30:00,533594,190346,16,Sun
823402448,29/03/2023,13:30:00,533595,188341,13,Wed
243403755,18/02/2023,04:10:00,533596,182241,4,Sat
242423173,11/07/2022,07:00:00,533596,182241,7,Mon
643409748,30/03/2023,16:30:00,533598,186029,16,Thu
822423138,13/11/2022,00:01:00,533601,188467,0,Sun
833409731,13/01/2023,17:59:00,533603,166518,17,Fri
642425374,05/09/2022,09:06:00,533605,184193,9,Mon
642431392,24/11/2022,23:30:00,533605,184193,23,Thu
642439675,29/12/2022,10:30:00,533606,187073,10,Thu
832434637,30/11/2022,16:15:00,533607,165691,16,Wed
822422885,16/10/2022,21:00:00,533608,189010,21,Sun
642429613,18/08/2022,17:30:00,533609,184009,17,Thu
832425185,19/08/2022,18:10:00,533610,164761,18,Fri
832436882,20/10/2022,19:07:00,533610,170618,19,Thu
642423164,04/09/2022,03:00:00,533611,185202,3,Sun
642422590,27/07/2022,23:00:00,533611,185202,23,Wed
643404222,25/01/2023,18:40:00,533612,183330,18,Wed
823405071,19/01/2023,17:00:00,533614,188651,17,Thu
242424584,13/08/2022,23:43:00,533618,182512,23,Sat
643401248,30/03/2023,09:00:00,533619,186266,9,Thu
642430732,17/11/2022,10:00:00,533619,185998,10,Thu
822428851,30/08/2022,13:45:00,533620,188685,13,Tue
642429128,12/10/2022,09:30:00,533621,186982,9,Wed
643407982,31/01/2023,13:22:00,533621,186982,13,Tue
252416919,10/07/2022,21:00:00,533622,192006,21,Sun
823403402,16/12/2022,15:00:00,533627,188965,15,Fri
823402731,16/01/2023,18:09:00,533627,188965,18,Mon
822429822,07/09/2022,18:25:00,533627,188824,18,Wed
642423813,19/08/2022,14:30:00,533628,187441,14,Fri
643406804,11/02/2023,01:00:00,533630,182340,1,Sat
823407608,25/03/2023,16:30:00,533630,191609,16,Sat
822437842,30/12/2022,14:45:00,533631,189051,14,Fri
823409931,16/01/2023,16:55:00,533631,189051,16,Mon
823408213,03/02/2023,19:01:00,533631,189051,19,Fri
822416217,11/07/2022,23:10:00,533631,189051,23,Mon
243409400,01/01/2023,08:36:00,533633,181409,8,Sun
242422380,07/07/2022,13:20:00,533634,181820,13,Thu
242429088,18/09/2022,08:30:00,533635,182443,8,Sun
242432262,21/10/2022,22:30:00,533636,182128,22,Fri
822414117,11/07/2022,16:10:00,533637,189396,16,Mon
242423442,12/07/2022,23:30:00,533638,182398,23,Tue
242425437,05/09/2022,14:30:00,533638,182398,14,Mon
252437021,12/11/2022,21:48:00,533640,194679,21,Sat
832420134,04/08/2022,22:30:00,533640,168163,22,Thu
822415906,01/07/2022,07:01:00,533641,188434,7,Fri
823402540,05/01/2023,16:10:00,533641,189244,16,Thu
822420395,17/10/2022,16:37:00,533641,189244,16,Mon
242437666,25/11/2022,16:40:00,533641,183008,16,Fri
822427471,31/08/2022,18:30:00,533641,189244,18,Wed
642425622,10/08/2022,20:14:00,533641,187897,20,Wed
822420473,22/09/2022,21:00:00,533641,189244,21,Thu
822415919,03/08/2022,16:55:00,533645,188504,16,Wed
643407073,09/02/2023,22:00:00,533645,183568,22,Thu
823402221,14/01/2023,18:40:00,533649,188934,18,Sat
823405072,27/01/2023,14:00:00,533650,189353,14,Fri
642415539,12/07/2022,16:20:00,533650,186515,16,Tue
823401360,08/01/2023,18:00:00,533650,189353,18,Sun
822423250,18/08/2022,22:15:00,533650,189353,22,Thu
822433701,12/12/2022,14:30:00,533651,191355,14,Mon
822428451,31/08/2022,02:30:00,533652,188357,2,Wed
642439204,06/12/2022,16:50:00,533653,183202,16,Tue
642428852,14/08/2022,05:00:00,533654,183122,5,Sun
353404076,28/02/2023,15:00:00,533654,185041,15,Tue
643402431,13/01/2023,19:25:00,533654,183122,19,Fri
642434715,20/12/2022,19:25:00,533654,183569,19,Tue
832423566,26/08/2022,11:38:00,533658,170706,11,Fri
822430261,15/12/2022,17:50:00,533660,188559,17,Thu
823409602,23/01/2023,19:25:00,533660,188559,19,Mon
822411509,01/08/2022,23:15:00,533660,188559,23,Mon
252422274,06/09/2022,19:30:00,533662,198545,19,Tue
333408234,25/02/2023,22:00:00,533664,170639,22,Sat
643403412,25/01/2023,11:12:00,533666,184527,11,Wed
642428953,24/08/2022,10:43:00,533668,185396,10,Wed
642424296,29/09/2022,10:48:00,533672,184813,10,Thu
822421919,21/11/2022,13:00:00,533675,190096,13,Mon
642437365,27/12/2022,12:16:00,533677,186927,12,Tue
243401152,22/01/2023,15:30:00,533678,181846,15,Sun
642416959,14/07/2022,16:33:00,533680,186921,16,Thu
243400224,07/02/2023,09:58:00,533681,182655,9,Tue
642416228,01/07/2022,12:00:00,533683,182924,12,Fri
823401111,13/01/2023,16:30:00,533683,188621,16,Fri
642439035,21/12/2022,22:00:00,533683,183900,22,Wed
822413459,05/08/2022,08:40:00,533685,189672,8,Fri
642422168,14/10/2022,22:00:00,533686,187482,22,Fri
243406057,07/03/2023,19:30:00,533687,182932,19,Tue
243405923,27/01/2023,01:45:00,533688,182658,1,Fri
642427648,04/10/2022,20:00:00,533691,184565,20,Tue
642432223,29/11/2022,23:00:00,533692,183536,23,Tue
823407871,19/01/2023,17:20:00,533692,188682,17,Thu
642420023,19/08/2022,20:45:00,533692,185034,20,Fri
243401078,18/03/2023,11:15:00,533694,181959,11,Sat
243406339,22/03/2023,20:45:00,533694,181959,20,Wed
642414548,02/07/2022,21:30:00,533695,187749,21,Sat
643400103,02/02/2023,16:00:00,533697,187190,16,Thu
822421001,24/08/2022,17:10:00,533697,188774,17,Wed
822411886,09/07/2022,11:50:00,533702,189312,11,Sat
822429952,10/09/2022,17:00:00,533702,191298,17,Sat
642424063,24/08/2022,11:30:00,533703,187783,11,Wed
833408928,16/03/2023,00:01:00,533705,167361,0,Thu
642424301,28/07/2022,23:05:00,533706,183999,23,Thu
822426963,22/09/2022,15:00:00,533709,189045,15,Thu
822428073,22/09/2022,16:37:00,533709,189045,16,Thu
252435093,09/12/2022,17:40:00,533709,195430,17,Fri
822420708,09/11/2022,18:35:00,533709,189045,18,Wed
252434460,07/11/2022,22:54:00,533709,195430,22,Mon
832422749,21/09/2022,08:10:00,533710,167876,8,Wed
242439061,15/10/2022,05:23:00,533713,181840,5,Sat
822421098,13/11/2022,22:00:00,533713,188952,22,Sun
243403557,07/03/2023,20:00:00,533714,182570,20,Tue
823402612,24/01/2023,14:54:00,533715,188842,14,Tue
823401001,12/01/2023,17:40:00,533715,188842,17,Thu
822410309,01/08/2022,21:20:00,533715,188842,21,Mon
822417706,30/06/2022,22:50:00,533715,188842,22,Thu
822438410,01/12/2022,14:20:00,533716,189190,14,Thu
243402670,07/01/2023,19:00:00,533720,181688,19,Sat
822417538,25/07/2022,01:50:00,533722,190012,1,Mon
242430638,06/12/2022,16:50:00,533723,183292,16,Tue
823406612,24/01/2023,14:30:00,533724,189244,14,Tue
822429888,18/11/2022,17:41:00,533724,188570,17,Fri
832424769,23/09/2022,00:20:00,533726,166329,0,Fri
823400013,03/02/2023,16:18:00,533726,191384,16,Fri
643407854,19/02/2023,01:42:00,533731,185118,1,Sun
642422447,04/10/2022,15:55:00,533731,185943,15,Tue
822426924,29/09/2022,12:50:00,533733,188636,12,Thu
822416786,04/07/2022,16:00:00,533733,190242,16,Mon
822439810,02/12/2022,19:00:00,533733,190242,19,Fri
642425007,30/09/2022,13:15:00,533735,187824,13,Fri
243408116,22/02/2023,22:30:00,533737,182405,22,Wed
822425750,19/08/2022,22:00:00,533740,191652,22,Fri
822428224,28/09/2022,15:20:00,533741,191145,15,Wed
642438624,08/12/2022,02:00:00,533742,185030,2,Thu
823409283,10/02/2023,14:30:00,533746,188843,14,Fri
253402257,16/03/2023,19:00:00,533747,194079,19,Thu
643408182,31/01/2023,20:00:00,533754,183951,20,Tue
822427257,03/11/2022,20:50:00,533755,189262,20,Thu
822434102,24/12/2022,00:01:00,533756,189596,0,Sat
822420093,24/09/2022,17:00:00,533756,189596,17,Sat
823403051,17/01/2023,18:00:00,533756,188111,18,Tue
822417716,02/07/2022,00:01:00,533757,189923,0,Sat
252424706,22/09/2022,10:00:00,533757,192732,10,Thu
243401187,10/03/2023,19:30:00,533757,181471,19,Fri
822421828,07/11/2022,15:15:00,533758,190115,15,Mon
932414582,05/09/2022,22:00:00,533760,191516,22,Mon
243408916,24/02/2023,01:50:00,533766,181357,1,Fri
242427507,02/09/2022,18:20:00,533766,182605,18,Fri
243401771,15/01/2023,00:30:00,533769,182108,0,Sun
642428287,08/10/2022,18:30:00,533771,183889,18,Sat
822423342,09/09/2022,09:50:00,533772,189385,9,Fri
423406432,27/01/2023,12:02:00,533776,182563,12,Fri
822429756,21/10/2022,12:00:00,533777,189485,12,Fri
822435302,24/12/2022,04:00:00,533779,190380,4,Sat
823404203,02/02/2023,16:10:00,533780,191395,16,Thu
822428054,01/10/2022,17:53:00,533780,189907,17,Sat
642426748,14/10/2022,18:45:00,533782,184097,18,Fri
823408792,02/02/2023,01:20:00,533784,189935,1,Thu
253403208,18/03/2023,19:00:00,533785,196199,19,Sat
823408940,06/01/2023,20:49:00,533785,189981,20,Fri
642424675,16/09/2022,13:04:00,533787,183268,13,Fri
822423421,26/08/2022,09:15:00,533788,189994,9,Fri
822412116,27/06/2022,14:13:00,533788,189045,14,Mon
643404685,03/03/2023,16:50:00,533788,183269,16,Fri
642420816,20/09/2022,20:35:00,533788,183269,20,Tue
822415858,27/07/2022,22:25:00,533788,189994,22,Wed
252423103,11/08/2022,00:01:00,533789,191764,0,Thu
32435577,07/12/2022,10:00:00,533789,168424,10,Wed
823400634,17/02/2023,05:03:00,533795,190866,5,Fri
332424822,29/10/2022,14:45:00,533798,170694,14,Sat
333406050,08/01/2023,16:00:00,533798,170694,16,Sun
252418789,17/07/2022,12:55:00,533800,194566,12,Sun
822421924,26/08/2022,13:55:00,533802,188591,13,Fri
822423206,18/10/2022,18:53:00,533802,188591,18,Tue
823402387,20/03/2023,19:10:00,533802,188591,19,Mon
832432644,03/11/2022,16:30:00,533804,167996,16,Thu
642421111,29/07/2022,17:15:00,533804,183691,17,Fri
832439575,14/11/2022,22:30:00,533804,170064,22,Mon
822411827,12/07/2022,21:30:00,533809,191358,21,Tue
823405680,10/01/2023,18:05:00,533813,188594,18,Tue
243401570,07/01/2023,19:00:00,533813,181456,19,Sat
822421222,06/09/2022,22:35:00,533813,188594,22,Tue
252415289,17/07/2022,01:45:00,533814,191829,1,Sun
243402832,18/01/2023,19:20:00,533815,182367,19,Wed
833404826,01/03/2023,16:00:00,533816,167496,16,Wed
822415796,10/07/2022,16:52:00,533816,189258,16,Sun
642420600,19/07/2022,07:00:00,533818,187307,7,Tue
242439858,10/12/2022,01:30:00,533819,181345,1,Sat
242431066,26/11/2022,12:40:00,533819,182676,12,Sat
242422773,03/08/2022,21:10:00,533819,181345,21,Wed
822428160,20/08/2022,02:43:00,533820,191194,2,Sat
563400377,30/01/2023,15:20:00,533820,189857,15,Mon
242431220,02/10/2022,04:50:00,533822,182401,4,Sun
823404380,10/01/2023,21:25:00,533822,190405,21,Tue
823406403,03/02/2023,00:05:00,533823,189924,0,Fri
643400445,13/02/2023,13:00:00,533824,185086,13,Mon
252420561,04/08/2022,23:50:00,533824,195581,23,Thu
243406066,27/02/2023,22:00:00,533826,182794,22,Mon
642423739,23/10/2022,23:45:00,533826,185124,23,Sun
823408637,19/03/2023,06:50:00,533827,190091,6,Sun
822424057,03/11/2022,15:50:00,533827,190091,15,Thu
822421334,29/09/2022,16:45:00,533827,190091,16,Thu
822423234,29/09/2022,17:10:00,533827,190091,17,Thu
242434129,19/12/2022,19:45:00,533827,181398,19,Mon
643407364,19/02/2023,01:20:00,533828,183825,1,Sun
823400810,02/01/2023,08:00:00,533828,190054,8,Mon
823403203,02/02/2023,09:50:00,533828,190054,9,Thu
823406982,31/01/2023,14:00:00,533828,190054,14,Tue
822429473,22/09/2022,17:16:00,533828,190054,17,Thu
823406113,03/02/2023,20:20:00,533828,190054,20,Fri
333408006,22/03/2023,15:30:00,533829,170728,15,Wed
333403836,27/03/2023,17:15:00,533829,170728,17,Mon
643401708,26/03/2023,21:44:00,533829,183266,21,Sun
642428770,26/07/2022,22:29:00,533829,184456,22,Tue
642434171,13/11/2022,04:00:00,533830,184449,4,Sun
822416438,25/07/2022,15:20:00,533833,189954,15,Mon
243400943,01/02/2023,04:10:00,533834,183078,4,Wed
242425064,11/08/2022,12:00:00,533834,183587,12,Thu
642437900,30/10/2022,14:00:00,533837,187918,14,Sun
252436641,15/11/2022,18:00:00,533837,195290,18,Tue
822429040,15/08/2022,21:15:00,533837,189997,21,Mon
642438414,09/12/2022,09:00:00,533839,186337,9,Fri
822427220,15/08/2022,20:00:00,533839,190283,20,Mon
822418939,05/08/2022,21:50:00,533839,190283,21,Fri
833409768,24/03/2023,20:20:00,533840,166673,20,Fri
823403442,27/01/2023,15:30:00,533841,191354,15,Fri
823400941,17/01/2023,16:03:00,533842,191409,16,Tue
822418397,20/07/2022,15:00:00,533843,189762,15,Wed
822429722,07/09/2022,09:48:00,533846,189242,9,Wed
832431911,06/10/2022,10:58:00,533846,169827,10,Thu
833402870,06/01/2023,15:00:00,533846,169827,15,Fri
242428590,08/07/2022,17:21:00,533847,181212,17,Fri
642420352,12/08/2022,23:30:00,533848,185751,23,Fri
822421863,22/09/2022,13:24:00,533849,191322,13,Thu
822428144,30/09/2022,15:33:00,533849,191532,15,Fri
822433760,07/12/2022,19:20:00,533849,189028,19,Wed
823404190,11/01/2023,17:25:00,533853,189954,17,Wed
833407685,24/02/2023,15:20:00,533854,168178,15,Fri
643403825,25/02/2023,13:32:00,533856,188020,13,Sat
333408732,23/01/2023,19:30:00,533857,170389,19,Mon
823407081,21/01/2023,01:40:00,533858,191389,1,Sat
822423221,27/08/2022,03:30:00,533858,191389,3,Sat
242435128,09/12/2022,15:43:00,533858,181476,15,Fri
252425105,06/09/2022,19:22:00,533859,193823,19,Tue
252429565,17/09/2022,22:30:00,533860,191997,22,Sat
822428057,03/11/2022,15:40:00,533861,190157,15,Thu
822425759,25/11/2022,19:00:00,533861,190157,19,Fri
243409825,15/02/2023,20:50:00,533862,182381,20,Wed
642424196,28/09/2022,15:15:00,533863,183260,15,Wed
822428940,18/08/2022,17:45:00,533865,190234,17,Thu
643405540,06/01/2023,10:05:00,533866,185751,10,Fri
242433251,14/10/2022,02:00:00,533869,182266,2,Fri
252431770,09/11/2022,02:37:00,533871,192102,2,Wed
253409666,07/03/2023,19:00:00,533871,192102,19,Tue
643409566,08/03/2023,16:00:00,533873,188024,16,Wed
243401274,11/02/2023,09:45:00,533874,182592,9,Sat
643405732,27/01/2023,15:40:00,533875,184183,15,Fri
822429857,04/11/2022,00:50:00,533880,189975,0,Fri
252428106,22/09/2022,04:30:00,533883,193790,4,Thu
242423373,30/07/2022,23:00:00,533883,181402,23,Sat
643400942,28/01/2023,20:00:00,533884,183813,20,Sat
833404263,02/02/2023,08:05:00,533885,165789,8,Thu
242436242,21/10/2022,09:00:00,533885,181851,9,Fri
243407720,03/01/2023,17:30:00,533885,181851,17,Tue
242429570,06/07/2022,18:19:00,533886,182550,18,Wed
242439095,20/11/2022,15:45:00,533888,182121,15,Sun
823402643,07/02/2023,12:10:00,533889,190863,12,Tue
252429023,19/08/2022,20:00:00,533890,193868,20,Fri
252428824,02/09/2022,22:29:00,533891,191822,22,Fri
252438731,14/11/2022,23:35:00,533891,195512,23,Mon
332417743,01/07/2022,20:45:00,533892,170642,20,Fri
822419649,05/08/2022,13:21:00,533894,190348,13,Fri
823402322,24/01/2023,19:38:00,533897,190368,19,Tue
822439352,31/12/2022,09:45:00,533898,191563,9,Sat
253406785,01/03/2023,18:10:00,533898,192299,18,Wed
823407825,26/02/2023,11:26:00,533899,191607,11,Sun
253404000,31/12/2022,23:05:00,533900,191780,23,Sat
242426148,15/09/2022,09:20:00,533902,183066,9,Thu
832423062,21/07/2022,12:49:00,533903,168283,12,Thu
822413167,17/07/2022,00:15:00,533905,191409,0,Sun
823405145,21/02/2023,16:00:00,533905,191409,16,Tue
332422214,25/11/2022,15:30:00,533908,170249,15,Fri
242426574,12/08/2022,22:20:00,533908,182057,22,Fri
642439502,17/11/2022,21:00:00,533909,186042,21,Thu
833402975,25/02/2023,00:36:00,533913,168378,0,Sat
242439820,03/10/2022,02:50:00,533913,180965,2,Mon
243403360,06/01/2023,15:25:00,533914,182521,15,Fri
822425873,23/09/2022,16:00:00,533918,189803,16,Fri
822410829,01/08/2022,18:00:00,533919,189478,18,Mon
242430776,27/11/2022,17:00:00,533921,182127,17,Sun
243406163,01/02/2023,21:57:00,533921,182116,21,Wed
642434392,25/11/2022,15:15:00,533922,184394,15,Fri
823401233,05/02/2023,16:00:00,533924,189256,16,Sun
823400530,04/01/2023,00:32:00,533925,191136,0,Wed
242425412,18/07/2022,12:41:00,533925,182129,12,Mon
822424873,23/09/2022,17:40:00,533925,191136,17,Fri
242439971,16/10/2022,22:00:00,533925,182129,22,Sun
822412728,24/07/2022,23:30:00,533925,191136,23,Sun
642419258,04/07/2022,20:37:00,533926,184537,20,Mon
242422841,12/07/2022,22:35:00,533926,181321,22,Tue
823407248,26/03/2023,04:39:00,533927,190677,4,Sun
252425842,12/08/2022,12:35:00,533927,191875,12,Fri
642417538,02/07/2022,16:34:00,533927,183846,16,Sat
252420034,03/09/2022,03:00:00,533937,191958,3,Sat
242427222,16/07/2022,05:30:00,533938,180315,5,Sat
252435110,02/11/2022,10:30:00,533941,194478,10,Wed
243409645,17/02/2023,18:55:00,533941,181338,18,Fri
243403733,30/01/2023,20:15:00,533941,181663,20,Mon
822428623,18/09/2022,02:31:00,533942,191286,2,Sun
242427359,25/09/2022,13:00:00,533942,182291,13,Sun
643403921,13/01/2023,19:00:00,533942,183195,19,Fri
252427678,19/10/2022,09:15:00,533944,192670,9,Wed
822420368,16/11/2022,01:45:00,533946,191026,1,Wed
823407716,07/03/2023,15:45:00,533946,191026,15,Tue
822423785,15/10/2022,22:00:00,533946,191018,22,Sat
253408274,17/02/2023,06:00:00,533947,192694,6,Fri
242435738,11/12/2022,08:00:00,533947,181216,8,Sun
252413338,02/07/2022,11:30:00,533947,192694,11,Sat
252421935,14/09/2022,19:00:00,533947,192694,19,Wed
823405497,24/03/2023,20:27:00,533947,191455,20,Fri
643404037,18/03/2023,22:45:00,533948,186074,22,Sat
643409483,11/02/2023,22:30:00,533952,187095,22,Sat
823403045,21/02/2023,08:30:00,533953,188637,8,Tue
822421997,07/11/2022,21:15:00,533953,188637,21,Mon
252428572,17/08/2022,10:30:00,533956,195684,10,Wed
823408660,09/01/2023,04:40:00,533958,190564,4,Mon
832430084,06/11/2022,17:00:00,533959,168295,17,Sun
242425070,27/06/2022,23:20:00,533959,181270,23,Mon
823406810,03/01/2023,08:21:00,533960,191498,8,Tue
252421205,11/09/2022,18:17:00,533961,192856,18,Sun
822421629,22/11/2022,18:57:00,533962,191737,18,Tue
832427451,12/07/2022,16:05:00,533964,168575,16,Tue
642435121,06/11/2022,07:40:00,533965,184914,7,Sun
822433900,01/12/2022,16:40:00,533965,189069,16,Thu
242423441,10/07/2022,22:40:00,533966,181189,22,Sun
252423956,27/09/2022,13:56:00,533966,192952,13,Tue
643406906,06/03/2023,11:15:00,533969,187688,11,Mon
833401064,13/02/2023,14:45:00,533974,168429,14,Mon
242430621,11/10/2022,21:00:00,533974,181016,21,Tue
332420203,11/11/2022,02:45:00,533975,170313,2,Fri
332428105,08/12/2022,01:30:00,533977,170605,1,Thu
643408746,10/03/2023,19:00:00,533979,185765,19,Fri
243402172,24/01/2023,21:58:00,533979,182335,21,Tue
242420462,23/07/2022,19:17:00,533980,181456,19,Sat
832423025,14/08/2022,00:45:00,533982,168231,0,Sun
833404229,27/03/2023,21:00:00,533982,168231,21,Mon
642420170,25/07/2022,22:15:00,533982,183951,22,Mon
33401243,01/02/2023,19:50:00,533983,171187,19,Wed
333406591,27/01/2023,19:53:00,533983,171187,19,Fri
643408960,06/01/2023,22:30:00,533984,187082,22,Fri
832420958,13/09/2022,11:44:00,533987,162010,11,Tue
252422271,03/08/2022,13:00:00,533988,198086,13,Wed
833400803,30/01/2023,08:10:00,533991,168454,8,Mon
333400911,13/01/2023,17:15:00,533991,170533,17,Fri
822425895,18/10/2022,10:30:00,533994,191734,10,Tue
242424329,23/09/2022,01:25:00,533995,180816,1,Fri
642413409,09/07/2022,18:00:00,533996,186309,18,Sat
242439614,04/11/2022,19:30:00,533996,181580,19,Fri
252424091,08/08/2022,06:30:00,533998,191931,6,Mon
252421923,22/08/2022,11:00:00,533998,191931,11,Mon
832422142,20/07/2022,08:15:00,534001,164419,8,Wed
822413598,01/08/2022,00:01:00,534002,189943,0,Mon
822424104,22/09/2022,11:50:00,534003,189083,11,Thu
832424866,27/08/2022,16:10:00,534005,164850,16,Sat
232424475,11/10/2022,15:50:00,534006,171812,15,Tue
253406345,24/02/2023,19:15:00,534006,195889,19,Fri
242435627,01/12/2022,20:30:00,534006,182933,20,Thu
243405714,06/02/2023,19:00:00,534008,180823,19,Mon
253402643,03/02/2023,19:10:00,534009,195821,19,Fri
252434911,12/11/2022,17:04:00,534010,198001,17,Sat
332415863,01/06/2022,16:35:00,534013,171418,16,Wed
643400031,14/01/2023,20:30:00,534014,186174,20,Sat
242438263,27/10/2022,16:00:00,534016,183042,16,Thu
253402747,16/03/2023,15:00:00,534016,193346,15,Thu
252426613,21/08/2022,23:30:00,534017,191979,23,Sun
642437284,16/12/2022,17:37:00,534018,186344,17,Fri
243402951,14/01/2023,17:20:00,534022,181279,17,Sat
643406715,24/02/2023,18:20:00,534024,185104,18,Fri
642425750,24/07/2022,07:00:00,534025,186325,7,Sun
252429250,24/07/2022,19:10:00,534025,191884,19,Sun
242424331,11/07/2022,11:36:00,534026,180691,11,Mon
642426494,07/09/2022,12:15:00,534029,183197,12,Wed
642423654,03/09/2022,18:30:00,534029,183197,18,Sat
243405707,03/03/2023,14:10:00,534033,181479,14,Fri
242421573,02/08/2022,22:00:00,534033,181479,22,Tue
242430969,25/12/2022,02:30:00,534035,181116,2,Sun
252428497,10/10/2022,03:30:00,534039,198059,3,Mon
252429244,18/08/2022,13:49:00,534040,191827,13,Thu
253409153,04/02/2023,14:30:00,534043,196613,14,Sat
252422040,23/07/2022,00:51:00,534044,192907,0,Sat
832436968,08/12/2022,02:45:00,534045,168240,2,Thu
333406390,06/01/2023,09:15:00,534045,170414,9,Fri
333401440,07/01/2023,13:45:00,534045,170414,13,Sat
833409035,20/02/2023,14:45:00,534045,168240,14,Mon
643400866,12/03/2023,19:50:00,534045,183157,19,Sun
832439537,26/11/2022,19:30:00,534045,168240,19,Sat
243408362,19/01/2023,17:30:00,534046,181483,17,Thu
243400863,01/02/2023,18:20:00,534046,181483,18,Wed
242434884,11/11/2022,23:30:00,534046,181483,23,Fri
243413090,23/03/2023,16:00:00,534047,181483,16,Thu
242422543,30/07/2022,22:50:00,534049,181433,22,Sat
832435086,21/11/2022,18:50:00,534054,161387,18,Mon
252429125,09/09/2022,20:00:00,534054,195789,20,Fri
243403381,16/01/2023,21:30:00,534054,180761,21,Mon
252428875,19/09/2022,06:20:00,534056,192378,6,Mon
252435111,07/11/2022,16:05:00,534056,192378,16,Mon
232425602,02/09/2022,22:52:00,534056,171483,22,Fri
252427405,12/09/2022,03:20:00,534057,191963,3,Mon
252420605,09/09/2022,20:00:00,534057,192376,20,Fri
242428102,18/07/2022,18:13:00,534058,181707,18,Mon
242436716,17/11/2022,12:15:00,534059,183107,12,Thu
252411299,18/07/2022,01:00:00,534061,192206,1,Mon
642429375,16/09/2022,12:52:00,534061,183305,12,Fri
253408195,01/03/2023,21:49:00,534061,191961,21,Wed
253402513,31/01/2023,21:50:00,534061,192241,21,Tue
253404668,29/03/2023,08:00:00,534064,192243,8,Wed
822413856,06/07/2022,11:55:00,534064,190626,11,Wed
252432081,18/11/2022,20:30:00,534064,192243,20,Fri
643407796,16/03/2023,03:25:00,534065,183107,3,Thu
333409630,06/01/2023,09:00:00,534067,170227,9,Fri
642420108,09/10/2022,23:00:00,534067,183166,23,Sun
642428746,24/09/2022,17:18:00,534068,185758,17,Sat
643407621,14/01/2023,22:58:00,534068,185758,22,Sat
823401748,29/03/2023,12:20:00,534069,189794,12,Wed
252420628,14/10/2022,05:55:00,534071,192123,5,Fri
253401467,18/03/2023,12:40:00,534071,193404,12,Sat
832435259,21/12/2022,16:21:00,534072,169090,16,Wed
642416189,16/07/2022,19:40:00,534072,185510,19,Sat
823408480,10/01/2023,16:07:00,534072,189793,16,Tue
252434300,31/10/2022,22:30:00,534074,193968,22,Mon
822418268,28/07/2022,08:40:00,534077,188906,8,Thu
823407934,15/02/2023,15:00:00,534080,189103,15,Wed
242427531,11/07/2022,23:15:00,534081,180696,23,Mon
252423390,29/07/2022,00:01:00,534086,192335,0,Fri
252422690,29/07/2022,01:00:00,534086,192335,1,Fri
832436871,22/09/2022,00:01:00,534086,168521,0,Thu
822426301,24/08/2022,16:55:00,534087,189107,16,Wed
253407416,03/03/2023,19:40:00,534087,192348,19,Fri
642412009,09/07/2022,13:10:00,534088,185272,13,Sat
252439492,30/11/2022,13:15:00,534089,192708,13,Wed
253402654,15/02/2023,21:08:00,534089,197796,21,Wed
252427762,14/08/2022,19:00:00,534091,196070,19,Sun
242432841,09/10/2022,01:25:00,534097,181346,1,Sun
252420413,21/08/2022,15:55:00,534098,196340,15,Sun
822433950,06/12/2022,16:30:00,534099,191669,16,Tue
832435336,20/11/2022,16:58:00,534100,168218,16,Sun
253405975,01/03/2023,04:45:00,534102,192137,4,Wed
252439222,23/11/2022,08:55:00,534102,192137,8,Wed
252434972,21/11/2022,12:00:00,534102,192137,12,Mon
252426568,18/10/2022,13:30:00,534103,194037,13,Tue
252433960,08/11/2022,09:00:00,534104,196193,9,Tue
243400982,26/01/2023,12:40:00,534108,183013,12,Thu
253401696,11/03/2023,00:30:00,534109,192156,0,Sat
252433365,31/12/2022,00:55:00,534109,192156,0,Sat
253402053,04/02/2023,11:04:00,534109,192156,11,Sat
252423706,21/09/2022,17:55:00,534109,192156,17,Wed
252425649,24/10/2022,22:30:00,534109,192156,22,Mon
643401910,03/01/2023,09:20:00,534111,184978,9,Tue
252431550,07/11/2022,00:30:00,534112,192193,0,Mon
252424826,24/09/2022,16:00:00,534112,192193,16,Sat
252434454,17/12/2022,20:15:00,534112,192193,20,Sat
252426997,26/09/2022,12:00:00,534113,196432,12,Mon
332429036,27/12/2022,14:07:00,534114,170575,14,Tue
252433081,18/11/2022,20:41:00,534114,192173,20,Fri
832428665,18/08/2022,13:05:00,534115,167243,13,Thu
242423444,09/08/2022,22:58:00,534117,181275,22,Tue
332415815,23/07/2022,11:00:00,534120,170557,11,Sat
242432532,21/10/2022,11:30:00,534120,182456,11,Fri
332428363,17/11/2022,16:40:00,534120,170557,16,Thu
822423281,02/09/2022,16:50:00,534122,189455,16,Fri
822427136,21/10/2022,23:00:00,534122,189455,23,Fri
822416938,25/07/2022,21:45:00,534123,189218,21,Mon
253405305,21/02/2023,01:15:00,534124,192327,1,Tue
242426387,08/09/2022,01:50:00,534124,181554,1,Thu
242441900,29/12/2022,21:30:00,534124,181554,21,Thu
822422876,27/10/2022,01:15:00,534126,190712,1,Thu
423401881,22/01/2023,20:50:00,534127,181349,20,Sun
832420419,18/09/2022,02:30:00,534128,166141,2,Sun
243402626,22/02/2023,20:30:00,534130,181557,20,Wed
252424548,16/10/2022,04:00:00,534131,192089,4,Sun
642435783,06/12/2022,16:09:00,534131,185590,16,Tue
822423602,05/09/2022,16:20:00,534132,189423,16,Mon
823400292,01/02/2023,14:35:00,534133,190507,14,Wed
832436134,02/11/2022,18:00:00,534135,168424,18,Wed
823409323,04/02/2023,19:14:00,534136,189523,19,Sat
642422599,29/10/2022,13:50:00,534137,184909,13,Sat
642422888,18/10/2022,20:15:00,534137,184909,20,Tue
242432598,12/12/2022,21:00:00,534138,181007,21,Mon
253404191,19/01/2023,13:00:00,534142,192879,13,Thu
253404742,25/01/2023,13:10:00,534142,192879,13,Wed
242429477,09/09/2022,13:25:00,534143,182999,13,Fri
253409477,19/03/2023,23:45:00,534147,192763,23,Sun
822410278,29/07/2022,11:30:00,534149,189909,11,Fri
822432230,03/12/2022,23:00:00,534150,189334,23,Sat
832425480,06/07/2022,23:46:00,534152,167072,23,Wed
823405612,24/01/2023,14:40:00,534153,188580,14,Tue
823402001,12/01/2023,15:58:00,534153,188580,15,Thu
643406358,31/03/2023,08:15:00,534154,187520,8,Fri
253403423,01/02/2023,14:00:00,534163,195689,14,Wed
832422290,06/07/2022,22:15:00,534163,167043,22,Wed
642419968,06/07/2022,15:35:00,534164,186025,15,Wed
643405572,30/01/2023,16:20:00,534169,185858,16,Mon
832432370,01/10/2022,20:30:00,534169,161009,20,Sat
642423307,30/09/2022,14:50:00,534170,186593,14,Fri
242427990,08/07/2022,18:30:00,534170,182120,18,Fri
643403580,10/01/2023,16:00:00,534171,183693,16,Tue
823405887,23/03/2023,07:20:00,534172,188515,7,Thu
822413146,04/07/2022,15:20:00,534172,190220,15,Mon
822422281,02/09/2022,16:51:00,534172,189721,16,Fri
242430594,11/11/2022,03:00:00,534173,182613,3,Fri
243401365,17/02/2023,23:00:00,534173,181235,23,Fri
252425225,10/09/2022,11:00:00,534175,192437,11,Sat
822423216,19/10/2022,15:45:00,534175,189579,15,Wed
642432773,05/12/2022,19:25:00,534179,185589,19,Mon
822410226,01/07/2022,23:30:00,534182,189757,23,Fri
642420437,03/10/2022,19:55:00,534184,185564,19,Mon
242423346,27/08/2022,11:15:00,534186,181398,11,Sat
832436933,25/10/2022,13:55:00,534186,168354,13,Tue
833405477,15/03/2023,23:30:00,534186,168354,23,Wed
822420890,24/08/2022,10:15:00,534187,188992,10,Wed
832436336,20/11/2022,15:30:00,534188,160958,15,Sun
252422882,16/08/2022,16:30:00,534189,192928,16,Tue
642425764,04/09/2022,17:15:00,534190,185868,17,Sun
252426321,01/08/2022,13:20:00,534191,196269,13,Mon
823408910,02/01/2023,23:00:00,534191,190193,23,Mon
822429695,17/10/2022,20:45:00,534192,189484,20,Mon
252412249,13/07/2022,01:35:00,534196,199652,1,Wed
833404044,11/02/2023,17:50:00,534198,166791,17,Sat
833403203,29/01/2023,18:00:00,534198,167807,18,Sun
822424550,19/08/2022,18:28:00,534199,190578,18,Fri
822415266,06/07/2022,17:00:00,534200,189700,17,Wed
642426655,13/09/2022,23:40:00,534200,183229,23,Tue
642438582,26/11/2022,12:14:00,534204,185467,12,Sat
822422052,09/09/2022,22:50:00,534206,189698,22,Fri
642421653,21/08/2022,22:00:00,534208,185291,22,Sun
833404716,28/02/2023,22:30:00,534208,169222,22,Tue
832422383,02/08/2022,03:40:00,534209,165974,3,Tue
252420320,21/07/2022,12:00:00,534209,194222,12,Thu
643404925,25/02/2023,23:40:00,534211,186096,23,Sat
822429699,29/11/2022,15:15:00,534216,190445,15,Tue
833405588,26/03/2023,15:15:00,534217,166657,15,Sun
332423654,28/11/2022,17:20:00,534218,170802,17,Mon
333400422,31/01/2023,19:00:00,534218,170802,19,Tue
333409205,09/03/2023,20:00:00,534218,170802,20,Thu
833401858,17/03/2023,15:57:00,534219,166482,15,Fri
252429079,29/10/2022,20:00:00,534220,196005,20,Sat
242433868,14/12/2022,08:40:00,534223,182345,8,Wed
332426656,26/12/2022,14:15:00,534223,170832,14,Mon
332416493,02/07/2022,14:30:00,534223,170832,14,Sat
332415643,01/07/2022,15:00:00,534223,170832,15,Fri
332413553,02/07/2022,16:15:00,534223,170832,16,Sat
332418053,01/07/2022,16:30:00,534223,170832,16,Fri
332425593,18/11/2022,16:45:00,534223,170832,16,Fri
332413053,01/07/2022,17:00:00,534223,170832,17,Fri
332416953,02/07/2022,17:30:00,534223,170832,17,Sat
333407262,05/02/2023,18:50:00,534223,170832,18,Sun
333402303,10/02/2023,19:30:00,534223,170832,19,Fri
332423195,20/12/2022,19:50:00,534223,170832,19,Tue
333411641,03/03/2023,19:52:00,534223,170832,19,Fri
332423236,27/12/2022,20:23:00,534223,170832,20,Tue
333406075,18/03/2023,20:30:00,534223,170832,20,Sat
253407164,16/02/2023,12:51:00,534227,198292,12,Thu
822421145,11/10/2022,19:00:00,534229,188969,19,Tue
822436860,29/11/2022,09:02:00,534231,190132,9,Tue
642426757,25/09/2022,14:00:00,534231,185123,14,Sun
823408731,15/01/2023,15:31:00,534231,189523,15,Sun
242439884,11/11/2022,16:00:00,534232,181184,16,Fri
643409962,30/01/2023,16:25:00,534233,185524,16,Mon
253408353,02/02/2023,13:40:00,534240,195624,13,Thu
253407748,27/03/2023,18:00:00,534240,194397,18,Mon
822426315,08/10/2022,00:10:00,534241,191676,0,Sat
822422217,30/10/2022,11:45:00,534241,188932,11,Sun
822424327,31/10/2022,19:27:00,534241,189934,19,Mon
643405552,29/01/2023,11:50:00,534242,185856,11,Sun
252424308,11/10/2022,19:50:00,534242,192920,19,Tue
643406390,10/01/2023,15:15:00,534243,183445,15,Tue
243406420,01/01/2023,06:00:00,534244,181450,6,Sun
642427428,11/10/2022,17:30:00,534245,184457,17,Tue
252435583,09/12/2022,17:30:00,534246,193140,17,Fri
242434739,15/12/2022,12:00:00,534248,181586,12,Thu
832426789,24/09/2022,16:45:00,534249,167541,16,Sat
253401654,15/02/2023,14:00:00,534250,196368,14,Wed
253406184,15/02/2023,14:00:00,534250,196368,14,Wed
252427603,20/08/2022,15:30:00,534250,196368,15,Sat
823408258,30/03/2023,15:30:00,534251,191046,15,Thu
252431683,07/12/2022,22:30:00,534251,194382,22,Wed
242425578,18/09/2022,19:30:00,534253,181031,19,Sun
252420930,22/07/2022,00:01:00,534254,195690,0,Fri
252423978,12/10/2022,16:00:00,534255,192667,16,Wed
833401963,04/02/2023,21:10:00,534257,168707,21,Sat
833403964,13/02/2023,13:00:00,534261,166397,13,Mon
643409537,19/03/2023,20:30:00,534262,186094,20,Sun
822424567,02/11/2022,17:00:00,534264,190952,17,Wed
832439786,21/11/2022,18:55:00,534266,160650,18,Mon
823408392,01/02/2023,20:00:00,534266,189419,20,Wed
832433402,14/10/2022,00:47:00,534267,168517,0,Fri
242430487,06/12/2022,11:37:00,534267,182613,11,Tue
242430223,27/10/2022,16:00:00,534272,181637,16,Thu
252420784,17/08/2022,08:00:00,534273,193590,8,Wed
822433361,06/12/2022,18:00:00,534276,189425,18,Tue
822421075,14/10/2022,20:15:00,534276,190277,20,Fri
242423067,02/09/2022,07:00:00,534279,181643,7,Fri
252428190,28/07/2022,15:00:00,534281,197309,15,Thu
822420920,11/08/2022,20:30:00,534283,188628,20,Thu
823401354,18/02/2023,20:45:00,534285,191617,20,Sat
252420543,24/08/2022,23:04:00,534285,193616,23,Wed
252436902,22/11/2022,05:40:00,534287,193056,5,Tue
832434260,28/09/2022,20:23:00,534288,168447,20,Wed
822429240,17/08/2022,07:30:00,534289,190022,7,Wed
822414816,01/07/2022,16:45:00,534289,190022,16,Fri
822428226,17/10/2022,17:13:00,534289,190022,17,Mon
822422686,27/10/2022,17:17:00,534289,190022,17,Thu
822428827,30/10/2022,19:00:00,534289,190022,19,Sun
822428220,15/08/2022,21:41:00,534289,190022,21,Mon
642423226,22/09/2022,01:25:00,534293,183541,1,Thu
243400279,25/03/2023,19:30:00,534293,181595,19,Sat
822411278,25/07/2022,18:00:00,534293,190953,18,Mon
243407052,22/01/2023,18:50:00,534294,181298,18,Sun
642428665,15/09/2022,15:55:00,534295,184554,15,Thu
642432664,14/12/2022,19:50:00,534295,185260,19,Wed
822426979,10/11/2022,14:00:00,534298,191347,14,Thu
823405977,19/03/2023,18:17:00,534298,189558,18,Sun
822412266,06/07/2022,18:40:00,534298,189558,18,Wed
242429171,15/07/2022,21:00:00,534302,181339,21,Fri
253402537,15/03/2023,19:30:00,534303,193974,19,Wed
642423870,26/07/2022,23:30:00,534306,184986,23,Tue
642424479,27/10/2022,18:00:00,534318,187898,18,Thu
252424730,22/07/2022,17:25:00,534321,193272,17,Fri
413404400,02/01/2023,05:45:00,534322,189455,5,Mon
822429485,16/10/2022,09:30:00,534322,190140,9,Sun
643404987,24/03/2023,18:55:00,534322,186417,18,Fri
242429864,12/08/2022,10:30:00,534325,182314,10,Fri
823407051,17/01/2023,16:23:00,534325,191424,16,Tue
642434664,14/12/2022,20:00:00,534325,185110,20,Wed
243401383,03/02/2023,07:40:00,534329,182177,7,Fri
243408799,28/03/2023,12:56:00,534330,181729,12,Tue
253407876,08/03/2023,17:00:00,534330,197443,17,Wed
333408563,19/02/2023,18:45:00,534330,170992,18,Sun
332419543,01/07/2022,21:00:00,534330,170992,21,Fri
822426724,29/09/2022,10:15:00,534331,191726,10,Thu
642420818,11/10/2022,20:25:00,534332,183537,20,Tue
832439260,30/09/2022,16:00:00,534333,168607,16,Fri
243404405,14/02/2023,04:55:00,534335,182231,4,Tue
822437142,29/12/2022,18:00:00,534335,191425,18,Thu
643405652,29/01/2023,11:35:00,534344,186406,11,Sun
332421844,30/11/2022,16:40:00,534344,170050,16,Wed
243408877,10/03/2023,13:50:00,534345,181543,13,Fri
832431399,18/12/2022,15:05:00,534345,168692,15,Sun
252433683,09/12/2022,17:30:00,534345,199689,17,Fri
242421369,26/09/2022,21:30:00,534351,182179,21,Mon
823408391,21/01/2023,23:30:00,534355,189590,23,Sat
253405580,09/01/2023,16:30:00,534357,192467,16,Mon
823409696,15/03/2023,18:21:00,534357,188378,18,Wed
642425766,26/09/2022,15:34:00,534358,187757,15,Mon
722416386,12/07/2022,16:00:00,534358,189509,16,Tue
822421963,22/09/2022,17:15:00,534358,189509,17,Thu
642410279,15/07/2022,17:30:00,534358,187757,17,Fri
242439670,05/10/2022,01:30:00,534359,181640,1,Wed
242434966,24/11/2022,04:30:00,534359,181983,4,Thu
332425726,22/12/2022,09:20:00,534362,170469,9,Thu
332428602,28/10/2022,14:00:00,534362,170469,14,Fri
332426614,26/11/2022,16:45:00,534362,170469,16,Sat
332415743,01/07/2022,19:00:00,534362,170469,19,Fri
642427548,14/10/2022,18:30:00,534363,186199,18,Fri
242437784,11/11/2022,13:00:00,534365,181275,13,Fri
243401181,16/01/2023,14:20:00,534365,181298,14,Mon
832432732,16/10/2022,23:30:00,534370,167977,23,Sun
253404553,04/02/2023,22:20:00,534371,198134,22,Sat
253402583,04/02/2023,22:00:00,534371,198134,22,Sat
642424894,07/09/2022,23:30:00,534372,185012,23,Wed
833405926,28/02/2023,15:30:00,534378,167571,15,Tue
242429060,04/07/2022,16:17:00,534378,182772,16,Mon
643403461,19/01/2023,17:27:00,534384,186573,17,Thu
832436748,08/12/2022,08:35:00,534386,166727,8,Thu
833408314,08/02/2023,16:20:00,534387,166839,16,Wed
823404676,13/03/2023,14:15:00,534391,188303,14,Mon
253404351,16/01/2023,00:52:00,534395,196373,0,Mon
253416080,01/03/2023,12:00:00,534395,196374,12,Wed
832421407,31/08/2022,02:00:00,534396,168936,2,Wed
642436690,07/11/2022,17:30:00,534397,187971,17,Mon
643408493,12/02/2023,19:00:00,534397,183703,19,Sun
643402042,26/01/2023,19:30:00,534398,183521,19,Thu
643401060,07/01/2023,11:00:00,534400,187312,11,Sat
642420738,13/10/2022,16:35:00,534400,183900,16,Thu
643408693,12/02/2023,20:55:00,534407,183477,20,Sun
642426471,12/07/2022,00:01:00,534409,186304,0,Tue
822427224,28/09/2022,17:50:00,534409,188784,17,Wed
943404943,18/02/2023,20:29:00,534409,188784,20,Sat
642422787,06/10/2022,14:05:00,534410,186557,14,Thu
822419146,02/06/2022,21:00:00,534410,189708,21,Thu
252427777,09/10/2022,15:00:00,534411,194718,15,Sun
252436732,24/11/2022,17:13:00,534412,195371,17,Thu
243403286,01/03/2023,19:20:00,534414,182134,19,Wed
243406165,19/02/2023,07:20:00,534416,182173,7,Sun
823402497,16/03/2023,13:00:00,534417,189354,13,Thu
643409943,07/02/2023,21:25:00,534417,187690,21,Tue
822420043,15/09/2022,11:03:00,534418,189411,11,Thu
822426637,21/10/2022,14:00:00,534418,189411,14,Fri
823402311,13/01/2023,15:00:00,534418,189411,15,Fri
643404713,03/02/2023,16:30:00,534418,185400,16,Fri
253409713,31/01/2023,18:28:00,534419,199744,18,Tue
822428586,27/10/2022,20:30:00,534419,190233,20,Thu
822435530,04/12/2022,15:30:00,534422,189436,15,Sun
252411859,14/07/2022,12:45:00,534423,197525,12,Thu
252431175,31/12/2022,03:00:00,534424,193300,3,Sat
252422466,28/09/2022,11:50:00,534424,193300,11,Wed
253406972,28/01/2023,13:10:00,534424,193300,13,Sat
243401674,11/02/2023,22:10:00,534424,182744,22,Sat
242427249,24/09/2022,20:10:00,534435,183673,20,Sat
252427595,21/09/2022,11:00:00,534436,193780,11,Wed
252437194,20/12/2022,17:25:00,534436,193692,17,Tue
242426011,09/07/2022,23:15:00,534436,181271,23,Sat
242432522,20/10/2022,11:34:00,534441,181678,11,Thu
243404533,30/01/2023,18:20:00,534441,181678,18,Mon
822428558,11/11/2022,18:30:00,534441,190109,18,Fri
252424349,25/10/2022,20:21:00,534442,190236,20,Tue
642425797,09/10/2022,20:10:00,534442,186642,20,Sun
253405425,22/02/2023,20:45:00,534442,192458,20,Wed
243400681,17/01/2023,06:00:00,534444,181168,6,Tue
643401155,27/02/2023,19:10:00,534444,186320,19,Mon
832439015,09/11/2022,17:00:00,534449,165645,17,Wed
642420210,20/07/2022,11:45:00,534453,186354,11,Wed
642428331,01/08/2022,12:20:00,534453,184467,12,Mon
642415759,14/07/2022,14:00:00,534453,188182,14,Thu
822429257,03/11/2022,15:10:00,534454,191272,15,Thu
823408485,03/03/2023,18:50:00,534454,189524,18,Fri
333407491,27/01/2023,19:00:00,534454,170658,19,Fri
333405161,23/01/2023,19:20:00,534454,170658,19,Mon
332416063,02/07/2022,18:55:00,534454,170658,18,Sat
333406132,01/02/2023,20:05:00,534454,170658,20,Wed
252411539,12/07/2022,07:55:00,534457,194278,7,Tue
253400875,28/02/2023,17:50:00,534457,193608,17,Tue
253408354,15/02/2023,18:00:00,534457,193608,18,Wed
253409623,01/02/2023,18:00:00,534457,193375,18,Wed
832420789,25/09/2022,00:15:00,534459,168141,0,Sun
642439701,08/11/2022,18:50:00,534460,186151,18,Tue
252422167,07/10/2022,15:41:00,534469,193575,15,Fri
822435412,26/12/2022,17:44:00,534470,191218,17,Mon
642433563,03/12/2022,14:30:00,534473,183673,14,Sat
252414748,03/07/2022,23:20:00,534473,193678,23,Sun
642413859,07/07/2022,10:00:00,534474,187451,10,Thu
822410639,04/08/2022,00:25:00,534475,189477,0,Thu
822429455,13/10/2022,07:47:00,534475,189895,7,Thu
822423417,10/10/2022,13:00:00,534475,189477,13,Mon
332414553,02/07/2022,14:43:00,534475,170872,14,Sat
332412973,03/07/2022,15:50:00,534475,170872,15,Sun
822421608,09/11/2022,17:00:00,534475,189477,17,Wed
822420038,12/11/2022,17:45:00,534475,189477,17,Sat
333400491,27/01/2023,18:00:00,534475,170872,18,Fri
332419104,03/07/2022,18:30:00,534475,170872,18,Sun
822424555,06/10/2022,19:25:00,534475,189895,19,Thu
332416373,01/07/2022,19:30:00,534475,170872,19,Fri
332414983,03/07/2022,18:00:00,534475,170872,18,Sun
32412869,01/07/2022,20:42:00,534475,170872,20,Fri
243401989,27/03/2023,23:25:00,534476,180082,23,Mon
243407306,22/02/2023,15:00:00,534480,181846,15,Wed
423409961,16/01/2023,18:40:00,534480,187722,18,Mon
642439873,05/12/2022,19:00:00,534481,183655,19,Mon
242420077,09/09/2022,05:37:00,534484,183289,5,Fri
242432514,13/10/2022,23:50:00,534485,181153,23,Thu
243408448,27/02/2023,19:00:00,534485,181760,19,Mon
242421091,17/07/2022,13:50:00,534486,182341,13,Sun
242436723,28/10/2022,22:40:00,534486,181964,22,Fri
243400988,20/03/2023,00:15:00,534488,181818,0,Mon
252422617,03/09/2022,13:30:00,534490,193365,13,Sat
643405386,13/03/2023,18:20:00,534490,184486,18,Mon
832433265,14/11/2022,13:32:00,534494,166554,13,Mon
832426597,07/09/2022,18:15:00,534494,166554,18,Wed
252419768,05/07/2022,22:00:00,534496,193415,22,Tue
243402066,27/02/2023,13:00:00,534498,181648,13,Mon
243406743,31/01/2023,16:10:00,534498,181602,16,Tue
642435240,02/11/2022,15:09:00,534505,186115,15,Wed
253402908,22/03/2023,16:55:00,534505,196500,16,Wed
242437940,04/10/2022,21:00:00,534507,183432,21,Tue
642428544,01/09/2022,11:00:00,534509,183814,11,Thu
643408227,17/03/2023,21:15:00,534509,186378,21,Fri
833406516,28/02/2023,14:00:00,534512,168006,14,Tue
332426806,23/12/2022,10:10:00,534513,171279,10,Fri
822420746,19/10/2022,12:15:00,534514,191088,12,Wed
253416011,23/03/2023,00:23:00,534516,193494,0,Thu
643400004,13/02/2023,09:30:00,534518,185691,9,Mon
643409283,11/02/2023,15:30:00,534518,185691,15,Sat
643409072,30/01/2023,16:30:00,534518,185691,16,Mon
642437643,02/12/2022,16:35:00,534518,185691,16,Fri
643407220,03/01/2023,17:05:00,534518,185691,17,Tue
642431764,14/12/2022,22:00:00,534519,186190,22,Wed
642424912,09/08/2022,23:18:00,534519,184419,23,Tue
252420278,18/10/2022,17:15:00,534521,198451,17,Tue
643400481,21/01/2023,17:20:00,534524,184493,17,Sat
833408716,28/02/2023,15:30:00,534525,166477,15,Tue
833407875,24/02/2023,17:50:00,534525,168083,17,Fri
242432859,23/12/2022,18:30:00,534525,182439,18,Fri
242421115,16/08/2022,11:00:00,534526,183231,11,Tue
642433641,10/11/2022,14:00:00,534526,184383,14,Thu
643409634,16/02/2023,19:15:00,534526,184383,19,Thu
243405505,11/02/2023,02:00:00,534528,181285,2,Sat
252421206,22/09/2022,04:30:00,534528,193074,4,Thu
243405498,19/03/2023,14:11:00,534528,181770,14,Sun
252428754,03/09/2022,20:45:00,534528,193074,20,Sat
253406580,09/01/2023,16:35:00,534529,192793,16,Mon
822417507,09/07/2022,02:16:00,534531,191619,2,Sat
642427325,10/09/2022,16:50:00,534534,183806,16,Sat
822429560,20/08/2022,09:40:00,534535,189803,9,Sat
242426345,19/08/2022,02:00:00,534536,181341,2,Fri
242420391,18/07/2022,04:20:00,534537,181261,4,Mon
253407095,01/03/2023,19:00:00,534540,192390,19,Wed
832422177,04/09/2022,15:39:00,534545,167722,15,Sun
643400535,25/02/2023,18:00:00,534546,183764,18,Sat
252423441,03/08/2022,13:30:00,534547,193488,13,Wed
642435965,28/12/2022,14:00:00,534548,187166,14,Wed
232418179,09/08/2022,19:40:00,534548,171856,19,Tue
642421233,21/08/2022,10:00:00,534550,187553,10,Sun
643405305,22/02/2023,15:50:00,534555,184850,15,Wed
252431264,18/12/2022,22:25:00,534555,193802,22,Sun
823408661,18/01/2023,16:00:00,534557,190192,16,Wed
642429999,29/10/2022,00:10:00,534559,185294,0,Sat
243403144,08/02/2023,02:00:00,534559,181229,2,Wed
253409846,07/03/2023,02:30:00,534559,193492,2,Tue
642429997,09/10/2022,04:56:00,534559,185294,4,Sun
643403488,31/03/2023,22:00:00,534561,187367,22,Fri
253404446,06/03/2023,17:00:00,534565,193595,17,Mon
252426506,22/09/2022,09:45:00,534567,193800,9,Thu
822423818,11/11/2022,13:00:00,534568,191728,13,Fri
642424788,17/10/2022,03:00:00,534568,185541,3,Mon
822424247,02/11/2022,19:15:00,534568,191728,19,Wed
243407695,22/02/2023,00:11:00,534569,182691,0,Wed
823402753,21/01/2023,17:00:00,534575,190270,17,Sat
252424369,28/10/2022,22:00:00,534575,193388,22,Fri
252421025,13/09/2022,12:20:00,534580,193691,12,Tue
253405758,28/03/2023,18:20:00,534583,193681,18,Tue
642434440,02/11/2022,18:00:00,534585,187095,18,Wed
642432501,08/11/2022,16:00:00,534587,187857,16,Tue
642426652,13/08/2022,22:50:00,534589,185076,22,Sat
252421707,29/09/2022,20:00:00,534590,193525,20,Thu
243408055,17/02/2023,21:34:00,534591,182952,21,Fri
642431885,30/12/2022,19:00:00,534595,187825,19,Fri
242439176,27/11/2022,11:30:00,534596,182954,11,Sun
643407416,06/03/2023,17:35:00,534596,187825,17,Mon
252421607,01/10/2022,21:50:00,534597,198038,21,Sat
822428762,07/09/2022,14:40:00,534599,191523,14,Wed
243401585,21/02/2023,05:00:00,534602,181085,5,Tue
332416663,03/07/2022,21:30:00,534602,170442,21,Sun
242421395,22/08/2022,22:00:00,534602,181803,22,Mon
243412930,31/03/2023,04:00:00,534613,180693,4,Fri
243406458,12/03/2023,07:00:00,534613,180693,7,Sun
253405128,24/03/2023,14:11:00,534613,198041,14,Fri
823408054,18/02/2023,16:00:00,534615,189342,16,Sat
643406845,28/02/2023,03:23:00,534618,186701,3,Tue
252422635,15/09/2022,01:20:00,534619,193978,1,Thu
642424272,15/08/2022,02:00:00,534620,186774,2,Mon
643407850,07/01/2023,03:05:00,534620,186774,3,Sat
642425738,13/10/2022,16:10:00,534620,186774,16,Thu
243405208,12/03/2023,16:10:00,534620,186774,16,Sun
642433091,16/11/2022,16:20:00,534620,186774,16,Wed
822428108,09/11/2022,13:45:00,534621,189507,13,Wed
243408268,15/03/2023,23:00:00,534621,180976,23,Wed
822420898,19/11/2022,18:00:00,534623,190240,18,Sat
642428047,03/10/2022,22:06:00,534627,186828,22,Mon
823407861,19/01/2023,20:10:00,534628,189003,20,Thu
643400813,04/02/2023,15:16:00,534629,185541,15,Sat
643409151,16/01/2023,19:10:00,534629,185541,19,Mon
643405696,15/03/2023,20:45:00,534629,185541,20,Wed
643404696,15/03/2023,20:45:00,534629,185541,20,Wed
243405074,11/02/2023,08:45:00,534632,182687,8,Sat
243401746,26/02/2023,16:30:00,534632,181810,16,Sun
822426324,28/09/2022,19:00:00,534633,188883,19,Wed
242438569,24/12/2022,15:31:00,534636,182276,15,Sat
243401482,25/01/2023,18:30:00,534636,182276,18,Wed
253409205,19/02/2023,19:40:00,534642,194735,19,Sun
243403775,20/02/2023,14:14:00,534644,181409,14,Mon
642422024,30/08/2022,21:50:00,534649,183546,21,Tue
242433301,09/10/2022,23:07:00,534651,183003,23,Sun
822426424,28/09/2022,18:00:00,534654,189225,18,Wed
243405605,11/02/2023,12:00:00,534655,181655,12,Sat
822417068,27/07/2022,00:01:00,534658,189509,0,Wed
822423730,16/08/2022,19:15:00,534658,189183,19,Tue
822426289,29/11/2022,00:01:00,534662,189331,0,Tue
642430002,17/11/2022,11:00:00,534662,187245,11,Thu
643411156,01/03/2023,00:01:00,534662,186707,0,Wed
332415054,14/07/2022,16:45:00,534663,169540,16,Thu
642420447,04/10/2022,19:00:00,534665,187053,19,Tue
642425602,08/08/2022,03:00:00,534666,186774,3,Mon
242433012,28/09/2022,09:00:00,534666,181897,9,Wed
253403997,22/03/2023,12:50:00,534666,193917,12,Wed
242426257,31/08/2022,13:20:00,534666,181897,13,Wed
243400073,31/01/2023,16:20:00,534666,181897,16,Tue
243409220,31/12/2022,18:30:00,534666,181897,18,Sat
242430918,01/12/2022,19:00:00,534666,181897,19,Thu
642420268,15/10/2022,11:55:00,534668,187176,11,Sat
243404495,21/02/2023,16:30:00,534669,180932,16,Tue
642433862,24/11/2022,14:00:00,534670,186574,14,Thu
642433823,30/11/2022,19:10:00,534670,187809,19,Wed
822421185,14/10/2022,19:30:00,534671,189858,19,Fri
243405795,21/02/2023,23:40:00,534672,182785,23,Tue
243402159,24/03/2023,18:30:00,534676,182726,18,Fri
243402568,15/03/2023,19:00:00,534676,182726,19,Wed
242430611,10/10/2022,22:30:00,534681,182198,22,Mon
822427262,11/09/2022,14:00:00,534686,191738,14,Sun
243402763,02/02/2023,11:15:00,534689,181759,11,Thu
243403714,06/02/2023,16:00:00,534689,181759,16,Mon
242421491,18/07/2022,11:00:00,534695,182701,11,Mon
242423534,08/08/2022,12:30:00,534695,182701,12,Mon
642429214,29/08/2022,11:33:00,534698,183489,11,Mon
242425550,04/07/2022,22:30:00,534700,181835,22,Mon
243407110,01/01/2023,20:30:00,534702,183408,20,Sun
643401214,14/02/2023,12:20:00,534703,186756,12,Tue
822422201,24/08/2022,16:20:00,534703,191662,16,Wed
253405865,27/02/2023,20:00:00,534704,194017,20,Mon
253403426,02/03/2023,23:30:00,534707,192397,23,Thu
253407132,23/01/2023,21:30:00,534708,192748,21,Mon
643409715,24/02/2023,16:00:00,534709,183936,16,Fri
832429030,02/07/2022,13:35:00,534710,167850,13,Sat
832431909,17/12/2022,12:30:00,534712,166944,12,Sat
333400143,15/02/2023,18:30:00,534712,169353,18,Wed
253404685,01/03/2023,14:20:00,534713,193491,14,Wed
242435577,05/12/2022,20:00:00,534716,182657,20,Mon
642411728,01/07/2022,21:10:00,534722,184071,21,Fri
243401976,28/02/2023,18:30:00,534724,181958,18,Tue
332428063,18/11/2022,16:30:00,534725,170652,16,Fri
332413073,03/07/2022,18:20:00,534725,170652,18,Sun
243409932,21/01/2023,14:50:00,534726,182102,14,Sat
643407825,15/02/2023,03:00:00,534727,183493,3,Wed
642425448,14/10/2022,14:00:00,534727,186126,14,Fri
822421324,28/09/2022,19:30:00,534728,189497,19,Wed
243404607,03/03/2023,13:00:00,534729,182098,13,Fri
822417526,02/07/2022,18:20:00,534729,189936,18,Sat
822424818,10/11/2022,19:10:00,534729,189936,19,Thu
642410709,10/07/2022,04:35:00,534731,185896,4,Sun
252420348,14/10/2022,12:55:00,534732,191963,12,Fri
253400592,29/01/2023,11:30:00,534735,193681,11,Sun
243408867,07/03/2023,00:01:00,534737,181340,0,Tue
643404304,12/02/2023,22:50:00,534737,185010,22,Sun
243402957,08/03/2023,15:40:00,534737,181292,15,Wed
243402219,17/03/2023,17:30:00,534737,181292,17,Fri
243401400,31/12/2022,11:00:00,534738,181859,11,Sat
242438563,24/07/2022,16:00:00,534738,181859,16,Sun
243419010,29/03/2023,19:10:00,534738,181859,19,Wed
823407438,28/03/2023,18:05:00,534743,190013,18,Tue
243404329,21/03/2023,21:00:00,534743,182456,21,Tue
242431787,06/12/2022,04:00:00,534753,180526,4,Tue
332416054,14/07/2022,17:30:00,534755,169315,17,Thu
252425107,01/10/2022,21:50:00,534755,197521,21,Sat
562459972,07/09/2022,00:18:00,534761,183871,0,Wed
642417519,11/07/2022,00:10:00,534761,184325,0,Mon
643408367,22/03/2023,10:55:00,534761,184331,10,Wed
643405396,15/03/2023,15:35:00,534761,184325,15,Wed
643403634,16/02/2023,19:15:00,534761,184325,19,Thu
642428737,03/10/2022,19:30:00,534761,187315,19,Mon
242439160,06/10/2022,04:28:00,534762,180410,4,Thu
253404652,22/01/2023,20:55:00,534763,194417,20,Sun
243407544,09/02/2023,12:00:00,534764,183138,12,Thu
822410367,17/07/2022,11:00:00,534765,191426,11,Sun
823406123,04/02/2023,16:00:00,534767,191108,16,Sat
823407253,07/02/2023,17:25:00,534771,191174,17,Tue
242438196,28/11/2022,17:25:00,534772,181804,17,Mon
242426149,24/09/2022,16:30:00,534777,182391,16,Sat
823403287,20/03/2023,12:20:00,534784,191656,12,Mon
643403264,17/02/2023,16:25:00,534784,186555,16,Fri
642424504,28/08/2022,21:23:00,534785,187053,21,Sun
643404815,24/02/2023,17:18:00,534786,185942,17,Fri
642423269,25/10/2022,16:30:00,534787,186496,16,Tue
642424101,28/07/2022,23:05:00,534795,186834,23,Thu
243408095,21/02/2023,13:00:00,534798,181475,13,Tue
242438358,12/12/2022,12:00:00,534798,183412,12,Mon
832420467,04/09/2022,20:30:00,534802,167865,20,Sun
243409470,07/01/2023,17:25:00,534803,181898,17,Sat
643403187,24/03/2023,10:05:00,534804,184853,10,Fri
253400760,07/01/2023,12:00:00,534804,198992,12,Sat
643400355,28/02/2023,15:25:00,534804,187162,15,Tue
643402938,28/03/2023,12:50:00,534805,183914,12,Tue
643406744,17/02/2023,20:40:00,534805,186280,20,Fri
242438812,19/10/2022,23:40:00,534806,183325,23,Wed
642424681,06/08/2022,02:00:00,534807,185005,2,Sat
642426791,07/08/2022,02:00:00,534807,185005,2,Sun
643408851,18/01/2023,18:30:00,534807,185005,18,Wed
642430011,08/11/2022,21:45:00,534811,186511,21,Tue
243406905,14/02/2023,18:00:00,534812,181292,18,Tue
642425647,04/10/2022,20:35:00,534817,183550,20,Tue
242422027,03/09/2022,23:00:00,534817,182689,23,Sat
252425136,25/09/2022,01:00:00,534818,196576,1,Sun
253401796,12/03/2023,02:34:00,534818,196576,2,Sun
252434462,27/11/2022,19:34:00,534818,196576,19,Sun
823405163,08/02/2023,19:40:00,534818,189551,19,Wed
642428442,12/08/2022,11:00:00,534820,184188,11,Fri
242427369,26/09/2022,23:38:00,534822,181331,23,Mon
643408708,27/03/2023,02:35:00,534824,183770,2,Mon
253401034,11/02/2023,23:00:00,534824,192739,23,Sat
252423867,07/10/2022,18:00:00,534826,193566,18,Fri
822431281,21/12/2022,14:30:00,534827,191803,14,Wed
242428280,07/07/2022,17:57:00,534827,181992,17,Thu
642428396,29/09/2022,12:00:00,534829,183642,12,Thu
242424538,14/09/2022,06:10:00,534833,181799,6,Wed
243409824,07/02/2023,19:20:00,534833,181883,19,Tue
252433810,02/11/2022,22:00:00,534834,195736,22,Wed
233402256,13/03/2023,20:05:00,534839,172145,20,Mon
243409109,20/03/2023,22:15:00,534839,180566,22,Mon
243405563,02/02/2023,08:15:00,534840,183325,8,Thu
642432552,22/11/2022,19:30:00,534840,186399,19,Tue
243413430,31/03/2023,21:05:00,534840,180350,21,Fri
252426093,29/08/2022,21:00:00,534842,196250,21,Mon
642425742,12/08/2022,18:10:00,534843,186124,18,Fri
643408575,02/03/2023,21:30:00,534843,186120,21,Thu
642427782,16/08/2022,20:27:00,534844,185034,20,Tue
243403726,24/02/2023,20:15:00,534847,183025,20,Fri
242438767,05/12/2022,09:10:00,534850,183070,9,Mon
252425233,23/08/2022,17:44:00,534852,192426,17,Tue
642425255,13/09/2022,19:20:00,534858,183481,19,Tue
242439987,07/12/2022,03:20:00,534859,183404,3,Wed
242426090,08/07/2022,11:00:00,534860,181833,11,Fri
253404167,17/03/2023,23:00:00,534862,196002,23,Fri
642428680,27/07/2022,20:02:00,534869,184620,20,Wed
642438463,04/12/2022,10:20:00,534870,184694,10,Sun
642421423,20/08/2022,13:00:00,534870,184694,13,Sat
643400104,12/02/2023,16:06:00,534870,184694,16,Sun
643408994,22/02/2023,21:34:00,534870,184694,21,Wed
822433121,09/12/2022,00:00:00,534871,191159,0,Fri
643403914,15/02/2023,00:10:00,534874,184076,0,Wed
252429479,30/10/2022,00:05:00,534874,194747,0,Sun
232439270,09/12/2022,17:45:00,534874,172238,17,Fri
642435163,04/12/2022,04:05:00,534875,185015,4,Sun
643401638,28/03/2023,13:49:00,534875,185015,13,Tue
243408062,23/01/2023,21:07:00,534875,183040,21,Mon
822414216,01/07/2022,11:40:00,534876,191760,11,Fri
642435443,02/12/2022,12:05:00,534876,184366,12,Fri
232431611,14/12/2022,16:30:00,534876,173132,16,Wed
232435711,14/12/2022,16:35:00,534876,173132,16,Wed
232438621,14/12/2022,16:40:00,534876,173132,16,Wed
642439732,21/11/2022,11:15:00,534878,185945,11,Mon
642423207,30/09/2022,14:30:00,534878,185878,14,Fri
642436933,29/11/2022,18:20:00,534878,185945,18,Tue
643400112,24/01/2023,22:40:00,534878,184086,22,Tue
832425706,22/08/2022,12:15:00,534881,167162,12,Mon
212435664,09/11/2022,08:55:00,534882,171646,8,Wed
832422092,23/07/2022,02:30:00,534884,166653,2,Sat
242427635,16/07/2022,22:00:00,534884,181455,22,Sat
242433716,22/11/2022,15:38:00,534886,182761,15,Tue
642439202,17/11/2022,20:54:00,534887,185931,20,Thu
643400416,05/03/2023,21:05:00,534887,185557,21,Sun
242421798,18/09/2022,11:30:00,534890,181419,11,Sun
243402615,14/02/2023,16:45:00,534890,181419,16,Tue
643405127,18/03/2023,02:40:00,534891,183008,2,Sat
242437958,10/12/2022,11:55:00,534892,183269,11,Sat
642422894,07/09/2022,22:00:00,534894,184862,22,Wed
642432525,21/12/2022,12:50:00,534895,186326,12,Wed
643407922,24/01/2023,21:10:00,534895,184646,21,Tue
642424948,18/09/2022,00:01:00,534896,184023,0,Sun
642434260,04/11/2022,09:15:00,534896,184023,9,Fri
252425156,27/09/2022,11:20:00,534901,196075,11,Tue
642410558,02/07/2022,21:15:00,534901,185909,21,Sat
242436195,19/11/2022,23:25:00,534901,181639,23,Sat
642420491,07/08/2022,03:40:00,534902,184953,3,Sun
242434538,10/12/2022,11:00:00,534903,183264,11,Sat
823408752,28/01/2023,15:00:00,534908,191544,15,Sat
823403223,04/02/2023,15:30:00,534908,191544,15,Sat
242437110,30/09/2022,19:25:00,534913,182592,19,Fri
242434610,30/09/2022,19:26:00,534913,182593,19,Fri
642428781,06/08/2022,02:00:00,534915,187155,2,Sat
643401284,21/02/2023,09:15:00,534916,184056,9,Tue
642413899,18/07/2022,17:00:00,534916,184056,17,Mon
643400044,16/02/2023,19:38:00,534916,183606,19,Thu
252433343,04/12/2022,19:30:00,534917,192777,19,Sun
242420648,14/09/2022,21:00:00,534917,183023,21,Wed
242436550,05/10/2022,08:50:00,534923,183143,8,Wed
252426955,17/09/2022,13:00:00,534923,194832,13,Sat
642432351,12/11/2022,18:00:00,534923,186586,18,Sat
243408707,01/03/2023,21:00:00,534926,181218,21,Wed
243413330,31/03/2023,20:00:00,534927,181846,20,Fri
253405914,11/02/2023,19:55:00,534928,194276,19,Sat
242427862,24/07/2022,21:55:00,534928,181340,21,Sun
642422164,03/09/2022,22:45:00,534928,185950,22,Sat
642434741,11/11/2022,19:20:00,534929,187478,19,Fri
642432803,28/11/2022,19:35:00,534929,187478,19,Mon
252425944,05/09/2022,13:28:00,534931,194247,13,Mon
252422712,10/08/2022,17:30:00,534931,194247,17,Wed
252429929,24/10/2022,23:00:00,534931,193946,23,Mon
232438391,23/12/2022,16:28:00,534932,172133,16,Fri
642425331,31/07/2022,16:32:00,534933,184439,16,Sun
252428807,02/10/2022,20:08:00,534934,197909,20,Sun
242423116,25/08/2022,01:00:00,534936,180942,1,Thu
242431866,27/11/2022,05:20:00,534936,181314,5,Sun
242436718,09/12/2022,06:52:00,534936,180942,6,Fri
642427270,26/07/2022,08:00:00,534936,184826,8,Tue
242431222,19/10/2022,12:50:00,534936,180942,12,Wed
242431336,23/11/2022,16:10:00,534936,181314,16,Wed
642423135,09/09/2022,18:25:00,534936,184910,18,Fri
643402214,14/02/2023,13:08:00,534937,185068,13,Tue
643409581,22/01/2023,01:45:00,534938,184816,1,Sun
642432665,27/12/2022,19:10:00,534939,185807,19,Tue
252435054,17/12/2022,00:28:00,534944,196266,0,Sat
243409552,23/01/2023,14:30:00,534944,181853,14,Mon
242430252,22/10/2022,14:16:00,534944,181853,14,Sat
642439891,17/11/2022,12:45:00,534945,184341,12,Thu
252427677,08/10/2022,01:15:00,534946,194502,1,Sat
252426258,17/10/2022,08:30:00,534947,196229,8,Mon
642429723,20/08/2022,22:35:00,534947,185003,22,Sat
642424316,20/09/2022,22:35:00,534947,185003,22,Tue
642439731,11/11/2022,16:30:00,534952,186245,16,Fri
643408743,08/02/2023,09:44:00,534953,183602,9,Wed
242437546,24/11/2022,11:15:00,534954,182700,11,Thu
242430295,20/11/2022,18:10:00,534956,182692,18,Sun
242443710,30/12/2022,18:15:00,534956,182692,18,Fri
832423992,25/07/2022,08:45:00,534957,168454,8,Mon
833402986,27/02/2023,17:30:00,534958,162199,17,Mon
642427626,22/09/2022,09:52:00,534961,185971,9,Thu
643406614,14/02/2023,13:00:00,534961,183661,13,Tue
242428091,17/07/2022,15:30:00,534961,181836,15,Sun
242427738,15/09/2022,05:30:00,534964,183515,5,Thu
252429762,16/08/2022,12:55:00,534967,198909,12,Tue
642426309,20/10/2022,14:00:00,534967,185152,14,Thu
253407811,12/01/2023,15:37:00,534967,198909,15,Thu
642436284,16/12/2022,16:40:00,534967,185152,16,Fri
642425221,30/07/2022,22:50:00,534968,187170,22,Sat
643401631,16/01/2023,09:49:00,534969,185876,9,Mon
643409917,18/03/2023,00:01:00,534971,185171,0,Sat
233404011,13/01/2023,15:30:00,534972,172069,15,Fri
642419749,13/07/2022,16:26:00,534972,185054,16,Wed
252438224,13/12/2022,23:40:00,534974,192182,23,Tue
643404892,02/02/2023,16:00:00,534976,185713,16,Thu
642426438,11/10/2022,23:00:00,534977,183812,23,Tue
642437824,10/12/2022,00:45:00,534978,184927,0,Sat
642423352,13/08/2022,12:50:00,534978,185345,12,Sat
252433531,14/11/2022,17:00:00,534980,195625,17,Mon
642425987,07/10/2022,02:00:00,534981,185385,2,Fri
233405323,06/02/2023,10:50:00,534981,172609,10,Mon
643401182,31/01/2023,17:49:00,534984,185840,17,Tue
832428718,14/06/2022,20:45:00,534987,168472,20,Tue
253403780,09/01/2023,14:50:00,534994,194864,14,Mon
832420650,04/07/2022,16:40:00,534994,168481,16,Mon
643401471,20/01/2023,19:40:00,534997,186112,19,Fri
642413719,10/07/2022,21:00:00,535002,186984,21,Sun
252430370,04/11/2022,15:10:00,535003,194270,15,Fri
243407767,05/03/2023,14:00:00,535009,182370,14,Sun
642438621,01/11/2022,00:01:00,535010,186746,0,Tue
243405681,12/01/2023,00:01:00,535010,180965,0,Thu
643401126,06/03/2023,16:10:00,535010,185804,16,Mon
242437026,22/11/2022,20:45:00,535010,180965,20,Tue
253406208,22/03/2023,16:50:00,535011,198959,16,Wed
643402626,07/03/2023,14:11:00,535012,186268,14,Tue
642424250,23/07/2022,14:40:00,535016,187287,14,Sat
642431193,06/12/2022,18:05:00,535017,184723,18,Tue
233409023,05/02/2023,17:15:00,535018,172164,17,Sun
643400387,24/03/2023,07:00:00,535027,184198,7,Fri
253401702,18/01/2023,16:50:00,535030,193907,16,Wed
252435813,02/12/2022,15:30:00,535034,195907,15,Fri
252427542,13/08/2022,23:10:00,535034,193302,23,Sat
233407435,28/02/2023,18:25:00,535039,171394,18,Tue
252437392,30/11/2022,12:29:00,535040,194376,12,Wed
252428904,29/08/2022,00:45:00,535042,197726,0,Mon
243400937,06/03/2023,23:15:00,535045,180468,23,Mon
823404828,27/03/2023,19:30:00,535051,191485,19,Mon
242447510,26/12/2022,20:50:00,535051,183216,20,Mon
833409986,07/03/2023,15:25:00,535053,167131,15,Tue
943402911,15/01/2023,21:00:00,535053,181589,21,Sun
642427097,08/10/2022,20:20:00,535055,186785,20,Sat
243409499,27/03/2023,16:30:00,535057,181577,16,Mon
643407544,17/02/2023,16:25:00,535059,186659,16,Fri
242428384,13/08/2022,20:50:00,535059,182299,20,Sat
643404316,06/03/2023,15:50:00,535060,185493,15,Mon
832436209,13/12/2022,07:50:00,535063,167616,7,Tue
833404704,04/02/2023,13:33:00,535063,167616,13,Sat
252431520,03/11/2022,11:45:00,535064,196355,11,Thu
642431481,15/11/2022,19:00:00,535064,182416,19,Tue
333401134,27/02/2023,00:56:00,535066,170247,0,Mon
243405829,22/03/2023,22:04:00,535067,180699,22,Wed
643408916,07/03/2023,11:15:00,535073,187244,11,Tue
643409595,04/03/2023,19:10:00,535075,187159,19,Sat
252429813,22/08/2022,10:10:00,535080,196889,10,Mon
242427853,02/08/2022,03:00:00,535081,180967,3,Tue
253409993,09/02/2023,19:30:00,535084,197325,19,Thu
243402770,08/01/2023,02:00:00,535087,183339,2,Sun
252438820,03/11/2022,11:30:00,535088,193511,11,Thu
242426220,02/07/2022,04:19:00,535091,181299,4,Sat
243408929,22/03/2023,21:30:00,535091,180632,21,Wed
232437441,17/12/2022,10:00:00,535092,172239,10,Sat
332428184,04/12/2022,10:30:00,535095,169575,10,Sun
242424365,01/08/2022,06:30:00,535096,183189,6,Mon
642439943,02/12/2022,20:00:00,535097,186689,20,Fri
642421889,29/10/2022,03:00:00,535101,185350,3,Sat
332419836,09/08/2022,14:50:00,535102,169830,14,Tue
243419770,29/03/2023,12:00:00,535108,182157,12,Wed
242425742,23/07/2022,00:30:00,535110,180968,0,Sat
642423525,11/09/2022,03:30:00,535111,186949,3,Sun
642424498,19/10/2022,12:05:00,535115,184395,12,Wed
252429473,28/08/2022,01:30:00,535118,193699,1,Sun
643407658,25/03/2023,22:00:00,535122,185372,22,Sat
643415880,01/10/2022,23:59:00,535123,185540,23,Sat
942417028,04/09/2022,07:00:00,535124,184911,7,Sun
643401136,07/03/2023,14:30:00,535124,184911,14,Tue
642422872,15/08/2022,21:50:00,535124,184911,21,Mon
233404455,02/03/2023,16:34:00,535125,172657,16,Thu
642422325,10/09/2022,20:00:00,535125,186789,20,Sat
233402408,28/03/2023,21:40:00,535126,173375,21,Tue
253402138,25/03/2023,19:00:00,535128,197842,19,Sat
253401171,17/01/2023,13:15:00,535129,197025,13,Tue
252423842,14/08/2022,06:00:00,535130,198635,6,Sun
643402125,25/02/2023,08:00:00,535131,186051,8,Sat
252420338,14/10/2022,17:05:00,535133,196648,17,Fri
253400193,08/02/2023,18:30:00,535133,197200,18,Wed
252434263,07/12/2022,12:30:00,535137,196633,12,Wed
232410797,20/07/2022,19:00:00,535137,171701,19,Wed
253408982,29/01/2023,16:50:00,535138,197623,16,Sun
642427030,21/07/2022,15:15:00,535139,186170,15,Thu
253402381,18/01/2023,19:40:00,535139,197702,19,Wed
233405655,02/03/2023,17:00:00,535142,171583,17,Thu
252425710,20/07/2022,23:24:00,535143,196273,23,Wed
243417820,27/03/2023,23:30:00,535143,180515,23,Mon
242422101,09/07/2022,04:40:00,535145,182346,4,Sat
243406215,15/02/2023,02:30:00,535146,181092,2,Wed
833407675,24/02/2023,17:37:00,535148,162347,17,Fri
642438592,27/11/2022,18:00:00,535150,185780,18,Sun
832437332,16/10/2022,16:40:00,535151,167516,16,Sun
252429011,31/07/2022,00:58:00,535153,196159,0,Sun
252430713,28/11/2022,11:00:00,535153,196159,11,Mon
252421291,05/08/2022,15:00:00,535153,196159,15,Fri
253408333,02/02/2023,16:00:00,535153,196159,16,Thu
252437424,13/12/2022,16:10:00,535153,196159,16,Tue
252420500,18/07/2022,16:30:00,535153,196159,16,Mon
822424424,28/09/2022,17:40:00,535153,190588,17,Wed
252428818,01/07/2022,00:01:00,535153,196159,0,Fri
832420241,12/07/2022,00:13:00,535162,167482,0,Tue
642436224,09/12/2022,18:31:00,535164,186709,18,Fri
233406345,01/03/2023,13:40:00,535165,171628,13,Wed
833404109,27/03/2023,18:00:00,535166,167290,18,Mon
242437934,07/11/2022,19:05:00,535167,183392,19,Mon
643407794,22/02/2023,19:15:00,535175,186315,19,Wed
232428695,06/10/2022,07:40:00,535178,173354,7,Thu
243408425,15/02/2023,14:15:00,535181,180950,14,Wed
252425318,12/10/2022,23:20:00,535181,196521,23,Wed
643405461,18/01/2023,15:45:00,535182,185436,15,Wed
252421006,21/09/2022,17:45:00,535182,194900,17,Wed
252420096,29/09/2022,16:30:00,535193,196163,16,Thu
253402231,13/01/2023,20:15:00,535193,197237,20,Fri
253401855,01/01/2023,16:00:00,535197,197035,16,Sun
252421176,28/09/2022,16:55:00,535197,196062,16,Wed
253400533,02/02/2023,19:00:00,535199,196057,19,Thu
252436114,12/12/2022,19:43:00,535200,197192,19,Mon
252427397,11/10/2022,10:40:00,535201,196033,10,Tue
643402411,13/01/2023,19:00:00,535201,185205,19,Fri
252434874,20/12/2022,15:15:00,535206,193433,15,Tue
333408532,31/01/2023,10:30:00,535207,169391,10,Tue
252433063,07/12/2022,14:00:00,535207,197139,14,Wed
253400544,14/02/2023,16:06:00,535217,198863,16,Tue
252415599,16/07/2022,23:30:00,535221,197507,23,Sat
642421297,09/10/2022,13:40:00,535224,183771,13,Sun
253407073,06/02/2023,18:25:00,535224,196540,18,Mon
252430545,28/12/2022,19:04:00,535224,195569,19,Wed
243403568,17/03/2023,22:38:00,535224,180629,22,Fri
252438560,08/11/2022,00:55:00,535225,195336,0,Tue
253403131,13/01/2023,13:05:00,535225,195336,13,Fri
642425892,17/08/2022,22:12:00,535226,185848,22,Wed
643409805,21/02/2023,16:30:00,535230,185359,16,Tue
642421660,22/07/2022,16:00:00,535232,185752,16,Fri
253404801,11/01/2023,19:00:00,535232,197558,19,Wed
642431973,06/12/2022,01:10:00,535234,183958,1,Tue
233405558,31/03/2023,13:50:00,535234,171632,13,Fri
832428379,21/09/2022,16:30:00,535234,167313,16,Wed
642414399,18/07/2022,05:05:00,535236,184928,5,Mon
642433513,29/11/2022,13:15:00,535238,184750,13,Tue
642436041,11/11/2022,20:20:00,535242,185999,20,Fri
252429948,17/10/2022,00:45:00,535244,196715,0,Mon
253407283,07/02/2023,14:40:00,535244,196715,14,Tue
252428226,21/09/2022,16:30:00,535244,196715,16,Wed
253404221,12/01/2023,19:45:00,535244,196715,19,Thu
642421950,24/07/2022,21:49:00,535244,186884,21,Sun
252429369,28/10/2022,22:50:00,535244,196715,22,Fri
232432450,07/12/2022,19:00:00,535245,177327,19,Wed
243410610,30/03/2023,09:20:00,535246,181634,9,Thu
642438920,01/08/2022,10:00:00,535246,186260,10,Mon
252423286,29/09/2022,16:20:00,535246,195784,16,Thu
252424040,22/07/2022,18:45:00,535246,197578,18,Fri
252433994,21/12/2022,20:00:00,535248,198817,20,Wed
332424250,06/10/2022,21:04:00,535249,169834,21,Thu
253409712,22/01/2023,13:45:00,535253,198120,13,Sun
332418473,04/07/2022,18:04:00,535254,169133,18,Mon
252413849,13/07/2022,08:00:00,535257,195216,8,Wed
252422959,28/10/2022,10:47:00,535257,196585,10,Fri
252432990,10/11/2022,18:42:00,535260,195524,18,Thu
252427495,21/09/2022,11:50:00,535261,191953,11,Wed
233401440,05/01/2023,15:30:00,535262,178261,15,Thu
242427519,21/09/2022,22:00:00,535262,182300,22,Wed
643400817,17/03/2023,16:00:00,535263,183899,16,Fri
333401354,03/03/2023,06:40:00,535264,169190,6,Fri
233404087,26/03/2023,16:46:00,535265,172942,16,Sun
252424664,05/09/2022,10:00:00,535273,195650,10,Mon
252420913,22/08/2022,10:30:00,535278,195876,10,Mon
252427600,19/07/2022,14:40:00,535278,195876,14,Tue
252415619,08/07/2022,19:00:00,535278,195876,19,Fri
642428564,04/09/2022,17:20:00,535279,183289,17,Sun
243401053,31/01/2023,16:15:00,535281,182038,16,Tue
252420854,06/09/2022,11:45:00,535282,195862,11,Tue
832427659,21/09/2022,18:50:00,535283,167694,18,Wed
243408487,10/03/2023,22:30:00,535284,181608,22,Fri
253408640,05/01/2023,16:30:00,535285,195453,16,Thu
252421407,30/09/2022,15:30:00,535286,197691,15,Fri
232419117,10/07/2022,23:30:00,535286,172906,23,Sun
253407617,13/03/2023,12:00:00,535290,198793,12,Mon
242429471,16/07/2022,06:30:00,535291,183295,6,Sat
233400447,16/03/2023,12:00:00,535297,178151,12,Thu
642428195,18/09/2022,16:15:00,535298,186562,16,Sun
333401653,17/02/2023,23:15:00,535298,170731,23,Fri
242425019,21/09/2022,21:10:00,535305,182277,21,Wed
243409165,31/01/2023,15:00:00,535308,182786,15,Tue
252428303,19/08/2022,18:10:00,535308,197863,18,Fri
252433230,02/11/2022,10:35:00,535310,197966,10,Wed
243402966,28/02/2023,17:30:00,535310,183306,17,Tue
232425241,27/08/2022,22:30:00,535311,171739,22,Sat
252431830,04/11/2022,17:52:00,535316,197515,17,Fri
232424505,06/10/2022,18:50:00,535317,172680,18,Thu
233407185,05/03/2023,19:40:00,535320,171211,19,Sun
252427535,14/09/2022,19:00:00,535325,198908,19,Wed
242432184,11/11/2022,08:25:00,535327,182348,8,Fri
243405562,24/01/2023,07:11:00,535328,181981,7,Tue
232435971,21/12/2022,21:52:00,535329,173340,21,Wed
62438930,25/11/2022,23:00:00,535331,184698,23,Fri
243403939,23/03/2023,15:27:00,535333,181377,15,Thu
232425437,01/11/2022,02:00:00,535342,172767,2,Tue
333408054,27/02/2023,15:30:00,535343,170353,15,Mon
333402482,02/02/2023,23:45:00,535346,170348,23,Thu
232436880,11/12/2022,18:00:00,535346,177080,18,Sun
642420976,28/09/2022,01:00:00,535347,184781,1,Wed
252417448,03/07/2022,15:44:00,535348,195542,15,Sun
233405751,16/01/2023,13:00:00,535353,176876,13,Mon
642436462,23/11/2022,21:15:00,535355,183819,21,Wed
243404837,06/03/2023,23:00:00,535355,180496,23,Mon
242423375,20/08/2022,12:55:00,535361,183079,12,Sat
332428502,28/10/2022,18:18:00,535368,170591,18,Fri
252436452,26/11/2022,14:14:00,535371,197937,14,Sat
233404534,17/02/2023,21:02:00,535372,172786,21,Fri
242427977,09/09/2022,19:35:00,535373,182377,19,Fri
233402593,13/02/2023,19:30:00,535373,171550,19,Mon
232427691,30/08/2022,19:30:00,535376,177761,19,Tue
242437280,07/10/2022,19:15:00,535378,181982,19,Fri
243404403,27/01/2023,23:20:00,535378,182986,23,Fri
832424638,11/09/2022,01:00:00,535382,167812,1,Sun
242428062,23/07/2022,17:45:00,535382,182179,17,Sat
642414978,19/05/2022,12:00:00,535384,186816,12,Thu
252434172,28/11/2022,14:00:00,535384,198018,14,Mon
943405834,03/03/2023,16:30:00,535384,188352,16,Fri
252433422,23/11/2022,10:20:00,535385,194736,10,Wed
642434803,28/11/2022,12:00:00,535386,185272,12,Mon
643409617,17/03/2023,17:50:00,535390,186910,17,Fri
242432676,27/11/2022,14:43:00,535391,181558,14,Sun
242445700,29/12/2022,17:27:00,535394,181519,17,Thu
232427274,03/10/2022,22:00:00,535398,172943,22,Mon
232434530,05/12/2022,17:50:00,535399,173239,17,Mon
942419499,27/09/2022,18:55:00,535403,188477,18,Tue
333402163,18/02/2023,21:07:00,535405,170274,21,Sat
243407076,28/02/2023,20:24:00,535406,182501,20,Tue
632420694,20/08/2022,00:01:00,535408,173615,0,Sat
232420697,07/11/2022,20:22:00,535408,170704,20,Mon
232433321,15/12/2022,12:20:00,535409,176855,12,Thu
253408132,24/01/2023,01:30:00,535411,193354,1,Tue
32434182,29/10/2022,09:12:00,535411,178139,9,Sat
32433591,23/10/2022,14:00:00,535411,178139,14,Sun
32438404,09/11/2022,19:15:00,535411,178139,19,Wed
232427820,15/08/2022,20:05:00,535411,178139,20,Mon
232417119,02/08/2022,23:52:00,535414,171598,23,Tue
243402841,13/01/2023,20:24:00,535414,183185,20,Fri
232417559,08/08/2022,00:18:00,535419,176670,0,Mon
332419414,07/07/2022,18:30:00,535419,168941,18,Thu
642423310,20/07/2022,12:45:00,535422,184387,12,Wed
832423066,26/08/2022,15:45:00,535422,167263,15,Fri
643405311,13/01/2023,16:00:00,535424,185455,16,Fri
642429585,17/09/2022,20:48:00,535425,184518,20,Sat
242422809,21/09/2022,21:35:00,535433,182306,21,Wed
242433731,13/10/2022,01:40:00,535436,182835,1,Thu
252433852,26/11/2022,13:15:00,535437,197924,13,Sat
643400555,28/02/2023,19:35:00,535437,186887,19,Tue
252427126,22/09/2022,20:38:00,535437,197924,20,Thu
642420891,07/08/2022,15:00:00,535447,184937,15,Sun
642435690,07/11/2022,17:23:00,535454,186840,17,Mon
253401934,13/02/2023,20:25:00,535456,198009,20,Mon
252420985,20/09/2022,20:25:00,535456,198009,20,Tue
253408748,24/03/2023,15:30:00,535459,198706,15,Fri
642437430,27/10/2022,22:00:00,535459,184521,22,Thu
252437452,26/11/2022,16:05:00,535460,196002,16,Sat
252423486,27/07/2022,09:00:00,535463,195834,9,Wed
242423299,29/09/2022,07:05:00,535464,182098,7,Thu
242429206,23/08/2022,20:30:00,535464,182098,20,Tue
252438832,24/11/2022,21:20:00,535464,199970,21,Thu
332411564,16/07/2022,05:40:00,535466,171010,5,Sat
252436654,18/12/2022,00:01:00,535471,197144,0,Sun
332418496,17/08/2022,13:40:00,535475,170164,13,Wed
642422484,06/09/2022,01:00:00,535476,186503,1,Tue
942416127,20/08/2022,19:40:00,535476,186503,19,Sat
232421551,29/08/2022,22:30:00,535477,173610,22,Mon
253400673,06/02/2023,18:30:00,535478,199707,18,Mon
642433522,19/11/2022,17:49:00,535479,184536,17,Sat
642417099,17/07/2022,21:05:00,535479,185136,21,Sun
642427510,20/07/2022,19:20:00,535480,186053,19,Wed
243405959,25/02/2023,03:00:00,535488,183032,3,Sat
243401034,07/02/2023,23:30:00,535488,182060,23,Tue
642427707,30/09/2022,19:55:00,535489,186860,19,Fri
242424256,27/08/2022,22:45:00,535490,183260,22,Sat
332420184,05/12/2022,16:00:00,535491,170228,16,Mon
833408129,29/03/2023,16:58:00,535491,170758,16,Wed
232424040,16/08/2022,23:45:00,535497,177491,23,Tue
643405881,22/01/2023,07:17:00,535498,184625,7,Sun
33402769,29/03/2023,16:00:00,535498,176034,16,Wed
332424150,06/10/2022,17:32:00,535499,170096,17,Thu
643405906,06/03/2023,09:50:00,535500,186500,9,Mon
643406253,08/02/2023,18:59:00,535500,186500,18,Wed
642432412,18/11/2022,19:40:00,535500,186500,19,Fri
832430225,09/11/2022,15:15:00,535503,165640,15,Wed
243405319,21/03/2023,15:25:00,535505,182320,15,Tue
253408810,03/01/2023,02:00:00,535506,198402,2,Tue
233405828,29/03/2023,16:40:00,535507,171544,16,Wed
242422034,08/08/2022,19:15:00,535510,181541,19,Mon
243406091,09/01/2023,13:15:00,535517,182376,13,Mon
243402718,13/03/2023,10:45:00,535518,183121,10,Mon
333403076,31/03/2023,13:44:00,535523,169182,13,Fri
642438135,22/12/2022,10:00:00,535525,185031,10,Thu
242422475,21/08/2022,01:00:00,535527,182109,1,Sun
253404345,24/02/2023,14:40:00,535531,198619,14,Fri
232419897,21/07/2022,00:35:00,535532,176847,0,Thu
252430570,16/10/2022,22:30:00,535534,196146,22,Sun
252411348,03/07/2022,08:30:00,535539,192557,8,Sun
642419009,09/04/2022,14:20:00,535539,185803,14,Sat
253409497,21/03/2023,21:20:00,535544,198639,21,Tue
233406805,24/02/2023,11:30:00,535546,171459,11,Fri
232414369,08/08/2022,18:55:00,535550,176736,18,Mon
642429730,20/07/2022,17:00:00,535552,184612,17,Wed
332424094,06/12/2022,13:25:00,535554,170692,13,Tue
233402070,09/01/2023,00:01:00,535557,171852,0,Mon
642423055,13/09/2022,16:40:00,535558,186589,16,Tue
332426050,27/08/2022,17:30:00,535560,170134,17,Sat
252419249,12/07/2022,23:00:00,535565,197053,23,Tue
642421775,14/08/2022,22:15:00,535566,185308,22,Sun
642422942,13/08/2022,02:00:00,535570,185336,2,Sat
642432241,10/11/2022,10:00:00,535570,185336,10,Thu
242434326,23/11/2022,03:35:00,535571,181362,3,Wed
233409753,09/02/2023,16:10:00,535574,173174,16,Thu
252420292,18/08/2022,17:30:00,535574,198376,17,Thu
242422142,22/07/2022,08:45:00,535581,182266,8,Fri
642428802,08/08/2022,20:16:00,535582,184462,20,Mon
233401418,29/03/2023,00:01:00,535585,176092,0,Wed
243401184,08/02/2023,09:14:00,535588,182928,9,Wed
332422961,21/10/2022,23:00:00,535588,170063,23,Fri
642425114,28/08/2022,17:50:00,535589,183771,17,Sun
243402045,17/02/2023,07:15:00,535590,182006,7,Fri
332425750,04/10/2022,15:45:00,535592,167905,15,Tue
253408446,06/03/2023,21:15:00,535594,196309,21,Mon
242421971,16/07/2022,15:50:00,535598,182238,15,Sat
232414177,17/07/2022,09:06:00,535601,177546,9,Sun
232423760,19/08/2022,22:20:00,535602,178038,22,Fri
232421060,18/08/2022,22:30:00,535602,178038,22,Thu
252423078,18/10/2022,16:43:00,535604,198725,16,Tue
242439776,27/11/2022,17:00:00,535605,182163,17,Sun
232421453,20/09/2022,19:40:00,535605,177936,19,Tue
243401463,02/02/2023,06:47:00,535608,182221,6,Thu
253405140,05/01/2023,07:15:00,535611,198193,7,Thu
252425726,23/09/2022,16:30:00,535611,198193,16,Fri
253400028,20/03/2023,19:00:00,535611,197813,19,Mon
332419557,24/08/2022,20:00:00,535614,170006,20,Wed
252425806,22/09/2022,13:40:00,535618,196781,13,Thu
252420100,18/07/2022,17:00:00,535618,196781,17,Mon
252415269,14/07/2022,20:00:00,535618,196781,20,Thu
643409995,04/03/2023,21:30:00,535620,185077,21,Sat
252411939,12/07/2022,17:00:00,535621,199163,17,Tue
242421592,26/06/2022,10:00:00,535625,182987,10,Sun
233401710,01/01/2023,05:45:00,535626,171499,5,Sun
242432908,07/12/2022,23:30:00,535626,181301,23,Wed
242433553,31/10/2022,12:03:00,535628,182149,12,Mon
232415606,22/06/2022,19:10:00,535631,176224,19,Wed
252424662,16/08/2022,11:30:00,535633,198800,11,Tue
243408026,19/02/2023,18:00:00,535636,181509,18,Sun
243403848,16/03/2023,20:00:00,535637,181903,20,Thu
252433540,05/11/2022,14:20:00,535638,197097,14,Sat
643400443,07/02/2023,20:10:00,535642,186049,20,Tue
912427730,30/07/2022,21:50:00,535643,182749,21,Sat
943401433,16/02/2023,15:45:00,535646,188509,15,Thu
943409663,21/02/2023,16:42:00,535646,188509,16,Tue
943401714,28/02/2023,22:20:00,535646,188509,22,Tue
242425379,27/09/2022,14:45:00,535652,182961,14,Tue
832431215,09/11/2022,20:15:00,535653,167314,20,Wed
232433310,03/12/2022,01:30:00,535658,178516,1,Sat
642427560,25/07/2022,16:10:00,535659,184751,16,Mon
332418115,23/07/2022,00:40:00,535660,167902,0,Sat
242423311,10/07/2022,01:30:00,535660,182719,1,Sun
232438401,05/12/2022,12:00:00,535664,172073,12,Mon
642424866,26/09/2022,18:55:00,535673,186472,18,Mon
332422775,15/12/2022,16:20:00,535677,168591,16,Thu
33403581,18/01/2023,17:45:00,535682,176790,17,Wed
232423139,23/11/2022,23:00:00,535683,177773,23,Wed
252423999,01/11/2022,11:55:00,535690,196202,11,Tue
642416299,18/07/2022,03:30:00,535692,186061,3,Mon
643400920,04/01/2023,13:39:00,535692,186061,13,Wed
32426527,09/09/2022,00:45:00,535693,177921,0,Fri
232429060,19/08/2022,01:15:00,535693,177041,1,Fri
942425313,07/11/2022,15:55:00,535702,189367,15,Mon
252428373,27/08/2022,22:28:00,535705,196632,22,Sat
232414469,08/08/2022,21:20:00,535708,178489,21,Mon
252437162,26/11/2022,21:30:00,535708,199977,21,Sat
252429266,28/09/2022,10:00:00,535721,196857,10,Wed
252438061,16/11/2022,18:30:00,535724,199977,18,Wed
252438782,24/11/2022,18:00:00,535730,199661,18,Thu
943405681,27/01/2023,12:35:00,535735,189414,12,Fri
243406523,30/01/2023,00:05:00,535736,181982,0,Mon
332426484,06/12/2022,07:35:00,535737,168194,7,Tue
252426895,21/09/2022,15:13:00,535737,198784,15,Wed
232429160,16/08/2022,20:30:00,535737,176909,20,Tue
232435591,23/12/2022,19:00:00,535749,173314,19,Fri
252410849,13/07/2022,08:00:00,535756,195117,8,Wed
233407556,10/03/2023,02:00:00,535766,171427,2,Fri
332411415,23/07/2022,10:44:00,535766,170164,10,Sat
242439545,16/11/2022,18:45:00,535766,182134,18,Wed
243401713,28/01/2023,23:29:00,535766,182134,23,Sat
253409814,11/02/2023,17:45:00,535768,197065,17,Sat
332417659,23/09/2022,19:00:00,535768,168662,19,Fri
942415264,17/07/2022,01:20:00,535775,190683,1,Sun
253403612,21/01/2023,17:00:00,535775,196847,17,Sat
252424834,01/09/2022,17:00:00,535775,196847,17,Thu
232422167,05/11/2022,01:30:00,535778,173259,1,Sat
643406712,21/01/2023,19:30:00,535784,185079,19,Sat
242428757,06/09/2022,17:57:00,535787,182198,17,Tue
642435724,09/12/2022,00:15:00,535788,185862,0,Fri
642422385,16/09/2022,20:10:00,535788,185000,20,Fri
943400892,12/02/2023,14:40:00,535789,190427,14,Sun
943402056,31/03/2023,16:40:00,535789,188575,16,Fri
942416268,09/09/2022,17:00:00,535790,190592,17,Fri
233409994,22/02/2023,20:00:00,535793,177455,20,Wed
332417317,20/08/2022,02:50:00,535798,169028,2,Sat
232420676,26/10/2022,00:01:00,535800,171386,0,Wed
232426152,09/09/2022,10:55:00,535800,171386,10,Fri
233401876,16/03/2023,18:25:00,535802,177534,18,Thu
242432374,08/11/2022,21:40:00,535809,181450,21,Tue
642436212,18/11/2022,17:45:00,535811,184902,17,Fri
643404176,13/03/2023,07:50:00,535816,185146,7,Mon
253400876,10/03/2023,02:00:00,535818,194010,2,Fri
252423939,25/10/2022,23:32:00,535818,194010,23,Tue
252436152,23/11/2022,20:30:00,535820,196057,20,Wed
942415283,06/07/2022,19:00:00,535822,188587,19,Wed
252425966,28/09/2022,19:20:00,535822,192382,19,Wed
643407776,13/03/2023,21:30:00,535822,184127,21,Mon
243407809,20/03/2023,20:00:00,535827,181157,20,Mon
252425773,26/08/2022,16:00:00,535831,196603,16,Fri
62420920,11/08/2022,13:25:00,535833,193916,13,Thu
942415396,16/08/2022,16:00:00,535834,188709,16,Tue
942425100,28/09/2022,18:43:00,535834,188709,18,Wed
242437970,07/10/2022,11:45:00,535836,181851,11,Fri
252421042,12/08/2022,22:00:00,535836,195645,22,Fri
642427383,26/08/2022,21:35:00,535843,185809,21,Fri
252428844,05/09/2022,18:45:00,535844,198384,18,Mon
642436062,23/11/2022,15:00:00,535848,184934,15,Wed
943402002,29/01/2023,11:45:00,535849,188654,11,Sun
942418757,18/08/2022,20:00:00,535849,189498,20,Thu
333409491,27/01/2023,17:08:00,535851,168583,17,Fri
252430205,22/12/2022,17:30:00,535857,195675,17,Thu
253408341,14/01/2023,22:53:00,535857,195675,22,Sat
643406627,18/03/2023,17:00:00,535860,184066,17,Sat
232435300,01/12/2022,18:10:00,535863,171469,18,Thu
242426780,06/07/2022,13:00:00,535864,181192,13,Wed
252425954,03/09/2022,11:00:00,535868,199756,11,Sat
242434861,15/10/2022,21:20:00,535868,182354,21,Sat
252433412,22/11/2022,14:00:00,535871,196602,14,Tue
253409053,04/02/2023,15:43:00,535871,196602,15,Sat
642416469,12/07/2022,20:15:00,535871,185956,20,Tue
242420175,21/08/2022,07:15:00,535872,180983,7,Sun
252429995,21/09/2022,16:50:00,535872,199213,16,Wed
232425091,31/08/2022,16:00:00,535873,176294,16,Wed
643404676,13/03/2023,19:40:00,535874,184990,19,Mon
252427903,20/08/2022,22:11:00,535877,196469,22,Sat
253404186,10/03/2023,08:00:00,535878,198180,8,Fri
252429873,28/08/2022,12:30:00,535878,198180,12,Sun
252433263,07/12/2022,16:05:00,535878,198180,16,Wed
252427446,26/09/2022,16:09:00,535878,198180,16,Mon
252422465,17/09/2022,19:00:00,535878,198180,19,Sat
252432113,28/11/2022,20:00:00,535878,198180,20,Mon
942426723,11/11/2022,16:40:00,535879,189400,16,Fri
332422835,13/12/2022,08:19:00,535882,168215,8,Tue
333409974,02/03/2023,14:30:00,535882,168215,14,Thu
332428430,04/10/2022,15:57:00,535882,168215,15,Tue
333407770,11/01/2023,17:55:00,535882,168215,17,Wed
232421899,01/12/2022,02:00:00,535883,176820,2,Thu
833400145,21/02/2023,09:15:00,535883,165190,9,Tue
242431137,01/12/2022,18:30:00,535887,182437,18,Thu
242434699,28/12/2022,20:00:00,535887,182437,20,Wed
943403214,22/02/2023,00:20:00,535888,189831,0,Wed
243408166,27/02/2023,23:30:00,535894,181617,23,Mon
942429311,12/10/2022,08:15:00,535902,189547,8,Wed
232419839,11/07/2022,05:25:00,535909,176882,5,Mon
233406387,24/03/2023,18:00:00,535909,174912,18,Fri
243400076,28/02/2023,13:08:00,535910,181145,13,Tue
243402941,13/01/2023,18:05:00,535910,183433,18,Fri
832435510,24/09/2022,23:40:00,535913,171467,23,Sat
942410358,08/09/2022,13:15:00,535914,189256,13,Thu
943403350,08/01/2023,15:50:00,535914,189256,15,Sun
443403455,13/03/2023,23:00:00,535914,189256,23,Mon
233401155,02/03/2023,09:30:00,535915,175125,9,Thu
242438317,30/11/2022,16:45:00,535915,182898,16,Wed
242438747,29/11/2022,18:30:00,535916,181669,18,Tue
242427646,28/08/2022,11:47:00,535916,182498,11,Sun
233408325,27/02/2023,16:15:00,535921,175816,16,Mon
942413653,25/06/2022,10:10:00,535926,188429,10,Sat
242421721,11/07/2022,17:47:00,535926,183376,17,Mon
642435272,24/11/2022,10:40:00,535930,184016,10,Thu
642432551,13/11/2022,06:45:00,535931,184764,6,Sun
242431519,28/11/2022,09:00:00,535935,181773,9,Mon
833408532,20/01/2023,04:00:00,535936,163029,4,Fri
642423620,21/07/2022,21:07:00,535936,186084,21,Thu
242431527,30/11/2022,16:45:00,535940,182945,16,Wed
642421846,24/09/2022,16:25:00,535951,186066,16,Sat
253405393,04/02/2023,04:45:00,535956,196440,4,Sat
332425835,13/12/2022,08:20:00,535965,168397,8,Tue
942416819,16/09/2022,13:01:00,535965,187836,13,Fri
243405134,07/02/2023,05:30:00,535966,181440,5,Tue
243404994,13/02/2023,20:00:00,535967,182176,20,Mon
232433100,01/12/2022,18:23:00,535968,178433,18,Thu
243400635,16/02/2023,15:54:00,535970,181128,15,Thu
643405822,26/01/2023,18:55:00,535975,186175,18,Thu
943408780,13/01/2023,17:45:00,535976,189423,17,Fri
243401321,11/01/2023,17:54:00,535979,182810,17,Wed
642421788,18/10/2022,17:00:00,535980,184416,17,Tue
242430181,17/10/2022,02:22:00,535984,181970,2,Mon
642423247,30/09/2022,20:00:00,535985,185433,20,Fri
332420755,15/12/2022,16:30:00,535988,168418,16,Thu
253401581,18/01/2023,16:38:00,535992,199659,16,Wed
242434232,21/10/2022,01:24:00,535996,183413,1,Fri
242436028,01/12/2022,23:59:00,535996,183413,23,Thu
232422190,13/08/2022,17:00:00,535997,178562,17,Sat
232414179,24/07/2022,18:32:00,535997,171180,18,Sun
232428307,29/10/2022,19:22:00,535997,178562,19,Sat
242431103,26/10/2022,18:20:00,535999,181213,18,Wed
233400442,28/01/2023,16:37:00,536001,175126,16,Sat
943403153,18/02/2023,21:45:00,536002,190400,21,Sat
642435081,15/11/2022,17:30:00,536008,185973,17,Tue
252434673,08/12/2022,13:55:00,536009,199904,13,Thu
642433925,22/12/2022,00:01:00,536011,184436,0,Thu
642432100,29/10/2022,02:00:00,536011,184436,2,Sat
252410469,14/07/2022,23:03:00,536012,199818,23,Thu
232432180,09/12/2022,14:50:00,536014,176078,14,Fri
942417089,26/09/2022,01:30:00,536016,190378,1,Mon
253407063,05/02/2023,17:10:00,536016,192342,17,Sun
252423096,29/09/2022,19:20:00,536018,195481,19,Thu
242438781,17/10/2022,12:00:00,536021,182455,12,Mon
242428265,19/08/2022,20:30:00,536021,183246,20,Fri
242437005,13/11/2022,02:30:00,536023,181110,2,Sun
643402438,29/03/2023,16:55:00,536024,186125,16,Wed
643403885,03/03/2023,21:30:00,536024,186125,21,Fri
642411969,15/07/2022,16:45:00,536026,183984,16,Fri
242429393,02/08/2022,19:40:00,536026,183984,19,Tue
942429000,28/09/2022,18:35:00,536027,186922,18,Wed
942426552,02/11/2022,03:00:00,536028,189428,3,Wed
833406648,22/03/2023,13:20:00,536029,165855,13,Wed
242432133,29/10/2022,12:30:00,536030,183442,12,Sat
643404428,18/03/2023,17:30:00,536031,184129,17,Sat
942415515,23/07/2022,16:15:00,536032,186914,16,Sat
332423005,06/12/2022,07:50:00,536033,168124,7,Tue
232410748,26/07/2022,15:10:00,536034,176890,15,Tue
243403548,14/03/2023,16:30:00,536034,183237,16,Tue
943406342,05/02/2023,00:10:00,536036,189097,0,Sun
642420900,19/07/2022,21:45:00,536037,185795,21,Tue
243406012,19/01/2023,03:30:00,536039,181849,3,Thu
233409882,02/02/2023,09:48:00,536040,177177,9,Thu
232412629,03/08/2022,18:00:00,536040,177177,18,Wed
233404173,10/02/2023,21:30:00,536040,177177,21,Fri
242434855,17/11/2022,17:00:00,536045,183185,17,Thu
233403640,03/01/2023,19:00:00,536050,176991,19,Tue
252433835,28/12/2022,00:02:00,536053,195888,0,Wed
252431841,15/11/2022,19:20:00,536058,199193,19,Tue
233406131,15/01/2023,22:20:00,536060,172986,22,Sun
332423684,06/12/2022,07:55:00,536061,168104,7,Tue
643401710,03/01/2023,09:35:00,536063,185525,9,Tue
252436583,09/12/2022,17:40:00,536064,195744,17,Fri
242437431,12/10/2022,14:50:00,536067,182939,14,Wed
232427033,17/09/2022,15:02:00,536067,174089,15,Sat
233406787,27/03/2023,10:00:00,536068,177838,10,Mon
252427007,01/10/2022,19:40:00,536071,198361,19,Sat
243407407,03/03/2023,01:00:00,536074,182249,1,Fri
642413889,17/07/2022,17:50:00,536075,185860,17,Sun
252428694,11/09/2022,05:42:00,536083,197939,5,Sun
942426413,07/11/2022,17:00:00,536086,187913,17,Mon
233405411,13/01/2023,21:33:00,536090,178368,21,Fri
332421684,06/12/2022,08:05:00,536095,168276,8,Tue
242432693,03/11/2022,15:00:00,536097,183735,15,Thu
243408891,17/01/2023,16:40:00,536097,183735,16,Tue
243401081,16/01/2023,13:25:00,536098,180888,13,Mon
233407661,19/01/2023,18:45:00,536101,177657,18,Thu
252434694,20/12/2022,16:05:00,536103,199122,16,Tue
252429885,20/09/2022,18:45:00,536103,197872,18,Tue
242436120,02/10/2022,00:40:00,536105,182250,0,Sun
242422435,18/08/2022,08:20:00,536105,182250,8,Thu
243403613,28/01/2023,21:10:00,536105,182250,21,Sat
242433469,24/12/2022,14:00:00,536111,181264,14,Sat
242429874,13/08/2022,00:20:00,536119,180837,0,Sat
243408374,11/02/2023,17:50:00,536125,182342,17,Sat
232423725,09/10/2022,17:10:00,536127,177660,17,Sun
832432525,11/11/2022,00:45:00,536128,162221,0,Fri
942413484,19/07/2022,13:51:00,536128,187050,13,Tue
642429150,22/07/2022,16:55:00,536128,187050,16,Fri
942425952,02/11/2022,18:23:00,536128,187050,18,Wed
943407511,17/01/2023,19:28:00,536128,187050,19,Tue
942423820,02/10/2022,19:32:00,536128,187050,19,Sun
942416644,14/07/2022,21:40:00,536128,187050,21,Thu
832430253,26/10/2022,21:50:00,536129,165768,21,Wed
233406445,01/03/2023,18:30:00,536133,173070,18,Wed
333407763,20/02/2023,08:00:00,536137,168099,8,Mon
642420071,04/08/2022,16:55:00,536138,184363,16,Thu
232424231,26/08/2022,22:00:00,536138,177799,22,Fri
942418994,21/07/2022,10:50:00,536139,190597,10,Thu
252422211,31/07/2022,02:00:00,536143,196911,2,Sun
942423401,12/10/2022,20:45:00,536145,188342,20,Wed
232430942,30/12/2022,23:20:00,536145,173848,23,Fri
642425882,16/08/2022,22:27:00,536146,184371,22,Tue
232420110,13/08/2022,14:30:00,536153,173331,14,Sat
642416529,11/07/2022,20:10:00,536154,185799,20,Mon
243406364,10/02/2023,17:55:00,536156,181803,17,Fri
233400074,21/02/2023,17:30:00,536157,176879,17,Tue
253401419,31/03/2023,22:42:00,536163,198904,22,Fri
243403894,12/02/2023,22:30:00,536164,181639,22,Sun
243405245,11/02/2023,22:30:00,536164,181639,22,Sat
642410309,09/07/2022,16:58:00,536170,184399,16,Sat
233407316,09/03/2023,16:05:00,536172,176857,16,Thu
643405523,05/02/2023,18:54:00,536174,184350,18,Sun
243403165,18/02/2023,23:23:00,536177,182953,23,Sat
253400582,28/01/2023,19:45:00,536179,199634,19,Sat
942413134,13/07/2022,09:10:00,536184,190415,9,Wed
233403905,25/02/2023,11:00:00,536185,176937,11,Sat
232422599,30/11/2022,07:20:00,536188,175498,7,Wed
242421680,07/07/2022,21:30:00,536188,181311,21,Thu
333403624,27/02/2023,15:00:00,536191,168297,15,Mon
943401025,14/03/2023,14:00:00,536200,189266,14,Tue
942422522,26/10/2022,18:03:00,536200,189266,18,Wed
232423992,13/09/2022,00:01:00,536203,178803,0,Tue
232433891,23/12/2022,18:20:00,536203,178740,18,Fri
643400912,25/01/2023,18:00:00,536206,185873,18,Wed
643409086,14/03/2023,11:10:00,536211,185879,11,Tue
243402637,06/03/2023,18:15:00,536212,181060,18,Mon
242427735,10/08/2022,20:15:00,536212,181060,20,Wed
943403375,20/03/2023,16:00:00,536213,189497,16,Mon
943409844,03/03/2023,15:00:00,536213,189324,15,Fri
942429872,31/10/2022,00:10:00,536217,189163,0,Mon
232426496,28/10/2022,14:15:00,536219,171581,14,Fri
643402604,12/02/2023,16:40:00,536222,185916,16,Sun
252414698,08/07/2022,02:00:00,536225,197109,2,Fri
232438100,01/12/2022,16:10:00,536227,178233,16,Thu
242427746,28/08/2022,14:00:00,536230,180888,14,Sun
232436720,04/12/2022,17:00:00,536234,176954,17,Sun
232430591,20/12/2022,22:45:00,536234,176954,22,Tue
232424199,30/11/2022,18:15:00,536237,178790,18,Wed
243407537,06/03/2023,20:05:00,536239,183244,20,Mon
232427930,16/08/2022,22:13:00,536239,177029,22,Tue
232414807,09/07/2022,02:00:00,536240,173927,2,Sat
253404260,07/01/2023,00:40:00,536244,198479,0,Sat
243409714,06/02/2023,18:15:00,536251,181157,18,Mon
232427673,23/09/2022,00:20:00,536255,176969,0,Fri
252414429,10/07/2022,13:21:00,536255,197205,13,Sun
232438981,22/12/2022,23:30:00,536257,173950,23,Thu
252429321,01/08/2022,14:00:00,536259,196993,14,Mon
942411709,15/09/2022,16:15:00,536259,189480,16,Thu
232428199,30/11/2022,15:00:00,536267,173120,15,Wed
943402012,31/01/2023,09:00:00,536272,188844,9,Tue
943406243,18/02/2023,11:00:00,536272,188844,11,Sat
643408522,26/01/2023,09:00:00,536275,184961,9,Thu
252411938,02/07/2022,21:00:00,536277,199524,21,Sat
642426009,19/10/2022,22:45:00,536280,185071,22,Wed
243418607,29/05/2022,19:18:00,536286,182648,19,Sun
833401495,26/02/2023,17:48:00,536288,162913,17,Sun
942418753,03/07/2022,18:40:00,536288,188811,18,Sun
233407536,12/03/2023,00:18:00,536295,176991,0,Sun
333402192,09/02/2023,13:40:00,536297,168492,13,Thu
332413838,06/09/2022,20:55:00,536297,167487,20,Tue
942421462,31/10/2022,00:01:00,536299,188781,0,Mon
252422079,29/10/2022,04:30:00,536302,197277,4,Sat
232425308,10/11/2022,09:10:00,536309,178423,9,Thu
232423831,27/08/2022,15:32:00,536314,175666,15,Sat
333405930,06/01/2023,16:08:00,536321,169699,16,Fri
332424453,11/11/2022,16:40:00,536322,169582,16,Fri
942412156,10/08/2022,17:44:00,536324,191762,17,Wed
232427945,11/10/2022,20:45:00,536324,178817,20,Tue
942426443,14/11/2022,00:30:00,536328,187226,0,Mon
242420101,08/07/2022,01:00:00,536329,182685,1,Fri
243405873,01/02/2023,17:55:00,536329,182685,17,Wed
643400425,21/02/2023,21:00:00,536329,185712,21,Tue
232421076,25/10/2022,23:05:00,536329,171678,23,Tue
242436943,30/10/2022,19:38:00,536331,182477,19,Sun
233400021,14/01/2023,11:00:00,536339,177564,11,Sat
232427513,15/09/2022,16:09:00,536339,177564,16,Thu
242422255,19/08/2022,17:10:00,536341,182299,17,Fri
943402343,18/02/2023,12:45:00,536343,192317,12,Sat
252421740,23/07/2022,20:50:00,536344,198789,20,Sat
242424649,25/09/2022,12:10:00,536349,182047,12,Sun
642423546,23/09/2022,19:00:00,536350,185294,19,Fri
253402252,25/01/2023,19:45:00,536350,198577,19,Wed
942414247,23/08/2022,20:15:00,536353,189138,20,Tue
242428007,02/09/2022,15:00:00,536354,182496,15,Fri
242427027,04/09/2022,16:30:00,536354,182496,16,Sun
242439117,30/11/2022,18:10:00,536354,182496,18,Wed
243400159,24/03/2023,18:00:00,536354,182496,18,Fri
242434959,23/12/2022,20:14:00,536354,182496,20,Fri
232432111,13/12/2022,17:10:00,536358,177160,17,Tue
252427376,28/09/2022,09:30:00,536361,199005,9,Wed
242420790,08/07/2022,18:00:00,536362,183283,18,Fri
253407812,22/01/2023,18:01:00,536363,198760,18,Sun
252425526,24/09/2022,04:50:00,536364,196026,4,Sat
252429735,15/09/2022,10:50:00,536371,195530,10,Thu
942423805,04/12/2022,03:08:00,536377,188765,3,Sun
643400414,14/02/2023,11:50:00,536380,185318,11,Tue
832435852,18/10/2022,13:15:00,536384,163149,13,Tue
233404595,06/03/2023,23:30:00,536386,173391,23,Mon
942415193,07/07/2022,16:40:00,536386,188642,16,Thu
242430713,27/10/2022,23:26:00,536386,183296,23,Thu
242434999,29/12/2022,02:25:00,536387,181642,2,Thu
243401912,19/01/2023,11:50:00,536387,181800,11,Thu
642437622,19/11/2022,18:15:00,536388,184739,18,Sat
232427078,17/11/2022,11:55:00,536392,173587,11,Thu
943406793,25/02/2023,13:00:00,536392,191870,13,Sat
943401262,07/02/2023,14:01:00,536392,191870,14,Tue
943409121,18/01/2023,12:55:00,536393,188806,12,Wed
232424791,03/09/2022,07:30:00,536394,174560,7,Sat
232426873,21/09/2022,17:00:00,536395,177031,17,Wed
942424201,12/10/2022,13:50:00,536396,189536,13,Wed
253406063,05/02/2023,16:08:00,536398,198798,16,Sun
253403027,05/02/2023,16:08:00,536398,198798,16,Sun
333406263,18/02/2023,20:10:00,536399,168467,20,Sat
942415319,16/09/2022,13:10:00,536408,187241,13,Fri
232420459,26/11/2022,14:40:00,536412,177049,14,Sat
33401594,15/02/2023,14:00:00,536413,177037,14,Wed
232425685,15/10/2022,18:55:00,536413,177037,18,Sat
232429538,13/11/2022,04:00:00,536417,177417,4,Sun
232429644,29/09/2022,17:20:00,536426,177286,17,Thu
243405629,22/03/2023,19:30:00,536428,181569,19,Wed
242423026,26/08/2022,01:45:00,536429,182744,1,Fri
832421432,19/07/2022,15:00:00,536434,163529,15,Tue
252436581,19/11/2022,13:05:00,536439,199567,13,Sat
252426908,12/10/2022,16:00:00,536439,199603,16,Wed
942424063,16/11/2022,08:50:00,536442,188596,8,Wed
832421174,09/08/2022,21:00:00,536446,162923,21,Tue
242424239,24/09/2022,02:00:00,536447,182543,2,Sat
253408250,06/01/2023,00:45:00,536459,198505,0,Fri
333401521,17/01/2023,12:00:00,536459,168485,12,Tue
643404272,29/01/2023,04:44:00,536465,185406,4,Sun
942415054,15/07/2022,08:20:00,536475,189991,8,Fri
233401793,13/02/2023,19:05:00,536478,174661,19,Mon
333409054,27/02/2023,16:00:00,536480,168978,16,Mon
232422287,07/11/2022,17:20:00,536483,177761,17,Mon
943401471,26/01/2023,18:15:00,536483,192528,18,Thu
243402917,04/03/2023,13:10:00,536484,181039,13,Sat
233409828,17/03/2023,11:00:00,536488,177226,11,Fri
233402981,22/01/2023,16:25:00,536489,171438,16,Sun
642421006,19/09/2022,16:25:00,536494,185677,16,Mon
233409656,10/03/2023,19:00:00,536494,175727,19,Fri
942426381,24/10/2022,08:30:00,536497,189746,8,Mon
232420765,13/10/2022,19:00:00,536499,171941,19,Thu
243401958,16/03/2023,08:45:00,536500,181600,8,Thu
332428913,11/11/2022,16:40:00,536506,169617,16,Fri
243401808,12/03/2023,23:54:00,536507,182507,23,Sun
243400300,01/01/2023,03:10:00,536508,183621,3,Sun
242434356,25/11/2022,14:19:00,536511,181959,14,Fri
233408690,11/01/2023,17:27:00,536511,171904,17,Wed
243405684,12/02/2023,23:30:00,536511,181959,23,Sun
233402371,19/01/2023,21:30:00,536513,178604,21,Thu
943401244,03/03/2023,01:21:00,536514,188849,1,Fri
232421002,03/09/2022,11:35:00,536517,175754,11,Sat
232417897,13/07/2022,23:00:00,536519,177053,23,Wed
243407355,12/02/2023,07:00:00,536522,182530,7,Sun
242425769,14/09/2022,10:15:00,536522,182530,10,Wed
243405255,12/02/2023,17:45:00,536523,182384,17,Sun
233409552,29/01/2023,22:20:00,536530,178480,22,Sun
232412958,27/07/2022,19:36:00,536531,176989,19,Wed
232423183,23/09/2022,16:00:00,536532,188477,16,Fri
232417456,05/07/2022,16:45:00,536532,175735,16,Tue
242429560,04/07/2022,16:30:00,536533,182647,16,Mon
943404030,05/01/2023,12:00:00,536538,187278,12,Thu
233402962,30/01/2023,20:30:00,536540,176850,20,Mon
943402314,27/02/2023,16:00:00,536546,189533,16,Mon
252421809,22/10/2022,05:13:00,536548,198798,5,Sat
333404624,27/02/2023,15:45:00,536554,169113,15,Mon
242426642,19/07/2022,22:30:00,536556,182308,22,Tue
232436530,05/12/2022,16:40:00,536561,171804,16,Mon
332426023,11/11/2022,16:00:00,536562,169607,16,Fri
252437562,27/11/2022,14:00:00,536564,199121,14,Sun
232410968,28/07/2022,22:40:00,536564,177061,22,Thu
33404114,06/02/2023,00:10:00,536566,178023,0,Mon
943400024,20/02/2023,15:35:00,536567,188199,15,Mon
242428150,04/07/2022,17:50:00,536567,183141,17,Mon
242422465,20/08/2022,17:00:00,536570,182131,17,Sat
232421317,30/10/2022,19:00:00,536575,171808,19,Sun
243400858,17/03/2023,01:50:00,536577,182545,1,Fri
243405817,05/03/2023,03:10:00,536577,182545,3,Sun
243409384,12/02/2023,17:45:00,536577,182545,17,Sun
242433388,15/12/2022,19:08:00,536577,182545,19,Thu
242436774,09/11/2022,18:11:00,536580,181410,18,Wed
243405253,30/01/2023,18:30:00,536580,184651,18,Mon
332417815,23/07/2022,23:30:00,536580,169291,23,Sat
232423159,26/11/2022,11:40:00,536581,177729,11,Sat
232435091,22/12/2022,18:30:00,536583,178923,18,Thu
232428816,20/10/2022,08:39:00,536584,176943,8,Thu
232424041,27/08/2022,22:45:00,536584,178464,22,Sat
832425921,10/07/2022,22:51:00,536588,163110,22,Sun
232425520,15/08/2022,11:39:00,536591,178336,11,Mon
242431762,23/10/2022,21:40:00,536595,181230,21,Sun
243400517,04/03/2023,04:00:00,536597,183374,4,Sat
633403993,14/02/2023,20:00:00,536601,177064,20,Tue
943405711,16/01/2023,07:20:00,536603,188726,7,Mon
942417528,04/09/2022,18:50:00,536607,187990,18,Sun
232422336,20/10/2022,16:30:00,536610,171851,16,Thu
242422090,08/07/2022,00:14:00,536611,183691,0,Fri
242434840,04/10/2022,20:15:00,536611,183691,20,Tue
333408664,04/03/2023,14:14:00,536615,167676,14,Sat
332423802,28/10/2022,23:25:00,536615,167676,23,Fri
232429016,18/10/2022,23:40:00,536619,175307,23,Tue
643403233,06/02/2023,14:55:00,536628,185416,14,Mon
242432421,11/10/2022,17:30:00,536629,182113,17,Tue
942417404,09/07/2022,17:30:00,536630,191339,17,Sat
333409854,27/02/2023,16:00:00,536634,169081,16,Mon
232425355,11/10/2022,02:10:00,536637,174718,2,Tue
232425173,19/09/2022,10:00:00,536640,177064,10,Mon
942425654,21/11/2022,18:00:00,536640,189148,18,Mon
252424078,18/10/2022,14:00:00,536641,197064,14,Tue
242436338,10/12/2022,16:53:00,536641,181893,16,Sat
252413129,09/07/2022,18:06:00,536641,197064,18,Sat
242433622,19/10/2022,19:00:00,536641,181893,19,Wed
242426049,24/09/2022,19:35:00,536641,181893,19,Sat
252422106,21/09/2022,21:56:00,536641,197064,21,Wed
243400896,02/03/2023,22:44:00,536641,181893,22,Thu
252423186,29/09/2022,14:40:00,536642,196727,14,Thu
642438635,22/12/2022,22:30:00,536645,185400,22,Thu
242434728,10/12/2022,05:00:00,536648,182360,5,Sat
242424240,03/07/2022,21:15:00,536650,182009,21,Sun
642422753,22/08/2022,19:20:00,536655,184781,19,Mon
832420190,07/07/2022,15:35:00,536664,166178,15,Thu
242427678,18/09/2022,22:10:00,536668,180672,22,Sun
232412578,29/07/2022,12:59:00,536671,175833,12,Fri
243408617,04/03/2023,19:16:00,536673,181272,19,Sat
232427473,22/09/2022,19:59:00,536673,171513,19,Thu
243403765,19/02/2023,19:17:00,536681,181984,19,Sun
233404661,19/01/2023,18:23:00,536683,177579,18,Thu
243406345,17/02/2023,11:45:00,536688,183713,11,Fri
242425480,07/07/2022,17:30:00,536697,181583,17,Thu
243407824,07/02/2023,14:35:00,536698,182018,14,Tue
942417544,12/07/2022,14:00:00,536701,189688,14,Tue
242427103,27/07/2022,13:58:00,536702,183067,13,Wed
833406738,21/03/2023,21:03:00,536707,163350,21,Tue
233408761,19/01/2023,23:15:00,536707,176090,23,Thu
642426081,04/08/2022,13:30:00,536717,185920,13,Thu
332422413,11/11/2022,16:40:00,536718,169411,16,Fri
942413229,16/09/2022,18:30:00,536720,188936,18,Fri
252426143,24/08/2022,18:10:00,536723,196563,18,Wed
642439113,27/11/2022,22:00:00,536725,185327,22,Sun
232429477,07/11/2022,03:10:00,536727,177934,3,Mon
833400017,09/03/2023,12:40:00,536727,163216,12,Thu
243402325,15/02/2023,18:25:00,536730,183983,18,Wed
232417097,18/07/2022,12:10:00,536734,177727,12,Mon
943401842,02/02/2023,20:20:00,536735,188451,20,Thu
642425528,12/10/2022,13:20:00,536736,185278,13,Wed
233402682,01/02/2023,18:11:00,536738,178573,18,Wed
232414246,02/07/2022,15:30:00,536750,177110,15,Sat
233401113,04/02/2023,16:26:00,536750,177110,16,Sat
233400526,07/03/2023,16:55:00,536751,172937,16,Tue
243407828,15/03/2023,06:00:00,536752,182031,6,Wed
942428045,09/12/2022,15:35:00,536753,188389,15,Fri
942419456,10/08/2022,18:18:00,536754,188950,18,Wed
242431376,27/11/2022,15:00:00,536759,182491,15,Sun
942416615,23/07/2022,18:40:00,536759,190164,18,Sat
232433630,05/12/2022,19:30:00,536766,172895,19,Mon
242421518,12/09/2022,14:00:00,536769,181882,14,Mon
943402951,24/01/2023,16:00:00,536769,189574,16,Tue
942424124,23/11/2022,16:05:00,536772,190835,16,Wed
232413739,05/08/2022,10:17:00,536775,177745,10,Fri
232424385,15/10/2022,17:05:00,536776,177080,17,Sat
232428918,11/11/2022,18:45:00,536776,177080,18,Fri
233406561,19/01/2023,18:00:00,536777,177176,18,Thu
942428110,30/09/2022,10:00:00,536780,190291,10,Fri
942413299,27/09/2022,16:46:00,536787,189463,16,Tue
242432838,11/12/2022,10:50:00,536788,182640,10,Sun
233408456,13/03/2023,21:10:00,536788,177108,21,Mon
232410038,23/07/2022,21:22:00,536788,172942,21,Sat
253400693,09/02/2023,13:30:00,536789,196934,13,Thu
642433941,12/11/2022,16:20:00,536791,184968,16,Sat
242439759,23/12/2022,17:15:00,536797,181755,17,Fri
242420261,14/07/2022,21:02:00,536797,181755,21,Thu
243404446,22/02/2023,21:00:00,536797,181755,21,Wed
213408448,21/03/2023,16:00:00,536803,173167,16,Tue
232416297,20/07/2022,11:30:00,536804,177943,11,Wed
232422644,30/09/2022,16:32:00,536804,177943,16,Fri
642426487,08/10/2022,19:50:00,536810,185039,19,Sat
943402392,11/02/2023,17:15:00,536818,190621,17,Sat
243400695,21/02/2023,22:30:00,536821,180980,22,Tue
232424346,22/10/2022,19:08:00,536822,176648,19,Sat
333409424,27/02/2023,15:50:00,536823,169157,15,Mon
232421596,28/10/2022,19:00:00,536828,177720,19,Fri
243407991,18/01/2023,00:40:00,536829,181028,0,Wed
232415387,19/07/2022,11:45:00,536829,177720,11,Tue
232412939,05/08/2022,17:00:00,536829,177720,17,Fri
942421280,06/10/2022,18:00:00,536835,190841,18,Thu
943405614,27/02/2023,18:35:00,536839,185157,18,Mon
242430003,25/10/2022,18:33:00,536848,181654,18,Tue
232429181,31/08/2022,10:10:00,536853,177720,10,Wed
233408622,26/01/2023,23:30:00,536854,175720,23,Thu
232420605,07/10/2022,12:45:00,536856,177877,12,Fri
242425335,15/08/2022,04:45:00,536857,180792,4,Mon
642429387,08/10/2022,20:10:00,536857,184534,20,Sat
243403815,15/02/2023,12:40:00,536859,184288,12,Wed
243418461,11/04/2022,18:45:00,536859,184288,18,Mon
942412459,22/09/2022,15:30:00,536861,189176,15,Thu
232412047,14/07/2022,11:00:00,536869,177782,11,Thu
243406999,26/03/2023,01:30:00,536876,183468,1,Sun
943408832,04/02/2023,11:50:00,536876,191853,11,Sat
942419617,19/08/2022,19:00:00,536876,191789,19,Fri
242439780,04/10/2022,18:45:00,536880,183159,18,Tue
232438301,13/12/2022,10:00:00,536886,175555,10,Tue
252435453,07/12/2022,02:46:00,536888,198858,2,Wed
942420213,09/11/2022,13:40:00,536893,189065,13,Wed
232421327,30/10/2022,21:55:00,536895,177047,21,Sun
332421184,05/12/2022,15:45:00,536898,170570,15,Mon
242425749,25/09/2022,05:30:00,536900,184113,5,Sun
242424248,14/09/2022,16:15:00,536904,182728,16,Wed
943406772,09/02/2023,18:00:00,536907,193094,18,Thu
232425681,31/08/2022,21:00:00,536910,177456,21,Wed
233402546,12/03/2023,22:30:00,536914,176595,22,Sun
243406492,26/01/2023,18:30:00,536915,181202,18,Thu
242423747,07/09/2022,00:58:00,536916,181206,0,Wed
333400524,27/02/2023,16:00:00,536916,169289,16,Mon
332426064,29/11/2022,16:00:00,536916,169361,16,Tue
242431236,23/11/2022,13:30:00,536917,181092,13,Wed
942423735,09/12/2022,09:15:00,536918,187515,9,Fri
943403355,18/03/2023,16:45:00,536924,189048,16,Sat
232411818,23/07/2022,01:50:00,536926,171579,1,Sat
232429625,06/10/2022,19:00:00,536926,177162,19,Thu
242431738,11/12/2022,03:15:00,536941,184432,3,Sun
243409293,03/02/2023,15:00:00,536941,184432,15,Fri
252416348,03/07/2022,13:15:00,536942,198736,13,Sun
242433993,04/11/2022,09:50:00,536949,183515,9,Fri
233404322,25/01/2023,18:45:00,536956,177414,18,Wed
642426357,04/10/2022,19:50:00,536956,184672,19,Tue
242434451,14/10/2022,14:30:00,536957,183757,14,Fri
943406072,08/02/2023,17:00:00,536958,190990,17,Wed
643405784,15/02/2023,22:00:00,536958,184712,22,Wed
232426077,31/10/2022,16:00:00,536963,177267,16,Mon
242434684,11/11/2022,17:18:00,536964,181844,17,Fri
333406244,01/03/2023,00:01:00,536967,171333,0,Wed
942423400,29/09/2022,11:20:00,536968,189098,11,Thu
232418597,20/07/2022,13:30:00,536974,177856,13,Wed
943404633,16/02/2023,10:00:00,536979,191654,10,Thu
232411487,19/07/2022,14:00:00,536983,177115,14,Tue
243404663,28/01/2023,09:20:00,536986,180818,9,Sat
243402253,28/01/2023,09:20:00,536986,180818,9,Sat
243406985,21/02/2023,13:04:00,536986,184478,13,Tue
242426127,04/09/2022,17:50:00,536993,180920,17,Sun
242435356,25/11/2022,17:55:00,536993,180920,17,Fri
943407292,11/02/2023,16:00:00,536996,190054,16,Sat
242434275,17/11/2022,07:45:00,536998,184386,7,Thu
233404851,18/01/2023,15:20:00,537003,174525,15,Wed
942410298,13/09/2022,17:44:00,537003,188437,17,Tue
642429850,23/07/2022,10:15:00,537019,184637,10,Sat
232416488,30/07/2022,23:40:00,537021,176817,23,Sat
232423131,27/08/2022,00:10:00,537022,177110,0,Sat
942417917,15/08/2022,11:34:00,537022,190173,11,Mon
942421544,26/11/2022,22:15:00,537022,192252,22,Sat
943402183,20/02/2023,10:33:00,537027,188845,10,Mon
942410093,07/07/2022,00:01:00,537030,189080,0,Thu
242438322,19/10/2022,08:20:00,537032,181017,8,Wed
942410228,04/09/2022,06:33:00,537035,187590,6,Sun
942428264,29/11/2022,10:10:00,537035,187590,10,Tue
242433025,14/11/2022,17:30:00,537037,180791,17,Mon
233402308,28/03/2023,19:20:00,537043,174155,19,Tue
233403604,14/02/2023,00:01:00,537048,176741,0,Tue
943403764,28/02/2023,09:40:00,537058,190024,9,Tue
242439264,09/11/2022,21:17:00,537058,184430,21,Wed
943408674,09/03/2023,03:45:00,537059,186931,3,Thu
942419484,19/07/2022,16:15:00,537059,186931,16,Tue
332426833,15/11/2022,18:40:00,537060,167917,18,Tue
242428231,12/07/2022,01:00:00,537064,180814,1,Tue
943408983,24/02/2023,20:13:00,537066,192467,20,Fri
642414458,04/07/2022,22:00:00,537072,185000,22,Mon
242431881,17/10/2022,15:05:00,537076,183324,15,Mon
243409679,27/03/2023,02:05:00,537079,180911,2,Mon
943409361,22/01/2023,14:50:00,537079,187447,14,Sun
233400797,27/03/2023,10:30:00,537082,177280,10,Mon
632421182,15/09/2022,13:38:00,537082,177280,13,Thu
243402443,31/01/2023,01:45:00,537088,183338,1,Tue
233405661,19/01/2023,21:56:00,537093,176807,21,Thu
232421400,12/08/2022,23:45:00,537096,173386,23,Fri
243407199,27/03/2023,22:30:00,537098,179524,22,Mon
642438210,30/10/2022,22:55:00,537102,185151,22,Sun
642435485,29/12/2022,17:30:00,537105,184988,17,Thu
642438750,03/11/2022,19:45:00,537105,185022,19,Thu
942421346,26/12/2022,00:43:00,537110,193815,0,Mon
233404435,27/02/2023,21:10:00,537113,174860,21,Mon
333406604,24/02/2023,18:00:00,537120,170362,18,Fri
242438838,11/12/2022,04:50:00,537127,179909,4,Sun
232425131,27/08/2022,00:01:00,537131,177601,0,Sat
942420322,28/10/2022,21:25:00,537136,189409,21,Fri
232423420,14/08/2022,19:30:00,537137,177716,19,Sun
252432871,18/11/2022,16:03:00,537143,198707,16,Fri
233407940,06/01/2023,14:33:00,537144,177202,14,Fri
942416727,21/08/2022,17:45:00,537145,191922,17,Sun
943407223,15/02/2023,13:10:00,537146,191331,13,Wed
243408117,04/03/2023,00:01:00,537148,182753,0,Sat
242433745,17/11/2022,00:30:00,537150,183034,0,Thu
242433140,03/10/2022,15:50:00,537156,180987,15,Mon
232428743,19/09/2022,20:00:00,537157,173389,20,Mon
242434794,12/11/2022,06:30:00,537160,184100,6,Sat
232428585,15/10/2022,21:55:00,537161,173624,21,Sat
243403115,14/02/2023,22:40:00,537162,180192,22,Tue
252421932,12/08/2022,16:15:00,537164,198348,16,Fri
252429681,07/08/2022,18:00:00,537164,198348,18,Sun
942410843,27/06/2022,15:30:00,537165,190621,15,Mon
232438350,07/12/2022,00:01:00,537170,175805,0,Wed
233401035,28/02/2023,12:15:00,537174,177193,12,Tue
242432098,16/12/2022,18:00:00,537180,180315,18,Fri
243408905,14/02/2023,18:55:00,537180,180315,18,Tue
243408944,09/02/2023,18:00:00,537184,183703,18,Thu
643405514,14/02/2023,16:31:00,537185,193921,16,Tue
943403983,24/02/2023,16:11:00,537186,192648,16,Fri
233405177,25/03/2023,20:00:00,537188,177417,20,Sat
242433927,01/12/2022,23:27:00,537190,179721,23,Thu
232417198,31/07/2022,20:58:00,537195,177351,20,Sun
233409626,10/03/2023,22:30:00,537196,171559,22,Fri
233405201,11/01/2023,19:15:00,537198,177295,19,Wed
243403399,21/03/2023,12:44:00,537200,182830,12,Tue
252429532,12/08/2022,16:30:00,537201,198214,16,Fri
242429146,27/08/2022,21:00:00,537202,181208,21,Sat
243406505,14/02/2023,12:10:00,537203,182765,12,Tue
642423657,05/10/2022,16:00:00,537207,184685,16,Wed
243400015,14/02/2023,19:54:00,537207,180659,19,Tue
232426881,02/09/2022,09:10:00,537210,173383,9,Fri
642421552,13/08/2022,15:29:00,537210,185553,15,Sat
643407086,12/03/2023,17:50:00,537210,185553,17,Sun
642423936,23/09/2022,18:45:00,537210,185553,18,Fri
642422631,17/07/2022,20:00:00,537210,185553,20,Sun
233407333,04/02/2023,12:00:00,537215,176209,12,Sat
232428565,06/10/2022,15:00:00,537215,176209,15,Thu
942426382,05/11/2022,22:15:00,537221,189190,22,Sat
633408601,13/01/2023,07:30:00,537225,177820,7,Fri
232437911,15/12/2022,07:15:00,537226,175026,7,Thu
832425256,26/08/2022,00:57:00,537228,165357,0,Fri
942424652,02/11/2022,14:00:00,537229,187758,14,Wed
243401617,04/03/2023,19:00:00,537230,180130,19,Sat
643403391,22/01/2023,22:05:00,537230,184786,22,Sun
943402382,10/02/2023,15:10:00,537233,189461,15,Fri
243400370,07/01/2023,17:30:00,537234,178845,17,Sat
232423503,14/09/2022,15:41:00,537237,175236,15,Wed
942423822,29/10/2022,14:35:00,537239,190609,14,Sat
243407597,11/03/2023,23:30:00,537242,180597,23,Sat
232431250,26/11/2022,23:55:00,537242,176915,23,Sat
632415628,24/07/2022,12:45:00,537243,178074,12,Sun
943400180,12/01/2023,14:40:00,537244,189029,14,Thu
943404890,14/01/2023,20:13:00,537244,189029,20,Sat
942419676,13/08/2022,21:30:00,537244,189029,21,Sat
943407923,15/02/2023,20:50:00,537250,189812,20,Wed
233408074,21/02/2023,15:00:00,537251,174606,15,Tue
242435150,04/10/2022,19:50:00,537254,184530,19,Tue
243407682,20/01/2023,23:00:00,537261,182119,23,Fri
333405600,13/12/2022,16:00:00,537264,167726,16,Tue
333409933,15/02/2023,16:30:00,537264,167726,16,Wed
942425136,17/12/2022,19:20:00,537267,191840,19,Sat
242429895,24/08/2022,01:00:00,537270,180417,1,Wed
242421486,31/08/2022,21:10:00,537270,180417,21,Wed
942414775,31/07/2022,21:40:00,537271,192743,21,Sun
252426105,11/09/2022,12:10:00,537272,198524,12,Sun
943406933,17/02/2023,17:00:00,537274,189870,17,Fri
942414129,18/09/2022,01:40:00,537276,192789,1,Sun
233401487,26/03/2023,20:00:00,537277,173566,20,Sun
243407553,01/02/2023,17:28:00,537282,181015,17,Wed
242432049,21/12/2022,17:00:00,537283,180961,17,Wed
942427341,16/10/2022,03:00:00,537286,188986,3,Sun
943407610,03/01/2023,16:00:00,537286,188986,16,Tue
942429602,26/10/2022,17:00:00,537286,188986,17,Wed
942422745,10/12/2022,18:34:00,537287,189243,18,Sat
943404010,02/01/2023,13:15:00,537289,189205,13,Mon
942424973,12/11/2022,09:50:00,537291,189801,9,Sat
242432575,18/11/2022,15:09:00,537291,182125,15,Fri
943405730,02/01/2023,00:30:00,537293,188963,0,Mon
942421492,06/11/2022,04:00:00,537295,189893,4,Sun
832425167,05/09/2022,02:30:00,537298,165103,2,Mon
332427365,24/11/2022,11:30:00,537303,167609,11,Thu
332415155,28/07/2022,11:45:00,537303,167609,11,Thu
943406141,22/01/2023,01:35:00,537305,189161,1,Sun
232419849,06/08/2022,16:15:00,537307,173597,16,Sat
243401237,03/03/2023,22:00:00,537307,180610,22,Fri
942410707,17/08/2022,14:00:00,537308,192829,14,Wed
242431204,03/11/2022,19:20:00,537308,180628,19,Thu
232423739,23/11/2022,15:10:00,537311,174487,15,Wed
242433070,06/10/2022,18:00:00,537313,182008,18,Thu
943406785,23/03/2023,17:00:00,537315,192510,17,Thu
942424760,07/10/2022,19:04:00,537315,187523,19,Fri
233404596,16/03/2023,21:30:00,537324,173470,21,Thu
242439018,08/12/2022,04:30:00,537326,180585,4,Thu
242436200,26/09/2022,20:50:00,537326,180585,20,Mon
942429526,22/12/2022,19:20:00,537332,189051,19,Thu
942414734,13/07/2022,19:00:00,537334,192431,19,Wed
232423966,25/10/2022,23:19:00,537334,177556,23,Tue
632412598,01/08/2022,16:05:00,537335,176894,16,Mon
242436384,11/11/2022,12:30:00,537336,182878,12,Fri
942413207,17/08/2022,17:35:00,537336,189171,17,Wed
943401481,28/01/2023,01:00:00,537338,192737,1,Sat
942413338,05/09/2022,19:00:00,537338,187193,19,Mon
943405474,08/03/2023,13:15:00,537344,192471,13,Wed
942424101,12/10/2022,14:00:00,537344,192471,14,Wed
632430710,08/12/2022,10:00:00,537349,177653,10,Thu
943407830,06/01/2023,12:00:00,537349,190156,12,Fri
942410387,30/08/2022,06:00:00,537350,189234,6,Tue
942419377,28/08/2022,14:30:00,537361,189833,14,Sun
252429078,18/10/2022,16:21:00,537361,198129,16,Tue
943407544,04/03/2023,17:20:00,537361,188932,17,Sat
242426713,29/07/2022,01:32:00,537362,181630,1,Fri
242439540,04/10/2022,02:59:00,537362,181630,2,Tue
632420859,30/11/2022,20:00:00,537362,177674,20,Wed
233401207,19/03/2023,01:30:00,537363,173608,1,Sun
242435855,14/11/2022,12:00:00,537363,182627,12,Mon
233407183,08/02/2023,15:00:00,537363,173608,15,Wed
942427534,25/11/2022,11:22:00,537366,192876,11,Fri
942419275,31/07/2022,13:20:00,537369,188896,13,Sun
333409901,11/01/2023,16:00:00,537375,169912,16,Wed
942424616,20/12/2022,09:00:00,537379,192745,9,Tue
943401383,23/02/2023,22:45:00,537380,189379,22,Thu
233402451,16/01/2023,12:00:00,537385,173593,12,Mon
333402606,23/03/2023,16:06:00,537385,167468,16,Thu
233406447,07/03/2023,16:15:00,537385,173593,16,Tue
242431354,08/11/2022,20:34:00,537387,184015,20,Tue
942419899,28/09/2022,12:00:00,537388,192733,12,Wed
942417216,05/08/2022,11:05:00,537392,191928,11,Fri
333409214,25/02/2023,18:15:00,537394,167449,18,Sat
242434750,03/10/2022,14:30:00,537395,180408,14,Mon
633402256,01/03/2023,10:00:00,537399,177525,10,Wed
632435950,13/12/2022,11:50:00,537399,177525,11,Tue
232421107,29/10/2022,10:05:00,537401,176087,10,Sat
243403315,14/02/2023,19:00:00,537401,180327,19,Tue
242423873,03/08/2022,22:00:00,537401,180327,22,Wed
332425295,19/12/2022,15:50:00,537403,169840,15,Mon
332421984,05/12/2022,17:00:00,537403,169840,17,Mon
942418894,21/07/2022,16:45:00,537404,192753,16,Thu
233402390,11/01/2023,05:00:00,537413,176509,5,Wed
242429628,13/09/2022,21:34:00,537414,182824,21,Tue
942422243,08/11/2022,11:01:00,537416,191558,11,Tue
232423801,23/08/2022,13:48:00,537417,176624,13,Tue
333402983,22/02/2023,16:30:00,537418,169659,16,Wed
242424286,30/08/2022,18:50:00,537419,180542,18,Tue
232425387,07/11/2022,22:20:00,537419,173597,22,Mon
242439949,22/12/2022,05:30:00,537425,182854,5,Thu
243405223,29/01/2023,17:50:00,537425,182854,17,Sun
942429293,11/11/2022,17:30:00,537430,188012,17,Fri
333402893,22/02/2023,16:00:00,537431,170325,16,Wed
243405244,08/02/2023,21:00:00,537433,178947,21,Wed
943402402,30/01/2023,16:50:00,537437,193802,16,Mon
332411843,01/07/2022,22:45:00,537440,169823,22,Fri
232421756,23/10/2022,03:30:00,537444,173603,3,Sun
232439351,18/12/2022,14:30:00,537444,173603,14,Sun
252429811,01/08/2022,02:12:00,537446,198932,2,Mon
232422300,12/08/2022,15:00:00,537447,177562,15,Fri
632426970,22/08/2022,19:26:00,537447,177597,19,Mon
943409426,26/03/2023,21:30:00,537448,187508,21,Sun
633402815,27/02/2023,17:50:00,537456,177643,17,Mon
252410199,11/07/2022,22:00:00,537458,198193,22,Mon
632424492,16/09/2022,17:45:00,537466,176912,17,Fri
232411286,08/07/2022,17:54:00,537467,171548,17,Fri
242438264,09/11/2022,13:30:00,537476,182243,13,Wed
943402052,15/01/2023,00:01:00,537478,191109,0,Sun
632424510,04/08/2022,19:45:00,537479,177610,19,Thu
242422806,21/08/2022,00:00:00,537481,182077,0,Sun
632427779,30/11/2022,00:30:00,537481,177669,0,Wed
942424856,16/12/2022,13:00:00,537482,191328,13,Fri
942418229,17/09/2022,18:45:00,537482,190810,18,Sat
242422867,08/09/2022,14:25:00,537484,180307,14,Thu
242426050,02/07/2022,20:00:00,537484,180307,20,Sat
943403073,01/02/2023,00:30:00,537488,187673,0,Wed
243406221,11/01/2023,15:50:00,537489,181503,15,Wed
242434866,27/11/2022,00:01:00,537492,180394,0,Sun
632429509,24/11/2022,18:35:00,537498,177616,18,Thu
232427806,19/10/2022,00:10:00,537502,175648,0,Wed
243408878,19/03/2023,00:40:00,537505,179403,0,Sun
942415308,01/09/2022,18:15:00,537505,185654,18,Thu
943405682,10/02/2023,20:20:00,537512,190151,20,Fri
242436574,08/11/2022,19:30:00,537514,179403,19,Tue
332427800,01/10/2022,02:38:00,537515,169984,2,Sat
943407780,13/01/2023,17:10:00,537515,190378,17,Fri
243408260,06/01/2023,15:30:00,537516,179709,15,Fri
943407231,17/01/2023,16:10:00,537523,190089,16,Tue
233400852,30/01/2023,04:20:00,537525,173646,4,Mon
232421618,10/11/2022,21:00:00,537525,173646,21,Thu
943402620,03/12/2022,14:50:00,537529,188228,14,Sat
333404850,09/01/2023,16:45:00,537529,170041,16,Mon
242435772,24/10/2022,19:05:00,537529,179622,19,Mon
943402643,17/02/2023,19:00:00,537529,188228,19,Fri
942419146,06/08/2022,18:00:00,537531,185911,18,Sat
232422606,18/10/2022,14:35:00,537532,173969,14,Tue
232417959,06/08/2022,15:25:00,537534,173939,15,Sat
942428155,09/12/2022,18:15:00,537535,185937,18,Fri
233405387,26/03/2023,21:30:00,537537,174895,21,Sun
943405423,14/02/2023,13:06:00,537538,190565,13,Tue
243406158,16/03/2023,22:20:00,537545,181339,22,Thu
943402865,20/03/2023,15:40:00,537550,189964,15,Mon
942420170,08/10/2022,21:20:00,537550,193863,21,Sat
942411226,06/08/2022,15:30:00,537554,193559,15,Sat
242429646,28/08/2022,11:53:00,537555,181587,11,Sun
242420019,22/09/2022,04:11:00,537558,182106,4,Thu
233407904,14/02/2023,04:30:00,537559,173238,4,Tue
633404954,21/02/2023,12:35:00,537559,177662,12,Tue
942416606,04/08/2022,14:20:00,537568,188290,14,Thu
943405821,19/01/2023,17:30:00,537571,190615,17,Thu
253402352,24/01/2023,17:30:00,537573,198518,17,Tue
232421557,02/11/2022,16:00:00,537574,173825,16,Wed
943402745,17/03/2023,20:15:00,537575,193821,20,Fri
233407166,14/03/2023,23:30:00,537576,174934,23,Tue
243405113,28/01/2023,18:00:00,537580,178611,18,Sat
243409854,10/02/2023,12:45:00,537584,181942,12,Fri
232430822,28/12/2022,14:05:00,537584,172234,14,Wed
233409675,02/03/2023,16:30:00,537585,174175,16,Thu
232422136,11/09/2022,22:00:00,537590,177455,22,Sun
942414647,20/08/2022,12:56:00,537592,187095,12,Sat
232427706,14/10/2022,20:15:00,537597,173911,20,Fri
943406665,20/03/2023,16:30:00,537603,187901,16,Mon
243409805,14/02/2023,19:25:00,537607,178960,19,Tue
942416467,26/08/2022,23:00:00,537607,188978,23,Fri
942418594,21/07/2022,10:30:00,537608,192793,10,Thu
242425919,22/09/2022,19:00:00,537613,182050,19,Thu
242427305,15/08/2022,17:30:00,537618,181506,17,Mon
243406537,04/03/2023,20:00:00,537618,181025,20,Sat
442411878,26/08/2022,18:26:00,537620,180098,18,Fri
242423637,05/09/2022,17:00:00,537622,181408,17,Mon
942417127,20/08/2022,19:03:00,537624,189558,19,Sat
233408207,18/03/2023,18:30:00,537624,173594,18,Sat
233409285,06/03/2023,02:00:00,537625,173688,2,Mon
942410214,11/07/2022,00:44:00,537628,188200,0,Mon
233409352,29/01/2023,17:45:00,537630,175113,17,Sun
242438999,28/12/2022,22:35:00,537634,180776,22,Wed
242448000,28/12/2022,09:00:00,537635,182219,9,Wed
242423726,24/08/2022,16:00:00,537635,182219,16,Wed
233402670,04/01/2023,17:00:00,537641,173645,17,Wed
242427494,14/08/2022,22:05:00,537641,182998,22,Sun
232426869,27/11/2022,17:45:00,537645,173672,17,Sun
332429870,10/10/2022,18:30:00,537648,170944,18,Mon
232429182,11/09/2022,22:00:00,537648,170944,22,Sun
232426701,14/08/2022,03:50:00,537651,173769,3,Sun
233400400,01/01/2023,11:45:00,537651,173769,11,Sun
352438910,20/09/2022,00:15:00,537663,184057,0,Tue
352431309,02/12/2022,19:40:00,537663,184057,19,Fri
243405313,27/01/2023,22:00:00,537663,181299,22,Fri
242429609,20/09/2022,17:30:00,537664,182021,17,Tue
352422819,11/09/2022,08:30:00,537665,184047,8,Sun
352429017,28/07/2022,10:30:00,537665,184047,10,Thu
353408994,13/02/2023,16:30:00,537665,184047,16,Mon
242428964,11/08/2022,22:30:00,537672,181469,22,Thu
943402175,21/03/2023,12:20:00,537680,190387,12,Tue
942426432,21/10/2022,14:30:00,537680,190387,14,Fri
942425665,08/12/2022,17:30:00,537680,190387,17,Thu
242421346,28/08/2022,02:00:00,537681,179756,2,Sun
333403541,20/01/2023,15:15:00,537684,167054,15,Fri
233409887,27/03/2023,00:01:00,537686,173732,0,Mon
232432640,07/12/2022,04:00:00,537688,173710,4,Wed
943407001,15/01/2023,14:45:00,537690,188230,14,Sun
942410916,05/08/2022,23:30:00,537690,188230,23,Fri
233405795,04/03/2023,03:40:00,537692,174054,3,Sat
242428004,05/08/2022,23:05:00,537692,179328,23,Fri
942419493,08/07/2022,10:50:00,537698,188182,10,Fri
242434266,26/11/2022,16:50:00,537700,181300,16,Sat
632411207,09/07/2022,22:33:00,537702,177647,22,Sat
633404721,15/01/2023,22:05:00,537704,177702,22,Sun
943400753,06/02/2023,17:00:00,537706,189904,17,Mon
242432386,28/11/2022,08:10:00,537707,182033,8,Mon
233407276,16/03/2023,09:00:00,537708,174349,9,Thu
242429547,06/09/2022,18:17:00,537712,181781,18,Tue
232425854,02/10/2022,04:00:00,537716,172271,4,Sun
242437581,12/10/2022,14:00:00,537716,180710,14,Wed
232431452,31/12/2022,14:30:00,537716,174884,14,Sat
232419828,24/07/2022,18:00:00,537716,174884,18,Sun
233400576,05/03/2023,18:37:00,537716,174884,18,Sun
233402412,25/01/2023,15:50:00,537717,173646,15,Wed
232415399,11/08/2022,21:23:00,537717,173646,21,Thu
243414840,28/03/2023,22:26:00,537721,179820,22,Tue
232437502,24/12/2022,20:00:00,537729,172883,20,Sat
943404450,08/01/2023,17:30:00,537731,188096,17,Sun
232438670,10/12/2022,07:42:00,537732,173627,7,Sat
352429993,26/07/2022,14:57:00,537737,183638,14,Tue
242426385,22/08/2022,16:25:00,537737,181806,16,Mon
233407841,17/01/2023,17:30:00,537737,176263,17,Tue
642426614,30/08/2022,18:25:00,537737,185191,18,Tue
242436264,09/11/2022,19:30:00,537737,180048,19,Wed
353406833,30/01/2023,18:40:00,537738,185051,18,Mon
943407513,14/02/2023,16:20:00,537740,185717,16,Tue
942415265,28/07/2022,18:00:00,537743,188041,18,Thu
232410016,27/06/2022,06:10:00,537744,173689,6,Mon
232417866,05/07/2022,12:00:00,537744,175897,12,Tue
943402972,09/02/2023,20:50:00,537748,189561,20,Thu
242436693,18/07/2022,22:10:00,537753,178442,22,Mon
232412429,04/08/2022,05:10:00,537756,173894,5,Thu
242435228,09/12/2022,15:30:00,537761,182847,15,Fri
243404825,15/02/2023,22:00:00,537766,178785,22,Wed
232419146,04/07/2022,02:32:00,537770,175467,2,Mon
243407464,07/02/2023,19:00:00,537771,178945,19,Tue
242426212,19/07/2022,18:45:00,537774,179353,18,Tue
353418500,28/03/2023,23:10:00,537774,183659,23,Tue
633408250,06/01/2023,17:24:00,537780,177489,17,Fri
942419243,01/07/2022,12:00:00,537784,188072,12,Fri
243402157,08/03/2023,00:12:00,537785,182594,0,Wed
942426623,11/11/2022,11:45:00,537786,188099,11,Fri
242427780,07/07/2022,22:40:00,537786,181572,22,Thu
243407714,06/02/2023,19:05:00,537790,184965,19,Mon
232427265,09/10/2022,17:15:00,537793,171409,17,Sun
233402661,17/01/2023,15:30:00,537797,176273,15,Tue
232416087,19/07/2022,03:20:00,537798,173653,3,Tue
232417008,16/07/2022,11:40:00,537798,173653,11,Sat
943408826,29/03/2023,15:45:00,537800,188941,15,Wed
942418506,04/08/2022,15:23:00,537803,188975,15,Thu
242437631,12/10/2022,21:35:00,537805,180768,21,Wed
942424942,01/11/2022,16:40:00,537807,189040,16,Tue
353402103,28/01/2023,04:59:00,537810,184728,4,Sat
352430604,21/10/2022,14:30:00,537810,184728,14,Fri
912433451,22/11/2022,15:45:00,537810,184728,15,Tue
353401555,18/02/2023,12:35:00,537813,183284,12,Sat
352437706,08/11/2022,20:30:00,537813,183284,20,Tue
243408661,12/01/2023,18:00:00,537814,179643,18,Thu
242431939,21/09/2022,15:00:00,537814,181107,15,Wed
233404517,20/03/2023,08:00:00,537815,173816,8,Mon
232423345,09/10/2022,18:00:00,537815,176318,18,Sun
242426193,05/08/2022,09:50:00,537819,182409,9,Fri
232429239,24/11/2022,04:45:00,537820,174307,4,Thu
943408763,21/02/2023,20:00:00,537820,192634,20,Tue
942422901,13/10/2022,13:50:00,537824,189741,13,Thu
353403920,03/01/2023,18:03:00,537832,184998,18,Tue
632414397,20/07/2022,19:15:00,537832,177460,19,Wed
942429413,09/11/2022,21:40:00,537832,189151,21,Wed
352427301,30/06/2022,22:46:00,537832,184998,22,Thu
942413225,24/07/2022,19:20:00,537838,193598,19,Sun
242432564,08/11/2022,20:00:00,537843,180899,20,Tue
232423741,26/08/2022,13:50:00,537845,174386,13,Fri
242438580,07/10/2022,18:05:00,537846,180630,18,Fri
243402555,15/02/2023,19:00:00,537846,180630,19,Wed
233401525,27/02/2023,22:00:00,537847,176156,22,Mon
233409930,05/01/2023,16:10:00,537848,176243,16,Thu
232426274,04/10/2022,02:15:00,537849,174352,2,Tue
243409703,26/01/2023,20:30:00,537852,182621,20,Thu
943402982,10/02/2023,19:00:00,537854,188045,19,Fri
242438120,01/10/2022,19:05:00,537856,182392,19,Sat
232425488,19/11/2022,02:35:00,537857,172341,2,Sat
232433161,19/12/2022,15:20:00,537858,176027,15,Mon
633409640,06/01/2023,16:15:00,537858,177791,16,Fri
632421868,19/11/2022,16:55:00,537858,177791,16,Sat
233401993,13/02/2023,16:45:00,537858,176027,16,Mon
942419674,18/07/2022,22:00:00,537858,188787,22,Mon
243403517,04/03/2023,18:00:00,537861,182754,18,Sat
943405302,26/01/2023,19:00:00,537862,189158,19,Thu
942426440,04/10/2022,20:20:00,537862,189158,20,Tue
242420552,21/07/2022,21:50:00,537863,181195,21,Thu
243407947,07/03/2023,16:35:00,537864,181094,16,Tue
242430795,20/11/2022,23:07:00,537864,182266,23,Sun
943409710,03/01/2023,21:24:00,537866,189336,21,Tue
332420162,04/11/2022,23:30:00,537868,170281,23,Fri
243402015,14/02/2023,20:00:00,537868,179998,20,Tue
233400313,05/02/2023,05:00:00,537874,174681,5,Sun
942422633,12/11/2022,19:45:00,537874,188275,19,Sat
243404757,08/03/2023,15:20:00,537875,181114,15,Wed
232421129,23/11/2022,05:59:00,537876,174474,5,Wed
243400831,12/01/2023,21:10:00,537880,181050,21,Thu
352437242,08/10/2022,18:15:00,537882,185106,18,Sat
232412329,03/08/2022,21:00:00,537884,171508,21,Wed
242423970,06/07/2022,10:30:00,537887,182528,10,Wed
243408098,20/03/2023,01:11:00,537893,182662,1,Mon
233409790,11/01/2023,15:40:00,537893,171612,15,Wed
942426045,09/12/2022,16:00:00,537894,191825,16,Fri
942426616,21/12/2022,13:00:00,537895,186912,13,Wed
243404519,21/03/2023,20:45:00,537895,179500,20,Tue
232428493,25/09/2022,10:00:00,537903,175963,10,Sun
232422487,07/11/2022,22:23:00,537903,172202,22,Mon
943401036,29/03/2023,16:00:00,537907,188701,16,Wed
942429916,21/12/2022,19:50:00,537908,189210,19,Wed
942427293,10/11/2022,20:29:00,537910,192795,20,Thu
233404396,18/03/2023,07:00:00,537911,174242,7,Sat
243408712,19/01/2023,18:30:00,537913,181071,18,Thu
352436079,08/12/2022,18:15:00,537919,185146,18,Thu
942422326,21/12/2022,19:30:00,537919,189058,19,Wed
233408018,29/03/2023,06:55:00,537923,174143,6,Wed
943400114,22/02/2023,09:20:00,537923,189787,9,Wed
943403763,21/02/2023,15:08:00,537923,189787,15,Tue
942420340,04/10/2022,18:00:00,537923,189787,18,Tue
243401030,03/01/2023,02:40:00,537929,179550,2,Tue
942426850,06/10/2022,16:00:00,537929,189760,16,Thu
942418459,22/09/2022,13:15:00,537933,189920,13,Thu
943404390,10/01/2023,15:21:00,537933,189920,15,Tue
942428290,11/10/2022,15:00:00,537933,189920,15,Tue
942410609,15/09/2022,17:00:00,537933,189920,17,Thu
352438754,25/10/2022,17:00:00,537933,185035,17,Tue
243406284,01/02/2023,00:01:00,537935,181440,0,Wed
242426285,22/08/2022,15:39:00,537937,181577,15,Mon
232436371,21/12/2022,10:27:00,537940,173560,10,Wed
232414109,31/07/2022,08:00:00,537946,175162,8,Sun
422425271,02/09/2022,13:10:00,537946,186884,13,Fri
242430506,21/11/2022,15:30:00,537947,180992,15,Mon
243405690,09/01/2023,15:36:00,537948,180993,15,Mon
942419954,15/07/2022,00:30:00,537954,188592,0,Fri
632425326,25/10/2022,09:40:00,537956,177267,9,Tue
632435201,18/12/2022,15:18:00,537956,177628,15,Sun
353405530,04/01/2023,18:25:00,537956,184698,18,Wed
242438872,24/10/2022,14:10:00,537959,179335,14,Mon
832430607,15/11/2022,19:00:00,537959,163735,19,Tue
942419519,17/09/2022,03:45:00,537962,189631,3,Sat
833404083,05/02/2023,16:30:00,537962,162773,16,Sun
352426435,07/08/2022,23:00:00,537969,184387,23,Sun
243406375,19/02/2023,01:00:00,537973,180470,1,Sun
632437141,13/12/2022,20:30:00,537974,177719,20,Tue
243402776,23/02/2023,22:00:00,537975,182706,22,Thu
633409223,06/02/2023,20:25:00,537979,177782,20,Mon
242433976,28/11/2022,04:37:00,537987,182605,4,Mon
243402211,10/01/2023,15:30:00,537992,179127,15,Tue
632439311,19/12/2022,17:00:00,537993,176317,17,Mon
943409751,24/01/2023,15:30:00,537994,190156,15,Tue
233406221,14/01/2023,21:45:00,537996,175807,21,Sat
242431955,17/11/2022,19:15:00,537997,182533,19,Thu
632426814,02/10/2022,01:00:00,538010,176807,1,Sun
332426502,28/10/2022,15:50:00,538011,166633,15,Fri
243405857,08/03/2023,15:40:00,538012,180933,15,Wed
832427209,16/09/2022,16:00:00,538015,162419,16,Fri
832422121,09/07/2022,21:00:00,538015,162419,21,Sat
242430190,08/10/2022,13:18:00,538016,181896,13,Sat
242434157,03/12/2022,18:44:00,538024,181037,18,Sat
233403492,02/02/2023,00:25:00,538025,172279,0,Thu
942423616,08/12/2022,12:40:00,538029,190072,12,Thu
232413477,16/07/2022,23:30:00,538030,171372,23,Sat
633406074,20/02/2023,18:30:00,538031,177818,18,Mon
352449960,19/12/2022,11:00:00,538033,183305,11,Mon
242428283,31/07/2022,17:00:00,538033,182484,17,Sun
242431529,20/12/2022,10:37:00,538034,182532,10,Tue
242424759,26/09/2022,12:40:00,538034,182532,12,Mon
242436305,13/11/2022,12:40:00,538034,182532,12,Sun
242434195,20/11/2022,16:37:00,538034,182532,16,Sun
242439175,18/11/2022,18:30:00,538034,182532,18,Fri
232420999,30/11/2022,18:30:00,538034,176596,18,Wed
242434154,08/11/2022,20:08:00,538034,182532,20,Tue
243401473,02/02/2023,22:55:00,538034,182532,22,Thu
242428213,28/07/2022,18:40:00,538039,181835,18,Thu
833406334,10/02/2023,19:20:00,538039,163874,19,Fri
942417159,20/09/2022,00:01:00,538040,188246,0,Tue
233407692,02/02/2023,18:15:00,538051,175954,18,Thu
232423546,22/10/2022,23:00:00,538051,175954,23,Sat
942410364,16/07/2022,22:20:00,538055,192852,22,Sat
242437554,08/11/2022,18:00:00,538056,181039,18,Tue
243407130,03/01/2023,22:10:00,538056,181039,22,Tue
242437147,02/12/2022,16:15:00,538061,182019,16,Fri
242437231,12/10/2022,14:40:00,538064,182864,14,Wed
943402202,30/01/2023,15:20:00,538065,190375,15,Mon
243415179,21/03/2023,11:00:00,538070,182644,11,Tue
242424710,26/06/2022,19:00:00,538070,180843,19,Sun
242430891,14/10/2022,20:32:00,538070,180843,20,Fri
942414278,11/09/2022,11:15:00,538071,189656,11,Sun
352423492,16/07/2022,16:25:00,538071,185118,16,Sat
942416678,11/09/2022,21:00:00,538071,189656,21,Sun
943404441,18/01/2023,09:00:00,538072,189905,9,Wed
942423035,07/12/2022,13:30:00,538072,189905,13,Wed
242435881,17/10/2022,00:01:00,538073,182267,0,Mon
242425041,12/07/2022,15:33:00,538073,182585,15,Tue
352446530,14/12/2022,15:40:00,538074,185288,15,Wed
233409318,29/03/2023,00:01:00,538075,175764,0,Wed
232436331,16/12/2022,08:15:00,538075,175764,8,Fri
233407465,03/03/2023,14:56:00,538075,175764,14,Fri
232430671,21/12/2022,16:48:00,538075,175764,16,Wed
232436770,06/12/2022,17:00:00,538075,175764,17,Tue
232424865,13/10/2022,22:15:00,538075,175764,22,Thu
942425234,24/11/2022,23:30:00,538075,191896,23,Thu
943409046,30/03/2023,23:45:00,538079,194529,23,Thu
352421976,20/08/2022,22:10:00,538083,184411,22,Sat
242426818,13/09/2022,11:00:00,538085,182343,11,Tue
232424140,17/08/2022,00:20:00,538089,175515,0,Wed
242433764,08/11/2022,13:30:00,538089,181988,13,Tue
942411469,23/09/2022,16:15:00,538092,187369,16,Fri
633406934,19/02/2023,20:45:00,538099,177324,20,Sun
942420570,08/10/2022,20:10:00,538106,187693,20,Sat
243406696,02/03/2023,20:30:00,538107,179243,20,Thu
633406540,06/01/2023,15:25:00,538109,176389,15,Fri
942421671,22/10/2022,20:40:00,538110,186050,20,Sat
352444491,29/12/2022,17:00:00,538119,184609,17,Thu
943403216,26/03/2023,22:30:00,538120,191495,22,Sun
233402218,29/03/2023,16:45:00,538125,176712,16,Wed
943401801,16/01/2023,14:30:00,538126,188236,14,Mon
232420804,26/09/2022,14:30:00,538129,172390,14,Mon
943401464,02/03/2023,14:20:00,538130,186400,14,Thu
243408435,13/02/2023,15:30:00,538133,180967,15,Mon
942429163,16/11/2022,08:15:00,538136,189749,8,Wed
333400901,16/01/2023,14:19:00,538136,165992,14,Mon
232412468,27/07/2022,20:15:00,538137,174681,20,Wed
942427920,03/10/2022,01:35:00,538140,186211,1,Mon
633403090,11/01/2023,18:34:00,538140,177819,18,Wed
243403289,26/03/2023,11:15:00,538146,179635,11,Sun
242427573,02/08/2022,15:00:00,538151,180860,15,Tue
943404822,02/02/2023,21:15:00,538153,188456,21,Thu
243405441,13/01/2023,13:00:00,538156,181049,13,Fri
942427753,15/11/2022,18:23:00,538156,188153,18,Tue
352421557,27/08/2022,22:35:00,538156,184859,22,Sat
942419789,26/09/2022,18:15:00,538157,186540,18,Mon
242427643,31/07/2022,19:50:00,538159,181631,19,Sun
353408881,18/01/2023,14:15:00,538161,184541,14,Wed
243407103,27/01/2023,16:20:00,538163,178863,16,Fri
353409293,04/02/2023,14:50:00,538165,184461,14,Sat
942410719,14/09/2022,17:20:00,538167,187752,17,Wed
942423966,30/12/2022,09:09:00,538170,186372,9,Fri
242428156,29/08/2022,02:40:00,538173,178586,2,Mon
232428867,11/09/2022,19:00:00,538173,170174,19,Sun
353404874,09/02/2023,20:00:00,538173,183482,20,Thu
352428288,07/09/2022,19:37:00,538174,184630,19,Wed
943401285,22/03/2023,19:27:00,538178,192799,19,Wed
232430411,13/12/2022,17:00:00,538179,176142,17,Tue
233407056,13/03/2023,14:50:00,538180,171892,14,Mon
243404356,21/02/2023,16:30:00,538181,182470,16,Tue
352436328,25/11/2022,16:00:00,538185,185024,16,Fri
232423902,04/09/2022,16:30:00,538185,175595,16,Sun
242437170,06/10/2022,19:50:00,538186,181491,19,Thu
942416425,24/07/2022,22:10:00,538186,186344,22,Sun
242449710,30/12/2022,00:10:00,538187,182508,0,Fri
232426587,08/11/2022,11:00:00,538188,175566,11,Tue
243403634,08/02/2023,15:40:00,538189,180731,15,Wed
242423047,22/08/2022,18:45:00,538190,182375,18,Mon
943402492,11/02/2023,18:15:00,538192,194190,18,Sat
242435429,20/12/2022,10:30:00,538193,181241,10,Tue
352437759,29/11/2022,22:45:00,538193,184420,22,Tue
243400409,21/03/2023,05:03:00,538194,181114,5,Tue
232426055,10/10/2022,19:00:00,538195,171872,19,Mon
942425704,21/11/2022,22:49:00,538195,190156,22,Mon
242427720,01/07/2022,23:30:00,538195,182757,23,Fri
233407790,11/01/2023,14:40:00,538198,175664,14,Wed
942428180,07/10/2022,16:10:00,538198,187519,16,Fri
633403222,26/01/2023,19:15:00,538200,177694,19,Thu
632429637,06/11/2022,21:00:00,538200,177694,21,Sun
632421509,25/11/2022,00:01:00,538203,177736,0,Fri
242420017,03/09/2022,09:10:00,538204,181211,9,Sat
233408603,03/02/2023,15:00:00,538204,175189,15,Fri
352420558,05/09/2022,17:57:00,538205,183372,17,Mon
233404103,03/02/2023,16:43:00,538206,175366,16,Fri
942420151,19/10/2022,07:00:00,538207,189964,7,Wed
353405214,06/02/2023,17:25:00,538208,185021,17,Mon
232425736,14/10/2022,11:59:00,538210,173777,11,Fri
353400793,04/02/2023,20:32:00,538215,184504,20,Sat
353403746,26/02/2023,15:50:00,538220,184689,15,Sun
353402844,09/02/2023,19:55:00,538222,183565,19,Thu
353406125,15/02/2023,16:10:00,538223,184634,16,Wed
943401960,10/01/2023,21:25:00,538225,190319,21,Tue
352439876,14/11/2022,18:35:00,538226,185144,18,Mon
942428052,01/11/2022,20:36:00,538226,194142,20,Tue
233405833,02/02/2023,18:00:00,538228,175318,18,Thu
233400254,19/02/2023,19:00:00,538228,175318,19,Sun
232421379,28/11/2022,21:00:00,538228,175318,21,Mon
232425966,25/10/2022,21:30:00,538228,175318,21,Tue
242438608,08/12/2022,03:00:00,538236,182464,3,Thu
942411693,07/07/2022,17:00:00,538238,189330,17,Thu
943400570,11/01/2023,15:45:00,538239,188000,15,Wed
943403093,24/02/2023,19:48:00,538240,193726,19,Fri
832440240,31/12/2022,18:05:00,538243,163908,18,Sat
333408366,31/03/2023,01:39:00,538246,166068,1,Fri
943401721,19/01/2023,15:25:00,538248,189550,15,Thu
942411666,12/08/2022,18:50:00,538248,189550,18,Fri
232420682,12/09/2022,19:30:00,538251,171440,19,Mon
332420533,15/11/2022,18:10:00,538254,165523,18,Tue
632427148,18/11/2022,10:55:00,538256,177729,10,Fri
242422233,30/07/2022,12:48:00,538256,179708,12,Sat
632427162,12/09/2022,14:40:00,538256,177729,14,Mon
243406702,18/01/2023,18:15:00,538256,179708,18,Wed
633404444,18/02/2023,19:05:00,538256,177729,19,Sat
353407032,22/01/2023,16:20:00,538257,185104,16,Sun
63405288,21/03/2023,00:30:00,538261,184610,0,Tue
353408490,09/01/2023,02:59:00,538261,184610,2,Mon
353402721,11/01/2023,04:00:00,538261,184610,4,Wed
352429197,27/08/2022,12:00:00,538261,184610,12,Sat
352441540,16/12/2022,13:00:00,538261,184610,13,Fri
353401696,02/03/2023,13:50:00,538261,184610,13,Thu
352434245,03/11/2022,14:02:00,538261,184610,14,Thu
353405405,11/02/2023,14:13:00,538261,184610,14,Sat
352428802,09/07/2022,14:50:00,538261,184610,14,Sat
352445430,15/12/2022,14:45:00,538261,184610,14,Thu
232421101,23/08/2022,15:10:00,538261,175685,15,Tue
63407025,23/02/2023,15:30:00,538261,184610,15,Thu
353407241,14/01/2023,16:00:00,538261,184610,16,Sat
353409753,01/02/2023,16:01:00,538261,184610,16,Wed
352430824,25/10/2022,15:55:00,538261,184610,15,Tue
353408388,18/03/2023,16:00:00,538261,184610,16,Sat
353407722,22/01/2023,17:00:00,538261,184610,17,Sun
352421753,22/07/2022,17:15:00,538261,184610,17,Fri
352445101,21/12/2022,17:25:00,538261,184610,17,Wed
352421324,28/07/2022,17:30:00,538261,184610,17,Thu
352425927,25/08/2022,17:52:00,538261,184610,17,Thu
352425303,17/07/2022,17:00:00,538261,184610,17,Sun
352436184,29/10/2022,18:10:00,538261,184610,18,Sat
353407492,27/01/2023,18:10:00,538261,184610,18,Fri
352439623,16/10/2022,18:15:00,538261,184610,18,Sun
352433034,25/10/2022,18:19:00,538261,184610,18,Tue
352441491,30/12/2022,18:00:00,538261,184610,18,Fri
353408175,15/02/2023,18:30:00,538261,184610,18,Wed
352423538,03/09/2022,19:05:00,538261,184610,19,Sat
353407384,12/02/2023,18:00:00,538261,184610,18,Sun
352429336,16/08/2022,19:00:00,538261,184610,19,Tue
352439404,23/10/2022,19:30:00,538261,184610,19,Sun
352436857,20/11/2022,19:32:00,538261,184610,19,Sun
352433544,26/10/2022,20:00:00,538261,184610,20,Wed
62417717,08/07/2022,20:45:00,538261,184610,20,Fri
352432012,06/10/2022,21:50:00,538261,184610,21,Thu
352435670,24/09/2022,22:28:00,538261,184610,22,Sat
942425703,04/11/2022,11:00:00,538262,187509,11,Fri
352425196,22/08/2022,06:00:00,538269,183900,6,Mon
562480630,26/09/2022,15:30:00,538277,174555,15,Mon
352445870,19/12/2022,16:01:00,538281,185255,16,Mon
352432316,07/11/2022,19:00:00,538281,185255,19,Mon
232419629,04/08/2022,13:10:00,538284,175647,13,Thu
633401250,07/01/2023,17:00:00,538284,177764,17,Sat
942423761,14/10/2022,15:00:00,538287,189987,15,Fri
942428842,31/10/2022,17:00:00,538288,189931,17,Mon
942416338,05/09/2022,17:20:00,538289,190250,17,Mon
942415115,23/07/2022,00:25:00,538291,191644,0,Sat
942413278,11/09/2022,04:15:00,538291,189920,4,Sun
943404965,21/03/2023,08:15:00,538291,189920,8,Tue
352433931,30/09/2022,17:40:00,538296,184678,17,Fri
632425129,26/11/2022,20:20:00,538297,177943,20,Sat
632424755,17/10/2022,20:30:00,538297,177943,20,Mon
353401125,15/02/2023,15:00:00,538301,184599,15,Wed
352423575,11/08/2022,17:15:00,538301,184548,17,Thu
353404486,01/03/2023,22:45:00,538301,184548,22,Wed
832436661,10/10/2022,16:10:00,538302,162202,16,Mon
633409524,17/02/2023,20:07:00,538302,177942,20,Fri
352444150,14/12/2022,03:00:00,538305,184621,3,Wed
632425914,01/10/2022,22:35:00,538309,177778,22,Sat
352435839,21/11/2022,02:30:00,538310,184593,2,Mon
353403018,12/03/2023,13:50:00,538310,184593,13,Sun
353409613,29/01/2023,16:30:00,538310,184593,16,Sun
352437460,23/09/2022,19:00:00,538310,184593,19,Fri
242436940,04/10/2022,21:00:00,538310,181700,21,Tue
942422554,28/11/2022,13:20:00,538311,190668,13,Mon
353403323,06/09/2022,11:00:00,538312,184688,11,Tue
943405984,10/03/2023,19:00:00,538312,194469,19,Fri
942414714,11/07/2022,13:10:00,538313,188568,13,Mon
942410797,31/08/2022,20:30:00,538315,189444,20,Wed
232435811,14/12/2022,21:30:00,538316,174893,21,Wed
943405942,05/02/2023,20:00:00,538321,189828,20,Sun
352435558,28/11/2022,17:58:00,538322,184641,17,Mon
942424451,19/10/2022,15:20:00,538326,189798,15,Wed
243406994,14/02/2023,04:30:00,538330,181015,4,Tue
232423745,11/10/2022,14:30:00,538331,175439,14,Tue
233404716,09/03/2023,19:00:00,538331,175439,19,Thu
232415086,08/07/2022,12:28:00,538332,176759,12,Fri
832432087,04/12/2022,15:30:00,538337,162189,15,Sun
942426590,11/10/2022,21:28:00,538339,188783,21,Tue
352435310,19/09/2022,14:10:00,538340,183451,14,Mon
943402693,25/02/2023,18:42:00,538345,194029,18,Sat
243407726,24/02/2023,17:00:00,538346,180745,17,Fri
232422767,06/11/2022,06:50:00,538347,175789,6,Sun
352437438,26/11/2022,14:00:00,538349,184684,14,Sat
352431433,17/10/2022,14:45:00,538349,184683,14,Mon
232412677,18/07/2022,16:00:00,538352,175689,16,Mon
242440820,31/12/2022,17:10:00,538354,181594,17,Sat
632414578,29/07/2022,12:05:00,538355,177927,12,Fri
942423326,22/12/2022,10:54:00,538357,186064,10,Thu
633400234,18/02/2023,20:30:00,538358,177501,20,Sat
352427731,03/07/2022,11:20:00,538359,184030,11,Sun
232434980,11/12/2022,18:05:00,538361,171530,18,Sun
352428203,17/07/2022,17:30:00,538362,183744,17,Sun
232429882,12/09/2022,06:50:00,538364,173338,6,Mon
833401137,11/03/2023,17:40:00,538370,163326,17,Sat
352429902,01/07/2022,17:21:00,538371,184610,17,Fri
232428634,29/09/2022,15:20:00,538376,175482,15,Thu
353407649,23/03/2023,16:00:00,538380,184616,16,Thu
943403372,08/02/2023,23:28:00,538380,191695,23,Wed
632429984,09/10/2022,21:30:00,538381,177853,21,Sun
242431050,18/09/2022,03:00:00,538384,178956,3,Sun
352432996,16/11/2022,07:40:00,538385,183485,7,Wed
353407953,01/02/2023,19:00:00,538386,183701,19,Wed
942417947,24/08/2022,00:04:00,538390,190183,0,Wed
352430964,28/10/2022,17:00:00,538392,183191,17,Fri
353402425,15/02/2023,16:00:00,538397,184587,16,Wed
242434720,02/10/2022,20:39:00,538401,180570,20,Sun
243407569,25/03/2023,19:00:00,538404,180291,19,Sat
352436989,10/12/2022,18:16:00,538405,184580,18,Sat
442418535,06/07/2022,20:50:00,538406,184656,20,Wed
563415951,13/02/2023,07:45:00,538411,184645,7,Mon
632416946,04/07/2022,12:50:00,538413,177660,12,Mon
243406971,16/01/2023,09:00:00,538414,181141,9,Mon
243400121,11/01/2023,16:03:00,538420,178524,16,Wed
232414917,10/07/2022,17:30:00,538422,175389,17,Sun
243404086,01/03/2023,14:20:00,538426,178457,14,Wed
352429813,19/07/2022,02:40:00,538427,183639,2,Tue
233408506,03/03/2023,16:30:00,538430,175603,16,Fri
942423754,28/11/2022,15:30:00,538432,185626,15,Mon
942418445,27/07/2022,16:15:00,538432,185730,16,Wed
942424801,08/10/2022,00:15:00,538434,191751,0,Sat
232429074,02/10/2022,02:00:00,538435,175385,2,Sun
233406335,28/02/2023,17:10:00,538435,175385,17,Tue
232424560,19/08/2022,18:40:00,538435,173927,18,Fri
232429607,25/10/2022,17:55:00,538438,174897,17,Tue
232429523,16/09/2022,14:19:00,538439,171268,14,Fri
942418926,07/08/2022,22:05:00,538439,192995,22,Sun
232421465,13/10/2022,08:30:00,538440,175565,8,Thu
943408072,08/02/2023,12:55:00,538440,187832,12,Wed
353404935,16/02/2023,16:15:00,538440,184632,16,Thu
942413247,23/08/2022,22:55:00,538445,192641,22,Tue
233404264,18/02/2023,04:30:00,538448,175587,4,Sat
243407406,22/02/2023,15:30:00,538448,180727,15,Wed
942415176,13/08/2022,14:20:00,538449,186262,14,Sat
242439736,21/11/2022,09:30:00,538459,179374,9,Mon
232416768,28/07/2022,17:45:00,538462,174836,17,Thu
832427218,08/09/2022,20:30:00,538462,162042,20,Thu
942420504,21/11/2022,15:45:00,538463,185604,15,Mon
232421559,16/11/2022,22:30:00,538463,175235,22,Wed
243407780,08/01/2023,08:00:00,538464,181020,8,Sun
632424847,08/11/2022,09:25:00,538476,177539,9,Tue
633404917,22/03/2023,15:05:00,538476,177539,15,Wed
353402629,21/03/2023,17:10:00,538476,184565,17,Tue
633400771,21/01/2023,22:45:00,538476,177539,22,Sat
233405640,04/01/2023,17:50:00,538477,175545,17,Wed
352427396,05/08/2022,11:00:00,538480,183724,11,Fri
352425524,27/07/2022,20:25:00,538482,183817,20,Wed
942423643,14/11/2022,04:00:00,538487,186295,4,Mon
943403783,17/02/2023,17:00:00,538491,194199,17,Fri
942420293,19/11/2022,20:30:00,538491,185483,20,Sat
233409612,26/01/2023,01:42:00,538493,175540,1,Thu
232424555,10/10/2022,16:00:00,538493,175540,16,Mon
942422390,11/10/2022,15:45:00,538496,188587,15,Tue
242434860,06/10/2022,14:04:00,538509,178527,14,Thu
232423004,26/09/2022,02:30:00,538512,174617,2,Mon
942425811,14/10/2022,15:10:00,538514,185498,15,Fri
942421684,26/11/2022,01:12:00,538522,190554,1,Sat
943408025,14/03/2023,22:10:00,538523,186330,22,Tue
942425346,25/12/2022,10:17:00,538533,191097,10,Sun
352421675,11/08/2022,17:19:00,538533,184421,17,Thu
942426604,15/11/2022,18:30:00,538534,190539,18,Tue
942413744,14/07/2022,23:05:00,538537,186555,23,Thu
232424557,04/11/2022,14:15:00,538546,175544,14,Fri
632423425,13/10/2022,10:00:00,538548,177095,10,Thu
943403543,18/02/2023,14:00:00,538550,189713,14,Sat
942422833,12/11/2022,17:10:00,538557,190178,17,Sat
352421214,27/07/2022,15:00:00,538563,184374,15,Wed
233400890,11/01/2023,16:16:00,538563,175501,16,Wed
353405966,28/02/2023,17:55:00,538563,184374,17,Tue
353413901,24/03/2023,17:30:00,538563,184374,17,Fri
352425554,26/07/2022,19:00:00,538563,184374,19,Tue
943409743,19/02/2023,01:00:00,538566,190967,1,Sun
942419218,02/09/2022,21:00:00,538583,191298,21,Fri
352432657,20/11/2022,14:55:00,538588,184099,14,Sun
353401111,11/01/2023,11:30:00,538600,184427,11,Wed
352424006,13/08/2022,20:45:00,538600,184427,20,Sat
943403115,13/03/2023,15:15:00,538608,188453,15,Mon
352439140,13/09/2022,15:00:00,538621,184433,15,Tue
352434113,15/10/2022,04:45:00,538631,185254,4,Sat
942426860,08/10/2022,11:26:00,538632,188854,11,Sat
232416067,16/07/2022,17:15:00,538638,174298,17,Sat
242423008,11/09/2022,00:01:00,538652,181426,0,Sun
232420085,14/10/2022,19:00:00,538655,174741,19,Fri
352433624,24/10/2022,18:40:00,538664,184350,18,Mon
353407454,09/02/2023,21:40:00,538664,184350,21,Thu
632428566,24/10/2022,20:30:00,538671,178068,20,Mon
353402858,16/03/2023,16:45:00,538688,184434,16,Thu
632425344,03/10/2022,21:31:00,538689,178057,21,Mon
352427002,08/07/2022,19:50:00,538690,184407,19,Fri
242427422,20/07/2022,20:36:00,538692,181192,20,Wed
352438762,11/10/2022,17:46:00,538702,184404,17,Tue
353409495,21/02/2023,20:00:00,538702,184460,20,Tue
352438148,27/11/2022,19:30:00,538704,184818,19,Sun
942422004,20/11/2022,12:30:00,538708,188123,12,Sun
942411126,05/08/2022,12:00:00,538710,191862,12,Fri
232426488,19/11/2022,02:35:00,538726,172664,2,Sat
352420163,22/07/2022,19:30:00,538729,185033,19,Fri
352428848,03/09/2022,19:02:00,538731,184421,19,Sat
243412010,29/03/2023,17:50:00,538738,180836,17,Wed
242420396,01/09/2022,20:10:00,538738,180836,20,Thu
233400381,21/01/2023,13:30:00,538739,174677,13,Sat
242430423,28/10/2022,17:20:00,538742,181131,17,Fri
352434618,25/11/2022,15:30:00,538751,184441,15,Fri
352427603,17/07/2022,22:00:00,538758,184087,22,Sun
942426521,15/10/2022,10:00:00,538762,194384,10,Sat
942416609,15/09/2022,16:00:00,538762,194384,16,Thu
942416868,10/09/2022,12:00:00,538762,194384,12,Sat
242438107,29/11/2022,20:50:00,538766,180877,20,Tue
352435885,03/11/2022,00:20:00,538769,183927,0,Thu
943406520,04/01/2023,19:30:00,538769,187040,19,Wed
352426083,24/07/2022,23:30:00,538771,184053,23,Sun
352427876,21/08/2022,01:40:00,538783,185001,1,Sun
232417727,12/07/2022,21:14:00,538795,174833,21,Tue
943405412,30/01/2023,21:07:00,538798,190248,21,Mon
322429454,09/08/2022,19:00:00,538801,185008,19,Tue
942422756,28/12/2022,02:00:00,538809,189655,2,Wed
943401346,30/03/2023,11:45:00,538824,192972,11,Thu
943404402,30/01/2023,19:45:00,538824,186699,19,Mon
233400806,09/03/2023,02:55:00,538825,173330,2,Thu
352439620,20/09/2022,15:25:00,538830,184370,15,Tue
243403828,15/03/2023,07:15:00,538831,180797,7,Wed
352433105,31/10/2022,12:55:00,538834,184438,12,Mon
233404245,01/03/2023,15:24:00,538845,171151,15,Wed
232425726,20/10/2022,19:45:00,538849,175401,19,Thu
352430718,25/11/2022,15:41:00,538849,184330,15,Fri
942414348,07/09/2022,01:30:00,538850,187798,1,Wed
942420560,07/10/2022,09:00:00,538853,189856,9,Fri
233407921,15/01/2023,19:00:00,538854,176117,19,Sun
942421206,19/12/2022,16:20:00,538859,194474,16,Mon
942422421,15/10/2022,18:26:00,538859,194474,18,Sat
942425420,01/10/2022,20:15:00,538863,188563,20,Sat
353401404,05/02/2023,17:25:00,538864,184385,17,Sun
352422054,30/07/2022,11:58:00,538865,184355,11,Sat
352424022,10/07/2022,14:43:00,538865,184355,14,Sun
352435342,08/10/2022,17:00:00,538865,184355,17,Sat
352432722,08/10/2022,17:20:00,538865,184355,17,Sat
153407264,05/03/2023,01:00:00,538868,182331,1,Sun
232424964,03/10/2022,17:35:00,538872,171445,17,Mon
352433028,25/11/2022,16:40:00,538877,184626,16,Fri
353405284,12/02/2023,18:00:00,538877,184626,18,Sun
352422918,30/08/2022,23:30:00,538877,184626,23,Tue
352421153,19/07/2022,00:01:00,538877,184626,0,Tue
352434926,08/11/2022,18:00:00,538887,185563,18,Tue
352434501,27/09/2022,22:00:00,538887,184371,22,Tue
633402984,22/02/2023,16:45:00,538888,175953,16,Wed
352423701,30/06/2022,21:30:00,538891,184376,21,Thu
632424448,24/10/2022,13:35:00,538901,180108,13,Mon
232422812,05/09/2022,19:35:00,538905,174270,19,Mon
942429126,20/12/2022,14:50:00,538910,194464,14,Tue
352440502,30/12/2022,23:00:00,538912,184391,23,Fri
942420566,29/12/2022,16:40:00,538914,192986,16,Thu
243404248,15/03/2023,07:20:00,538915,180818,7,Wed
243407436,25/02/2023,13:10:00,538915,180818,13,Sat
243406902,18/01/2023,23:56:00,538915,180818,23,Wed
942413353,03/07/2022,01:00:00,538917,187925,1,Sun
942422343,10/11/2022,20:30:00,538919,187095,20,Thu
352431351,02/10/2022,00:30:00,538926,184426,0,Sun
353406512,07/01/2023,11:22:00,538926,184426,11,Sat
353400047,03/03/2023,14:25:00,538926,184426,14,Fri
353401848,15/03/2023,22:10:00,538926,184426,22,Wed
352437281,03/10/2022,18:00:00,538926,184426,18,Mon
942423044,26/11/2022,00:30:00,538927,192741,0,Sat
942415517,19/08/2022,15:15:00,538927,191670,15,Fri
943400881,27/01/2023,18:50:00,538927,191670,18,Fri
943408776,30/03/2023,18:40:00,538933,194478,18,Thu
632420532,09/09/2022,14:56:00,538934,178269,14,Fri
942420075,14/12/2022,11:49:00,538952,187362,11,Wed
352420355,07/08/2022,23:00:00,538953,183746,23,Sun
243408828,15/03/2023,07:30:00,538954,180813,7,Wed
352429631,03/07/2022,21:00:00,538959,185177,21,Sun
353404047,06/03/2023,15:30:00,538961,184306,15,Mon
353401381,18/01/2023,15:00:00,538967,184512,15,Wed
352424274,02/08/2022,12:15:00,538968,184348,12,Tue
352430479,08/12/2022,22:00:00,538968,184348,22,Thu
352434844,27/10/2022,01:00:00,538978,184526,1,Thu
942429070,08/10/2022,13:00:00,538984,185946,13,Sat
232429567,03/11/2022,13:00:00,538986,173171,13,Thu
943409292,11/02/2023,18:45:00,538986,193050,18,Sat
943405010,02/01/2023,17:50:00,538993,194311,17,Mon
232429918,11/11/2022,20:30:00,538996,170593,20,Fri
352438948,28/11/2022,13:30:00,538997,184328,13,Mon
352421555,10/08/2022,00:30:00,538999,183715,0,Wed
633406392,02/02/2023,19:00:00,539004,178023,19,Thu
633409316,09/03/2023,22:00:00,539005,179752,22,Thu
352428286,13/08/2022,20:53:00,539013,183285,20,Sat
353406730,04/01/2023,22:09:00,539020,184390,22,Wed
352439207,15/11/2022,23:20:00,539027,184591,23,Tue
232414388,30/07/2022,23:30:00,539030,174552,23,Sat
633407381,22/01/2023,18:56:00,539034,178165,18,Sun
632423104,29/09/2022,20:00:00,539035,178029,20,Thu
943408094,09/03/2023,18:20:00,539036,187058,18,Thu
632423585,19/10/2022,11:45:00,539055,177256,11,Wed
942427466,29/12/2022,18:14:00,539055,194255,18,Thu
943403541,22/01/2023,19:24:00,539055,194255,19,Sun
942429214,22/11/2022,21:15:00,539055,194255,21,Tue
943400251,23/01/2023,17:50:00,539060,194264,17,Mon
943401251,23/01/2023,18:16:00,539060,194264,18,Mon
943404853,20/02/2023,17:35:00,539062,192990,17,Mon
233406802,25/01/2023,00:35:00,539063,175171,0,Wed
233402893,14/02/2023,07:44:00,539068,171255,7,Tue
233404614,13/02/2023,12:25:00,539073,172182,12,Mon
352429844,05/06/2022,19:40:00,539076,184729,19,Sun
353409359,24/03/2023,18:30:00,539078,184897,18,Fri
353405617,24/02/2023,19:55:00,539080,184507,19,Fri
943406982,10/02/2023,13:30:00,539105,194578,13,Fri
353406198,18/03/2023,05:00:00,539111,181947,5,Sat
333400493,23/02/2023,13:08:00,539112,164193,13,Thu
942423312,27/10/2022,18:49:00,539118,194148,18,Thu
352438092,13/10/2022,15:35:00,539119,185021,15,Thu
333400572,07/02/2023,14:14:00,539121,165400,14,Tue
352423357,27/08/2022,09:00:00,539123,184716,9,Sat
353400863,02/02/2023,15:30:00,539123,184716,15,Thu
632421838,17/11/2022,16:40:00,539124,178472,16,Thu
233401616,09/03/2023,19:15:00,539127,174173,19,Thu
633403181,22/01/2023,15:45:00,539128,180123,15,Sun
632432601,16/12/2022,10:00:00,539128,180123,10,Fri
352444731,24/12/2022,13:30:00,539129,185427,13,Sat
353409274,11/02/2023,17:45:00,539129,185427,17,Sat
632417417,08/07/2022,18:00:00,539130,180122,18,Fri
632428422,07/08/2022,21:00:00,539130,180122,21,Sun
632413549,06/08/2022,22:36:00,539130,180122,22,Sat
352421785,12/08/2022,16:45:00,539132,183699,16,Fri
352436061,03/10/2022,00:22:00,539134,185077,0,Mon
633404701,12/01/2023,10:00:00,539134,177986,10,Thu
352437789,10/12/2022,15:00:00,539137,185062,15,Sat
352430215,01/11/2022,01:36:00,539138,185152,1,Tue
632423445,16/10/2022,12:08:00,539140,178762,12,Sun
353400076,28/02/2023,18:27:00,539141,184953,18,Tue
352428072,14/07/2022,16:30:00,539145,185137,16,Thu
942411114,11/07/2022,00:44:00,539147,186094,0,Mon
352435533,17/10/2022,11:50:00,539150,184519,11,Mon
632414698,01/08/2022,16:50:00,539153,179298,16,Mon
353403286,01/03/2023,21:00:00,539153,185455,21,Wed
352433128,26/11/2022,08:30:00,539155,183280,8,Sat
353405720,03/01/2023,21:00:00,539155,184228,21,Tue
942418327,21/08/2022,03:00:00,539157,193357,3,Sun
942422640,04/10/2022,12:52:00,539161,185669,12,Tue
352439280,25/09/2022,16:30:00,539161,184124,16,Sun
633407546,15/03/2023,00:40:00,539164,179825,0,Wed
633403763,11/02/2023,04:00:00,539164,179825,4,Sat
632433461,27/12/2022,17:15:00,539164,179825,17,Tue
632439731,22/12/2022,19:20:00,539164,179825,19,Thu
632426712,22/08/2022,20:30:00,539164,179825,20,Mon
633409607,21/03/2023,11:20:00,539168,179827,11,Tue
353418430,28/03/2023,19:29:00,539168,184787,19,Tue
632412128,23/07/2022,23:30:00,539168,179827,23,Sat
942412576,14/08/2022,03:56:00,539174,186186,3,Sun
443404224,23/02/2023,21:03:00,539176,186188,21,Thu
353409009,20/03/2023,06:46:00,539179,185016,6,Mon
943401290,14/01/2023,11:55:00,539187,187443,11,Sat
353406956,25/02/2023,00:01:00,539188,184930,0,Sat
352428692,16/07/2022,17:00:00,539189,182923,17,Sat
943400244,02/03/2023,14:49:00,539190,194603,14,Thu
943403984,02/03/2023,15:40:00,539190,194603,15,Thu
942417328,29/08/2022,04:25:00,539191,185985,4,Mon
352421901,29/06/2022,00:55:00,539193,185428,0,Wed
352449841,26/12/2022,10:30:00,539199,181732,10,Mon
353400140,05/01/2023,10:45:00,539204,183080,10,Thu
632433661,28/12/2022,08:20:00,539209,176795,8,Wed
633401774,23/02/2023,09:17:00,539209,176795,9,Thu
232415426,02/07/2022,20:45:00,539209,176795,20,Sat
633402000,31/12/2022,22:53:00,539209,176795,22,Sat
233409506,08/03/2023,19:10:00,539220,173254,19,Wed
152410982,12/07/2022,16:15:00,539221,186362,16,Tue
232413116,30/06/2022,16:30:00,539222,174447,16,Thu
353401601,11/01/2023,09:10:00,539224,183923,9,Wed
233407081,21/01/2023,12:15:00,539225,175032,12,Sat
352429715,06/08/2022,03:00:00,539228,184464,3,Sat
352422302,09/07/2022,02:06:00,539236,184989,2,Sat
942429374,01/12/2022,02:40:00,539239,186439,2,Thu
942411884,15/07/2022,01:00:00,539242,194486,1,Fri
333404802,28/01/2023,23:00:00,539244,167876,23,Sat
352428506,14/08/2022,03:00:00,539246,184345,3,Sun
633404711,14/01/2023,16:15:00,539250,179831,16,Sat
353400656,26/02/2023,18:10:00,539255,183625,18,Sun
242427898,21/09/2022,00:45:00,539256,180903,0,Wed
352425754,01/08/2022,02:40:00,539256,185053,2,Mon
942429404,19/11/2022,11:00:00,539259,194201,11,Sat
943402292,11/02/2023,17:13:00,539263,187211,17,Sat
353408009,19/03/2023,20:30:00,539266,183897,20,Sun
942421510,30/09/2022,20:27:00,539278,188080,20,Fri
632411926,02/07/2022,12:03:00,539279,177928,12,Sat
352427549,13/09/2022,18:15:00,539283,182913,18,Tue
352442301,21/12/2022,14:00:00,539286,183727,14,Wed
352420648,01/09/2022,00:22:00,539294,183912,0,Thu
233400984,23/02/2023,09:00:00,539305,176390,9,Thu
352446010,12/12/2022,11:30:00,539310,183840,11,Mon
942429390,11/10/2022,16:45:00,539316,187369,16,Tue
352427265,09/08/2022,19:00:00,539323,183836,19,Tue
632421831,29/08/2022,02:30:00,539325,179897,2,Mon
63406293,13/02/2023,12:15:00,539328,181672,12,Mon
633404524,17/02/2023,16:00:00,539337,178704,16,Fri
353409770,04/01/2023,12:38:00,539340,181302,12,Wed
633404924,18/02/2023,16:59:00,539340,179914,16,Sat
352449630,15/12/2022,21:40:00,539342,184849,21,Thu
233409964,21/02/2023,17:25:00,539347,175120,17,Tue
632422214,30/09/2022,23:05:00,539347,180084,23,Fri
633401550,07/01/2023,23:40:00,539347,180084,23,Sat
233404863,08/02/2023,15:55:00,539351,175187,15,Wed
353418010,29/03/2023,11:30:00,539356,182192,11,Wed
233408304,13/02/2023,16:30:00,539361,175054,16,Mon
942426415,06/12/2022,15:50:00,539363,186391,15,Tue
943405060,09/01/2023,20:40:00,539363,187399,20,Mon
232428771,25/08/2022,14:50:00,539372,176434,14,Thu
352444340,16/12/2022,01:50:00,539373,183716,1,Fri
353415140,31/03/2023,00:15:00,539375,183580,0,Fri
233403924,13/02/2023,16:15:00,539375,174699,16,Mon
942411669,23/09/2022,22:25:00,539375,187898,22,Fri
352426243,10/07/2022,22:00:00,539382,182630,22,Sun
943408531,20/01/2023,20:30:00,539387,191919,20,Fri
233407174,21/02/2023,17:20:00,539388,175178,17,Tue
232422921,26/08/2022,13:50:00,539407,174623,13,Fri
232434771,21/12/2022,19:00:00,539407,171774,19,Wed
942414838,02/09/2022,04:00:00,539410,187202,4,Fri
233402417,17/03/2023,00:01:00,539410,171986,0,Fri
563400387,30/01/2023,02:38:00,539418,194563,2,Mon
353400141,14/01/2023,14:13:00,539418,185039,14,Sat
352431768,29/11/2022,16:30:00,539418,185039,16,Tue
633402001,12/01/2023,18:15:00,539418,179756,18,Thu
243402483,03/02/2023,16:30:00,539438,180724,16,Fri
233402053,08/02/2023,16:20:00,539445,175176,16,Wed
353402820,01/01/2023,20:26:00,539445,181352,20,Sun
332410273,03/07/2022,06:30:00,539449,169267,6,Sun
332426270,07/10/2022,11:00:00,539462,170583,11,Fri
233407516,09/03/2023,16:30:00,539469,174936,16,Thu
633407542,29/01/2023,17:50:00,539471,179916,17,Sun
232421919,22/11/2022,20:30:00,539474,172106,20,Tue
352423777,30/08/2022,02:15:00,539485,181629,2,Tue
353408521,13/01/2023,11:30:00,539487,181584,11,Fri
352431127,16/11/2022,19:30:00,539490,182198,19,Wed
352446101,21/12/2022,17:10:00,539491,183622,17,Wed
353409610,03/01/2023,01:45:00,539497,181473,1,Tue
632435491,30/12/2022,19:40:00,539500,179878,19,Fri
233406973,11/02/2023,11:10:00,539502,174933,11,Sat
352438297,23/11/2022,15:43:00,539502,181466,15,Wed
233406665,03/03/2023,17:00:00,539502,171069,17,Fri
352426458,05/09/2022,14:40:00,539513,184629,14,Mon
942417905,22/07/2022,17:30:00,539513,186487,17,Fri
353408264,11/02/2023,02:30:00,539515,181441,2,Sat
352428088,07/09/2022,14:10:00,539515,181441,14,Wed
233403024,16/02/2023,15:15:00,539518,174875,15,Thu
352428168,24/08/2022,20:00:00,539518,182042,20,Wed
352436142,09/10/2022,14:30:00,539522,181408,14,Sun
352438474,28/10/2022,21:20:00,539524,184589,21,Fri
352423509,10/09/2022,00:14:00,539526,181521,0,Sat
232419016,01/07/2022,07:35:00,539527,175391,7,Fri
352436568,26/11/2022,20:50:00,539528,182090,20,Sat
333405303,10/02/2023,22:20:00,539533,169202,22,Fri
633401993,15/02/2023,02:00:00,539534,178361,2,Wed
353403413,27/01/2023,14:30:00,539536,185077,14,Fri
352434114,21/10/2022,18:30:00,539539,181518,18,Fri
352426168,05/09/2022,21:00:00,539539,181518,21,Mon
332412936,08/08/2022,14:00:00,539542,183591,14,Mon
352426118,01/09/2022,20:30:00,539556,185847,20,Thu
632410366,04/07/2022,12:55:00,539562,178710,12,Mon
942429594,03/12/2022,20:06:00,539563,186121,20,Sat
353409373,03/02/2023,02:55:00,539564,183563,2,Fri
232434212,15/12/2022,10:43:00,539578,171013,10,Thu
233400711,13/01/2023,17:25:00,539578,174826,17,Fri
633409077,27/03/2023,19:19:00,539581,178527,19,Mon
353405526,22/02/2023,00:30:00,539582,181709,0,Wed
352422481,05/07/2022,15:50:00,539582,181179,15,Tue
353401981,19/01/2023,04:00:00,539583,182533,4,Thu
353400508,04/03/2023,15:00:00,539585,183236,15,Sat
352439297,23/11/2022,15:40:00,539587,181658,15,Wed
353401665,17/02/2023,15:36:00,539591,184772,15,Fri
332428190,12/10/2022,19:25:00,539597,167505,19,Wed
233406202,24/01/2023,13:30:00,539600,171796,13,Tue
352430125,01/11/2022,17:58:00,539604,183171,17,Tue
352435103,14/10/2022,11:43:00,539606,181619,11,Fri
352439468,27/11/2022,20:05:00,539610,184151,20,Sun
352432508,24/11/2022,14:14:00,539619,182074,14,Thu
352426424,28/07/2022,21:00:00,539622,183306,21,Thu
353402894,13/02/2023,12:00:00,539624,181120,12,Mon
942414598,09/09/2022,20:35:00,539626,187614,20,Fri
232415278,29/07/2022,07:13:00,539637,172550,7,Fri
232418027,11/07/2022,16:45:00,539642,174733,16,Mon
632429784,07/10/2022,15:30:00,539643,179240,15,Fri
352434490,25/09/2022,17:55:00,539645,181512,17,Sun
942422581,23/10/2022,16:57:00,539651,187591,16,Sun
352447951,27/12/2022,17:14:00,539658,182201,17,Tue
232422061,25/08/2022,13:45:00,539664,174795,13,Thu
352436107,16/11/2022,10:20:00,539678,184449,10,Wed
352434720,20/09/2022,15:45:00,539678,181771,15,Tue
353400042,23/01/2023,13:45:00,539679,181142,13,Mon
332422205,08/12/2022,06:05:00,539684,168509,6,Thu
353402225,15/02/2023,18:15:00,539693,181784,18,Wed
352431765,05/11/2022,09:00:00,539699,184712,9,Sat
352431046,10/11/2022,20:30:00,539699,183552,20,Thu
353408283,03/02/2023,20:35:00,539699,184712,20,Fri
352423713,11/07/2022,07:05:00,539708,181793,7,Mon
352431197,23/11/2022,15:00:00,539708,181793,15,Wed
232420338,13/11/2022,13:20:00,539710,176331,13,Sun
942413786,15/08/2022,14:15:00,539713,187637,14,Mon
352443701,22/12/2022,00:01:00,539720,181806,0,Thu
632423503,18/09/2022,00:10:00,539738,179552,0,Sun
352436752,10/10/2022,22:20:00,539738,181767,22,Mon
233405334,17/02/2023,18:30:00,539751,175558,18,Fri
233401540,06/01/2023,08:50:00,539752,174560,8,Fri
233402234,17/02/2023,14:45:00,539753,174942,14,Fri
232436611,14/12/2022,15:00:00,539753,174942,15,Wed
233408023,05/02/2023,19:00:00,539753,174942,19,Sun
233403844,17/02/2023,18:39:00,539762,175130,18,Fri
353415940,30/03/2023,17:30:00,539769,181724,17,Thu
442427921,01/10/2022,19:30:00,539782,187920,19,Sat
353408306,22/02/2023,08:30:00,539784,184689,8,Wed
353408607,25/02/2023,21:30:00,539784,181512,21,Sat
632414679,10/08/2022,18:40:00,539789,171038,18,Wed
352427681,07/07/2022,20:00:00,539797,182342,20,Thu
233404374,21/02/2023,18:00:00,539798,175211,18,Tue
352427671,07/07/2022,10:31:00,539805,180958,10,Thu
352434185,06/11/2022,19:52:00,539808,181091,19,Sun
942429206,19/12/2022,15:45:00,539826,186220,15,Mon
352429184,03/08/2022,09:10:00,539828,181617,9,Wed
352425895,12/08/2022,00:45:00,539829,182587,0,Fri
442416299,13/09/2022,18:00:00,539829,190371,18,Tue
632424068,18/11/2022,18:15:00,539833,178768,18,Fri
233403676,16/03/2023,14:10:00,539838,174956,14,Thu
352445560,18/12/2022,22:00:00,539839,183185,22,Sun
353403497,11/03/2023,00:54:00,539843,181837,0,Sat
352444910,13/12/2022,22:00:00,539843,181837,22,Tue
352423443,17/07/2022,23:30:00,539853,181035,23,Sun
332414884,15/07/2022,14:59:00,539860,171096,14,Fri
232425642,08/09/2022,13:08:00,539873,174878,13,Thu
352436614,24/10/2022,15:40:00,539875,181639,15,Mon
442427282,20/10/2022,17:27:00,539885,187979,17,Thu
352422894,04/08/2022,11:00:00,539886,183164,11,Thu
352433865,05/11/2022,19:00:00,539888,182134,19,Sat
352422591,07/07/2022,14:57:00,539891,183585,14,Thu
332418483,05/07/2022,22:00:00,539892,166848,22,Tue
232414847,28/06/2022,15:30:00,539897,174804,15,Tue
232425629,23/11/2022,12:00:00,539904,174881,12,Wed
442427555,23/11/2022,21:50:00,539904,189338,21,Wed
352435050,22/09/2022,13:45:00,539911,185745,13,Thu
353409108,11/03/2023,18:00:00,539915,185251,18,Sat
352431566,13/11/2022,15:45:00,539918,181483,15,Sun
232422947,03/11/2022,18:15:00,539922,174513,18,Thu
442425295,23/11/2022,22:00:00,539923,189466,22,Wed
442427961,06/10/2022,19:30:00,539926,190257,19,Thu
352428241,01/07/2022,15:30:00,539938,181905,15,Fri
233403137,22/03/2023,05:00:00,539941,171949,5,Wed
633409313,05/02/2023,20:10:00,539947,177105,20,Sun
632429235,14/10/2022,23:30:00,539947,177284,23,Fri
233403776,14/03/2023,17:30:00,539949,174357,17,Tue
352432400,18/09/2022,13:30:00,539951,182991,13,Sun
352422999,17/09/2022,20:30:00,539954,181241,20,Sat
352431596,15/11/2022,18:50:00,539957,183078,18,Tue
332425653,17/11/2022,09:00:00,539970,168317,9,Thu
332413926,08/08/2022,16:36:00,539977,169059,16,Mon
333405627,31/03/2023,16:00:00,539977,169059,16,Fri
232420622,06/09/2022,16:00:00,539980,171391,16,Tue
232428398,19/11/2022,22:54:00,539982,174175,22,Sat
633405047,24/03/2023,16:00:00,539985,174953,16,Fri
442424307,11/12/2022,23:00:00,540010,190972,23,Sun
332423984,06/12/2022,17:50:00,540012,169254,17,Tue
352439040,21/09/2022,18:53:00,540013,181043,18,Wed
442426087,21/12/2022,17:20:00,540018,191959,17,Wed
62431102,15/12/2022,16:00:00,540021,193733,16,Thu
232428580,21/08/2022,21:54:00,540021,173893,21,Sun
352422548,04/09/2022,03:38:00,540024,181794,3,Sun
352435292,12/10/2022,17:00:00,540025,183491,17,Wed
352434755,04/11/2022,19:30:00,540025,185589,19,Fri
353409664,11/02/2023,12:00:00,540027,181661,12,Sat
632412378,29/07/2022,15:50:00,540028,174925,15,Fri
352422895,13/08/2022,15:10:00,540035,181635,15,Sat
442425035,21/11/2022,07:45:00,540047,190087,7,Mon
942417879,13/09/2022,23:00:00,540047,187918,23,Tue
233400563,10/02/2023,13:30:00,540049,171805,13,Fri
233406264,19/02/2023,18:00:00,540049,173983,18,Sun
332412538,06/09/2022,14:30:00,540050,168545,14,Tue
352430251,01/10/2022,21:01:00,540058,183305,21,Sat
352431978,30/11/2022,23:30:00,540058,183305,23,Wed
233406274,21/02/2023,17:52:00,540062,174401,17,Tue
632426218,14/11/2022,15:30:00,540064,177357,15,Mon
233405564,21/02/2023,09:45:00,540065,173850,9,Tue
562464838,10/11/2022,19:10:00,540069,185499,19,Thu
332425425,11/12/2022,01:30:00,540072,166166,1,Sun
333400726,18/03/2023,16:45:00,540072,169131,16,Sat
352432910,19/09/2022,21:22:00,540082,181667,21,Mon
332424491,26/10/2022,22:49:00,540087,169475,22,Wed
352439334,26/10/2022,03:03:00,540092,182088,3,Wed
353408171,17/01/2023,15:20:00,540102,184904,15,Tue
232422588,19/11/2022,03:30:00,540104,171702,3,Sat
442416786,03/08/2022,15:18:00,540104,192106,15,Wed
352449261,27/12/2022,22:15:00,540115,183270,22,Tue
352436825,20/10/2022,00:05:00,540116,183221,0,Thu
942422254,28/11/2022,00:45:00,540117,186251,0,Mon
443407095,16/03/2023,16:00:00,540118,188259,16,Thu
332420290,12/10/2022,15:15:00,540130,169373,15,Wed
332412376,14/08/2022,12:57:00,540136,171309,12,Sun
332416363,03/07/2022,14:10:00,540137,165973,14,Sun
332420031,17/10/2022,17:00:00,540139,169416,17,Mon
352420731,04/07/2022,01:00:00,540147,182962,1,Mon
352428743,21/07/2022,21:03:00,540147,182962,21,Thu
353403714,06/02/2023,18:09:00,540153,181572,18,Mon
442414856,30/07/2022,02:45:00,540155,192250,2,Sat
352425951,05/07/2022,16:30:00,540159,183919,16,Tue
352436155,04/11/2022,13:25:00,540161,181672,13,Fri
352430866,12/11/2022,19:00:00,540174,184948,19,Sat
352424027,24/08/2022,23:40:00,540175,184737,23,Wed
443402673,18/02/2023,14:30:00,540181,188446,14,Sat
353402582,27/01/2023,02:50:00,540184,185328,2,Fri
353401937,01/03/2023,00:15:00,540191,184580,0,Wed
333408603,10/02/2023,09:32:00,540199,169278,9,Fri
333404253,17/02/2023,13:52:00,540199,169278,13,Fri
333403014,24/02/2023,17:30:00,540199,169278,17,Fri
333409734,24/02/2023,17:35:00,540199,169278,17,Fri
352432509,03/12/2022,01:52:00,540200,182175,1,Sat
332417016,05/08/2022,13:00:00,540206,169434,13,Fri
333404281,26/01/2023,13:17:00,540206,169434,13,Thu
332415508,02/09/2022,15:12:00,540206,169434,15,Fri
332418556,11/08/2022,18:33:00,540211,169305,18,Thu
332427271,23/10/2022,00:01:00,540217,169342,0,Sun
332413336,08/08/2022,14:00:00,540217,169118,14,Mon
333409564,04/03/2023,16:30:00,540217,169118,16,Sat
332423385,19/12/2022,17:00:00,540217,169342,17,Mon
442418999,14/09/2022,11:22:00,540232,190453,11,Wed
352443100,12/12/2022,04:30:00,540240,182090,4,Mon
332410739,20/09/2022,17:10:00,540240,169349,17,Tue
632428780,23/08/2022,16:10:00,540243,175929,16,Tue
353407374,11/02/2023,18:45:00,540253,181442,18,Sat
333407721,18/01/2023,18:00:00,540253,169034,18,Wed
352438119,03/12/2022,16:10:00,540256,182349,16,Sat
353400225,14/02/2023,18:40:00,540260,181578,18,Tue
352425695,13/08/2022,16:25:00,540267,184145,16,Sat
352420651,03/07/2022,20:56:00,540267,184145,20,Sun
352439980,26/09/2022,12:20:00,540270,181309,12,Mon
833402560,07/01/2023,01:10:00,540271,169254,1,Sat
333400604,24/02/2023,17:30:00,540271,169254,17,Fri
332414188,01/09/2022,22:00:00,540271,168982,22,Thu
332418664,17/07/2022,13:04:00,540273,164868,13,Sun
333408253,17/02/2023,14:00:00,540283,169115,14,Fri
633406715,28/02/2023,10:38:00,540287,178578,10,Tue
332425715,09/12/2022,15:50:00,540287,169320,15,Fri
632433300,06/12/2022,19:25:00,540288,178432,19,Tue
332415685,02/08/2022,19:39:00,540288,168300,19,Tue
333404782,08/02/2023,16:15:00,540290,168745,16,Wed
332417927,07/08/2022,22:47:00,540290,168745,22,Sun
352436943,18/10/2022,23:14:00,540294,182191,23,Tue
332425285,19/12/2022,15:50:00,540298,169059,15,Mon
332423285,19/12/2022,15:55:00,540298,169059,15,Mon
632427369,01/12/2022,13:00:00,540304,177364,13,Thu
352423157,27/08/2022,17:20:00,540307,185322,17,Sat
233407636,12/03/2023,02:30:00,540310,172033,2,Sun
333402214,25/02/2023,17:47:00,540328,168947,17,Sat
442425052,17/10/2022,10:15:00,540334,189046,10,Mon
232420287,07/11/2022,17:11:00,540336,172253,17,Mon
333401980,13/01/2023,17:26:00,540338,168816,17,Fri
353408598,18/03/2023,17:00:00,540347,183169,17,Sat
333402404,24/02/2023,17:40:00,540354,168985,17,Fri
353406133,30/01/2023,15:30:00,540358,183972,15,Mon
353404762,23/01/2023,18:45:00,540360,181999,18,Mon
332427375,16/12/2022,10:00:00,540365,169136,10,Fri
332410148,06/09/2022,12:00:00,540365,169136,12,Tue
333406485,17/03/2023,15:20:00,540365,169136,15,Fri
333406356,29/03/2023,16:00:00,540365,169136,16,Wed
332420373,20/11/2022,16:19:00,540365,169136,16,Sun
332429273,20/11/2022,16:30:00,540365,169136,16,Sun
333409944,02/03/2023,17:50:00,540365,169136,17,Thu
332427553,17/11/2022,16:50:00,540368,168893,16,Thu
442420404,04/11/2022,18:45:00,540368,190242,18,Fri
633401075,03/03/2023,18:00:00,540373,177808,18,Fri
353414610,29/03/2023,17:45:00,540380,180746,17,Wed
332420121,16/10/2022,17:23:00,540381,168613,17,Sun
333402166,30/03/2023,18:57:00,540382,168842,18,Thu
633409315,20/02/2023,16:00:00,540384,175253,16,Mon
332414063,03/07/2022,02:15:00,540387,168696,2,Sun
63406046,07/03/2023,19:30:00,540390,169625,19,Tue
353404894,13/02/2023,21:30:00,540392,185604,21,Mon
352437619,02/12/2022,17:00:00,540405,185569,17,Fri
352422134,29/07/2022,12:30:00,540414,185613,12,Fri
333408173,20/02/2023,00:50:00,540415,171049,0,Mon
333402690,14/01/2023,18:14:00,540422,168754,18,Sat
232418449,05/08/2022,05:00:00,540425,173546,5,Fri
352437516,09/11/2022,11:35:00,540427,182537,11,Wed
442421081,03/10/2022,11:00:00,540427,188157,11,Mon
333405506,23/03/2023,14:50:00,540430,168754,14,Thu
62427410,05/08/2022,22:00:00,540433,168713,22,Fri
443409570,16/12/2022,08:15:00,540433,187747,8,Fri
353410500,28/03/2023,16:40:00,540434,185493,16,Tue
353400268,16/03/2023,17:00:00,540435,185586,17,Thu
353408999,27/03/2023,00:01:00,540436,185489,0,Mon
352433324,25/10/2022,09:40:00,540440,184403,9,Tue
332426045,13/12/2022,14:52:00,540444,169375,14,Tue
352435309,02/12/2022,21:30:00,540446,182307,21,Fri
352420547,24/08/2022,06:25:00,540449,182710,6,Wed
353415510,29/03/2023,15:21:00,540456,184156,15,Wed
352447741,25/12/2022,21:15:00,540458,182632,21,Sun
442420215,16/11/2022,16:00:00,540459,188622,16,Wed
442418849,08/09/2022,07:55:00,540461,187575,7,Thu
332420654,01/12/2022,17:45:00,540462,169089,17,Thu
332426554,01/12/2022,19:15:00,540462,169089,19,Thu
332422044,29/11/2022,21:15:00,540462,169089,21,Tue
332425021,16/10/2022,16:30:00,540469,168636,16,Sun
333402504,24/02/2023,18:00:00,540469,168636,18,Fri
352428844,30/07/2022,19:30:00,540469,185286,19,Sat
353400896,25/02/2023,22:00:00,540469,168636,22,Sat
353407200,01/01/2023,06:30:00,540473,181727,6,Sun
352442910,13/12/2022,09:50:00,540473,181727,9,Tue
352435031,30/09/2022,05:30:00,540474,184971,5,Fri
353405923,28/01/2023,03:00:00,540484,185021,3,Sat
233402866,15/03/2023,14:40:00,540485,168978,14,Wed
442413257,11/08/2022,17:50:00,540485,188194,17,Thu
352446340,16/12/2022,13:40:00,540492,185481,13,Fri
353402133,30/01/2023,12:45:00,540497,181892,12,Mon
442421085,17/11/2022,17:45:00,540498,188542,17,Thu
353404533,31/01/2023,00:01:00,540501,185151,0,Tue
352434616,09/11/2022,14:30:00,540501,185346,14,Wed
353407493,03/02/2023,16:00:00,540508,185024,16,Fri
352424971,07/07/2022,14:50:00,540510,185328,14,Thu
353403075,19/02/2023,20:08:00,540511,183155,20,Sun
443405041,19/01/2023,17:00:00,540513,188523,17,Thu
352421727,24/08/2022,17:30:00,540514,182075,17,Wed
352435808,25/11/2022,04:16:00,540516,185243,4,Fri
353404941,15/01/2023,17:15:00,540516,185243,17,Sun
352448951,27/12/2022,13:00:00,540526,181059,13,Tue
352436009,02/12/2022,15:26:00,540539,182766,15,Fri
443407524,24/02/2023,16:05:00,540542,188225,16,Fri
442423371,03/10/2022,19:46:00,540542,188225,19,Mon
352436100,18/09/2022,05:34:00,540554,184984,5,Sun
352423063,17/07/2022,11:10:00,540554,184984,11,Sun
352429591,08/07/2022,14:00:00,540554,184984,14,Fri
352446900,12/12/2022,16:30:00,540554,184984,16,Mon
353408200,01/01/2023,05:45:00,540562,184961,5,Sun
232424915,08/10/2022,19:43:00,540565,172297,19,Sat
332420225,10/12/2022,17:00:00,540571,168586,17,Sat
443404340,06/01/2023,15:45:00,540575,190078,15,Fri
353407240,05/01/2023,11:10:00,540577,180146,11,Thu
443401580,03/01/2023,18:00:00,540577,190026,18,Tue
443407040,29/11/2022,23:00:00,540577,190026,23,Tue
352423609,10/09/2022,04:20:00,540578,184138,4,Sat
353407233,30/01/2023,15:35:00,540578,184138,15,Mon
352446431,23/12/2022,13:30:00,540581,181977,13,Fri
352433652,10/10/2022,14:46:00,540581,181606,14,Mon
353402745,17/02/2023,20:15:00,540586,181839,20,Fri
232411797,20/07/2022,20:00:00,540590,172166,20,Wed
633403661,20/01/2023,16:30:00,540596,175520,16,Fri
332413135,25/07/2022,22:06:00,540603,169002,22,Mon
442420828,24/12/2022,20:00:00,540605,188374,20,Sat
333405666,31/03/2023,12:00:00,540620,168277,12,Fri
352424304,26/07/2022,18:00:00,540620,184625,18,Tue
632420012,06/09/2022,14:30:00,540621,178810,14,Tue
232437770,09/12/2022,23:50:00,540621,172431,23,Fri
233401722,27/01/2023,00:48:00,540622,172328,0,Fri
353404993,01/02/2023,17:28:00,540622,184660,17,Wed
352439277,21/11/2022,21:53:00,540624,184740,21,Mon
233407835,27/02/2023,14:43:00,540629,172158,14,Mon
332422194,06/12/2022,18:43:00,540629,169142,18,Tue
832436008,01/12/2022,19:30:00,540629,169142,19,Thu
443407383,15/02/2023,00:01:00,540631,190009,0,Wed
352426654,31/07/2022,19:05:00,540633,184465,19,Sun
352434739,06/12/2022,05:50:00,540634,181342,5,Tue
632423202,05/09/2022,20:40:00,540637,176565,20,Mon
233401164,20/02/2023,20:45:00,540639,172654,20,Mon
353405900,02/01/2023,06:33:00,540644,185860,6,Mon
352426039,12/09/2022,09:40:00,540656,181040,9,Mon
443409032,31/01/2023,18:00:00,540656,186879,18,Tue
353407735,16/02/2023,18:30:00,540659,182424,18,Thu
352420727,23/08/2022,22:14:00,540659,181438,22,Tue
442419205,09/07/2022,23:50:00,540669,188925,23,Sat
352444581,29/12/2022,20:30:00,540673,182960,20,Thu
633401143,08/02/2023,14:30:00,540683,175481,14,Wed
442415446,28/07/2022,18:20:00,540683,188196,18,Thu
353400426,18/02/2023,13:30:00,540705,180126,13,Sat
333405244,01/03/2023,21:30:00,540706,164906,21,Wed
233402805,25/02/2023,23:11:00,540714,175486,23,Sat
353408089,27/03/2023,06:04:00,540720,184999,6,Mon
353408750,06/01/2023,19:25:00,540720,184999,19,Fri
632413966,06/07/2022,17:27:00,540729,174438,17,Wed
353409688,18/03/2023,21:57:00,540730,182893,21,Sat
442427991,10/10/2022,22:10:00,540741,190367,22,Mon
632420545,13/10/2022,16:07:00,540742,176019,16,Thu
352425178,06/09/2022,19:50:00,540743,182938,19,Tue
352436654,21/10/2022,15:30:00,540752,183191,15,Fri
632424549,25/11/2022,17:00:00,540756,178372,17,Fri
232429652,09/09/2022,13:30:00,540769,172145,13,Fri
352422189,16/09/2022,13:00:00,540773,180186,13,Fri
352434333,14/10/2022,17:23:00,540776,183035,17,Fri
632439920,29/11/2022,12:00:00,540781,178481,12,Tue
442421866,07/12/2022,17:30:00,540784,192671,17,Wed
442422886,09/12/2022,14:05:00,540793,188208,14,Fri
352430485,16/10/2022,23:44:00,540797,185025,23,Sun
353400667,21/01/2023,09:00:00,540802,184603,9,Sat
353409647,07/03/2023,13:10:00,540811,179798,13,Tue
352434043,28/09/2022,20:25:00,540817,183585,20,Wed
352423139,12/09/2022,06:54:00,540828,183450,6,Mon
352425971,07/07/2022,03:45:00,540834,184431,3,Thu
632422320,16/08/2022,00:30:00,540850,174015,0,Tue
352424062,13/07/2022,23:36:00,540875,183773,23,Wed
633401353,09/02/2023,16:45:00,540888,175592,16,Thu
353405866,28/02/2023,00:02:00,540898,184486,0,Tue
352435290,20/09/2022,23:20:00,540898,182703,23,Tue
443408146,22/03/2023,13:30:00,540912,191083,13,Wed
352431161,02/10/2022,21:00:00,540912,185047,21,Sun
353407328,12/03/2023,23:15:00,540912,185047,23,Sun
353406298,18/03/2023,16:30:00,540914,181961,16,Sat
352425082,15/07/2022,13:37:00,540932,181372,13,Fri
353405083,03/02/2023,13:30:00,540933,182114,13,Fri
352428026,15/08/2022,22:45:00,540943,183883,22,Mon
443404741,20/01/2023,16:35:00,540949,187098,16,Fri
632428043,21/09/2022,20:25:00,540953,174763,20,Wed
353401944,09/02/2023,17:00:00,540961,181585,17,Thu
352422002,08/07/2022,17:30:00,540961,181585,17,Fri
632424100,13/08/2022,14:25:00,540967,178791,14,Sat
352435571,04/10/2022,03:00:00,540970,184600,3,Tue
353402586,28/02/2023,12:00:00,540974,182509,12,Tue
332429124,27/11/2022,16:25:00,540976,169050,16,Sun
833402435,20/02/2023,16:25:00,540976,175600,16,Mon
353417410,27/03/2023,16:40:00,540976,183622,16,Mon
633400024,05/02/2023,19:30:00,540976,175600,19,Sun
353407324,05/02/2023,18:00:00,540980,184601,18,Sun
352449002,31/12/2022,00:01:00,540988,182893,0,Sat
442424201,28/09/2022,16:50:00,540988,191491,16,Wed
352433807,16/11/2022,17:00:00,540993,183719,17,Wed
353403438,14/03/2023,14:58:00,541012,179912,14,Tue
353400373,29/01/2023,16:00:00,541021,184784,16,Sun
352431029,04/12/2022,14:40:00,541024,184634,14,Sun
352434091,05/10/2022,06:20:00,541029,182400,6,Wed
633405314,16/02/2023,14:45:00,541033,175893,14,Thu
232433302,24/12/2022,19:44:00,541048,171893,19,Sat
443402626,22/03/2023,18:30:00,541049,191887,18,Wed
352434682,13/10/2022,14:00:00,541051,181853,14,Thu
352447411,22/12/2022,16:45:00,541054,182124,16,Thu
353401774,10/02/2023,11:46:00,541055,181363,11,Fri
332423504,24/11/2022,18:15:00,541058,169134,18,Thu
353400502,20/01/2023,13:45:00,541064,182260,13,Fri
352438716,09/11/2022,14:50:00,541064,182255,14,Wed
352423887,30/08/2022,19:58:00,541066,183234,19,Tue
352433063,20/10/2022,04:15:00,541070,182751,4,Thu
632417449,01/08/2022,02:15:00,541071,178370,2,Mon
352432228,26/11/2022,02:40:00,541071,184521,2,Sat
442425877,21/12/2022,10:00:00,541079,186786,10,Wed
63408085,05/03/2023,15:25:00,541079,186786,15,Sun
442420152,17/10/2022,10:30:00,541080,187762,10,Mon
632420781,03/09/2022,23:00:00,541081,173574,23,Sat
352448311,21/12/2022,19:00:00,541089,185091,19,Wed
632429036,25/10/2022,22:15:00,541094,178679,22,Tue
633404855,04/03/2023,17:52:00,541095,177543,17,Sat
353408478,17/03/2023,09:00:00,541099,181544,9,Fri
352438173,20/10/2022,22:15:00,541103,185824,22,Thu
353406416,23/02/2023,17:30:00,541105,183576,17,Thu
633402754,20/02/2023,18:10:00,541108,178387,18,Mon
352449811,23/12/2022,04:11:00,541111,185792,4,Fri
352422008,31/08/2022,17:15:00,541111,181962,17,Wed
632417108,20/07/2022,15:50:00,541114,174851,15,Wed
353409302,17/01/2023,00:01:00,541118,182132,0,Tue
353408429,22/03/2023,11:28:00,541139,181406,11,Wed
352436947,19/11/2022,18:30:00,541139,184155,18,Sat
352439686,06/09/2022,23:15:00,541139,184155,23,Tue
352427756,18/08/2022,14:30:00,541142,184071,14,Thu
352449420,14/12/2022,17:10:00,541144,184062,17,Wed
353407217,01/03/2023,00:01:00,541144,184062,0,Wed
353403799,28/03/2023,09:40:00,541154,183090,9,Tue
632427964,07/10/2022,12:00:00,541164,178387,12,Fri
632424207,02/11/2022,14:00:00,541164,178387,14,Wed
443405224,16/02/2023,19:00:00,541167,191878,19,Thu
353408533,31/01/2023,01:00:00,541172,181176,1,Tue
352434442,09/10/2022,22:00:00,541177,184082,22,Sun
352421968,06/09/2022,18:00:00,541181,182732,18,Tue
352448571,29/12/2022,11:00:00,541183,183153,11,Thu
633408136,13/03/2023,12:55:00,541188,177611,12,Mon
352438421,28/09/2022,17:00:00,541190,183610,17,Wed
633402413,06/02/2023,00:45:00,541192,178394,0,Mon
442418869,05/09/2022,11:05:00,541196,190479,11,Mon
352437191,01/10/2022,12:00:00,541199,182395,12,Sat
353409351,15/01/2023,17:15:00,541200,184029,17,Sun
352420673,24/07/2022,14:30:00,541204,183931,14,Sun
352446171,28/12/2022,18:32:00,541204,183931,18,Wed
353405260,04/01/2023,19:10:00,541204,183931,19,Wed
352426796,22/08/2022,19:16:00,541204,183931,19,Mon
353406199,27/03/2023,17:30:00,541205,183732,17,Mon
443406181,21/01/2023,14:00:00,541207,191883,14,Sat
443405245,11/03/2023,16:35:00,541207,191883,16,Sat
633404862,31/01/2023,23:36:00,541214,177309,23,Tue
353406990,09/01/2023,20:03:00,541215,184315,20,Mon
632424912,06/09/2022,15:00:00,541216,178238,15,Tue
443402964,10/02/2023,00:01:00,541217,192105,0,Fri
352424309,09/09/2022,16:20:00,541229,183843,16,Fri
353408593,04/02/2023,18:15:00,541230,183815,18,Sat
353408407,03/03/2023,01:00:00,541231,183742,1,Fri
353400754,10/02/2023,15:00:00,541244,183052,15,Fri
632428428,13/11/2022,20:24:00,541244,177166,20,Sun
352428946,18/08/2022,09:40:00,541249,183924,9,Thu
352429708,01/09/2022,12:46:00,541249,183924,12,Thu
352437209,02/12/2022,16:50:00,541249,183924,16,Fri
352426476,20/08/2022,17:26:00,541252,183788,17,Sat
353419430,29/03/2023,19:15:00,541252,183788,19,Wed
353416440,30/03/2023,23:00:00,541252,183924,23,Thu
353402634,08/02/2023,15:45:00,541253,183993,15,Wed
353401050,04/01/2023,10:30:00,541255,183172,10,Wed
353405547,06/03/2023,21:30:00,541255,183172,21,Mon
443405744,27/02/2023,14:00:00,541257,191881,14,Mon
352435659,07/12/2022,16:15:00,541257,180033,16,Wed
352439665,05/11/2022,19:00:00,541257,180033,19,Sat
352422529,11/09/2022,21:30:00,541259,183752,21,Sun
352428577,29/08/2022,17:45:00,541264,181173,17,Mon
352439767,20/11/2022,11:30:00,541267,183793,11,Sun
353409033,28/01/2023,14:00:00,541274,183699,14,Sat
352424288,07/09/2022,22:00:00,541277,183800,22,Wed
352421792,16/06/2022,23:00:00,541277,184019,23,Thu
633405973,01/02/2023,15:00:00,541282,174171,15,Wed
352433501,28/09/2022,00:01:00,541285,185180,0,Wed
352429428,02/09/2022,19:10:00,541287,183262,19,Fri
332427065,15/12/2022,10:00:00,541288,168512,10,Thu
632428057,06/11/2022,21:30:00,541292,177419,21,Sun
442411906,23/07/2022,22:20:00,541292,187708,22,Sat
632411076,06/07/2022,22:15:00,541293,177194,22,Wed
232424881,01/09/2022,14:55:00,541294,172056,14,Thu
632426484,08/10/2022,19:35:00,541294,177652,19,Sat
352438758,28/11/2022,15:10:00,541306,181070,15,Mon
332410563,03/07/2022,17:20:00,541306,169935,17,Sun
353405090,06/01/2023,12:00:00,541308,183268,12,Fri
352448761,26/12/2022,19:00:00,541308,185188,19,Mon
632424305,11/10/2022,16:50:00,541310,175259,16,Tue
352438168,29/11/2022,16:10:00,541311,184047,16,Tue
233403831,16/01/2023,16:00:00,541315,174275,16,Mon
442419916,25/07/2022,05:45:00,541317,191115,5,Mon
442410038,18/08/2022,22:00:00,541318,192099,22,Thu
632414896,09/07/2022,14:30:00,541318,174977,14,Sat
352436352,10/10/2022,15:20:00,541318,183682,15,Mon
352436530,20/09/2022,17:30:00,541318,183682,17,Tue
632426027,05/11/2022,05:00:00,541325,176368,5,Sat
352430319,03/12/2022,18:50:00,541341,183530,18,Sat
352434087,18/11/2022,15:35:00,541345,185195,15,Fri
233401285,05/03/2023,19:08:00,541351,172211,19,Sun
353403080,08/01/2023,23:48:00,541363,183337,23,Sun
352424461,06/06/2022,16:00:00,541365,184674,16,Mon
352427172,07/07/2022,13:45:00,541373,181939,13,Thu
632413916,01/07/2022,09:25:00,541378,177625,9,Fri
333409715,11/03/2023,23:10:00,541382,158686,23,Sat
632415586,06/07/2022,18:00:00,541385,174414,18,Wed
442420854,11/11/2022,13:45:00,541386,188809,13,Fri
352427083,24/07/2022,21:00:00,541387,184512,21,Sun
353409387,10/03/2023,07:45:00,541394,183988,7,Fri
632416916,01/07/2022,09:31:00,541395,177857,9,Fri
332421392,09/11/2022,12:00:00,541407,168732,12,Wed
353407608,11/03/2023,19:50:00,541410,184644,19,Sat
353401598,19/03/2023,20:15:00,541411,184917,20,Sun
353401138,14/03/2023,11:30:00,541413,183891,11,Tue
352426515,05/08/2022,21:00:00,541417,183911,21,Fri
62412549,22/07/2022,20:30:00,541421,182905,20,Fri
233402790,11/01/2023,16:29:00,541436,172092,16,Wed
632429953,24/09/2022,17:50:00,541442,178381,17,Sat
642411549,12/07/2022,21:45:00,541449,182890,21,Tue
352428754,28/07/2022,14:59:00,541451,185168,14,Thu
332416968,08/09/2022,20:43:00,541454,168630,20,Thu
352431014,23/10/2022,23:00:00,541455,183820,23,Sun
352423147,26/08/2022,22:30:00,541469,183256,22,Fri
353405298,19/03/2023,17:00:00,541475,184940,17,Sun
352420215,05/08/2022,14:20:00,541477,183922,14,Fri
633407053,04/02/2023,19:22:00,541482,174600,19,Sat
633407922,26/01/2023,20:25:00,541488,177006,20,Thu
442424367,19/12/2022,20:30:00,541497,191873,20,Mon
443408682,06/02/2023,20:58:00,541497,191873,20,Mon
232420136,18/10/2022,09:00:00,541504,172034,9,Tue
632420882,15/09/2022,23:30:00,541512,174941,23,Thu
633409256,15/03/2023,14:00:00,541519,173987,14,Wed
352428407,23/08/2022,13:50:00,541524,184026,13,Tue
353402054,09/02/2023,19:10:00,541528,184986,19,Thu
352428325,06/08/2022,20:53:00,541540,184506,20,Sat
353402816,24/02/2023,05:42:00,541544,185213,5,Fri
633407373,11/02/2023,23:49:00,541549,177353,23,Sat
352430110,18/09/2022,22:05:00,541552,179977,22,Sun
633408855,05/03/2023,00:10:00,541553,179052,0,Sun
632434401,19/12/2022,00:05:00,541553,179052,0,Mon
633400342,29/01/2023,05:00:00,541553,179052,5,Sun
352434941,01/10/2022,16:15:00,541554,184139,16,Sat
352431938,27/11/2022,13:15:00,541597,183244,13,Sun
633402168,03/01/2023,19:00:00,541609,178774,19,Tue
632422358,19/11/2022,03:30:00,541611,179092,3,Sat
442416184,04/07/2022,19:00:00,541625,188185,19,Mon
352423563,23/07/2022,03:00:00,541626,183231,3,Sat
353404243,29/01/2023,12:00:00,541637,183891,12,Sun
353405980,08/01/2023,19:00:00,541646,183459,19,Sun
353402704,06/02/2023,01:20:00,541647,182994,1,Mon
352424365,10/08/2022,15:20:00,541653,184427,15,Wed
352422986,21/08/2022,23:22:00,541662,185240,23,Sun
443407626,22/03/2023,18:40:00,541665,191646,18,Wed
442429715,19/11/2022,12:57:00,541671,186842,12,Sat
352438130,20/09/2022,21:10:00,541671,183192,21,Tue
442425072,17/10/2022,02:00:00,541684,191129,2,Mon
332425924,28/11/2022,13:10:00,541685,167255,13,Mon
332426763,17/11/2022,19:27:00,541685,167255,19,Thu
353404583,03/02/2023,22:11:00,541691,183659,22,Fri
352425381,07/07/2022,12:58:00,541698,182494,12,Thu
332428663,18/11/2022,21:30:00,541698,168857,21,Fri
352424544,29/07/2022,00:01:00,541704,184446,0,Fri
352431287,22/11/2022,21:45:00,541707,184793,21,Tue
352426373,24/07/2022,00:01:00,541709,183166,0,Sun
352424534,29/07/2022,18:15:00,541719,184894,18,Fri
352430094,13/10/2022,20:03:00,541730,181596,20,Thu
352428546,17/08/2022,16:05:00,541733,185832,16,Wed
352422221,02/07/2022,08:15:00,541735,184183,8,Sat
352421327,24/08/2022,21:00:00,541737,184240,21,Wed
352424591,08/07/2022,00:01:00,541738,183397,0,Fri
352430906,09/11/2022,00:10:00,541748,183937,0,Wed
352438030,20/09/2022,10:30:00,541749,183559,10,Tue
352432030,20/09/2022,09:33:00,541765,182347,9,Tue
352447221,03/10/2022,15:00:00,541765,182347,15,Mon
352437912,05/10/2022,16:15:00,541765,182347,16,Wed
353403731,13/01/2023,19:30:00,541767,180817,19,Fri
442413517,07/08/2022,08:00:00,541769,188204,8,Sun
442411405,10/07/2022,09:23:00,541769,188204,9,Sun
352436666,13/11/2022,13:30:00,541770,185321,13,Sun
352442502,29/12/2022,20:20:00,541773,183027,20,Thu
353403426,23/02/2023,21:30:00,541773,185817,21,Thu
352433130,20/09/2022,21:18:00,541776,182450,21,Tue
232425792,13/09/2022,14:50:00,541779,171792,14,Tue
333401444,02/03/2023,00:05:00,541786,167903,0,Thu
352449150,15/12/2022,23:30:00,541787,183917,23,Thu
353406514,04/02/2023,14:30:00,541790,184438,14,Sat
333404632,02/02/2023,12:15:00,541794,172968,12,Thu
352428528,02/09/2022,22:15:00,541806,186341,22,Fri
632421557,08/11/2022,17:00:00,541815,178945,17,Tue
332428614,26/11/2022,03:00:00,541843,159522,3,Sat
332428580,12/10/2022,00:06:00,541861,159241,0,Wed
632417326,01/07/2022,09:50:00,541863,178992,9,Fri
352436297,23/11/2022,19:25:00,541874,185415,19,Wed
352437248,27/11/2022,20:11:00,541876,185516,20,Sun
352438371,03/10/2022,15:12:00,541883,183222,15,Mon
333402001,15/01/2023,15:35:00,541890,168561,15,Sun
633406442,29/01/2023,01:00:00,541892,179245,1,Sun
352425816,15/08/2022,16:57:00,541897,185958,16,Mon
352429438,03/09/2022,17:30:00,541903,182428,17,Sat
332411796,17/08/2022,22:08:00,541908,158979,22,Wed
352421683,25/07/2022,11:10:00,541921,185449,11,Mon
443406276,28/03/2023,21:00:00,541925,188132,21,Tue
333407471,25/01/2023,12:30:00,541926,172036,12,Wed
352424986,22/08/2022,04:35:00,541931,185541,4,Mon
443407673,18/02/2023,17:30:00,541946,188317,17,Sat
332419909,16/09/2022,18:47:00,541965,168437,18,Fri
353407593,04/02/2023,20:50:00,541976,184459,20,Sat
352438380,25/09/2022,17:25:00,541987,181729,17,Sun
352435674,29/10/2022,10:45:00,541997,185497,10,Sat
353405907,25/02/2023,19:18:00,541997,185497,19,Sat
442419487,16/08/2022,22:00:00,542002,188368,22,Tue
632429563,24/09/2022,01:20:00,542006,177702,1,Sat
632428413,19/09/2022,13:30:00,542019,173809,13,Mon
632419858,28/07/2022,08:50:00,542029,177495,8,Thu
352431501,26/08/2022,17:00:00,542031,182473,17,Fri
352429386,20/08/2022,17:00:00,542033,184650,17,Sat
632414146,29/06/2022,14:55:00,542034,176480,14,Wed
442419437,09/08/2022,18:30:00,542040,189324,18,Tue
443401612,30/01/2023,08:00:00,542041,188208,8,Mon
632424318,02/11/2022,16:00:00,542041,179040,16,Wed
353402573,31/01/2023,17:00:00,542045,182701,17,Tue
352427821,02/07/2022,22:55:00,542055,183735,22,Sat
332414197,30/08/2022,19:40:00,542060,158625,19,Tue
352437297,23/11/2022,18:24:00,542110,181234,18,Wed
332417878,08/09/2022,20:43:00,542121,168402,20,Thu
353405506,22/02/2023,21:21:00,542124,185801,21,Wed
333409180,12/01/2023,19:20:00,542127,168584,19,Thu
352423565,10/08/2022,23:30:00,542128,181096,23,Wed
453409643,21/02/2023,13:10:00,542131,181063,13,Tue
632422781,03/09/2022,23:30:00,542137,173051,23,Sat
352421238,02/09/2022,11:30:00,542140,184392,11,Fri
352426272,14/07/2022,18:10:00,542143,181848,18,Thu
352437341,29/09/2022,15:00:00,542146,185605,15,Thu
632421209,23/11/2022,15:00:00,542149,175374,15,Wed
632423946,15/10/2022,15:00:00,542150,176048,15,Sat
632415198,01/08/2022,00:20:00,542152,179094,0,Mon
353408526,21/02/2023,16:00:00,542155,184203,16,Tue
632422779,01/12/2022,14:00:00,542160,176692,14,Thu
332416639,20/09/2022,20:33:00,542161,171467,20,Tue
332421641,19/10/2022,18:30:00,542166,166951,18,Wed
352445740,16/12/2022,22:30:00,542178,182422,22,Fri
352429486,21/08/2022,14:20:00,542186,184662,14,Sun
632419489,11/08/2022,16:00:00,542191,176524,16,Thu
352436735,03/11/2022,08:30:00,542207,183316,8,Thu
332417017,19/08/2022,17:15:00,542218,168123,17,Fri
332412217,19/08/2022,17:34:00,542220,171913,17,Fri
442412347,10/08/2022,09:55:00,542226,188390,9,Wed
633403882,02/02/2023,19:58:00,542232,176988,19,Thu
332423874,04/12/2022,16:42:00,542237,168153,16,Sun
352424998,09/09/2022,13:20:00,542243,185127,13,Fri
632420401,23/08/2022,18:00:00,542245,177907,18,Tue
442424534,08/11/2022,17:30:00,542277,188857,17,Tue
353411050,29/03/2023,12:25:00,542283,184141,12,Wed
353409915,15/02/2023,15:30:00,542283,184626,15,Wed
353403868,17/03/2023,13:20:00,542286,184464,13,Fri
632427611,26/08/2022,15:15:00,542287,178620,15,Fri
352441940,17/12/2022,01:15:00,542295,185690,1,Sat
442412538,23/08/2022,00:15:00,542315,188595,0,Tue
352432902,06/10/2022,19:45:00,542317,183470,19,Thu
632435151,25/12/2022,14:25:00,542326,175841,14,Sun
443409034,22/02/2023,16:00:00,542329,189379,16,Wed
352441831,24/12/2022,20:17:00,542330,184445,20,Sat
352429642,12/07/2022,20:32:00,542330,184271,20,Tue
353408363,31/01/2023,18:43:00,542333,181720,18,Tue
332422071,21/10/2022,21:00:00,542341,166243,21,Fri
442413734,12/06/2022,00:01:00,542347,189834,0,Sun
352437660,20/09/2022,21:00:00,542350,184125,21,Tue
352429838,03/09/2022,22:00:00,542351,184117,22,Sat
352430730,21/09/2022,11:15:00,542359,184482,11,Wed
353400239,22/03/2023,07:45:00,542369,184227,7,Wed
352435667,21/11/2022,11:30:00,542369,184227,11,Mon
353407780,09/10/2022,12:00:00,542369,184227,12,Sun
353400387,08/03/2023,14:30:00,542369,184227,14,Wed
353401406,22/02/2023,17:25:00,542369,184227,17,Wed
353400009,18/03/2023,17:30:00,542369,184227,17,Sat
353408699,27/03/2023,17:00:00,542369,184227,17,Mon
353406281,12/01/2023,17:05:00,542369,184227,17,Thu
353403406,22/02/2023,18:25:00,542369,184227,18,Wed
352428504,26/07/2022,21:55:00,542369,184227,21,Tue
352427496,21/08/2022,22:31:00,542369,184227,22,Sun
353404986,26/02/2023,23:30:00,542369,184227,23,Sun
352436415,31/10/2022,07:35:00,542372,184226,7,Mon
352431158,26/11/2022,15:00:00,542372,184226,15,Sat
353401840,05/01/2023,20:42:00,542376,183996,20,Thu
352433649,06/12/2022,12:00:00,542380,184782,12,Tue
352439796,16/11/2022,08:00:00,542385,183530,8,Wed
353405599,24/03/2023,18:00:00,542385,183530,18,Fri
352422425,06/08/2022,15:44:00,542405,183959,15,Sat
353406151,13/01/2023,18:59:00,542411,183923,18,Fri
333407331,13/01/2023,14:30:00,542413,166807,14,Fri
353400526,22/02/2023,18:30:00,542418,183364,18,Wed
353408494,12/02/2023,05:15:00,542422,185707,5,Sun
442429622,14/10/2022,10:35:00,542428,189222,10,Fri
352430025,01/11/2022,18:51:00,542428,183809,18,Tue
352437988,01/12/2022,19:00:00,542428,183809,19,Thu
332420164,02/12/2022,14:45:00,542431,164555,14,Fri
442421776,08/12/2022,16:21:00,542431,191759,16,Thu
353409282,26/01/2023,11:00:00,542433,183372,11,Thu
633402814,16/02/2023,19:35:00,542437,179082,19,Thu
353400316,23/02/2023,14:40:00,542438,183994,14,Thu
352421581,30/06/2022,14:00:00,542438,183994,14,Thu
352439919,04/12/2022,19:00:00,542438,183994,19,Sun
353403062,21/01/2023,01:55:00,542444,184552,1,Sat
353405381,17/01/2023,16:00:00,542449,183389,16,Tue
353402000,31/12/2022,17:50:00,542458,181287,17,Sat
353405428,13/03/2023,16:14:00,542461,181420,16,Mon
352437066,13/11/2022,09:00:00,542463,185905,9,Sun
352432249,06/12/2022,15:30:00,542465,181141,15,Tue
353405678,17/03/2023,18:20:00,542465,184873,18,Fri
353409176,28/02/2023,17:15:00,542470,183959,17,Tue
352444750,17/12/2022,17:22:00,542473,184476,17,Sat
353407131,12/01/2023,18:00:00,542474,183674,18,Thu
632414779,07/08/2022,19:15:00,542484,175688,19,Sun
352429156,17/08/2022,13:00:00,542491,184334,13,Wed
353407529,19/03/2023,08:06:00,542501,183861,8,Sun
352425468,06/09/2022,13:53:00,542501,184374,13,Tue
633404693,14/02/2023,13:40:00,542504,174545,13,Tue
353408839,23/03/2023,14:45:00,542505,184073,14,Thu
352423758,01/09/2022,18:45:00,542505,183866,18,Thu
632425277,08/11/2022,22:00:00,542505,174452,22,Tue
352426945,09/08/2022,12:05:00,542506,184374,12,Tue
632420325,13/10/2022,00:00:00,542514,172766,0,Thu
632421954,06/10/2022,11:00:00,542517,175593,11,Thu
352437399,10/12/2022,23:55:00,542517,183976,23,Sat
353406186,28/02/2023,00:01:00,542520,183756,0,Tue
352431543,18/10/2022,00:30:00,542520,183756,0,Tue
352422807,23/08/2022,23:57:00,542521,185775,23,Tue
442412294,21/06/2022,13:45:00,542523,188849,13,Tue
443409586,28/03/2023,15:40:00,542527,188960,15,Tue
352446800,12/12/2022,18:15:00,542527,183834,18,Mon
352428198,08/09/2022,21:20:00,542534,185698,21,Thu
352423221,02/07/2022,09:41:00,542539,183701,9,Sat
352421993,26/07/2022,12:34:00,542539,183701,12,Tue
353405919,21/03/2023,20:08:00,542551,181232,20,Tue
633401845,03/03/2023,15:30:00,542573,174341,15,Fri
333403464,22/02/2023,19:55:00,542577,171931,19,Wed
352426402,09/07/2022,10:15:00,542580,183629,10,Sat
352425909,10/09/2022,11:48:00,542580,183629,11,Sat
352424586,21/08/2022,14:00:00,542580,184538,14,Sun
353403815,13/02/2023,16:15:00,542580,183629,16,Mon
352439177,28/10/2022,17:18:00,542580,183629,17,Fri
352442281,29/12/2022,17:45:00,542580,183629,17,Thu
352430043,17/10/2022,18:52:00,542580,183629,18,Mon
353418350,30/03/2023,18:58:00,542580,183629,18,Thu
352435186,14/11/2022,19:37:00,542580,183629,19,Mon
352442941,25/12/2022,22:20:00,542580,183629,22,Sun
352438279,09/12/2022,07:51:00,542589,183932,7,Fri
353408511,11/01/2023,16:20:00,542589,184388,16,Wed
353404231,12/01/2023,14:00:00,542591,183789,14,Thu
353408022,21/01/2023,21:25:00,542591,183598,21,Sat
632424939,28/11/2022,13:00:00,542594,179242,13,Mon
353404240,05/01/2023,12:15:00,542605,183595,12,Thu
632424503,17/09/2022,22:20:00,542622,174924,22,Sat
352447151,26/12/2022,19:30:00,542623,183697,19,Mon
632425122,07/09/2022,20:36:00,542630,179217,20,Wed
353409315,13/02/2023,14:15:00,542632,181653,14,Mon
632421320,16/08/2022,02:00:00,542643,173443,2,Tue
442428821,02/10/2022,04:00:00,542654,188951,4,Sun
353406256,22/02/2023,15:30:00,542655,183610,15,Wed
353403202,19/01/2023,17:20:00,542655,183610,17,Thu
353401241,14/01/2023,17:00:00,542655,183610,17,Sat
352445310,11/12/2022,22:00:00,542655,183610,22,Sun
632433940,09/12/2022,14:00:00,542681,176287,14,Fri
352441450,15/12/2022,16:00:00,542684,183242,16,Thu
633401752,30/01/2023,17:00:00,542703,176234,17,Mon
353402539,19/03/2023,22:50:00,542712,185466,22,Sun
353419591,23/03/2023,11:30:00,542714,183898,11,Thu
632433551,26/12/2022,13:35:00,542715,174447,13,Mon
632427413,19/09/2022,13:40:00,542715,174447,13,Mon
633402160,08/01/2023,14:57:00,542715,174447,14,Sun
632432190,16/12/2022,23:15:00,542715,174447,23,Fri
352425331,03/07/2022,18:39:00,542716,181064,18,Sun
353402911,09/01/2023,08:30:00,542718,181498,8,Mon
353401078,17/03/2023,16:50:00,542718,181498,16,Fri
353400121,13/01/2023,00:05:00,542720,183560,0,Fri
353401852,24/01/2023,18:44:00,542721,185894,18,Tue
352420802,08/07/2022,22:15:00,542724,182899,22,Fri
333407482,03/02/2023,15:30:00,542731,167450,15,Fri
352437229,04/12/2022,23:40:00,542734,185401,23,Sun
353411130,30/03/2023,23:00:00,542740,185944,23,Thu
352437077,21/11/2022,19:05:00,542742,182276,19,Mon
633401873,12/02/2023,12:00:00,542743,172225,12,Sun
353403000,31/12/2022,18:30:00,542748,184192,18,Sat
353400831,12/01/2023,17:00:00,542754,183446,17,Thu
352431778,30/11/2022,17:45:00,542758,182768,17,Wed
353409558,14/03/2023,13:00:00,542762,182898,13,Tue
353407410,02/01/2023,18:30:00,542762,182898,18,Mon
352430691,04/10/2022,18:30:00,542762,182898,18,Tue
353405115,13/02/2023,17:00:00,542765,183287,17,Mon
443400924,24/02/2023,16:40:00,542771,188744,16,Fri
352426235,06/08/2022,07:20:00,542783,181632,7,Sat
352434956,12/11/2022,17:00:00,542784,184054,17,Sat
633407142,11/01/2023,10:30:00,542785,178748,10,Wed
352433201,27/09/2022,18:15:00,542787,184164,18,Tue
352421938,04/09/2022,00:10:00,542794,186064,0,Sun
442421194,15/11/2022,23:38:00,542800,187338,23,Tue
352426974,21/07/2022,12:00:00,542805,183811,12,Thu
352425739,12/09/2022,13:20:00,542825,183196,13,Mon
352434355,04/11/2022,10:02:00,542827,181528,10,Fri
442424290,26/09/2022,15:00:00,542830,189378,15,Mon
443405815,02/03/2023,16:00:00,542830,189378,16,Thu
442414089,11/09/2022,20:51:00,542832,189906,20,Sun
352425579,16/09/2022,00:04:00,542843,182161,0,Fri
632420311,26/08/2022,12:38:00,542846,174438,12,Fri
632420502,03/09/2022,18:00:00,542846,174438,18,Sat
632426229,26/11/2022,16:10:00,542862,174393,16,Sat
353403999,24/03/2023,00:01:00,542864,185569,0,Fri
353404034,02/02/2023,18:25:00,542881,181578,18,Thu
353407570,08/01/2023,12:45:00,542882,181559,12,Sun
353405149,21/03/2023,14:02:00,542882,183426,14,Tue
353400149,22/03/2023,15:30:00,542882,181559,15,Wed
353411500,28/03/2023,20:50:00,542882,181559,20,Tue
352420645,08/08/2022,12:10:00,542889,182588,12,Mon
353409845,17/02/2023,16:00:00,542891,182182,16,Fri
632423113,18/09/2022,14:36:00,542892,179057,14,Sun
632433961,28/12/2022,14:00:00,542907,174391,14,Wed
353405337,03/03/2023,19:40:00,542909,182055,19,Fri
352445161,27/12/2022,19:35:00,542917,183808,19,Tue
353400734,08/02/2023,19:50:00,542920,181348,19,Wed
353404713,26/01/2023,19:30:00,542922,181978,19,Thu
633407221,11/01/2023,11:15:00,542925,174441,11,Wed
442428375,24/11/2022,15:15:00,542928,190295,15,Thu
352420147,21/08/2022,22:30:00,542933,183427,22,Sun
352426953,22/07/2022,22:05:00,542935,182906,22,Fri
352429851,05/07/2022,18:40:00,542937,184539,18,Tue
352428108,01/09/2022,00:10:00,542941,182691,0,Thu
352441791,29/12/2022,18:15:00,542951,183623,18,Thu
633401853,29/01/2023,12:00:00,542954,178475,12,Sun
353408178,17/03/2023,17:15:00,542955,182017,17,Fri
352439098,29/11/2022,16:30:00,542983,185867,16,Tue
443404902,26/01/2023,07:00:00,542989,187743,7,Thu
632423965,18/10/2022,20:30:00,542996,175296,20,Tue
353401982,25/01/2023,08:30:00,542999,183555,8,Wed
632425072,13/09/2022,18:00:00,543004,174393,18,Tue
353403364,10/02/2023,18:00:00,543017,184529,18,Fri
353411940,28/03/2023,16:20:00,543028,182935,16,Tue
632427722,08/09/2022,16:53:00,543028,176680,16,Thu
632410779,10/08/2022,16:30:00,543036,173154,16,Wed
332426242,02/11/2022,08:30:00,543038,168170,8,Wed
352434985,06/11/2022,21:00:00,543042,186195,21,Sun
352426295,13/08/2022,09:50:00,543058,185367,9,Sat
353408979,26/03/2023,15:50:00,543065,186133,15,Sun
352433031,30/09/2022,00:20:00,543066,183713,0,Fri
442426594,30/09/2022,02:00:00,543069,187647,2,Fri
633404941,18/01/2023,15:30:00,543072,174513,15,Wed
352424674,02/08/2022,16:38:00,543077,183329,16,Tue
352424958,06/09/2022,00:30:00,543093,184017,0,Tue
633402863,11/02/2023,02:00:00,543105,178570,2,Sat
633408967,27/03/2023,19:30:00,543108,172228,19,Mon
632435101,18/12/2022,16:18:00,543109,172130,16,Sun
352420524,28/07/2022,18:30:00,543112,185613,18,Thu
633402364,21/02/2023,14:30:00,543116,176797,14,Tue
443406891,27/01/2023,12:59:00,543119,188225,12,Fri
443406684,05/03/2023,00:49:00,543123,187718,0,Sun
352429574,01/08/2022,19:20:00,543126,183749,19,Mon
352426473,12/04/2022,11:10:00,543131,180914,11,Tue
353404055,17/02/2023,23:30:00,543133,184578,23,Fri
633402173,11/02/2023,18:40:00,543140,174411,18,Sat
443407480,11/01/2023,22:30:00,543167,188073,22,Wed
332424240,05/10/2022,22:00:00,543169,165005,22,Wed
353409929,20/03/2023,17:30:00,543172,183578,17,Mon
353404912,21/01/2023,15:25:00,543180,182400,15,Sat
352438049,06/12/2022,07:00:00,543184,186184,7,Tue
352437548,24/11/2022,16:00:00,543185,181804,16,Thu
353408666,28/02/2023,08:00:00,543186,186036,8,Tue
443408885,17/03/2023,23:00:00,543188,186628,23,Fri
442410399,13/09/2022,18:45:00,543191,188607,18,Tue
443409714,23/02/2023,16:30:00,543195,187658,16,Thu
352425311,30/06/2022,21:24:00,543197,183970,21,Thu
443409541,20/01/2023,13:04:00,543202,186511,13,Fri
352422351,03/07/2022,11:05:00,543212,184289,11,Sun
352431300,18/09/2022,11:30:00,543213,184220,11,Sun
633406002,24/01/2023,16:14:00,543214,179044,16,Tue
632423381,03/09/2022,13:15:00,543217,179279,13,Sat
632420090,23/08/2022,13:00:00,543221,178898,13,Tue
442425220,17/09/2022,18:10:00,543227,188571,18,Sat
352448830,15/12/2022,12:00:00,543238,182193,12,Thu
352428786,21/08/2022,18:50:00,543238,182193,18,Sun
332426870,10/10/2022,19:17:00,543241,166885,19,Mon
443402411,12/01/2023,20:40:00,543247,188352,20,Thu
442412584,07/07/2022,12:00:00,543250,188349,12,Thu
442426767,16/12/2022,19:30:00,543250,188342,19,Fri
442429973,01/11/2022,16:00:00,543254,188544,16,Tue
633407246,14/03/2023,14:46:00,543265,176903,14,Tue
523408197,19/03/2023,00:01:00,543266,188432,0,Sun
353407640,04/01/2023,00:30:00,543266,188432,0,Wed
443402091,26/01/2023,07:08:00,543266,188432,7,Thu
442418779,11/09/2022,21:00:00,543266,188432,21,Sun
442426707,11/12/2022,23:00:00,543266,188432,23,Sun
352431321,29/09/2022,13:15:00,543267,180017,13,Thu
352441531,23/12/2022,21:09:00,543274,186073,21,Fri
352430246,11/11/2022,16:25:00,543283,180755,16,Fri
442415457,12/08/2022,11:00:00,543285,188512,11,Fri
442418938,15/08/2022,12:00:00,543287,187288,12,Mon
442416177,15/08/2022,09:10:00,543288,189618,9,Mon
442416105,09/07/2022,14:00:00,543292,187269,14,Sat
633405953,10/02/2023,15:13:00,543299,172392,15,Fri
443402423,12/02/2023,00:40:00,543301,188316,0,Sun
152426503,06/12/2022,00:01:00,543303,188329,0,Tue
352434581,04/10/2022,22:00:00,543322,182857,22,Tue
632424306,22/10/2022,18:45:00,543330,172482,18,Sat
352432825,29/10/2022,07:51:00,543351,181128,7,Sat
632425766,29/10/2022,14:46:00,543360,178919,14,Sat
332421543,16/11/2022,18:39:00,543360,166871,18,Wed
633403356,15/03/2023,12:52:00,543364,174455,12,Wed
443403463,17/02/2023,03:25:00,543367,186241,3,Fri
333407266,29/03/2023,15:33:00,543367,167050,15,Wed
442428320,18/09/2022,04:00:00,543371,188457,4,Sun
442427077,15/12/2022,23:00:00,543371,188342,23,Thu
632434371,29/12/2022,04:11:00,543377,178893,4,Thu
352446261,27/12/2022,20:30:00,543382,183709,20,Tue
352443910,13/12/2022,22:45:00,543382,183709,22,Tue
442424940,21/09/2022,15:10:00,543387,187030,15,Wed
443408081,24/01/2023,21:00:00,543389,189869,21,Tue
353403435,16/02/2023,13:30:00,543391,180748,13,Thu
442414009,01/09/2022,17:30:00,543395,187047,17,Thu
442422527,14/12/2022,20:45:00,543395,186260,20,Wed
633408814,10/02/2023,12:30:00,543396,179115,12,Fri
353404866,28/02/2023,14:00:00,543396,180938,14,Tue
443400122,30/01/2023,11:10:00,543405,186638,11,Mon
442421943,29/10/2022,02:00:00,543414,186867,2,Sat
442429437,15/12/2022,23:00:00,543422,188309,23,Thu
632420911,25/08/2022,20:53:00,543428,177320,20,Thu
442422565,25/11/2022,07:05:00,543428,187038,7,Fri
352428687,30/08/2022,14:20:00,543428,180938,14,Tue
632418976,07/07/2022,21:00:00,543435,178777,21,Thu
442416078,28/08/2022,20:15:00,543442,186115,20,Sun
632422961,02/09/2022,01:10:00,543444,179126,1,Fri
443400182,05/02/2023,16:00:00,543449,186250,16,Sun
442419729,05/09/2022,12:30:00,543460,186208,12,Mon
442410055,16/07/2022,14:15:00,543460,186208,14,Sat
443408904,22/02/2023,02:30:00,543462,188688,2,Wed
443404764,01/03/2023,19:00:00,543462,188688,19,Wed
442427184,15/11/2022,01:30:00,543463,186866,1,Tue
442426728,29/12/2022,12:00:00,543472,186941,12,Thu
632420075,18/10/2022,23:10:00,543481,177911,23,Tue
632427559,29/11/2022,16:15:00,543488,179173,16,Tue
442416765,18/07/2022,22:00:00,543494,186540,22,Mon
633401014,14/02/2023,11:26:00,543503,177646,11,Tue
332414085,28/07/2022,16:00:00,543504,170729,16,Thu
632423310,15/08/2022,03:50:00,543517,178653,3,Mon
633402695,06/03/2023,02:30:00,543521,178361,2,Mon
442420155,23/11/2022,14:05:00,543521,186809,14,Wed
442412577,15/08/2022,02:00:00,543522,186549,2,Mon
442417106,23/07/2022,03:15:00,543522,186549,3,Sat
633405217,21/03/2023,16:35:00,543525,178953,16,Tue
633404770,10/01/2023,09:00:00,543533,176538,9,Tue
633403912,24/01/2023,16:50:00,543536,178991,16,Tue
442426277,21/12/2022,05:30:00,543542,186558,5,Wed
353402120,02/01/2023,20:34:00,543548,182795,20,Mon
632430240,10/12/2022,21:01:00,543557,179127,21,Sat
632427479,28/11/2022,18:14:00,543560,177495,18,Mon
443402651,21/01/2023,12:30:00,543561,186438,12,Sat
353407979,26/03/2023,16:00:00,543561,186438,16,Sun
443401063,16/02/2023,16:00:00,543561,186438,16,Thu
443403225,09/03/2023,16:00:00,543561,186438,16,Thu
632412966,06/07/2022,13:35:00,543564,178781,13,Wed
632439450,12/12/2022,19:27:00,543566,179292,19,Mon
442421274,12/11/2022,22:00:00,543566,186565,22,Sat
442410177,14/08/2022,22:00:00,543566,188326,22,Sun
442418129,04/09/2022,16:30:00,543567,187646,16,Sun
442410779,11/09/2022,19:00:00,543568,186749,19,Sun
443409031,17/01/2023,19:00:00,543568,186561,19,Tue
632412018,21/07/2022,13:30:00,543571,178983,13,Thu
632417137,13/07/2022,16:15:00,543571,178983,16,Wed
633408266,16/03/2023,18:43:00,543571,178983,18,Thu
442429250,22/09/2022,12:30:00,543576,186346,12,Thu
632415449,07/08/2022,01:40:00,543579,178796,1,Sun
443400875,16/03/2023,01:50:00,543580,186455,1,Thu
443405076,28/03/2023,16:30:00,543584,186478,16,Tue
442420972,12/10/2022,17:50:00,543584,186478,17,Wed
442421887,22/12/2022,21:00:00,543584,186517,21,Thu
443403782,05/02/2023,14:00:00,543585,186540,14,Sun
442422117,13/12/2022,02:03:00,543586,186651,2,Tue
632421155,17/10/2022,07:00:00,543588,178537,7,Mon
443405640,04/01/2023,07:15:00,543588,186228,7,Wed
442429317,06/12/2022,12:00:00,543588,186228,12,Tue
443401732,01/02/2023,14:20:00,543588,186228,14,Wed
442425521,01/10/2022,16:30:00,543588,186228,16,Sat
442429057,08/12/2022,18:30:00,543588,186228,18,Thu
333407400,01/01/2023,15:35:00,543595,170873,15,Sun
632417156,05/07/2022,07:50:00,543602,178925,7,Tue
442410976,02/08/2022,16:30:00,543604,188507,16,Tue
633408131,15/01/2023,22:41:00,543606,179300,22,Sun
633405895,09/03/2023,16:00:00,543607,178779,16,Thu
352432345,03/11/2022,17:25:00,543612,181289,17,Thu
442424732,15/10/2022,01:02:00,543613,186082,1,Sat
632428546,27/10/2022,14:15:00,543614,173742,14,Thu
443401310,02/01/2023,21:10:00,543616,189073,21,Mon
442422150,21/09/2022,14:00:00,543619,186343,14,Wed
443407164,01/03/2023,15:30:00,543619,186352,15,Wed
632436590,17/12/2022,16:23:00,543624,178443,16,Sat
352428332,11/07/2022,02:30:00,543627,186399,2,Mon
442421430,19/09/2022,16:40:00,543629,186524,16,Mon
633402480,07/01/2023,20:00:00,543632,172687,20,Sat
442412989,12/09/2022,20:00:00,543632,186344,20,Mon
632439890,12/12/2022,21:15:00,543634,178865,21,Mon
932418282,05/09/2022,16:25:00,543635,178911,16,Mon
633402307,20/03/2023,21:30:00,543637,179103,21,Mon
442424820,19/09/2022,05:50:00,543639,186387,5,Mon
442425633,27/10/2022,17:38:00,543639,186387,17,Thu
442422451,02/10/2022,18:00:00,543639,186387,18,Sun
632424532,09/09/2022,15:20:00,543642,178469,15,Fri
443407295,18/03/2023,17:40:00,543642,185984,17,Sat
443409065,14/03/2023,17:45:00,543643,186284,17,Tue
443408695,13/03/2023,21:50:00,543643,186284,21,Mon
443408095,18/03/2023,01:30:00,543648,186474,1,Sat
352429604,27/07/2022,07:50:00,543648,180999,7,Wed
352439957,20/11/2022,16:30:00,543648,180999,16,Sun
632427631,29/08/2022,02:10:00,543651,178878,2,Mon
632436240,11/12/2022,03:56:00,543651,178878,3,Sun
442417874,07/07/2022,00:20:00,543653,185926,0,Thu
632412286,08/07/2022,12:05:00,543653,178903,12,Fri
933403280,14/01/2023,20:00:00,543655,176261,20,Sat
632422004,29/09/2022,20:01:00,543657,178736,20,Thu
632417169,09/08/2022,03:44:00,543661,178936,3,Tue
443405032,31/01/2023,20:00:00,543661,186583,20,Tue
443404654,01/03/2023,03:40:00,543675,186085,3,Wed
442416937,10/08/2022,13:00:00,543681,186419,13,Wed
443400525,10/03/2023,07:20:00,543690,186396,7,Fri
442413215,11/07/2022,13:30:00,543691,186478,13,Mon
443401194,24/02/2023,17:00:00,543691,186478,17,Fri
352421862,01/07/2022,07:00:00,543692,180883,7,Fri
442417609,02/09/2022,12:18:00,543695,186423,12,Fri
442424804,05/11/2022,15:20:00,543695,186423,15,Sat
442420454,10/11/2022,17:17:00,543695,186423,17,Thu
632412987,16/07/2022,20:00:00,543700,178768,20,Sat
632425311,25/08/2022,20:30:00,543703,178103,20,Thu
632436561,27/12/2022,23:15:00,543706,172716,23,Tue
633407821,13/01/2023,01:08:00,543707,178855,1,Fri
442411376,02/08/2022,01:45:00,543708,185617,1,Tue
442427036,30/11/2022,22:30:00,543711,186073,22,Wed
633400207,20/03/2023,16:00:00,543712,178939,16,Mon
632432011,19/12/2022,18:00:00,543712,178939,18,Mon
632421162,12/09/2022,18:30:00,543712,178939,18,Mon
633409794,25/02/2023,19:51:00,543712,178939,19,Sat
632412677,18/07/2022,16:00:00,543717,178686,16,Mon
332417699,10/09/2022,15:00:00,543718,164941,15,Sat
152427393,19/12/2022,22:47:00,543718,183966,22,Mon
153408903,13/02/2023,21:00:00,543722,184517,21,Mon
442426106,22/11/2022,14:00:00,543724,188052,14,Tue
632417798,01/08/2022,18:50:00,543726,178261,18,Mon
153400936,30/03/2023,17:20:00,543730,184478,17,Thu
243408856,26/02/2023,21:00:00,543730,184926,21,Sun
633408850,06/01/2023,19:05:00,543731,179308,19,Fri
442428503,23/10/2022,16:56:00,543739,186491,16,Sun
443400750,08/01/2023,15:08:00,543740,186619,15,Sun
442427925,20/11/2022,15:45:00,543740,186085,15,Sun
632428482,15/09/2022,16:55:00,543740,178819,16,Thu
633408860,09/01/2023,17:30:00,543740,178819,17,Mon
633409486,18/03/2023,20:10:00,543740,178819,20,Sat
632412817,11/07/2022,22:52:00,543743,178794,22,Mon
442419888,31/08/2022,02:00:00,543747,186077,2,Wed
632431840,11/12/2022,22:00:00,543747,178897,22,Sun
442424305,13/11/2022,00:15:00,543760,186389,0,Sun
442420763,30/10/2022,18:45:00,543760,186457,18,Sun
442427000,14/09/2022,21:15:00,543760,186457,21,Wed
442426365,24/11/2022,18:50:00,543763,186445,18,Thu
632427214,01/10/2022,01:15:00,543771,178898,1,Sat
442421500,06/09/2022,15:00:00,543771,187123,15,Tue
442423840,21/09/2022,18:00:00,543771,186511,18,Wed
443409423,11/02/2023,21:00:00,543771,186511,21,Sat
632436341,24/12/2022,02:30:00,543774,178831,2,Sat
632438550,12/12/2022,19:19:00,543774,178831,19,Mon
632420316,23/10/2022,22:20:00,543774,178831,22,Sun
632421111,25/08/2022,22:30:00,543774,178831,22,Thu
632420431,27/08/2022,21:00:00,543780,178754,21,Sat
632418516,30/06/2022,23:20:00,543789,178749,23,Thu
632434490,17/12/2022,18:12:00,543794,179097,18,Sat
632436550,09/12/2022,22:00:00,543794,179097,22,Fri
632413337,13/07/2022,19:20:00,543800,177765,19,Wed
442428517,11/12/2022,14:00:00,543806,185890,14,Sun
632424861,01/09/2022,20:30:00,543807,178881,20,Thu
632429301,25/08/2022,15:04:00,543816,177959,15,Thu
632413286,08/07/2022,11:25:00,543820,177837,11,Fri
443406766,24/03/2023,07:30:00,543823,185943,7,Fri
632411077,16/07/2022,22:39:00,543823,177018,22,Sat
442424480,25/09/2022,15:30:00,543829,186450,15,Sun
242425352,22/07/2022,16:00:00,543831,186419,16,Fri
632426558,14/11/2022,12:00:00,543845,177958,12,Mon
632416199,04/08/2022,02:00:00,543853,178612,2,Thu
442413556,30/07/2022,15:45:00,543857,186333,15,Sat
442422153,24/10/2022,20:15:00,543858,187411,20,Mon
633407080,10/01/2023,19:40:00,543864,178543,19,Tue
442427642,16/10/2022,14:15:00,543871,185067,14,Sun
633409101,12/01/2023,19:45:00,543872,177863,19,Thu
352443821,22/12/2022,15:15:00,543877,180659,15,Thu
442411505,04/07/2022,15:48:00,543877,188248,15,Mon
632434841,24/12/2022,18:15:00,543884,179130,18,Sat
633408516,10/03/2023,16:10:00,543886,170755,16,Fri
442416788,31/08/2022,02:20:00,543891,185560,2,Wed
442424207,11/12/2022,17:30:00,543895,185321,17,Sun
442413425,13/07/2022,00:26:00,543897,185631,0,Wed
632414499,12/08/2022,17:18:00,543899,173674,17,Fri
632436741,24/12/2022,18:15:00,543903,179231,18,Sat
442421231,02/10/2022,15:46:00,543904,189106,15,Sun
632417066,06/07/2022,00:01:00,543907,178684,0,Wed
153407492,12/02/2023,03:00:00,543907,183924,3,Sun
212423127,14/09/2022,21:00:00,543907,179332,21,Wed
352440860,16/12/2022,20:00:00,543910,180908,20,Fri
632422056,28/10/2022,01:35:00,543917,177962,1,Fri
632420718,15/11/2022,21:20:00,543918,177963,21,Tue
442425480,26/09/2022,15:05:00,543919,186376,15,Mon
442421487,21/12/2022,17:30:00,543919,186376,17,Wed
442410535,12/07/2022,17:35:00,543919,186376,17,Tue
442413265,13/07/2022,18:31:00,543919,186376,18,Wed
442428786,09/12/2022,18:30:00,543919,186376,18,Fri
443408161,21/01/2023,23:00:00,543920,185937,23,Sat
332415993,07/07/2022,22:44:00,543927,171560,22,Thu
442428018,25/12/2022,03:00:00,543934,186181,3,Sun
62424754,26/09/2022,15:35:00,543934,178846,15,Mon
632429979,03/12/2022,20:25:00,543934,178846,20,Sat
152419056,03/09/2022,11:08:00,543938,184264,11,Sat
152429742,28/11/2022,22:32:00,543938,184264,22,Mon
633402150,01/01/2023,05:30:00,543953,178909,5,Sun
443407621,17/01/2023,18:45:00,543964,186975,18,Tue
442424886,05/12/2022,18:30:00,543968,186575,18,Mon
442412754,04/07/2022,18:15:00,543971,186128,18,Mon
442429435,20/11/2022,19:00:00,543973,185531,19,Sun
633401351,19/01/2023,04:00:00,543975,178311,4,Thu
443405263,17/02/2023,06:00:00,543975,185518,6,Fri
632411227,12/07/2022,10:15:00,543976,177920,10,Tue
152414026,29/08/2022,23:09:00,543984,183688,23,Mon
442429156,05/12/2022,12:12:00,543986,187592,12,Mon
442426815,18/11/2022,18:30:00,544002,186808,18,Fri
443400845,12/03/2023,20:45:00,544002,186632,20,Sun
153408562,06/02/2023,17:30:00,544006,183938,17,Mon
632421120,15/08/2022,19:47:00,544010,178863,19,Mon
632423024,01/10/2022,23:35:00,544025,177411,23,Sat
442421767,20/12/2022,13:25:00,544029,189849,13,Tue
152412027,12/09/2022,00:01:00,544034,184191,0,Mon
152412718,27/09/2022,22:30:00,544034,184191,22,Tue
443409000,01/01/2023,02:15:00,544042,186598,2,Sun
442411654,04/07/2022,15:50:00,544053,186596,15,Mon
442427603,23/10/2022,17:30:00,544053,186596,17,Sun
443400844,27/02/2023,19:23:00,544061,186824,19,Mon
442411445,15/07/2022,11:00:00,544062,186556,11,Fri
442422825,20/11/2022,23:10:00,544062,186556,23,Sun
442410635,14/07/2022,12:00:00,544065,186354,12,Thu
152411024,31/07/2022,23:20:00,544071,183880,23,Sun
442429028,20/12/2022,12:50:00,544084,189216,12,Tue
632422432,25/08/2022,19:30:00,544094,178802,19,Thu
442413186,03/08/2022,02:00:00,544097,186269,2,Wed
442414175,19/07/2022,12:30:00,544102,186611,12,Tue
442428355,23/11/2022,17:00:00,544102,186611,17,Wed
442424365,24/11/2022,17:55:00,544102,186611,17,Thu
353401915,11/02/2023,13:30:00,544109,181895,13,Sat
443403864,02/03/2023,12:30:00,544117,186277,12,Thu
443403406,20/03/2023,11:30:00,544118,186207,11,Mon
443409395,18/03/2023,19:29:00,544126,189852,19,Sat
153400793,25/02/2023,21:30:00,544128,184670,21,Sat
152415763,24/07/2022,03:50:00,544129,184133,3,Sun
632415059,08/08/2022,02:41:00,544142,177749,2,Mon
153409480,13/01/2023,16:45:00,544145,184088,16,Fri
153409734,28/02/2023,18:30:00,544145,184088,18,Tue
633405804,15/02/2023,00:01:00,544146,177803,0,Wed
442424766,30/11/2022,20:45:00,544146,186553,20,Wed
442427742,16/10/2022,20:40:00,544146,186553,20,Sun
443404256,26/03/2023,07:46:00,544147,186021,7,Sun
153402354,03/03/2023,20:15:00,544156,183775,20,Fri
632421701,25/08/2022,17:35:00,544158,178609,17,Thu
632424412,03/09/2022,00:01:00,544174,177512,0,Sat
352428084,02/08/2022,23:31:00,544176,180656,23,Tue
152425412,22/11/2022,13:00:00,544203,184036,13,Tue
442419016,24/07/2022,15:30:00,544205,186682,15,Sun
152414828,01/10/2022,09:01:00,544215,184533,9,Sat
443406331,18/01/2023,16:06:00,544215,186938,16,Wed
152422850,02/11/2022,14:45:00,544222,183909,14,Wed
442424976,08/12/2022,17:00:00,544234,189808,17,Thu
442422257,18/12/2022,20:00:00,544234,189808,20,Sun
443401031,10/01/2023,07:45:00,544240,187474,7,Tue
443400853,11/02/2023,04:00:00,544242,188873,4,Sat
152427954,23/12/2022,16:00:00,544242,184021,16,Fri
152417738,03/10/2022,01:10:00,544243,184163,1,Mon
332418918,01/09/2022,16:30:00,544245,172306,16,Thu
152424344,27/12/2022,19:00:00,544246,184103,19,Tue
153404533,16/02/2023,19:20:00,544246,184103,19,Thu
442420993,07/09/2022,05:00:00,544252,190729,5,Wed
152426931,14/11/2022,03:30:00,544253,184225,3,Mon
153401882,10/02/2023,17:00:00,544259,183872,17,Fri
153407853,20/02/2023,19:05:00,544259,183872,19,Mon
333409411,10/01/2023,21:00:00,544260,165812,21,Tue
353403728,14/03/2023,00:30:00,544262,181727,0,Tue
153408896,29/03/2023,15:40:00,544271,183544,15,Wed
152428992,05/12/2022,17:17:00,544271,183544,17,Mon
152426180,04/11/2022,14:00:00,544274,184131,14,Fri
152422301,08/11/2022,17:55:00,544274,184131,17,Tue
443406383,17/02/2023,23:00:00,544275,186492,23,Fri
242434506,19/11/2022,06:30:00,544282,180627,6,Sat
442422705,16/11/2022,18:00:00,544283,189929,18,Wed
152412113,15/07/2022,23:30:00,544288,184055,23,Fri
632426616,24/10/2022,05:30:00,544288,178663,5,Mon
442414606,21/07/2022,08:15:00,544297,189659,8,Thu
443404610,03/01/2023,09:15:00,544297,189659,9,Tue
443401172,05/02/2023,11:35:00,544297,189659,11,Sun
442422201,28/09/2022,10:30:00,544306,190106,10,Wed
442413009,30/08/2022,20:00:00,544307,185795,20,Tue
332426493,23/11/2022,14:00:00,544310,171934,14,Wed
443403435,10/03/2023,21:30:00,544310,186652,21,Fri
152425134,22/12/2022,22:10:00,544314,184122,22,Thu
152427760,03/11/2022,19:00:00,544315,184038,19,Thu
333408456,29/03/2023,16:20:00,544316,167550,16,Wed
332412295,27/07/2022,18:20:00,544319,164647,18,Wed
443409486,24/02/2023,15:40:00,544320,189916,15,Fri
443400464,01/03/2023,23:25:00,544321,186689,23,Wed
442429547,16/12/2022,15:57:00,544324,190043,15,Fri
443408014,21/02/2023,14:00:00,544330,190058,14,Tue
153402516,23/03/2023,15:40:00,544330,184063,15,Thu
442419658,26/08/2022,20:55:00,544330,190058,20,Fri
152420370,04/11/2022,18:40:00,544333,184143,18,Fri
153409533,11/02/2023,14:30:00,544335,183866,14,Sat
442423033,26/10/2022,20:00:00,544337,189045,20,Wed
152412964,05/08/2022,00:01:00,544343,184218,0,Fri
152418899,25/10/2022,13:00:00,544343,184218,13,Tue
152416059,12/10/2022,14:40:00,544343,184218,14,Wed
152418729,15/10/2022,16:35:00,544343,184218,16,Sat
632435250,12/12/2022,15:00:00,544348,178423,15,Mon
153403132,03/02/2023,16:15:00,544348,184124,16,Fri
153408232,03/02/2023,15:55:00,544348,184124,15,Fri
153405162,03/02/2023,15:55:00,544348,184124,15,Fri
153409436,30/03/2023,22:13:00,544358,184603,22,Thu
632424077,10/11/2022,16:40:00,544359,178117,16,Thu
443404531,18/01/2023,12:40:00,544373,186660,12,Wed
442428448,31/12/2022,16:40:00,544373,186660,16,Sat
443406460,08/01/2023,20:20:00,544373,186660,20,Sun
153406865,16/03/2023,01:25:00,544374,183941,1,Thu
442414928,23/08/2022,12:30:00,544375,185146,12,Tue
353401288,18/03/2023,11:00:00,544385,182797,11,Sat
153403270,11/01/2023,00:05:00,544386,184293,0,Wed
442411439,06/09/2022,10:00:00,544388,187126,10,Tue
632423347,07/11/2022,19:15:00,544388,177846,19,Mon
442425320,17/09/2022,20:25:00,544395,185769,20,Sat
152410032,03/07/2022,22:15:00,544397,184303,22,Sun
153400594,11/03/2023,00:30:00,544398,184235,0,Sat
443409211,15/01/2023,17:30:00,544404,191245,17,Sun
152425080,06/11/2022,00:25:00,544405,184342,0,Sun
152410849,19/10/2022,01:15:00,544405,184342,1,Wed
152418548,22/08/2022,08:35:00,544405,184342,8,Mon
152417648,04/10/2022,09:15:00,544405,184343,9,Tue
153400555,19/03/2023,14:10:00,544405,184342,14,Sun
152414065,21/08/2022,14:35:00,544405,184343,14,Sun
152423580,06/11/2022,15:00:00,544405,184342,15,Sun
153406170,11/01/2023,19:00:00,544405,184342,19,Wed
152421452,29/11/2022,20:10:00,544405,184342,20,Tue
443404364,23/02/2023,21:26:00,544407,188542,21,Thu
442420597,23/12/2022,21:45:00,544408,185640,21,Fri
443409713,11/02/2023,07:00:00,544413,186557,7,Sat
153400245,18/03/2023,01:15:00,544418,184388,1,Sat
332414759,23/09/2022,20:13:00,544418,167487,20,Fri
442417145,15/07/2022,10:30:00,544425,186682,10,Fri
153406020,04/01/2023,12:40:00,544425,184434,12,Wed
152410997,21/09/2022,23:45:00,544425,184434,23,Wed
443402723,12/02/2023,10:50:00,544426,186493,10,Sun
443401370,08/01/2023,00:00:00,544428,187063,0,Sun
152416913,16/07/2022,09:30:00,544428,184177,9,Sat
442420731,03/10/2022,08:50:00,544438,189778,8,Mon
152418874,09/08/2022,18:30:00,544438,184163,18,Tue
443401202,28/01/2023,03:00:00,544439,187025,3,Sat
443402495,15/03/2023,21:45:00,544442,183568,21,Wed
442422562,18/10/2022,19:00:00,544444,186552,19,Tue
152426800,26/10/2022,21:10:00,544453,184309,21,Wed
153402824,24/02/2023,12:00:00,544456,184313,12,Fri
153403651,24/01/2023,21:30:00,544461,184318,21,Tue
153404970,11/01/2023,19:00:00,544462,183944,19,Wed
443404816,21/03/2023,19:15:00,544468,186330,19,Tue
632425813,19/09/2022,21:30:00,544478,173949,21,Mon
442415656,25/07/2022,14:10:00,544479,188519,14,Mon
152417883,27/07/2022,02:15:00,544482,184424,2,Wed
443408480,10/01/2023,00:40:00,544491,190366,0,Tue
443408454,28/02/2023,20:40:00,544499,187319,20,Tue
442429047,13/12/2022,22:00:00,544499,187319,22,Tue
62411929,30/07/2022,17:15:00,544508,184596,17,Sat
153406175,22/03/2023,19:30:00,544525,184381,19,Wed
442410569,08/09/2022,17:00:00,544530,188172,17,Thu
153406603,13/02/2023,10:00:00,544531,183174,10,Mon
152411746,01/09/2022,12:00:00,544538,184702,12,Thu
152425323,07/12/2022,03:45:00,544541,186530,3,Wed
633408291,23/01/2023,19:49:00,544543,173391,19,Mon
152429433,10/12/2022,20:15:00,544546,184643,20,Sat
152428054,28/12/2022,20:15:00,544546,184643,20,Wed
632425454,05/10/2022,15:30:00,544557,178369,15,Wed
442410827,07/08/2022,22:00:00,544568,189673,22,Sun
442425620,18/09/2022,14:30:00,544577,186847,14,Sun
442422750,22/09/2022,07:30:00,544581,187114,7,Thu
443406522,31/01/2023,07:30:00,544586,191144,7,Tue
443407201,13/01/2023,20:15:00,544588,188943,20,Fri
443400763,16/02/2023,14:00:00,544589,186045,14,Thu
152414077,22/09/2022,10:50:00,544598,184365,10,Thu
633403953,20/01/2023,09:00:00,544603,177775,9,Fri
153408401,16/01/2023,19:29:00,544610,184509,19,Mon
443404325,10/03/2023,00:40:00,544619,188875,0,Fri
443409814,23/02/2023,18:30:00,544620,186597,18,Thu
153403420,04/01/2023,19:25:00,544620,184260,19,Wed
152411116,28/08/2022,12:30:00,544631,184124,12,Sun
443400454,27/02/2023,18:29:00,544635,187212,18,Mon
443406853,16/02/2023,00:30:00,544640,185974,0,Thu
632420682,15/09/2022,17:10:00,544641,177773,17,Thu
152412752,07/07/2022,20:00:00,544643,184584,20,Thu
153405032,03/02/2023,15:30:00,544644,183708,15,Fri
153402972,09/02/2023,20:20:00,544644,183708,20,Thu
153405355,20/03/2023,03:20:00,544651,184597,3,Mon
932412556,16/11/2022,17:45:00,544656,173037,17,Wed
442413415,11/07/2022,19:30:00,544656,188795,19,Mon
153400703,13/02/2023,10:00:00,544687,183253,10,Mon
632420483,27/09/2022,17:40:00,544688,178238,17,Tue
442416735,14/07/2022,15:15:00,544693,186505,15,Thu
153400283,23/02/2023,16:00:00,544693,184651,16,Thu
153402813,09/02/2023,16:00:00,544693,184651,16,Thu
153401620,03/01/2023,18:20:00,544693,184651,18,Tue
153407172,31/01/2023,04:15:00,544696,184322,4,Tue
633409903,05/02/2023,14:00:00,544736,179932,14,Sun
153404183,23/02/2023,14:09:00,544738,185122,14,Thu
153403445,18/03/2023,16:59:00,544738,185122,16,Sat
443408236,21/03/2023,22:20:00,544740,189652,22,Tue
153406672,09/02/2023,16:36:00,544756,184663,16,Thu
152412443,20/07/2022,19:17:00,544756,183569,19,Wed
632421829,27/11/2022,16:35:00,544764,178860,16,Sun
442418788,31/08/2022,03:30:00,544773,187771,3,Wed
443404075,15/03/2023,13:15:00,544773,188204,13,Wed
442423831,02/10/2022,20:30:00,544779,185276,20,Sun
632414697,21/07/2022,02:00:00,544784,179709,2,Thu
633401217,21/03/2023,16:30:00,544789,178857,16,Tue
443405307,31/03/2023,14:15:00,544797,186359,14,Fri
152419799,25/10/2022,19:40:00,544808,184215,19,Tue
632425714,01/10/2022,15:00:00,544809,178811,15,Sat
632414057,14/07/2022,15:10:00,544813,177921,15,Thu
633408233,07/02/2023,17:00:00,544813,177921,17,Tue
632421443,22/09/2022,01:59:00,544830,178807,1,Thu
443406002,27/01/2023,13:31:00,544835,185502,13,Fri
632437110,07/12/2022,17:00:00,544838,178926,17,Wed
442429305,17/11/2022,18:40:00,544839,186157,18,Thu
632425136,25/10/2022,18:00:00,544843,179230,18,Tue
632420559,29/11/2022,11:00:00,544860,177996,11,Tue
633404414,16/02/2023,16:45:00,544860,177996,16,Thu
152425512,24/11/2022,08:00:00,544861,184747,8,Thu
152427181,04/11/2022,16:00:00,544862,184966,16,Fri
633401191,23/01/2023,16:10:00,544862,178731,16,Mon
152414715,15/08/2022,17:45:00,544862,184966,17,Mon
152415617,12/09/2022,18:05:00,544862,184966,18,Mon
152412874,09/08/2022,19:00:00,544862,184966,19,Tue
152426132,26/11/2022,14:21:00,544868,184552,14,Sat
633409121,13/01/2023,17:00:00,544871,178359,17,Fri
632425145,16/10/2022,01:00:00,544873,178322,1,Sun
633403336,13/03/2023,18:15:00,544876,178771,18,Mon
152416467,07/09/2022,16:00:00,544887,184764,16,Wed
632427139,16/10/2022,01:08:00,544898,178319,1,Sun
442421605,16/11/2022,21:20:00,544902,186457,21,Wed
633407006,09/03/2023,18:32:00,544906,174135,18,Thu
442425071,06/10/2022,22:00:00,544914,187249,22,Thu
442412158,24/08/2022,17:30:00,544916,186319,17,Wed
442411657,06/08/2022,13:40:00,544916,186351,13,Sat
632429821,27/08/2022,22:00:00,544919,174420,22,Sat
443402392,07/02/2023,20:45:00,544923,191460,20,Tue
933403793,17/03/2023,21:48:00,544924,173592,21,Fri
442417974,07/07/2022,02:00:00,544928,186646,2,Thu
152415004,28/07/2022,18:50:00,544944,184801,18,Thu
153409001,14/01/2023,21:15:00,544944,184802,21,Sat
443405595,19/03/2023,06:00:00,544947,188378,6,Sun
443403326,20/03/2023,13:00:00,544947,188378,13,Mon
632420256,27/10/2022,21:17:00,544956,178641,21,Thu
442413907,02/08/2022,19:30:00,544959,191660,19,Tue
152419562,08/07/2022,23:00:00,544962,184819,23,Fri
442423000,14/09/2022,20:20:00,544973,191628,20,Wed
632424252,11/09/2022,19:45:00,544978,178786,19,Sun
632423046,26/10/2022,20:24:00,544981,180047,20,Wed
633408173,11/02/2023,18:10:00,544993,178553,18,Sat
442415439,06/09/2022,13:20:00,544998,191590,13,Tue
442428193,03/11/2022,07:45:00,545004,187948,7,Thu
153403203,12/02/2023,20:40:00,545004,183842,20,Sun
442427348,31/12/2022,14:45:00,545010,188239,14,Sat
632411966,06/07/2022,16:40:00,545010,178732,16,Wed
632425469,01/12/2022,15:15:00,545011,178011,15,Thu
632423761,01/09/2022,17:00:00,545012,180191,17,Thu
632420228,15/11/2022,23:00:00,545015,178479,23,Tue
442411174,06/07/2022,01:30:00,545017,191531,1,Wed
442422183,01/11/2022,19:58:00,545017,191531,19,Tue
442413967,01/08/2022,12:00:00,545023,186994,12,Mon
443406894,06/03/2023,15:19:00,545026,188695,15,Mon
443409525,09/03/2023,16:00:00,545026,188695,16,Thu
152419223,11/07/2022,16:20:00,545031,184517,16,Mon
632411699,12/08/2022,20:40:00,545033,179813,20,Fri
442427370,25/09/2022,12:00:00,545036,186820,12,Sun
632425323,20/09/2022,14:36:00,545044,177694,14,Tue
633402682,02/02/2023,15:00:00,545044,180428,15,Thu
443400823,12/02/2023,15:20:00,545044,188996,15,Sun
632429675,19/10/2022,19:20:00,545047,177650,19,Wed
442424226,01/12/2022,06:40:00,545055,191521,6,Thu
443406253,15/02/2023,16:03:00,545055,191521,16,Wed
443400430,05/01/2023,17:30:00,545055,191521,17,Thu
443404117,30/03/2023,19:00:00,545055,191521,19,Thu
443406865,11/03/2023,03:00:00,545069,186939,3,Sat
442426327,14/12/2022,16:17:00,545078,186941,16,Wed
443405493,20/02/2023,21:40:00,545087,186923,21,Mon
632424863,26/09/2022,00:10:00,545091,179695,0,Mon
443403123,11/02/2023,14:36:00,545109,188438,14,Sat
443406171,23/01/2023,20:00:00,545113,188808,20,Mon
442413218,21/08/2022,02:20:00,545124,187498,2,Sun
443400500,31/12/2022,20:10:00,545125,191540,20,Sat
442411666,31/07/2022,16:00:00,545132,187102,16,Sun
442418434,01/07/2022,15:50:00,545137,187168,15,Fri
443404093,16/02/2023,19:00:00,545139,191641,19,Thu
443402566,28/03/2023,01:54:00,545140,191550,1,Tue
633407924,18/02/2023,14:30:00,545141,179826,14,Sat
443400620,04/01/2023,16:15:00,545148,187606,16,Wed
442423401,28/09/2022,15:40:00,545156,191546,15,Wed
633406054,17/02/2023,15:00:00,545162,174150,15,Fri
633405107,20/03/2023,15:10:00,545165,180131,15,Mon
152412208,27/09/2022,13:00:00,545166,184258,13,Tue
152429370,04/11/2022,21:20:00,545171,184895,21,Fri
442425271,07/10/2022,07:30:00,545181,192430,7,Fri
633406395,09/03/2023,01:10:00,545187,179577,1,Thu
443408993,21/02/2023,15:35:00,545196,191842,15,Tue
632414339,05/08/2022,15:45:00,545199,177569,15,Fri
632417518,23/07/2022,02:30:00,545208,178624,2,Sat
632424524,02/10/2022,15:16:00,545209,178526,15,Sun
633408985,08/03/2023,15:30:00,545219,177177,15,Wed
633401106,09/03/2023,14:30:00,545235,178602,14,Thu
632428193,28/09/2022,16:45:00,545235,178602,16,Wed
442412506,22/07/2022,22:00:00,545283,186963,22,Fri
153406605,13/03/2023,17:15:00,545289,183867,17,Mon
442426274,13/11/2022,22:22:00,545291,186277,22,Sun
633406624,18/02/2023,02:15:00,545313,178574,2,Sat
62428351,25/08/2022,00:01:00,545323,185043,0,Thu
152418983,27/07/2022,10:40:00,545323,185043,10,Wed
153409386,29/03/2023,13:15:00,545323,185043,13,Wed
152413424,01/08/2022,15:50:00,545326,185038,15,Mon
152414959,16/10/2022,00:01:00,545329,183953,0,Sun
652410988,18/10/2022,00:01:00,545330,184947,0,Tue
632422982,15/09/2022,20:20:00,545331,178329,20,Thu
442425270,24/09/2022,19:00:00,545363,186664,19,Sat
153402230,05/01/2023,21:00:00,545368,184975,21,Thu
632416096,08/07/2022,22:15:00,545375,178746,22,Fri
442411068,27/08/2022,13:34:00,545382,187181,13,Sat
442427042,15/10/2022,15:30:00,545382,186343,15,Sat
632422383,27/09/2022,15:35:00,545387,178514,15,Tue
633404022,24/01/2023,17:00:00,545387,178514,17,Tue
442429240,14/09/2022,20:31:00,545395,186282,20,Wed
153409154,05/03/2023,17:45:00,545396,185111,17,Sun
442413399,13/09/2022,19:00:00,545401,188693,19,Tue
442423313,24/10/2022,13:50:00,545416,190549,13,Mon
152414093,27/07/2022,09:30:00,545442,184922,9,Wed
443403051,20/01/2023,23:34:00,545451,187151,23,Fri
442416707,28/06/2022,12:00:00,545453,192008,12,Tue
632425855,17/10/2022,18:00:00,545484,177189,18,Mon
633404323,06/02/2023,22:47:00,545499,178617,22,Mon
153409664,04/03/2023,18:00:00,545509,183088,18,Sat
442411459,08/09/2022,14:00:00,545512,187150,14,Thu
632421360,20/08/2022,14:55:00,545522,177499,14,Sat
632416709,02/08/2022,22:10:00,545529,178545,22,Tue
153401254,05/03/2023,14:13:00,545538,184376,14,Sun
442419445,15/07/2022,01:10:00,545545,188544,1,Fri
443406073,17/02/2023,17:30:00,545545,190989,17,Fri
442427940,21/09/2022,23:00:00,545545,186306,23,Wed
442423735,21/11/2022,21:37:00,545546,192059,21,Mon
452425920,19/11/2022,01:00:00,545547,184629,1,Sat
442419505,10/07/2022,15:23:00,545550,192178,15,Sun
442413429,04/09/2022,00:01:00,545565,186734,0,Sun
332425930,05/10/2022,17:40:00,545566,167908,17,Wed
442421914,06/11/2022,01:30:00,545567,186729,1,Sun
442426081,07/10/2022,10:30:00,545574,186775,10,Fri
442426641,04/10/2022,09:24:00,545588,190925,9,Tue
333402080,11/01/2023,13:30:00,545611,163841,13,Wed
443409891,25/01/2023,14:30:00,545612,187177,14,Wed
442426335,19/11/2022,23:25:00,545650,187189,23,Sat
153408191,29/01/2023,17:40:00,545652,183197,17,Sun
442415088,30/08/2022,01:00:00,545665,186304,1,Tue
442415009,01/09/2022,15:25:00,545667,187194,15,Thu
632426130,13/08/2022,02:00:00,545683,178241,2,Sat
443400865,15/03/2023,14:30:00,545702,188046,14,Wed
152410508,27/09/2022,23:30:00,545705,183378,23,Tue
153409930,07/01/2023,03:30:00,545716,183051,3,Sat
442411437,09/08/2022,20:17:00,545717,187275,20,Tue
933409351,30/01/2023,17:05:00,545744,178438,17,Mon
152410494,11/08/2022,19:15:00,545748,183983,19,Thu
442420843,24/10/2022,18:00:00,545757,185411,18,Mon
152417427,15/09/2022,09:35:00,545758,181824,9,Thu
442423186,08/12/2022,12:00:00,545764,187840,12,Thu
632433840,11/12/2022,18:05:00,545765,178387,18,Sun
443405445,12/03/2023,20:00:00,545808,187190,20,Sun
442417066,29/07/2022,22:45:00,545822,191978,22,Fri
153407965,22/03/2023,11:08:00,545844,184260,11,Wed
153404775,22/03/2023,11:12:00,545844,184260,11,Wed
152412166,05/09/2022,15:55:00,545844,184260,15,Mon
152425453,12/12/2022,17:30:00,545844,184260,17,Mon
632425019,24/11/2022,12:30:00,545852,180301,12,Thu
632425775,19/10/2022,21:35:00,545873,178487,21,Wed
442422113,24/10/2022,14:55:00,545905,192053,14,Mon
932410607,24/11/2022,15:40:00,545911,171850,15,Thu
932410412,23/08/2022,18:00:00,545913,176965,18,Tue
332411643,01/07/2022,19:15:00,545940,169114,19,Fri
152420003,05/12/2022,17:05:00,545948,184051,17,Mon
632421190,23/08/2022,22:23:00,545952,178170,22,Tue
442420542,13/10/2022,16:08:00,545959,185851,16,Thu
932417758,29/12/2022,04:23:00,545964,171853,4,Thu
152425583,13/12/2022,13:00:00,545965,184606,13,Tue
152426162,30/11/2022,17:45:00,545968,184531,17,Wed
632425108,14/11/2022,00:01:00,545974,178568,0,Mon
933408732,15/02/2023,09:00:00,545974,178568,9,Wed
633409952,26/01/2023,15:30:00,545974,178568,15,Thu
932417906,08/11/2022,20:50:00,545976,175928,20,Tue
442423095,24/11/2022,16:00:00,545978,187265,16,Thu
633405396,19/03/2023,19:54:00,545991,180460,19,Sun
152416269,20/10/2022,21:00:00,545997,183115,21,Thu
932416090,29/07/2022,19:39:00,546017,171466,19,Fri
933404705,31/03/2023,14:15:00,546019,176449,14,Fri
633403967,25/03/2023,14:50:00,546020,178549,14,Sat
632423732,09/09/2022,20:45:00,546020,178549,20,Fri
332415663,03/07/2022,19:40:00,546035,167774,19,Sun
153409940,06/01/2023,20:10:00,546039,183101,20,Fri
932411784,16/10/2022,01:15:00,546043,175965,1,Sun
332419993,07/07/2022,22:17:00,546047,163800,22,Thu
633400497,30/03/2023,09:05:00,546058,179666,9,Thu
632420940,14/08/2022,21:00:00,546068,178255,21,Sun
633419911,03/03/2023,15:00:00,546082,178399,15,Fri
933408730,07/01/2023,17:35:00,546082,176463,17,Sat
633408911,15/01/2023,02:20:00,546091,178347,2,Sun
932414775,02/11/2022,19:45:00,546105,176070,19,Wed
152413989,22/10/2022,16:00:00,546125,185190,16,Sat
152425310,27/10/2022,15:53:00,546139,185566,15,Thu
153408430,31/12/2022,21:00:00,546140,183717,21,Sat
443407904,22/02/2023,23:12:00,546141,189057,23,Wed
152411199,23/10/2022,15:50:00,546147,182508,15,Sun
332418684,09/07/2022,12:00:00,546155,165991,12,Sat
332427453,17/11/2022,15:54:00,546155,165991,15,Thu
332420425,10/12/2022,22:00:00,546155,165991,22,Sat
332416229,17/09/2022,23:00:00,546155,165991,23,Sat
632427987,12/11/2022,15:00:00,546163,180627,15,Sat
442418415,11/07/2022,17:40:00,546179,185810,17,Mon
933405204,17/03/2023,22:08:00,546183,171709,22,Fri
442423355,23/11/2022,16:30:00,546184,187565,16,Wed
632427197,09/11/2022,19:13:00,546187,180679,19,Wed
932410275,01/11/2022,16:50:00,546195,172805,16,Tue
153407610,28/12/2022,09:45:00,546206,183666,9,Wed
442425450,22/09/2022,07:40:00,546209,187097,7,Thu
902427576,04/12/2022,23:30:00,546209,184084,23,Sun
442426135,18/11/2022,17:20:00,546216,186198,17,Fri
152423030,29/10/2022,16:00:00,546224,185014,16,Sat
933400300,01/01/2023,10:30:00,546230,171828,10,Sun
933404983,09/03/2023,16:51:00,546230,171828,16,Thu
333408905,10/03/2023,19:00:00,546232,166165,19,Fri
152423891,11/11/2022,20:40:00,546232,187831,20,Fri
632415426,01/07/2022,22:20:00,546236,178529,22,Fri
633403861,20/01/2023,23:35:00,546240,178350,23,Fri
332411567,26/08/2022,19:00:00,546245,166329,19,Fri
152421433,10/12/2022,15:00:00,546246,185065,15,Sat
932413362,01/09/2022,20:10:00,546247,172727,20,Thu
633408813,06/02/2023,14:30:00,546254,178430,14,Mon
932417383,25/09/2022,17:40:00,546264,172420,17,Sun
932419826,07/11/2022,10:30:00,546271,173450,10,Mon
443408075,15/03/2023,23:04:00,546271,187376,23,Wed
332415029,18/09/2022,13:45:00,546281,166402,13,Sun
443400943,14/02/2023,20:00:00,546294,186720,20,Tue
632427877,09/11/2022,10:30:00,546300,180775,10,Wed
443401413,08/02/2023,15:18:00,546301,186666,15,Wed
443403845,13/03/2023,11:00:00,546302,187314,11,Mon
933401080,16/01/2023,17:15:00,546312,171636,17,Mon
633401223,06/02/2023,19:21:00,546322,180801,19,Mon
933400173,11/03/2023,13:15:00,546326,171857,13,Sat
152423000,23/10/2022,12:00:00,546332,182299,12,Sun
333402522,01/02/2023,04:50:00,546350,166326,4,Wed
332427905,08/12/2022,16:30:00,546350,166326,16,Thu
633406586,18/03/2023,21:00:00,546352,180702,21,Sat
442422254,10/11/2022,06:30:00,546356,187930,6,Thu
442414185,20/07/2022,14:58:00,546361,187379,14,Wed
153400436,30/03/2023,15:39:00,546371,182422,15,Thu
442422884,11/11/2022,20:00:00,546375,187493,20,Fri
442427833,27/10/2022,16:00:00,546376,187505,16,Thu
932413086,21/11/2022,17:40:00,546379,171503,17,Mon
933402154,25/03/2023,15:15:00,546380,171777,15,Sat
442411248,24/08/2022,17:30:00,546382,187093,17,Wed
152411716,29/08/2022,20:00:00,546383,184858,20,Mon
153407192,05/02/2023,19:00:00,546392,183066,19,Sun
332419586,05/08/2022,18:00:00,546393,165719,18,Fri
632422404,29/09/2022,15:50:00,546396,178312,15,Thu
633400101,12/01/2023,20:39:00,546402,178534,20,Thu
332428021,16/10/2022,18:00:00,546405,166529,18,Sun
152429911,11/11/2022,01:09:00,546412,183471,1,Fri
442429374,14/11/2022,03:50:00,546417,187738,3,Mon
933405761,31/01/2023,15:45:00,546418,172590,15,Tue
932411282,05/09/2022,19:30:00,546427,176527,19,Mon
943408121,18/01/2023,14:10:00,546443,185816,14,Wed
932407969,28/06/2022,10:00:00,546456,180360,10,Tue
632425977,08/11/2022,16:00:00,546456,180360,16,Tue
632420367,09/11/2022,18:00:00,546476,180870,18,Wed
632438880,16/12/2022,20:00:00,546476,180870,20,Fri
933400221,24/01/2023,13:00:00,546477,170845,13,Tue
152427642,28/11/2022,19:30:00,546481,183856,19,Mon
153404651,24/01/2023,19:30:00,546491,185161,19,Tue
332425950,07/10/2022,20:00:00,546492,168968,20,Fri
932401959,04/07/2022,01:30:00,546493,176040,1,Mon
333407921,18/01/2023,23:58:00,546499,166694,23,Wed
332414879,26/09/2022,16:00:00,546503,169331,16,Mon
152425943,12/12/2022,14:00:00,546503,185305,14,Mon
152419178,07/10/2022,15:14:00,546503,185305,15,Fri
152429403,06/12/2022,15:40:00,546503,185305,15,Tue
152411845,19/08/2022,17:20:00,546503,185305,17,Fri
152421373,12/12/2022,17:47:00,546503,185305,17,Mon
153407816,28/03/2023,18:50:00,546503,185305,18,Tue
152411713,16/07/2022,20:00:00,546503,185305,20,Sat
332419835,26/07/2022,21:30:00,546529,169418,21,Tue
153404125,15/03/2023,17:55:00,546546,183024,17,Wed
442427331,02/10/2022,15:33:00,546549,186586,15,Sun
442419299,13/09/2022,16:04:00,546549,186586,16,Tue
443406845,10/03/2023,15:50:00,546554,192112,15,Fri
332424013,12/11/2022,02:00:00,546555,169153,2,Sat
332413093,06/07/2022,18:34:00,546563,168390,18,Wed
942428962,04/11/2022,04:45:00,546566,178287,4,Fri
332425390,12/10/2022,17:10:00,546572,169325,17,Wed
153405330,05/01/2023,00:32:00,546576,185299,0,Thu
152426080,04/11/2022,18:00:00,546576,185299,18,Fri
152429490,07/11/2022,21:20:00,546576,184980,21,Mon
152423703,06/12/2022,20:35:00,546590,184216,20,Tue
632426270,21/08/2022,22:45:00,546590,180170,22,Sun
332426072,06/11/2022,13:01:00,546595,169113,13,Sun
932415524,03/10/2022,18:00:00,546613,176861,18,Mon
152411537,16/09/2022,22:20:00,546616,185793,22,Fri
153408690,15/01/2023,16:35:00,546620,185208,16,Sun
152429381,19/11/2022,16:00:00,546630,185526,16,Sat
332418904,09/07/2022,00:30:00,546639,166862,0,Sat
333400106,23/03/2023,01:00:00,546639,166862,1,Thu
332424963,20/11/2022,02:00:00,546639,166862,2,Sun
443406542,26/01/2023,15:24:00,546639,185805,15,Thu
152429454,29/12/2022,17:00:00,546639,185805,17,Thu
153404035,16/03/2023,19:30:00,546639,185805,19,Thu
153409605,13/03/2023,22:40:00,546651,183240,22,Mon
442416666,01/08/2022,01:10:00,546655,187162,1,Mon
332426985,17/12/2022,00:01:00,546655,170051,0,Sat
632429520,16/08/2022,10:45:00,546660,179283,10,Tue
153404270,11/01/2023,19:30:00,546663,184473,19,Wed
633407435,02/03/2023,01:30:00,546669,181081,1,Thu
153405331,20/01/2023,18:20:00,546672,185816,18,Fri
352439000,17/09/2022,19:40:00,546672,185229,19,Sat
632422460,19/08/2022,15:45:00,546686,178460,15,Fri
153400040,07/01/2023,01:48:00,546693,184612,1,Sat
152425391,21/11/2022,11:05:00,546693,184612,11,Mon
152414975,23/08/2022,22:40:00,546693,184612,22,Tue
152410639,16/10/2022,19:25:00,546697,183933,19,Sun
442422317,09/12/2022,14:00:00,546701,187013,14,Fri
332419479,26/09/2022,14:14:00,546716,168395,14,Mon
332426456,31/12/2022,03:40:00,546717,168471,3,Sat
332428706,23/12/2022,00:01:00,546719,168049,0,Fri
153400843,19/02/2023,00:35:00,546728,185002,0,Sun
332428630,05/10/2022,09:55:00,546730,166851,9,Wed
443403280,11/01/2023,11:20:00,546730,192372,11,Wed
152429101,07/11/2022,20:15:00,546735,184642,20,Mon
442415369,10/09/2022,02:20:00,546741,186713,2,Sat
632415697,21/07/2022,03:47:00,546754,180904,3,Thu
152413207,11/09/2022,17:47:00,546761,185733,17,Sun
442422455,23/11/2022,15:21:00,546765,188697,15,Wed
332418739,21/09/2022,01:44:00,546773,169154,1,Wed
442429200,12/09/2022,16:50:00,546795,187021,16,Mon
633403377,27/03/2023,19:30:00,546826,178853,19,Mon
442420770,03/06/2022,16:45:00,546885,186951,16,Fri
632417147,14/07/2022,15:20:00,546892,180791,15,Thu
152410127,14/09/2022,08:10:00,546893,184913,8,Wed
442420460,23/09/2022,12:29:00,546930,187104,12,Fri
443401743,09/02/2023,21:30:00,546935,188184,21,Thu
442410308,19/08/2022,19:30:00,546936,187070,19,Fri
153408734,03/03/2023,14:41:00,546942,184624,14,Fri
422421694,06/10/2022,20:35:00,546952,164538,20,Thu
332416983,06/07/2022,16:30:00,546997,168472,16,Wed
632422672,14/09/2022,15:26:00,547010,179709,15,Wed
632426870,22/08/2022,16:00:00,547015,180448,16,Mon
632428869,01/12/2022,17:00:00,547019,180458,17,Thu
442424757,18/12/2022,22:00:00,547019,188687,22,Sun
152412644,30/07/2022,20:10:00,547030,184287,20,Sat
333405926,27/03/2023,00:01:00,547031,167285,0,Mon
153409745,19/03/2023,13:31:00,547031,184256,13,Sun
332420270,09/10/2022,14:00:00,547043,168203,14,Sun
932403689,08/07/2022,15:55:00,547046,171709,15,Fri
932411027,29/11/2022,09:08:00,547061,173167,9,Tue
933401854,27/03/2023,14:50:00,547061,173167,14,Mon
332428341,19/10/2022,09:35:00,547069,168111,9,Wed
932419630,17/07/2022,03:45:00,547071,177134,3,Sun
632424627,02/11/2022,20:15:00,547087,180666,20,Wed
153405954,03/03/2023,17:30:00,547090,183113,17,Fri
153407344,04/03/2023,11:23:00,547091,183074,11,Sat
443403207,31/03/2023,16:55:00,547094,188554,16,Fri
633402816,11/03/2023,18:20:00,547100,180789,18,Sat
152418568,07/10/2022,00:23:00,547106,184338,0,Fri
152425660,03/11/2022,21:00:00,547109,186209,21,Thu
152419188,21/05/2022,12:45:00,547110,187022,12,Sat
153402365,21/03/2023,15:30:00,547110,187022,15,Tue
153405750,09/01/2023,18:13:00,547117,185732,18,Mon
632433150,12/12/2022,12:40:00,547122,178556,12,Mon
152411555,20/08/2022,17:45:00,547130,183077,17,Sat
442429106,19/11/2022,14:46:00,547139,187787,14,Sat
153400830,06/01/2023,16:25:00,547147,183868,16,Fri
332423011,10/10/2022,14:30:00,547161,166711,14,Mon
442427736,04/12/2022,00:50:00,547166,188563,0,Sun
633406346,13/03/2023,16:30:00,547167,179571,16,Mon
152411303,14/07/2022,15:00:00,547172,187002,15,Thu
633407100,01/01/2023,03:30:00,547174,179489,3,Sun
333408121,17/01/2023,22:00:00,547190,167601,22,Tue
633400456,14/03/2023,19:00:00,547209,179246,19,Tue
932411032,03/05/2022,10:00:00,547210,175687,10,Tue
333402176,31/03/2023,22:45:00,547254,168372,22,Fri
632413249,06/08/2022,20:45:00,547262,178980,20,Sat
153407730,06/01/2023,16:00:00,547275,185073,16,Fri
932412245,26/10/2022,20:20:00,547277,176542,20,Wed
632422036,25/10/2022,17:20:00,547278,180313,17,Tue
633404466,16/03/2023,17:30:00,547279,178775,17,Thu
443401600,01/01/2023,17:51:00,547283,187615,17,Sun
632422024,01/10/2022,23:20:00,547287,179763,23,Sat
153407165,16/03/2023,20:15:00,547294,186601,20,Thu
633403696,20/03/2023,07:50:00,547299,179233,7,Mon
152415015,14/08/2022,18:30:00,547305,183870,18,Sun
632439250,12/12/2022,12:10:00,547306,179060,12,Mon
632411276,07/07/2022,09:30:00,547307,178819,9,Thu
633408811,14/01/2023,19:20:00,547319,179111,19,Sat
632433170,14/12/2022,14:55:00,547335,179110,14,Wed
153403245,18/03/2023,11:40:00,547354,186993,11,Sat
633407365,05/03/2023,05:30:00,547355,179026,5,Sun
153402355,18/03/2023,00:10:00,547356,186531,0,Sat
152429722,26/11/2022,01:45:00,547356,186531,1,Sat
932410624,03/10/2022,16:38:00,547358,178920,16,Mon
333407370,11/01/2023,15:32:00,547359,166180,15,Wed
932415441,06/08/2022,14:30:00,547363,180861,14,Sat
332412463,03/07/2022,14:00:00,547365,168302,14,Sun
933402504,19/03/2023,16:25:00,547370,179290,16,Sun
933409312,10/02/2023,20:20:00,547386,178960,20,Fri
453402322,20/01/2023,09:51:00,547387,185968,9,Fri
932411985,04/11/2022,21:37:00,547391,179246,21,Fri
633406826,09/03/2023,23:22:00,547391,179246,23,Thu
152412914,31/07/2022,22:15:00,547402,185429,22,Sun
933403704,18/03/2023,15:30:00,547411,178908,15,Sat
933408764,29/03/2023,16:30:00,547411,178908,16,Wed
152411588,09/10/2022,22:36:00,547422,184273,22,Sun
153404835,17/03/2023,16:58:00,547424,189677,16,Fri
152424833,10/12/2022,18:30:00,547427,184767,18,Sat
153407833,16/02/2023,14:00:00,547436,185124,14,Thu
933402356,16/03/2023,00:01:00,547458,181239,0,Thu
152422844,28/12/2022,15:20:00,547458,185020,15,Wed
332422175,17/12/2022,14:15:00,547467,167952,14,Sat
932419038,21/12/2022,21:05:00,547483,178869,21,Wed
933408640,09/01/2023,18:56:00,547492,179649,18,Mon
442428855,18/11/2022,15:00:00,547495,187327,15,Fri
632419147,11/07/2022,15:30:00,547499,181209,15,Mon
932419396,23/11/2022,19:30:00,547501,175640,19,Wed
933401464,28/03/2023,03:10:00,547504,179724,3,Tue
933407552,17/02/2023,19:00:00,547521,174952,19,Fri
443401941,14/01/2023,18:50:00,547534,188786,18,Sat
152410265,21/08/2022,14:15:00,547535,185481,14,Sun
152419612,01/07/2022,22:00:00,547548,184653,22,Fri
152426634,26/12/2022,17:20:00,547552,184196,17,Mon
153407212,01/02/2023,12:49:00,547568,185532,12,Wed
152422473,17/12/2022,04:02:00,547574,183827,4,Sat
152420014,20/12/2022,15:30:00,547574,183827,15,Tue
153403922,02/02/2023,16:00:00,547574,183827,16,Thu
153402434,03/03/2023,07:45:00,547579,186867,7,Fri
442429163,30/10/2022,15:45:00,547594,187646,15,Sun
152416463,23/07/2022,17:30:00,547597,184366,17,Sat
152414679,22/10/2022,18:15:00,547597,184366,18,Sat
442419668,27/08/2022,21:00:00,547605,187822,21,Sat
152416682,12/07/2022,12:02:00,547609,186237,12,Tue
152415078,07/10/2022,15:55:00,547609,184664,15,Fri
152423014,22/12/2022,10:55:00,547620,184365,10,Thu
442428143,27/10/2022,14:11:00,547624,188019,14,Thu
442420797,23/12/2022,18:38:00,547624,187688,18,Fri
443400014,23/02/2023,01:20:00,547628,187897,1,Thu
152425912,21/11/2022,17:40:00,547628,184324,17,Mon
152424413,07/12/2022,10:00:00,547634,189314,10,Wed
153404911,09/01/2023,15:30:00,547641,183973,15,Mon
933409364,28/03/2023,19:45:00,547642,179313,19,Tue
442410749,07/09/2022,21:00:00,547652,187682,21,Wed
932406459,02/07/2022,20:55:00,547655,173015,20,Sat
152414037,16/09/2022,01:20:00,547665,184489,1,Fri
152413684,10/08/2022,13:00:00,547669,184460,13,Wed
153404442,05/02/2023,15:30:00,547669,184460,15,Sun
153402925,16/03/2023,16:43:00,547669,184376,16,Thu
153405410,28/12/2022,17:35:00,547669,184460,17,Wed
152429231,12/11/2022,21:00:00,547669,184460,21,Sat
153401372,09/02/2023,10:00:00,547670,184423,10,Thu
153405055,19/03/2023,20:45:00,547670,184423,20,Sun
153400902,30/01/2023,14:46:00,547676,189491,14,Mon
442421601,23/09/2022,00:01:00,547679,188135,0,Fri
333400103,06/02/2023,00:01:00,547698,166038,0,Mon
153406263,21/02/2023,13:00:00,547704,183430,13,Tue
153408262,07/02/2023,15:15:00,547708,185763,15,Tue
932415775,30/10/2022,20:00:00,547717,179458,20,Sun
442422246,04/12/2022,22:35:00,547734,189026,22,Sun
152425301,08/11/2022,17:30:00,547736,187687,17,Tue
153405001,15/01/2023,21:30:00,547739,184357,21,Sun
152427391,18/11/2022,15:30:00,547744,185777,15,Fri
152419376,06/09/2022,14:00:00,547747,187145,14,Tue
152415342,05/07/2022,16:20:00,547751,187942,16,Tue
153407131,20/01/2023,15:40:00,547755,187066,15,Fri
153405163,20/02/2023,17:00:00,547759,184297,17,Mon
153407442,01/02/2023,17:30:00,547759,184297,17,Wed
442415026,25/07/2022,21:58:00,547771,187587,21,Mon
153401932,01/02/2023,12:45:00,547778,185780,12,Wed
153406682,10/02/2023,14:55:00,547792,184148,14,Fri
332426500,30/09/2022,19:46:00,547798,168376,19,Fri
152421034,24/12/2022,02:47:00,547831,185795,2,Sat
153409171,26/01/2023,19:18:00,547831,185795,19,Thu
933402562,20/02/2023,10:50:00,547847,172931,10,Mon
932412447,03/12/2022,16:20:00,547847,172931,16,Sat
332422816,24/12/2022,19:45:00,547852,168316,19,Sat
153405184,09/03/2023,16:15:00,547859,186577,16,Thu
152411243,20/07/2022,16:38:00,547865,188110,16,Wed
153405226,29/03/2023,16:45:00,547865,188110,16,Wed
932411650,20/07/2022,06:00:00,547875,170621,6,Wed
152429633,10/12/2022,19:42:00,547875,183679,19,Sat
153409010,02/01/2023,20:00:00,547875,183679,20,Mon
152428641,14/11/2022,16:15:00,547878,187933,16,Mon
932404369,04/07/2022,15:15:00,547887,179625,15,Mon
933405911,24/01/2023,16:13:00,547887,179625,16,Tue
332426354,01/12/2022,13:39:00,547890,166131,13,Thu
932416272,03/09/2022,20:55:00,547892,170959,20,Sat
153402452,06/02/2023,14:45:00,547905,185586,14,Mon
333408473,20/02/2023,21:15:00,547908,166085,21,Mon
932412681,17/08/2022,19:40:00,547923,181375,19,Wed
153402102,30/01/2023,21:30:00,547929,189640,21,Mon
152425581,19/11/2022,23:50:00,547947,187878,23,Sat
152411453,20/07/2022,16:40:00,547950,187933,16,Wed
932418057,04/12/2022,20:25:00,547957,179443,20,Sun
152419389,23/10/2022,14:35:00,547963,185474,14,Sun
152424534,26/12/2022,14:50:00,547963,185474,14,Mon
932411682,05/09/2022,18:00:00,547968,179679,18,Mon
152427364,30/12/2022,13:40:00,547971,184483,13,Fri
933402760,13/01/2023,21:36:00,547975,175439,21,Fri
152426320,28/10/2022,20:00:00,547979,184611,20,Fri
152411389,23/10/2022,14:54:00,547998,184612,14,Sun
152417579,22/10/2022,16:45:00,547998,184612,16,Sat
153402632,03/02/2023,18:00:00,547998,184612,18,Fri
152418765,20/08/2022,21:45:00,548006,184667,21,Sat
153403573,20/02/2023,16:45:00,548007,184154,16,Mon
152412796,11/09/2022,01:05:00,548011,189165,1,Sun
152411682,05/07/2022,15:45:00,548018,184435,15,Tue
152412057,19/09/2022,17:20:00,548033,186569,17,Mon
453404082,11/02/2023,13:00:00,548040,188273,13,Sat
153404506,27/03/2023,14:15:00,548082,189170,14,Mon
932411358,27/12/2022,14:55:00,548089,181318,14,Tue
153400930,06/01/2023,17:05:00,548100,184043,17,Fri
153409863,22/02/2023,08:21:00,548116,187091,8,Wed
933405801,21/01/2023,18:43:00,548129,175939,18,Sat
152420423,09/12/2022,00:01:00,548149,183986,0,Fri
152410582,11/07/2022,23:00:00,548153,186258,23,Mon
152415143,20/07/2022,16:00:00,548161,184008,16,Wed
152413866,06/09/2022,23:31:00,548170,185392,23,Tue
932413246,14/11/2022,16:20:00,548176,179650,16,Mon
152421824,24/12/2022,21:00:00,548176,184452,21,Sat
932417242,28/08/2022,22:15:00,548176,179650,22,Sun
152412095,24/08/2022,21:30:00,548186,184705,21,Wed
932414195,04/11/2022,20:30:00,548191,178893,20,Fri
932412171,14/08/2022,18:00:00,548192,175847,18,Sun
152420540,31/10/2022,21:02:00,548195,187096,21,Mon
153407585,24/03/2023,14:00:00,548196,187457,14,Fri
153406362,07/02/2023,15:40:00,548238,183679,15,Tue
152422993,20/12/2022,16:25:00,548238,183679,16,Tue
153403884,10/03/2023,18:30:00,548238,183679,18,Fri
152420764,30/12/2022,18:40:00,548238,183627,18,Fri
152423554,29/12/2022,18:45:00,548238,183679,18,Thu
152422024,23/12/2022,17:00:00,548252,183664,17,Fri
152421834,26/12/2022,17:00:00,548252,183664,17,Mon
153403841,22/01/2023,17:05:00,548252,183664,17,Sun
153402055,19/03/2023,18:47:00,548252,183664,18,Sun
153405354,05/03/2023,19:10:00,548252,183664,19,Sun
152421444,27/12/2022,20:15:00,548252,183664,20,Tue
152427533,10/12/2022,21:00:00,548252,183664,21,Sat
152428621,11/11/2022,23:30:00,548252,183664,23,Fri
152426642,25/11/2022,16:30:00,548259,184431,16,Fri
152410495,25/08/2022,16:00:00,548279,184712,16,Thu
153404146,30/03/2023,17:00:00,548286,186610,17,Thu
932414630,19/07/2022,16:38:00,548292,171216,16,Tue
152423644,20/12/2022,15:15:00,548324,184151,15,Tue
152425733,08/12/2022,16:00:00,548347,190034,16,Thu
153404033,16/02/2023,16:00:00,548365,187076,16,Thu
152411609,12/10/2022,14:10:00,548367,189231,14,Wed
932411453,18/09/2022,14:15:00,548390,175964,14,Sun
152428964,31/12/2022,15:30:00,548403,186443,15,Sat
152411633,19/07/2022,18:35:00,548403,186443,18,Tue
152412395,25/08/2022,16:00:00,548404,186438,16,Thu
152425801,09/11/2022,18:10:00,548406,189027,18,Wed
152416798,10/10/2022,19:25:00,548409,188063,19,Mon
153400044,03/03/2023,21:30:00,548454,185467,21,Fri
152412814,31/07/2022,20:00:00,548457,185345,20,Sun
153405731,21/01/2023,13:40:00,548466,186901,13,Sat
152418227,14/09/2022,19:20:00,548495,184136,19,Wed
153407552,06/02/2023,23:55:00,548496,188079,23,Mon
153400130,05/01/2023,17:00:00,548498,184088,17,Thu
152423542,28/11/2022,15:15:00,548546,184117,15,Mon
152428024,23/12/2022,17:15:00,548547,183893,17,Fri
153404594,12/03/2023,03:20:00,548549,188162,3,Sun
153408755,21/03/2023,05:05:00,548569,183889,5,Tue
152419174,09/08/2022,00:28:00,548572,185360,0,Tue
932411621,05/08/2022,22:00:00,548582,179334,22,Fri
932418502,21/08/2022,23:16:00,548582,179334,23,Sun
153408215,14/03/2023,15:15:00,548600,186115,15,Tue
452416389,12/11/2022,15:15:00,548603,190363,15,Sat
932418423,13/09/2022,08:40:00,548605,179361,8,Tue
932417953,16/09/2022,02:00:00,548631,175331,2,Fri
152416388,09/10/2022,14:30:00,548688,184365,14,Sun
152411579,22/10/2022,15:00:00,548688,184365,15,Sat
153408040,06/01/2023,17:30:00,548688,184365,17,Fri
152425324,23/12/2022,20:00:00,548688,184365,20,Fri
152410169,19/10/2022,21:00:00,548716,186908,21,Wed
152427024,23/12/2022,18:00:00,548739,185152,18,Fri
152410672,07/07/2022,09:00:00,548741,187967,9,Thu
932417357,05/12/2022,12:55:00,548747,175098,12,Mon
152412869,21/10/2022,14:30:00,548762,185734,14,Fri
932417160,21/07/2022,16:20:00,548765,179077,16,Thu
153401441,22/01/2023,23:50:00,548781,187335,23,Sun
152426091,21/11/2022,03:00:00,548781,187335,3,Mon
932413551,11/08/2022,17:50:00,548783,175331,17,Thu
933405074,30/03/2023,13:10:00,548794,178619,13,Thu
932415202,21/08/2022,16:15:00,548794,175290,16,Sun
933406883,14/02/2023,12:00:00,548802,178406,12,Tue
152410939,17/10/2022,16:00:00,548809,184303,16,Mon
933404122,12/02/2023,15:50:00,548812,175327,15,Sun
152428082,03/12/2022,10:50:00,548821,185291,10,Sat
152428590,07/11/2022,18:00:00,548836,184403,18,Mon
933401901,22/01/2023,19:30:00,548843,175341,19,Sun
932417453,18/09/2022,18:10:00,548857,175280,18,Sun
153408701,17/01/2023,10:45:00,548867,183683,10,Tue
152428334,26/12/2022,04:30:00,548870,184510,4,Mon
153404174,08/03/2023,15:30:00,548875,186805,15,Wed
152423734,26/12/2022,17:31:00,548900,187069,17,Mon
152425514,23/12/2022,00:40:00,548914,183481,0,Fri
153400612,01/02/2023,19:25:00,548916,187089,19,Wed
933404843,05/03/2023,23:00:00,548918,178254,23,Sun
152414206,23/08/2022,19:00:00,548927,186711,19,Tue
153408081,27/01/2023,14:40:00,548932,184907,14,Fri
152418495,25/08/2022,23:15:00,548947,188181,23,Thu
153403282,09/02/2023,19:15:00,548954,186701,19,Thu
932410473,23/09/2022,08:10:00,548955,178145,8,Fri
153402026,29/03/2023,10:20:00,548956,183648,10,Wed
153408021,18/01/2023,23:20:00,548956,185305,23,Wed
153408070,11/01/2023,17:28:00,548960,183644,17,Wed
152421493,19/12/2022,16:20:00,548964,181944,16,Mon
932405199,09/07/2022,17:00:00,548967,175337,17,Sat
153406080,13/01/2023,07:00:00,548974,185081,7,Fri
152413926,31/08/2022,14:50:00,548996,184304,14,Wed
932413912,24/08/2022,17:40:00,548999,175254,17,Wed
932405869,05/07/2022,15:50:00,549000,175187,15,Tue
153401472,08/02/2023,19:15:00,549006,185287,19,Wed
932411340,20/07/2022,20:20:00,549015,175286,20,Wed
152429371,18/11/2022,07:00:00,549016,186784,7,Fri
153400805,13/03/2023,15:30:00,549024,185023,15,Mon
153401512,01/02/2023,19:10:00,549025,184749,19,Wed
153407043,18/02/2023,01:23:00,549028,186685,1,Sat
153400132,03/02/2023,16:30:00,549028,186685,16,Fri
153408126,29/03/2023,11:04:00,549030,186602,11,Wed
932412145,26/10/2022,19:40:00,549037,174429,19,Wed
153405744,04/03/2023,18:50:00,549038,184616,18,Sat
153404784,10/03/2023,20:00:00,549038,184616,20,Fri
153409521,19/01/2023,22:59:00,549038,184616,22,Thu
152418845,17/08/2022,10:00:00,549042,184570,10,Wed
152429964,31/12/2022,14:00:00,549059,184843,14,Sat
153409681,28/01/2023,22:40:00,549061,184919,22,Sat
152413579,17/10/2022,21:00:00,549074,184688,21,Mon
153408704,27/02/2023,15:50:00,549076,184693,15,Mon
153408473,23/02/2023,03:00:00,549077,184659,3,Thu
152423524,23/12/2022,06:00:00,549077,184659,6,Fri
152423654,29/12/2022,17:45:00,549077,184659,17,Thu
152419182,11/07/2022,13:32:00,549078,184639,13,Mon
932416333,10/09/2022,16:00:00,549086,176947,16,Sat
632426767,10/11/2022,12:30:00,549088,175220,12,Thu
152423971,10/10/2022,23:19:00,549090,184574,23,Mon
152415407,12/09/2022,09:30:00,549091,184759,9,Mon
933400042,15/02/2023,20:57:00,549093,173598,20,Wed
152410692,02/07/2022,21:30:00,549097,185001,21,Sat
153408832,04/02/2023,19:05:00,549103,184633,19,Sat
932413438,22/12/2022,19:45:00,549105,175276,19,Thu
153409424,01/03/2023,20:00:00,549110,184627,20,Wed
153407762,07/02/2023,21:01:00,549122,184697,21,Tue
932417662,02/09/2022,13:56:00,549153,179528,13,Fri
932419472,01/09/2022,19:00:00,549153,179528,19,Thu
932412977,09/12/2022,15:35:00,549175,179098,15,Fri
932417793,28/09/2022,14:00:00,549177,175171,14,Wed
153406394,11/03/2023,20:15:00,549180,186766,20,Sat
153401505,13/03/2023,15:00:00,549190,184342,15,Mon
933405073,12/03/2023,17:30:00,549194,175072,17,Sun
63401876,15/03/2023,11:40:00,549211,184575,11,Wed
932415573,23/09/2022,16:00:00,549215,175238,16,Fri
932418705,19/10/2022,15:15:00,549235,175259,15,Wed
933404140,07/01/2023,17:40:00,549235,175259,17,Sat
933404652,18/02/2023,19:05:00,549235,175259,19,Sat
932415402,21/08/2022,20:05:00,549236,175238,20,Sun
933406670,15/01/2023,20:20:00,549236,175238,20,Sun
152422264,30/12/2022,18:05:00,549248,186860,18,Fri
932413060,24/07/2022,08:40:00,549257,175264,8,Sun
933402822,13/02/2023,16:43:00,549258,175063,16,Mon
453408350,09/01/2023,22:57:00,549268,183277,22,Mon
933403712,11/02/2023,17:50:00,549269,175458,17,Sat
932415486,22/11/2022,15:45:00,549274,175273,15,Tue
933401401,14/01/2023,18:00:00,549274,175273,18,Sat
933402712,11/02/2023,18:12:00,549275,173682,18,Sat
933406052,17/02/2023,19:40:00,549286,175200,19,Fri
152418479,22/10/2022,11:10:00,549288,186746,11,Sat
932401559,02/07/2022,14:00:00,549293,175188,14,Sat
932412170,26/07/2022,13:35:00,549308,175195,13,Tue
152410994,12/08/2022,19:30:00,549342,186434,19,Fri
152413723,18/07/2022,00:01:00,549364,184136,0,Mon
152417658,05/10/2022,20:12:00,549376,186783,20,Wed
932402649,01/07/2022,08:20:00,549409,175309,8,Fri
932410355,29/10/2022,02:50:00,549411,175213,2,Sat
152413023,13/07/2022,16:20:00,549432,186771,16,Wed
932413215,20/10/2022,23:00:00,549466,179123,23,Thu
932412215,20/10/2022,23:37:00,549466,179123,23,Thu
932413055,28/10/2022,12:50:00,549471,175204,12,Fri
452418532,14/07/2022,19:00:00,549485,190465,19,Thu
353409949,18/03/2023,23:30:00,549492,184365,23,Sat
153401555,17/03/2023,17:57:00,549496,185772,17,Fri
422427069,22/11/2022,15:45:00,549497,190670,15,Tue
152410014,30/07/2022,00:50:00,549514,185829,0,Sat
153404763,19/02/2023,16:20:00,549519,186868,16,Sun
932405079,05/07/2022,17:20:00,549526,179216,17,Tue
932414656,16/11/2022,15:33:00,549532,180650,15,Wed
933409423,03/03/2023,12:50:00,549557,174146,12,Fri
933402660,13/01/2023,19:25:00,549558,175723,19,Fri
153409234,02/03/2023,19:45:00,549570,185796,19,Thu
932418357,05/12/2022,15:00:00,549586,175447,15,Mon
933409444,25/03/2023,21:20:00,549587,175927,21,Sat
153403253,19/02/2023,16:50:00,549606,186718,16,Sun
152411066,02/09/2022,20:00:00,549608,184611,20,Fri
932419220,16/07/2022,12:58:00,549655,175737,12,Sat
153405650,09/01/2023,18:00:00,549668,183290,18,Mon
933402222,12/02/2023,14:59:00,549684,179142,14,Sun
932416340,16/07/2022,20:30:00,549687,175575,20,Sat
933400222,10/02/2023,19:00:00,549699,175357,19,Fri
932411615,21/10/2022,16:20:00,549721,177201,16,Fri
152411338,02/10/2022,00:01:00,549905,183217,0,Sun
153405215,12/03/2023,23:00:00,549922,184646,23,Sun
152417759,14/10/2022,08:20:00,549966,185842,8,Fri
932414887,05/12/2022,19:10:00,549973,179338,19,Mon
933401874,31/03/2023,20:00:00,550037,176966,20,Fri
563420480,20/03/2023,21:04:00,550053,185080,21,Mon
153406792,11/02/2023,18:30:00,550066,186709,18,Sat
153404483,24/02/2023,00:29:00,550096,185330,0,Fri
152419432,04/07/2022,18:55:00,550119,183315,18,Mon
152428144,27/12/2022,16:30:00,550125,184245,16,Tue
932417833,15/09/2022,23:50:00,550145,174320,23,Thu
153406291,29/01/2023,23:46:00,550157,183165,23,Sun
152410699,25/10/2022,12:20:00,550162,185936,12,Tue
932419516,10/11/2022,08:45:00,550175,178560,8,Thu
452421561,09/12/2022,15:45:00,550189,191242,15,Fri
153402462,07/02/2023,17:47:00,550225,185068,17,Tue
932419837,02/12/2022,16:10:00,550245,177072,16,Fri
352436510,18/09/2022,22:15:00,550247,184936,22,Sun
153401010,02/01/2023,17:15:00,550284,185033,17,Mon
932418672,04/09/2022,06:30:00,550294,177933,6,Sun
933403570,28/12/2022,18:15:00,550349,178784,18,Wed
152422530,29/10/2022,19:30:00,550384,184255,19,Sat
152414934,03/08/2022,15:30:00,550392,189693,15,Wed
152424972,03/12/2022,02:27:00,550409,186080,2,Sat
452419739,04/11/2022,16:30:00,550413,189965,16,Fri
932418085,03/11/2022,06:49:00,550427,178364,6,Thu
932411744,07/10/2022,16:00:00,550450,174979,16,Fri
152414515,15/08/2022,16:01:00,550492,184410,16,Mon
153409535,15/03/2023,09:50:00,550500,183033,9,Wed
933404673,13/03/2023,19:10:00,550519,178715,19,Mon
453408762,10/02/2023,21:42:00,550555,187374,21,Fri
933402420,05/01/2023,19:30:00,550560,178539,19,Thu
932412312,23/08/2022,14:19:00,550564,178966,14,Tue
453406363,24/02/2023,15:20:00,550575,184172,15,Fri
452417547,05/10/2022,11:20:00,550669,190852,11,Wed
453400472,11/02/2023,16:46:00,550671,192144,16,Sat
452419607,27/09/2022,22:35:00,550699,183003,22,Tue
932405999,01/07/2022,12:00:00,550715,177179,12,Fri
453401583,28/02/2023,11:45:00,550785,191077,11,Tue
453402314,04/03/2023,05:30:00,550808,190556,5,Sat
153401211,15/01/2023,19:50:00,550830,186844,19,Sun
932417286,22/11/2022,11:15:00,550853,178649,11,Tue
452423700,15/11/2022,23:45:00,550936,187762,23,Tue
932412032,26/08/2022,15:30:00,550977,178632,15,Fri
453404343,21/02/2023,16:40:00,550984,187944,16,Tue
452425750,23/11/2022,08:45:00,550985,188716,8,Wed
932415067,06/12/2022,16:30:00,551000,178458,16,Tue
932415086,21/11/2022,18:00:00,551056,178422,18,Mon
153407441,23/01/2023,07:30:00,551057,184910,7,Mon
452417433,30/07/2022,07:00:00,551058,182767,7,Sat
452414287,08/10/2022,21:30:00,551061,187422,21,Sat
453407910,31/12/2022,19:00:00,551062,189073,19,Sat
153407934,03/03/2023,20:40:00,551129,186558,20,Fri
452411451,02/07/2022,01:00:00,551139,188802,1,Sat
452418989,12/11/2022,14:50:00,551150,189115,14,Sat
933404654,27/03/2023,18:00:00,551150,178097,18,Mon
452418316,06/09/2022,17:30:00,551159,188714,17,Tue
452417975,06/09/2022,18:10:00,551159,188714,18,Tue
452417322,13/07/2022,12:45:00,551166,188901,12,Wed
452417151,01/07/2022,15:35:00,551168,188478,15,Fri
442410774,05/07/2022,12:00:00,551169,188943,12,Tue
453409513,10/02/2023,18:00:00,551174,188513,18,Fri
932419340,20/07/2022,21:00:00,551174,176424,21,Wed
452418955,03/09/2022,18:42:00,551191,189795,18,Sat
452411116,12/09/2022,09:00:00,551195,188810,9,Mon
452413012,11/07/2022,01:50:00,551198,188626,1,Mon
453400740,08/01/2023,15:55:00,551198,188626,15,Sun
452417739,04/11/2022,16:30:00,551198,188626,16,Fri
453404825,13/03/2023,14:00:00,551225,188757,14,Mon
453405513,17/02/2023,15:40:00,551237,188724,15,Fri
452413815,23/08/2022,17:00:00,551242,188707,17,Tue
453403040,07/01/2023,19:00:00,551283,188806,19,Sat
453405803,16/02/2023,18:40:00,551290,188729,18,Thu
452411456,18/09/2022,18:20:00,551300,188635,18,Sun
452410557,06/10/2022,17:00:00,551308,189054,17,Thu
452417256,17/09/2022,18:00:00,551309,188770,18,Sat
452418824,13/08/2022,08:30:00,551316,187437,8,Sat
453408331,22/01/2023,15:00:00,551324,188450,15,Sun
452416565,23/07/2022,19:45:00,551324,188450,19,Sat
452419717,29/09/2022,21:30:00,551329,188583,21,Thu
452412096,25/09/2022,02:00:00,551345,188529,2,Sun
452420050,15/11/2022,16:30:00,551345,188529,16,Tue
452417993,09/08/2022,01:45:00,551347,188478,1,Tue
452418079,10/11/2022,10:15:00,551350,188994,10,Thu
452410189,11/11/2022,22:45:00,551350,188994,22,Fri
452424830,20/11/2022,03:45:00,551352,188481,3,Sun
933402963,11/03/2023,21:30:00,551353,174882,21,Sat
452428931,05/12/2022,11:45:00,551357,188700,11,Mon
452416846,17/09/2022,18:30:00,551357,188640,18,Sat
932413350,21/07/2022,00:48:00,551367,178179,0,Thu
453409020,04/01/2023,18:00:00,551377,188601,18,Wed
453406560,11/01/2023,16:55:00,551381,189006,16,Wed
452417925,29/08/2022,17:00:00,551381,189006,17,Mon
63413365,11/03/2023,00:01:00,551387,188888,0,Sat
452421462,27/12/2022,19:00:00,551387,188888,19,Tue
453401481,24/01/2023,19:40:00,551391,188426,19,Tue
452419413,19/07/2022,21:25:00,551391,188426,21,Tue
452416142,15/07/2022,17:45:00,551394,188672,17,Fri
453405151,24/01/2023,20:30:00,551402,187479,20,Tue
452410065,03/09/2022,16:15:00,551415,188693,16,Sat
453401192,14/02/2023,00:01:00,551434,188269,0,Tue
932412184,13/10/2022,21:00:00,551437,177957,21,Thu
452427871,12/12/2022,11:10:00,551444,188952,11,Mon
453406432,06/02/2023,01:00:00,551467,188374,1,Mon
452419747,05/10/2022,16:25:00,551469,188944,16,Wed
932410176,11/11/2022,17:05:00,551474,177928,17,Fri
933406552,17/02/2023,06:00:00,551478,174520,6,Fri
932416210,11/07/2022,16:30:00,551505,177809,16,Mon
933400512,08/02/2023,17:15:00,551519,177997,17,Wed
452415456,18/09/2022,18:20:00,551523,188734,18,Sun
453406472,11/02/2023,19:48:00,551523,188734,19,Sat
452425252,24/12/2022,20:10:00,551523,188734,20,Sat
453405603,12/09/2022,17:00:00,551539,188473,17,Mon
452410095,08/09/2022,00:01:00,551542,188993,0,Thu
453405021,20/01/2023,12:30:00,551542,188993,12,Fri
452411685,07/09/2022,17:18:00,551542,188993,17,Wed
933409650,11/01/2023,19:25:00,551560,177281,19,Wed
933405914,21/03/2023,19:10:00,551573,177884,19,Tue
932417862,03/09/2022,00:01:00,551575,177864,0,Sat
932401579,06/07/2022,15:30:00,551576,178049,15,Wed
933404710,02/01/2023,20:00:00,551577,177977,20,Mon
452413903,26/07/2022,12:50:00,551586,188613,12,Tue
933405424,20/03/2023,18:00:00,551607,176604,18,Mon
932411204,29/09/2022,12:34:00,551608,177186,12,Thu
933407560,13/01/2023,15:44:00,551608,177186,15,Fri
452417418,16/10/2022,16:15:00,551609,188822,16,Sun
933402670,15/01/2023,22:19:00,551609,177192,22,Sun
932418586,18/11/2022,17:00:00,551654,174590,17,Fri
452429282,30/12/2022,13:30:00,551694,184862,13,Fri
452415351,01/07/2022,17:30:00,551695,184860,17,Fri
452414795,09/09/2022,12:00:00,551710,188917,12,Fri
452415091,07/07/2022,18:20:00,551747,188278,18,Thu
453407625,20/03/2023,18:00:00,551779,184394,18,Mon
453409163,24/02/2023,08:00:00,551812,187289,8,Fri
453403061,25/01/2023,18:30:00,551815,183173,18,Wed
452421282,30/12/2022,12:30:00,551818,184650,12,Fri
452414918,17/10/2022,14:49:00,551830,183206,14,Mon
453402014,03/03/2023,17:00:00,551834,185580,17,Fri
452425182,30/12/2022,13:35:00,551859,184206,13,Fri
932410648,25/12/2022,22:17:00,551872,177367,22,Sun
453404635,22/03/2023,16:11:00,551891,183328,16,Wed
932411135,01/09/2022,18:00:00,551900,176205,18,Thu
453405621,20/01/2023,17:25:00,551930,182451,17,Fri
933406391,07/02/2023,00:34:00,551931,176072,0,Tue
452412109,29/10/2022,17:29:00,551960,181794,17,Sat
452427952,26/12/2022,21:25:00,551980,183468,21,Mon
452419254,17/08/2022,16:00:00,551983,185299,16,Wed
453407054,09/03/2023,16:45:00,551985,182940,16,Thu
453409992,15/02/2023,16:20:00,552000,190169,16,Wed
453409593,02/03/2023,01:30:00,552033,183409,1,Thu
453408200,01/01/2023,01:00:00,552035,183529,1,Sun
453403762,10/02/2023,18:10:00,552055,183456,18,Fri
453406984,15/03/2023,16:30:00,552062,184700,16,Wed
452416935,30/08/2022,22:50:00,552085,182406,22,Tue
933408191,07/02/2023,00:30:00,552087,175876,0,Tue
452417272,13/07/2022,21:45:00,552094,187999,21,Wed
452425661,09/12/2022,22:40:00,552118,187615,22,Fri
453401704,03/03/2023,15:00:00,552128,187439,15,Fri
453408104,02/03/2023,16:25:00,552133,184680,16,Thu
452419559,08/11/2022,02:54:00,552147,187751,2,Tue
452411358,22/10/2022,02:55:00,552185,184714,2,Sat
933401651,29/01/2023,16:45:00,552264,176652,16,Sun
453407613,17/02/2023,16:47:00,552272,185028,16,Fri
453404794,16/03/2023,17:00:00,552287,185939,17,Thu
453404743,21/02/2023,21:00:00,552439,189778,21,Tue
453400681,29/01/2023,14:53:00,552442,185795,14,Sun
452423171,10/12/2022,20:00:00,552485,185813,20,Sat
452424171,10/12/2022,19:30:00,552515,185824,19,Sat
452416469,09/11/2022,13:30:00,552534,185237,13,Wed
452425850,22/11/2022,08:00:00,552545,191038,8,Tue
453409173,21/02/2023,16:30:00,552545,189867,16,Tue
443409305,05/03/2023,16:30:00,552545,184988,16,Sun
453409122,03/02/2023,17:06:00,552552,185783,17,Fri
453409531,22/01/2023,18:10:00,552552,185783,18,Sun
453402062,06/02/2023,17:30:00,552577,184860,17,Mon
452422462,27/12/2022,19:35:00,552582,185806,19,Tue
933400051,21/01/2023,14:15:00,552607,175878,14,Sat
452416372,17/07/2022,14:30:00,552613,181980,14,Sun
452428971,12/12/2022,13:00:00,552620,186279,13,Mon
453408321,20/01/2023,20:00:00,552628,182283,20,Fri
452414008,14/10/2022,09:00:00,552636,188693,9,Fri
452410484,20/08/2022,23:00:00,552652,187462,23,Sat
932418495,05/11/2022,18:00:00,552666,176932,18,Sat
452419908,15/10/2022,16:00:00,552671,188905,16,Sat
452416649,06/11/2022,13:35:00,552681,182524,13,Sun
453400253,22/02/2023,16:06:00,552736,181781,16,Wed
452419447,04/10/2022,21:50:00,552796,189277,21,Tue
453400435,22/03/2023,06:10:00,552798,186348,6,Wed
452411879,11/11/2022,16:00:00,552871,191219,16,Fri
452410698,29/10/2022,03:00:00,552915,187406,3,Sat
452418816,13/09/2022,10:20:00,552915,183940,10,Tue
452417029,01/11/2022,23:34:00,552997,181570,23,Tue
452418382,22/07/2022,09:00:00,553012,190121,9,Fri
452429411,30/11/2022,17:20:00,553042,189292,17,Wed
453400101,15/01/2023,21:30:00,553072,187191,21,Sun
452414087,10/10/2022,16:05:00,553218,187215,16,Mon
453403303,15/02/2023,23:48:00,553249,191379,23,Wed
452411774,21/08/2022,13:05:00,553278,186772,13,Sun
452416812,12/07/2022,08:00:00,553308,186296,8,Tue
443400381,24/01/2023,14:40:00,553337,189949,14,Tue
453408951,25/01/2023,16:05:00,553407,190748,16,Wed
452423360,22/11/2022,15:57:00,553422,189140,15,Tue
452418347,04/10/2022,19:00:00,553428,191965,19,Tue
452419735,30/08/2022,18:00:00,553432,188607,18,Tue
452418864,18/08/2022,00:01:00,553444,192424,0,Thu
453409942,06/02/2023,21:40:00,553463,189206,21,Mon
452419415,27/08/2022,00:21:00,553499,187014,0,Sat
452424290,27/11/2022,15:00:00,553528,191389,15,Sun
452415755,02/09/2022,17:30:00,553540,192539,17,Fri
452418159,04/11/2022,19:00:00,553567,190989,19,Fri
453405083,16/02/2023,18:06:00,553601,190419,18,Thu
452418709,30/10/2022,14:30:00,553605,190776,14,Sun
452416254,17/08/2022,14:20:00,553649,186931,14,Wed
452413835,30/08/2022,22:24:00,553649,186931,22,Tue
452410958,23/10/2022,02:30:00,553650,187278,2,Sun
453408944,09/03/2023,15:43:00,553664,191863,15,Thu
453407545,24/03/2023,06:37:00,553686,192104,6,Fri
453404675,28/03/2023,18:30:00,553691,187180,18,Tue
453406951,25/01/2023,17:55:00,553717,187201,17,Wed
452410829,03/11/2022,00:01:00,553760,191904,0,Thu
452422412,18/12/2022,01:30:00,553764,192145,1,Sun
452413143,01/08/2022,00:15:00,553766,189463,0,Mon
453401863,25/02/2023,07:25:00,553807,192167,7,Sat
453406030,06/01/2023,10:30:00,553807,191876,10,Fri
452419674,21/08/2022,10:20:00,553809,191494,10,Sun
452419486,23/09/2022,17:00:00,553812,187196,17,Fri
452411277,08/10/2022,19:00:00,553812,187196,19,Sat
452429260,23/11/2022,21:45:00,553851,187249,21,Wed
453405515,18/03/2023,19:50:00,553862,187182,19,Sat
452411376,22/09/2022,00:57:00,553895,189061,0,Thu
453400372,11/02/2023,10:54:00,553905,190371,10,Sat
452411139,13/10/2022,00:01:00,553911,187170,0,Thu
452413405,21/08/2022,10:00:00,553926,192753,10,Sun
452415312,02/07/2022,19:00:00,553931,186274,19,Sat
452415803,26/07/2022,13:45:00,553997,186662,13,Tue
453408250,07/01/2023,08:00:00,554005,187187,8,Sat
453400371,22/01/2023,13:30:00,554054,192173,13,Sun
453401371,27/01/2023,14:50:00,554066,189954,14,Fri
453409220,04/01/2023,20:00:00,554080,187107,20,Wed
452422361,02/12/2022,15:00:00,554117,192117,15,Fri
452417474,20/08/2022,00:01:00,554190,191611,0,Sat
442419517,07/08/2022,01:00:00,554527,182958,1,Sun
452421020,17/11/2022,16:40:00,554528,189709,16,Thu
452412861,04/07/2022,18:50:00,554586,187037,18,Mon
453402593,01/03/2023,21:15:00,554628,190536,21,Wed
452414104,09/08/2022,11:20:00,554634,187734,11,Tue
453405725,21/03/2023,16:20:00,554717,186900,16,Tue
453402552,08/02/2023,19:00:00,554745,186891,19,Wed
452421481,05/12/2022,21:23:00,554760,190761,21,Mon
452417353,17/07/2022,19:15:00,554766,190582,19,Sun
452414404,06/08/2022,19:30:00,554819,186042,19,Sat
452413404,09/08/2022,21:37:00,554874,192356,21,Tue
453408781,30/01/2023,00:01:00,555032,190927,0,Mon
452416917,29/09/2022,18:00:00,555174,192677,18,Thu
452417085,06/09/2022,16:15:00,555606,190463,16,Tue
452416483,06/08/2022,20:00:00,555819,184357,20,Sat
452418093,08/08/2022,00:59:00,555845,184302,0,Mon
452413193,07/08/2022,08:25:00,555845,184302,8,Sun
452415544,07/08/2022,18:30:00,555845,184302,18,Sun
452412193,07/08/2022,22:00:00,555845,184302,22,Sun
452418593,07/08/2022,22:30:00,555845,184302,22,Sun
452413393,07/08/2022,23:15:00,555845,184302,23,Sun
452411514,07/08/2022,19:00:00,555960,183780,19,Sun
452411298,28/10/2022,11:10:00,555976,186572,11,Fri
452422722,19/12/2022,21:30:00,556007,185984,21,Mon
453406971,24/01/2023,17:45:00,556019,186634,17,Tue
452420462,27/12/2022,16:31:00,556113,186858,16,Tue
453400802,01/02/2023,17:00:00,556183,187142,17,Wed
452410587,22/09/2022,16:20:00,556199,189467,16,Thu
453407806,27/03/2023,22:00:00,557136,187989,22,Mon
452424100,15/11/2022,04:35:00,557593,187693,4,Tue
452423691,13/12/2022,19:40:00,557627,187127,19,Tue
