X,Y,CCN,REPORT_DAT,SHIFT,METHOD,OFFENSE,BLOCK,XBLOCK,YBLOCK,WARD,ANC,DISTRICT,PSA,NEIGHBORHOOD_CLUSTER,BLOCK_GROUP,CENSUS_TRACT,VOTING_PRECINCT,LATITUDE,LONGITUDE,BID,OBJECTID,comm_date_from,comm_date_to,comm_time_fr,comm_time_to
-77.01344238,38.95171204,16001782,2016/01/04 14:59:33+00,DAY,OTHERS,BURGLARY,5000  - 5099 BLOCK OF 2ND STREET NW,398835,142645,4,4D,4,407,Cluster 18,002202 1,2202,Precinct 57,38.95170424,-77.01344009,,403625387,2016-01-04,2016-01-04,12:17:09,13:53:41
-76.99372983,38.91266164,16001848,2016/01/05 14:26:43+00,DAY,OTHERS,BURGLARY,400 - 1229 BLOCK OF NEW YORK AVENUE NE,400544,138310,5,5D,5,501,Cluster 23,008803 1,8803,Precinct 76,38.91265384,-76.99372755,,403625394,2015-12-31,2016-01-04,16:00:30,15:15:31
-76.99209366,38.90251814,16001915,2016/01/04 18:45:48+00,DAY,OTHERS,BURGLARY,1000 - 1099 BLOCK OF K STREET NE,400686,137184,6,6A,1,104,Cluster 25,008410 1,8410,Precinct 82,38.90251035,-76.99209138,,403625399,2016-01-04,,17:04:54,
-77.03431515,38.93427674,16001944,2016/01/05 11:48:15+00,MIDNIGHT,OTHERS,BURGLARY,1401 - 1499 BLOCK OF OAK STREET NW,397025,140710,1,1A,4,408,Cluster 2,002801 1,2801,Precinct 41,38.93426894,-77.03431286,,403625402,2016-01-04,2016-01-04,17:30:07,18:40:08
-77.00839799,38.82912656,16003701,2016/01/08 00:51:35+00,EVENING,OTHERS,BURGLARY,1 - 99 BLOCK OF CHESAPEAKE STREET SW,399271,129037,8,8D,7,708,Cluster 39,009807 2,9807,Precinct 126,38.82911879,-77.00839571,,403625476,2016-01-07,2016-01-07,14:30:52,23:30:28
-77.00589891,38.82971226,16003040,2016/01/06 20:34:59+00,EVENING,OTHERS,BURGLARY,4100 - 4199 BLOCK OF 1ST STREET SE,399488,129102,8,8D,7,708,Cluster 39,009810 2,9810,Precinct 124,38.82970449,-77.00589662,,403625526,2016-01-06,2016-01-06,18:55:06,20:00:54
-77.03259384,38.92817861,16004461,2016/01/09 06:35:32+00,MIDNIGHT,OTHERS,BURGLARY,3000 - 3099 BLOCK OF 14TH STREET NW,397174,140033,1,1A,3,302,Cluster 2,003000 2,3000,Precinct 39,38.92817081,-77.03259154,,403625843,2016-01-08,2016-01-09,18:00:16,03:30:22
-76.96646689,38.85067026,16000892,2016/01/02 19:09:08+00,DAY,OTHERS,BURGLARY,3100 - 3299 BLOCK OF BUENA VISTA TERRACE SE,402911,131429,8,8B,7,702,Cluster 36,007408 1,7408,Precinct 115,38.85066248,-76.96646462,,403625889,2015-12-21,2016-01-01,02:00:47,04:30:58
-76.97989401,38.87011352,16000909,2016/01/02 19:49:09+00,DAY,OTHERS,BURGLARY,1600 - 1699 BLOCK OF 17TH PLACE SE,401745,133587,8,8A,6,607,Cluster 34,007601 4,7601,Precinct 140,38.87010574,-76.97989173,,403625893,2015-12-30,2016-01-02,17:00:38,17:00:13
-76.94956562,38.8848421,16000258,2016/01/02 06:55:52+00,MIDNIGHT,OTHERS,BURGLARY,3700 - 3899 BLOCK OF D STREET SE,404376,135223,7,7F,6,603,Cluster 32,007703 3,7703,Precinct 107,38.88483431,-76.94956335,,403625901,2016-01-01,2016-01-01,04:00:00,08:30:57
-77.04715039,38.91409362,16004184,2016/01/08 22:08:23+00,EVENING,OTHERS,BURGLARY,2100 - 2129 BLOCK OF S STREET NW,395911,138470,2,2D,2,208,Cluster 1,004100 3,4100,Precinct 13,38.91408584,-77.04714809,,403625911,2015-12-24,2016-01-08,20:39:24,21:00:16
-77.03325686,38.91557577,16004243,2016/01/08 23:43:55+00,EVENING,OTHERS,BURGLARY,1400 - 1499 BLOCK OF T STREET NW,397116,138634,2,2B,3,301,Cluster 3,004300 2,4300,Precinct 141,38.91556798,-77.03325457,,403625916,2016-01-08,2016-01-08,13:00:28,21:45:51
-77.01811446,38.81466685,16004591,2016/01/09 13:42:08+00,DAY,OTHERS,BURGLARY,4900 - 5099 BLOCK OF SHEPHERD PARKWAY SW,398427,127432,8,8D,7,708,,010900 2,10900,Precinct 126,38.81465908,-77.01811218,,403625925,2016-01-09,2016-01-09,11:15:19,11:27:08
-76.9487273,38.8645368,16004621,2016/01/09 15:32:21+00,DAY,OTHERS,BURGLARY,3901 - 3998 BLOCK OF PENNSYLVANIA AVENUE SE,404450,132969,7,7B,6,605,Cluster 35,007603 1,7603,Precinct 110,38.86452902,-76.94872504,,403625928,2016-01-09,2016-01-09,11:00:14,14:10:57
-76.97994279,38.90155279,16004672,2016/01/09 18:49:50+00,DAY,OTHERS,BURGLARY,1600 - 1699 BLOCK OF MARYLAND AVENUE NE,401740,137077,5,5D,5,507,Cluster 23,008904 2,8904,Precinct 79,38.901545,-76.97994051,,403625937,2016-01-09,2016-01-09,16:00:44,18:49:48
-76.95495717,38.88878998,16004375,2016/01/09 03:50:19+00,EVENING,OTHERS,BURGLARY,3500 - 3599 BLOCK OF A STREET SE,403908,135661,7,7F,6,603,Cluster 32,007708 1,7708,Precinct 132,38.88878219,-76.9549549,,403625998,2016-01-08,2016-01-09,17:00:22,00:30:00
-77.09433807,38.95271971,16004423,2016/01/09 05:18:25+00,MIDNIGHT,OTHERS,BURGLARY,4800 - 4899 BLOCK OF 48TH STREET NW,391823,142761,3,3E,2,202,Cluster 11,001001 5,1001,Precinct 31,38.95271191,-77.09433576,,403626003,2016-01-09,2016-01-09,03:07:18,03:10:49
-77.02307621,38.95421484,16003741,2016/01/08 03:44:43+00,EVENING,OTHERS,BURGLARY,700  - 799 BLOCK OF INGRAHAM STREET NW,398000,142923,4,4D,4,403,Cluster 18,002101 3,2101,Precinct 56,38.95420704,-77.02307392,,403626008,2016-01-07,2016-01-07,13:30:12,23:30:26
-77.08307009,38.93583772,16004716,2016/01/09 19:54:08+00,DAY,OTHERS,BURGLARY,4200 - 4349 BLOCK OF MASSACHUSETTS AVENUE NW,392798,140886,3,3D,2,204,Cluster 14,000801 3,801,Precinct 10,38.93582992,-77.08306778,,403626182,2016-01-09,2016-01-09,12:00:57,15:00:52
-76.97989401,38.87011352,16000723,2016/01/02 07:38:08+00,MIDNIGHT,OTHERS,BURGLARY,1600 - 1699 BLOCK OF 17TH PLACE SE,401745,133587,8,8A,6,607,Cluster 34,007601 4,7601,Precinct 140,38.87010574,-76.97989173,,403626237,2016-01-02,2016-01-02,06:30:34,07:38:07
-76.93263066,38.87648278,16001974,2016/01/04 23:04:43+00,EVENING,OTHERS,BURGLARY,4600 - 4699 BLOCK OF HILLSIDE ROAD SE,405846,134296,7,7E,6,604,Cluster 33,007707 1,7707,Precinct 106,38.876475,-76.9326284,,403626284,2016-01-04,2016-01-04,18:22:53,21:19:26
-77.0045001,38.92880464,16002126,2016/01/05 01:03:23+00,EVENING,OTHERS,BURGLARY,100 - 379 BLOCK OF MICHIGAN AVENUE NE,399610,140102,5,5A,4,405,Cluster 21,002302 1,2302,Precinct 44,38.92879684,-77.00449781,,403626370,2016-01-05,,00:09:42,
-77.02877022,38.91261322,16002169,2016/01/05 02:36:53+00,EVENING,OTHERS,BURGLARY,1200 - 1299 BLOCK OF R STREET NW,397505,138305,2,2F,3,307,Cluster 7,005001 1,5001,Precinct 16,38.91260543,-77.02876793,,403626375,2015-12-31,2016-01-01,23:00:28,17:00:42
-76.9316725,38.90226421,16002651,2016/01/06 00:12:22+00,EVENING,OTHERS,BURGLARY,900 - 999 BLOCK OF 49TH STREET NE,405927,137158,7,7C,6,602,Cluster 31,007809 2,7809,Precinct 94,38.90225642,-76.93167023,,403626647,2016-01-04,2016-01-05,21:00:08,00:00:15
-76.95805787,38.88979484,16002752,2016/01/06 03:31:56+00,EVENING,OTHERS,BURGLARY,2300 - 3955 BLOCK OF EAST CAPITOL STREET,403638.94,135772.42,7,7F,6,603,Cluster 32,009604 1,9604,Precinct 132,38.88978706,-76.9580556,,403626711,2016-01-06,2016-01-06,02:16:36,03:31:55
-76.98859503,38.93671346,16001541,2016/01/03 23:51:13+00,EVENING,OTHERS,BURGLARY,3800 - 3899 BLOCK OF 13TH STREET NE,400989,140980,5,5B,5,504,Cluster 20,009504 1,9504,Precinct 68,38.93670567,-76.98859275,,403626748,2016-01-03,2016-01-03,21:00:45,22:00:39
-77.0203547,38.95846724,16001589,2016/01/04 02:13:24+00,EVENING,OTHERS,BURGLARY,500  - 561 BLOCK OF MISSOURI AVENUE NW,398236,143395,4,4B,4,403,Cluster 18,002101 1,2101,Precinct 58,38.95845944,-77.02035241,,403626753,2016-01-03,2016-01-03,18:30:58,23:30:18
-76.97520393,38.90347967,16002970,2016/01/06 18:08:48+00,DAY,OTHERS,BURGLARY,1900 - 2099 BLOCK OF MARYLAND AVENUE NE,402151,137291,5,5D,5,507,Cluster 23,008904 1,8904,Precinct 79,38.90347188,-76.97520165,,403626805,2016-01-06,2016-01-06,16:42:02,18:00:47
-77.04772322,38.90857128,16003011,2016/01/06 21:47:34+00,EVENING,OTHERS,BURGLARY,2100 - 2199 BLOCK OF O STREET NW,395861,137857,2,2B,2,208,Cluster 6,005500 4,5500,Precinct 14,38.90856349,-77.04772092,,403626809,2016-01-06,2016-01-06,17:30:37,18:00:33
-77.02849952,38.92769323,16005841,2016/01/12 00:18:51+00,EVENING,OTHERS,BURGLARY,1100 - 1299 BLOCK OF COLUMBIA ROAD NW,397529,139979,1,1A,3,302,Cluster 2,003000 2,3000,Precinct 36,38.92768543,-77.02849722,,403626860,2016-01-11,2016-01-11,22:23:36,22:28:40
-76.98459375,38.87840197,16002316,2016/01/05 14:01:08+00,DAY,OTHERS,BURGLARY,1400 - 1499 BLOCK OF K STREET SE,401337,134507,6,6B,1,106,Cluster 26,007100 1,7100,Precinct 91,38.87839418,-76.98459147,,403626874,2016-01-05,2016-01-05,00:10:00,11:40:37
-76.95385398,38.88362774,16001489,2016/01/04 01:29:42+00,EVENING,OTHERS,BURGLARY,3500 - 3699 BLOCK OF ELY PLACE SE,404004,135088,7,7F,6,603,Cluster 32,009901 2,9901,Precinct 107,38.88361996,-76.95385171,,403627013,2016-01-03,2016-01-03,20:34:47,22:44:56
-76.9391152,38.90782648,16014649,2016/01/30 05:33:29+00,MIDNIGHT,OTHERS,BURGLARY,1300 - 1399 BLOCK OF 45TH PLACE NE,405281,137775,7,7D,6,601,Cluster 29,009601 1,9601,Precinct 92,38.90781869,-76.93911294,,403627055,2016-01-30,2016-01-30,00:15:41,04:00:22
-76.94140133,38.88978389,16014655,2016/01/30 10:01:17+00,MIDNIGHT,OTHERS,BURGLARY,4100 - 4276 BLOCK OF EAST CAPITOL STREET,405084,135772,7,7F,6,603,Cluster 32,007703 1,7703,Precinct 103,38.8897761,-76.94139906,,403627056,2016-01-30,2016-01-30,04:38:27,07:09:34
-77.0348989,38.97226444,16013613,2016/01/28 15:08:51+00,DAY,OTHERS,BURGLARY,1400  - 1599 BLOCK OF ASPEN STREET NW,396976,144927,4,4A,4,401,Cluster 17,001803 1,1803,Precinct 61,38.97225664,-77.0348966,,403627090,2016-01-27,2016-01-28,11:00:31,06:00:17
-77.05926179,38.96102135,16013730,2016/01/28 19:18:02+00,DAY,OTHERS,BURGLARY,2900  - 2999 BLOCK OF MILITARY ROAD NW,394864,143680,4,3G,2,201,Cluster 10,001402 2,1402,Precinct 52,38.96101355,-77.05925949,,403627100,2016-01-28,2016-01-28,17:40:17,17:49:48
-76.98728555,38.84164793,16009635,2016/01/19 00:27:13+00,EVENING,OTHERS,BURGLARY,3400 - 3499 BLOCK OF 13TH PLACE SE,401104,130427,8,8E,7,705,Cluster 38,007304 1,7304,Precinct 120,38.84164015,-76.98728328,,403627122,2016-01-18,2016-01-19,21:36:06,00:25:12
-76.98891116,38.9064185,16014188,2016/01/29 15:03:48+00,DAY,OTHERS,BURGLARY,1100 - 1199 BLOCK OF OWEN PLACE NE,400962,137617,5,5D,5,506,Cluster 23,008802 4,8802,Precinct 77,38.90641071,-76.98890888,,403627127,2016-01-28,2016-01-29,22:00:36,13:00:42
-77.00151302,38.92559775,16019537,2016/02/08 03:59:09+00,EVENING,OTHERS,BURGLARY,300 - 399 BLOCK OF FRANKLIN STREET NE,399869,139746,5,5E,5,502,Cluster 21,009204 1,9204,Precinct 74,38.92558996,-77.00151074,,403627158,2016-02-08,2016-02-08,02:10:51,03:50:08
-77.01817513,38.91729067,16009995,2016/01/19 21:35:57+00,EVENING,OTHERS,BURGLARY,400 - 499 BLOCK OF ELM STREET NW,398424,138824,1,1B,3,306,Cluster 3,003400 2,3400,Precinct 37,38.91728288,-77.01817283,,403627192,2016-01-19,2016-01-19,14:45:58,19:50:54
-77.03651872,38.9129804,16010030,2016/01/19 21:46:10+00,EVENING,OTHERS,BURGLARY,1700 - 1719 BLOCK OF 16TH STREET NW,396833,138346,2,2B,3,301,Cluster 6,005301 1,5301,Precinct 15,38.91297261,-77.03651643,,403627199,2016-01-18,2016-01-18,03:35:55,03:44:34
-76.92770168,38.89581183,16010031,2016/01/19 23:45:42+00,EVENING,OTHERS,BURGLARY,332 - 599 BLOCK OF 51ST STREET NE,406272,136442,7,7C,6,602,Cluster 31,007804 2,7804,Precinct 97,38.89580404,-76.92769942,,403627200,2016-01-19,2016-01-19,21:02:38,21:51:21
-77.01753757,38.95054943,16010057,2016/01/20 00:34:04+00,EVENING,OTHERS,BURGLARY,4900  - 4999 BLOCK OF 4TH STREET NW,398480,142516,4,4D,4,407,Cluster 18,002202 3,2202,Precinct 55,38.95054163,-77.01753528,,403627203,2016-01-19,,19:42:41,
-77.03196558,38.91593647,16014809,2016/01/30 12:26:35+00,DAY,OTHERS,BURGLARY,1900 - 1920 BLOCK OF 14TH STREET NW,397228,138674,2,2B,3,305,Cluster 3,004300 2,4300,Precinct 141,38.91592868,-77.03196329,,403627219,2016-01-30,2016-01-30,11:20:39,11:30:34
-77.00969344,38.95497341,16019864,2016/02/08 22:06:15+00,EVENING,OTHERS,BURGLARY,1  - 25 BLOCK OF MISSOURI AVENUE NW,399160,143007,4,4D,4,406,Cluster 19,002102 2,2102,Precinct 57,38.95496561,-77.00969115,,403627260,2016-02-08,2016-02-08,19:42:44,20:12:21
-76.97994279,38.90155279,16005460,2016/01/11 06:34:27+00,MIDNIGHT,OTHERS,BURGLARY,1600 - 1699 BLOCK OF MARYLAND AVENUE NE,401740,137077,5,5D,5,507,Cluster 23,008904 2,8904,Precinct 79,38.901545,-76.97994051,,403627392,2016-01-11,2016-01-11,04:47:01,06:00:52
-77.01663964,38.95873808,16014579,2016/01/30 03:30:34+00,EVENING,OTHERS,BURGLARY,300  - 313 BLOCK OF MADISON STREET NW,398558,143425,4,4B,4,402,Cluster 17,002102 1,2102,Precinct 64,38.95873028,-77.01663735,,403627478,2016-01-29,2016-01-29,12:00:38,20:00:31
-77.03457762,38.90469331,16015819,2016/02/01 13:53:46+00,DAY,OTHERS,BURGLARY,1100 - 1199 BLOCK OF 15TH STREET NW,397001,137426,2,2B,2,207,Cluster 6,010100 2,10100,Precinct 17,38.90468552,-77.03457532,DOWNTOWN,403627491,2016-01-29,2016-02-01,19:00:54,11:00:15
-77.04663979,38.90910321,16015851,2016/02/01 15:49:29+00,DAY,OTHERS,BURGLARY,1400 - 1499 BLOCK OF 21ST STREET NW,395955,137916,2,2B,2,208,Cluster 6,005500 4,5500,Precinct 14,38.90909542,-77.04663749,,403627494,2016-01-29,2016-01-31,22:00:36,08:50:07
-77.07872284,38.95769482,16011373,2016/01/22 09:51:05+00,MIDNIGHT,OTHERS,BURGLARY,3900 - 3999 BLOCK OF HUNTINGTON STREET NW,393177,143312,3,3E,2,202,Cluster 11,001100 2,1100,Precinct 32,38.95768703,-77.07872053,,403627511,2016-01-22,2016-01-22,08:08:59,09:51:14
-76.9255293,38.88975684,16011459,2016/01/22 17:52:48+00,DAY,OTHERS,BURGLARY,5300 - 5325 BLOCK OF EAST CAPITOL STREET,406461,135770,7,7E,6,604,Cluster 33,009903 2,9903,Precinct 105,38.88974905,-76.92552704,,403627519,2016-01-22,2016-01-22,05:07:53,17:25:42
-77.04663979,38.90910321,16015416,2016/01/31 18:54:54+00,DAY,OTHERS,BURGLARY,1400 - 1499 BLOCK OF 21ST STREET NW,395955,137916,2,2B,2,208,Cluster 6,005500 4,5500,Precinct 14,38.90909542,-77.04663749,,403627564,2016-01-31,2016-01-31,00:30:57,17:10:43
-76.95404737,38.8875825,16020599,2016/02/10 03:22:40+00,EVENING,OTHERS,BURGLARY,3601 - 3619 BLOCK OF B STREET SE,403987,135527,7,7F,6,603,Cluster 32,007703 4,7703,Precinct 107,38.88757471,-76.9540451,,403627589,2016-02-10,2016-02-10,02:12:57,03:22:38
-77.01067961,38.91482332,16006920,2016/01/14 01:25:18+00,EVENING,OTHERS,BURGLARY,1 - 99 BLOCK OF SEATON PLACE NW,399074,138550,5,5E,3,308,Cluster 21,003302 1,3302,Precinct 19,38.91481553,-77.01067732,,403627602,2016-01-13,2016-01-14,23:03:40,00:36:55
-76.93263066,38.87648278,16016196,2016/02/02 03:14:01+00,EVENING,OTHERS,BURGLARY,4600 - 4699 BLOCK OF HILLSIDE ROAD SE,405846,134296,7,7E,6,604,Cluster 33,007707 1,7707,Precinct 106,38.876475,-76.9326284,,403627618,2016-01-28,2016-02-02,16:30:33,01:25:27
-76.95678987,38.88879067,16015240,2016/01/31 07:02:01+00,MIDNIGHT,OTHERS,BURGLARY,3400 - 3499 BLOCK OF A STREET SE,403749,135661,7,7F,6,603,Cluster 32,007708 1,7708,Precinct 132,38.88878288,-76.9567876,,403627639,2016-01-30,2016-01-31,21:00:24,04:50:53
-76.95806871,38.88979107,16015355,2016/01/31 14:15:05+00,DAY,OTHERS,BURGLARY,2300 - 3955 BLOCK OF EAST CAPITOL STREET,403638,135772,7,7F,6,603,Cluster 32,009604 1,9604,Precinct 132,38.88978328,-76.95806644,,403627648,2016-01-30,2016-01-31,07:40:18,13:01:49
-77.01568202,38.95873821,16006963,2016/01/14 01:46:54+00,EVENING,OTHERS,BURGLARY,236  - 299 BLOCK OF MADISON STREET NW,398641,143425,4,4B,4,406,Cluster 17,002102 1,2102,Precinct 64,38.95873041,-77.01567972,,403627683,2016-01-13,2016-01-13,13:00:02,20:00:49
-76.96658321,38.84830108,16019956,2016/02/08 23:28:00+00,EVENING,OTHERS,BURGLARY,2500 - 2999 BLOCK OF SOUTHERN AVENUE SE,402901,131166,8,8B,7,702,Cluster 38,,,Precinct 116,38.8482933,-76.96658094,,403627704,2016-02-08,2016-02-08,18:00:28,22:00:38
-76.95041014,38.86372677,16019972,2016/02/08 23:53:09+00,EVENING,OTHERS,BURGLARY,2004 - 2199 BLOCK OF FORT DAVIS STREET SE,404304,132879,7,7B,6,606,Cluster 35,007603 1,7603,Precinct 110,38.86371899,-76.95040788,,403627707,2016-02-08,2016-02-08,22:52:20,23:39:02
-76.9337718,38.90107631,16010844,2016/01/21 13:51:33+00,DAY,OTHERS,BURGLARY,828 - 899 BLOCK OF 48TH STREET NE,405745,137026,7,7C,6,602,Cluster 31,007809 2,7809,Precinct 94,38.90106852,-76.93376953,,403627729,2016-01-20,2016-01-21,23:00:36,04:00:28
-77.0787288,38.96309077,16010850,2016/01/21 16:22:05+00,DAY,OTHERS,BURGLARY,3900 - 4099 BLOCK OF LIVINGSTON STREET NW,393177,143911,3,3G,2,201,Cluster 10,001100 1,1100,Precinct 32,38.96308297,-77.07872649,,403627731,2016-01-21,2016-01-21,12:45:37,12:47:46
-77.04010142,38.90724091,16010867,2016/01/21 15:25:03+00,DAY,OTHERS,BURGLARY,1700 - 1799 BLOCK OF N STREET NW,396522,137709,2,2B,2,208,Cluster 6,010700 2,10700,Precinct 17,38.90723312,-77.04009912,,403627733,2016-01-21,2016-01-21,05:43:19,05:45:53
-77.04010142,38.90724091,16010890,2016/01/21 16:36:25+00,DAY,OTHERS,BURGLARY,1700 - 1799 BLOCK OF N STREET NW,396522,137709,2,2B,2,208,Cluster 6,010700 2,10700,Precinct 17,38.90723312,-77.04009912,,403627735,2016-01-21,2016-01-21,05:17:22,05:34:17
-76.94993506,38.88395043,16006139,2016/01/12 15:28:40+00,DAY,OTHERS,BURGLARY,400 - 499 BLOCK OF 37TH PLACE SE,404344,135124,7,7F,6,603,Cluster 32,007703 3,7703,Precinct 107,38.88394264,-76.9499328,,403627786,2016-01-10,2016-01-12,10:00:36,13:00:13
-76.92107171,38.88688023,16007156,2016/01/14 14:09:11+00,DAY,OTHERS,BURGLARY,112 - 199 BLOCK OF 56TH STREET SE,406848,135451,7,7E,6,604,Cluster 33,009903 2,9903,Precinct 105,38.88687245,-76.92106945,,403627856,2016-01-13,2016-01-13,15:30:17,19:00:52
-76.94140133,38.88978389,16006233,2016/01/12 20:21:20+00,EVENING,OTHERS,BURGLARY,4100 - 4276 BLOCK OF EAST CAPITOL STREET,405084,135772,7,7F,6,603,Cluster 32,007703 1,7703,Precinct 103,38.8897761,-76.94139906,,403627869,2016-01-12,2016-01-12,18:11:24,18:13:16
-77.05967659,38.90521468,16010191,2016/01/20 02:55:51+00,EVENING,OTHERS,BURGLARY,3000 - 3049 BLOCK OF M STREET NW,394824,137485,2,2E,2,206,Cluster 4,000100 4,100,Precinct 5,38.90520689,-77.05967429,GEORGETOWN,403627885,2016-01-20,2016-01-20,02:15:54,02:55:42
-76.978997,38.90311107,16010494,2016/01/20 23:48:18+00,EVENING,OTHERS,BURGLARY,1000 - 1099 BLOCK OF 17TH STREET NE,401822,137250,5,5D,5,507,Cluster 23,008903 1,8903,Precinct 78,38.90310328,-76.97899472,,403627896,2016-01-17,2016-01-18,22:00:47,01:00:40
-76.98175167,38.90580503,16010602,2016/01/21 01:23:51+00,EVENING,OTHERS,BURGLARY,1613 - 1628 BLOCK OF HOLBROOK STREET NE,401583,137549,5,5D,5,506,Cluster 23,008804 2,8804,Precinct 78,38.90579724,-76.98174939,,403627905,2016-01-20,2016-01-21,22:28:01,00:46:50
-76.95666477,38.88600703,16011731,2016/01/23 10:39:40+00,MIDNIGHT,OTHERS,BURGLARY,3400 - 3499 BLOCK OF C STREET SE,403760,135352,7,7B,6,603,Cluster 32,007708 2,7708,Precinct 132,38.88599925,-76.9566625,,403627919,2016-01-23,2016-01-23,07:00:08,07:20:52
-77.06444046,38.90784258,16001047,2016/01/03 00:06:36+00,EVENING,OTHERS,BURGLARY,3200 - 3247 BLOCK OF O STREET NW,394411,137777,2,2E,2,206,Cluster 4,000202 3,202,Precinct 6,38.9078348,-77.06443815,,403627945,2016-01-02,2016-01-03,23:01:47,00:06:33
-76.99901162,38.84508984,16022668,2016/02/14 05:42:25+00,MIDNIGHT,OTHERS,BURGLARY,333 - 572 BLOCK OF MALCOLM X AVENUE SE,400086,130809,8,8C,7,707,Cluster 39,010400 1,10400,Precinct 123,38.84508207,-76.99900934,,403627960,2016-02-13,2016-02-14,19:06:29,05:05:16
-76.99850513,38.8277936,16022678,2016/02/14 06:11:52+00,MIDNIGHT,OTHERS,BURGLARY,4200 - 4283 BLOCK OF 6TH STREET SE,400130,128889,8,8D,7,706,Cluster 39,009811 1,9811,Precinct 125,38.82778583,-76.99850285,,403627962,2016-02-14,2016-02-14,04:00:15,04:02:44
-76.95680212,38.88759256,16018464,2016/02/06 02:00:06+00,EVENING,OTHERS,BURGLARY,3400 - 3499 BLOCK OF B STREET SE,403748,135528,7,7F,6,603,Cluster 32,007708 1,7708,Precinct 132,38.88758477,-76.95679985,,403627981,2016-02-06,2016-02-06,01:09:08,02:00:04
-76.92352546,38.888098,16018484,2016/02/06 03:08:35+00,EVENING,OTHERS,BURGLARY,1 - 149 BLOCK OF 54TH STREET SE,406635,135586,7,7E,6,604,Cluster 33,009903 2,9903,Precinct 105,38.88809021,-76.9235232,,403627986,2016-02-06,2016-02-06,02:19:23,03:08:35
-77.00905531,38.90765056,16012043,2016/01/24 21:28:19+00,EVENING,OTHERS,BURGLARY,1200 - 1499 BLOCK OF NORTH CAPITOL STREET,399214.79,137753.75,5,5E,1,102,Cluster 21,004600 1,4600,Precinct 19,38.90764277,-77.00905302,NOMA,403628015,2016-01-24,2016-01-24,20:03:40,21:27:25
-77.01990326,38.91186737,16001192,2016/01/03 06:51:09+00,MIDNIGHT,OTHERS,BURGLARY,1600 - 1699 BLOCK OF 6TH STREET NW,398274,138222,6,6E,3,308,Cluster 7,004801 1,4801,Precinct 18,38.91185958,-77.01990097,,403628033,2016-01-03,2016-01-03,04:48:39,06:51:00
-77.02253971,38.97234855,16005219,2016/01/10 23:31:47+00,EVENING,OTHERS,BURGLARY,600  - 699 BLOCK OF ASPEN STREET NW,398047,144936,4,4B,4,401,Cluster 17,001702 1,1702,Precinct 63,38.97234075,-77.02253742,,403628045,2016-01-10,2016-01-10,17:45:17,18:45:51
-76.98928431,38.87840249,16008627,2016/01/16 23:08:57+00,EVENING,OTHERS,BURGLARY,1200 - 1299 BLOCK OF K STREET SE,400930,134507,6,6B,1,106,Cluster 26,007100 1,7100,Precinct 91,38.87839471,-76.98928203,,403628061,2016-01-01,2016-01-04,20:00:30,22:00:49
-76.98167267,38.89915685,16023374,2016/02/16 02:50:58+00,EVENING,OTHERS,BURGLARY,700 - 799 BLOCK OF 16TH STREET NE,401590,136811,6,6A,5,507,Cluster 25,007901 4,7901,Precinct 81,38.89914906,-76.98167039,,403628085,2016-02-16,2016-02-16,00:15:22,01:00:56
-77.03849081,38.91372746,16023509,2016/02/16 14:08:09+00,DAY,OTHERS,BURGLARY,1724 - 1799 BLOCK OF 17TH STREET NW,396662,138429,2,2B,3,301,Cluster 6,005301 1,5301,Precinct 15,38.91371967,-77.03848851,,403628097,2016-02-15,2016-02-15,10:00:40,10:20:23
-77.0334313,38.9679229,16014328,2016/01/29 19:59:49+00,DAY,OTHERS,BURGLARY,6400  - 6430 BLOCK OF 14TH STREET NW,397103,144445,4,4A,4,402,Cluster 17,001803 1,1803,Precinct 61,38.9679151,-77.033429,,403628109,2016-01-26,2016-01-29,20:00:59,18:00:22
-77.03156179,38.96756309,16007151,2016/01/14 14:06:49+00,DAY,OTHERS,BURGLARY,1300  - 1399 BLOCK OF TUCKERMAN STREET NW,397265,144405,4,4A,4,402,Cluster 17,001804 1,1804,Precinct 60,38.96755529,-77.0315595,,403628130,2016-01-13,2016-01-14,19:30:07,12:00:42
-77.02117581,38.96495304,16011093,2016/01/21 23:40:45+00,EVENING,OTHERS,BURGLARY,500  - 699 BLOCK OF RITTENHOUSE STREET NW,398165,144115,4,4B,4,402,Cluster 17,001901 2,1901,Precinct 59,38.96494524,-77.02117351,,403628135,2016-01-21,2016-01-21,15:00:57,21:40:28
-76.961899,38.86169518,16020330,2016/02/09 20:18:06+00,EVENING,OTHERS,BURGLARY,3116 - 3131 BLOCK OF ALABAMA AVENUE SE,403307,132653,7,7B,6,606,Cluster 35,007603 2,7603,Precinct 113,38.8616874,-76.96189673,,403628191,2016-02-09,2016-02-09,19:10:45,20:05:58
-77.01990491,38.9590979,16011160,2016/01/22 02:58:10+00,EVENING,OTHERS,BURGLARY,5700  - 5717 BLOCK OF 5TH STREET NW,398275,143465,4,4B,4,402,Cluster 17,001901 1,1901,Precinct 58,38.9590901,-77.01990262,,403628217,2016-01-21,2016-01-21,14:30:57,22:30:58
-77.02597687,38.96760951,16011171,2016/01/22 02:33:15+00,EVENING,OTHERS,BURGLARY,6400  - 6415 BLOCK OF 9TH STREET NW,397749,144410,4,4B,4,402,Cluster 17,001901 4,1901,Precinct 59,38.9676017,-77.02597458,,403628220,2016-01-21,2016-01-21,21:30:59,22:30:01
-76.97398492,38.86353622,16021062,2016/02/11 00:58:44+00,EVENING,OTHERS,BURGLARY,2300 - 2399 BLOCK OF GOOD HOPE ROAD SE,402258,132857,8,8A,6,607,Cluster 34,007605 2,7605,Precinct 112,38.86352843,-76.97398264,,403628238,2016-02-10,2016-02-10,22:55:04,23:00:24
-76.97986362,38.89612073,16007538,2016/01/15 02:48:27+00,EVENING,OTHERS,BURGLARY,1700 - 1799 BLOCK OF E STREET NE,401747,136474,6,6A,5,507,Cluster 25,007901 2,7901,Precinct 81,38.89611294,-76.97986134,,403628259,2016-01-13,2016-01-14,11:30:43,22:30:04
-76.97417918,38.89984908,16017711,2016/02/04 22:33:24+00,EVENING,OTHERS,BURGLARY,713 - 799 BLOCK OF 21ST STREET NE,402240,136888,5,5D,5,507,Cluster 23,008904 2,8904,Precinct 79,38.89984129,-76.97417691,,403628296,2016-02-04,2016-02-04,21:22:29,22:30:22
-76.98294135,38.89667073,16017846,2016/02/05 02:48:45+00,EVENING,OTHERS,BURGLARY,1500 - 1599 BLOCK OF F STREET NE,401480,136535,6,6A,5,507,Cluster 25,007901 3,7901,Precinct 81,38.89666294,-76.98293907,,403628306,2016-02-04,2016-02-04,14:00:45,23:22:37
-76.9973124,38.888143,16017884,2016/02/05 03:30:58+00,EVENING,OTHERS,BURGLARY,1 - 699 BLOCK OF BROWNS COURTS SE,400233.37,135588.22,6,6B,1,107,Cluster 26,006600 1,6600,Precinct 89,38.88813521,-76.99731011,,403628308,2016-02-04,2016-02-04,11:30:45,23:30:25
-76.97852658,38.85730331,16015909,2016/02/01 17:23:56+00,DAY,OTHERS,BURGLARY,1800 - 1815 BLOCK OF ERIE STREET SE,401864,132165,8,8B,7,701,Cluster 28,007504 1,7504,Precinct 114,38.85729553,-76.9785243,,403628312,2016-01-31,2016-02-01,21:00:08,15:00:51
-77.02809521,38.89674067,16015874,2016/02/01 17:54:09+00,DAY,OTHERS,BURGLARY,500 - 599 BLOCK OF 12TH STREET NW,397563,136543,2,2C,2,209,Cluster 8,005800 1,5800,Precinct 129,38.89673288,-77.02809292,DOWNTOWN,403628323,2016-01-29,2016-02-01,22:00:01,12:00:34
-77.01618804,38.90075164,16020711,2016/02/10 14:22:58+00,DAY,OTHERS,BURGLARY,810 899  BLOCK OF 4TH STREET NW,398596,136988,6,6E,1,101,Cluster 8,004702 1,4702,Precinct 1,38.90074386,-77.01618575,MOUNT VERNON TRIANGLE CID,403628335,2016-02-10,2016-02-10,07:08:14,11:30:50
-76.99122498,38.93535343,16005362,2016/01/11 02:26:08+00,EVENING,OTHERS,BURGLARY,3700 - 3799 BLOCK OF 12TH STREET NE,400761,140829,5,5B,5,504,Cluster 20,009504 1,9504,Precinct 68,38.93534564,-76.9912227,,403628357,2016-01-10,2016-01-11,16:30:07,00:45:41
-77.03209623,38.90570692,16013190,2016/01/27 19:27:18+00,DAY,OTHERS,BURGLARY,1300 - 1499 BLOCK OF MASSACHUSETTS AVENUE NW,397216.27,137538.44,2,2F,2,209,Cluster 8,010100 1,10100,Precinct 17,38.90569913,-77.03209394,DOWNTOWN,403628384,2016-01-24,,08:58:45,
-76.92814331,38.88081315,16014013,2016/01/29 03:50:10+00,EVENING,OTHERS,BURGLARY,5100 - 5298 BLOCK OF FITCH STREET SE,406235,134777,7,7E,6,604,Cluster 33,007707 1,7707,Precinct 105,38.88080536,-76.92814105,,403628402,2016-01-28,2016-01-28,15:00:53,20:00:03
-77.04772322,38.90857128,16014048,2016/01/29 05:19:38+00,MIDNIGHT,OTHERS,BURGLARY,2100 - 2199 BLOCK OF O STREET NW,395861,137857,2,2B,2,208,Cluster 6,005500 4,5500,Precinct 14,38.90856349,-77.04772092,,403628404,2016-01-29,2016-01-29,02:51:55,02:55:33
-76.98807372,38.88135713,16023995,2016/02/17 10:16:02+00,MIDNIGHT,OTHERS,BURGLARY,1300 - 1318 BLOCK OF PENNSYLVANIA AVENUE SE,401035,134835,6,6B,1,106,Cluster 26,007100 2,7100,Precinct 91,38.88134934,-76.98807144,CAPITOL HILL,403628414,2016-02-17,2016-02-17,09:44:15,09:46:36
-76.97965793,38.84937609,16018397,2016/02/06 00:16:46+00,EVENING,OTHERS,BURGLARY,1730 - 1763 BLOCK OF STANTON TERRACE SE,401766,131285,8,8E,7,704,Cluster 38,007404 1,7404,Precinct 117,38.84936831,-76.97965565,,403628469,2016-02-05,2016-02-05,19:45:17,21:35:42
-76.98660338,38.85532266,16014072,2016/01/29 05:36:53+00,MIDNIGHT,OTHERS,BURGLARY,2900 - 2999 BLOCK OF STANTON ROAD SE,401163,131945,8,8B,7,703,Cluster 37,007406 2,7406,Precinct 118,38.85531488,-76.9866011,,403628481,2016-01-29,2016-01-29,04:50:48,04:55:28
-77.03418676,38.95515798,16018769,2016/02/06 18:03:16+00,DAY,OTHERS,BURGLARY,5246  - 5499 BLOCK OF COLORADO AVENUE NW,397037,143028,4,4C,4,403,Cluster 18,002001 2,2001,Precinct 53,38.95515018,-77.03418447,,403628495,2016-01-22,2016-02-06,15:44:46,17:31:23
-76.96513633,38.91714501,16018856,2016/02/06 22:04:18+00,EVENING,OTHERS,BURGLARY,2300 - 3699 BLOCK OF NEW YORK AVENUE NE,403023.68,138808.25,5,5C,5,503,Cluster 24,011100 1,11100,Precinct 72,38.91713721,-76.96513406,,403628503,2016-02-05,2016-02-06,12:00:40,06:30:14
-77.08116804,38.95702654,16009806,2016/01/19 17:44:18+00,DAY,OTHERS,BURGLARY,4100 - 4199 BLOCK OF HARRISON STREET NW,392965,143238,3,3E,2,202,Cluster 11,001100 2,1100,Precinct 32,38.95701874,-77.08116572,,403628515,2016-01-19,2016-01-19,05:00:51,12:00:24
-77.02160369,38.93002786,16009932,2016/01/19 19:23:22+00,DAY,OTHERS,BURGLARY,500 - 699 BLOCK OF KENYON STREET NW,398127,140238,1,1A,4,409,Cluster 2,003200 4,3200,Precinct 38,38.93002006,-77.0216014,,403628525,2016-01-18,2016-01-19,03:10:59,18:00:34
-77.02498856,38.91334377,16009975,2016/01/19 20:23:11+00,EVENING,OTHERS,BURGLARY,900 - 999 BLOCK OF FRENCH STREET NW,397833,138386,6,6E,3,307,Cluster 7,004901 1,4901,Precinct 21,38.91333598,-77.02498627,,403628529,2016-01-19,2016-01-19,18:25:02,19:23:10
-76.95428886,38.87045764,16001464,2016/01/03 21:30:50+00,EVENING,OTHERS,BURGLARY,3500 - 3599 BLOCK OF CARPENTER STREET SE,403967,133626,7,7B,6,605,Cluster 34,009901 2,9901,Precinct 109,38.87044985,-76.95428659,,403628552,2016-01-03,2016-01-03,08:00:32,15:00:30
-76.98817385,38.9030493,16023625,2016/02/16 19:00:29+00,DAY,OTHERS,BURGLARY,1200 - 1299 BLOCK OF MORSE STREET NE,401026,137243,5,5D,5,506,Cluster 23,008802 3,8802,Precinct 77,38.90304151,-76.98817157,,403628594,2016-02-12,2016-02-16,13:00:19,13:00:17
-76.97265064,38.85749126,16008319,2016/01/16 08:57:28+00,MIDNIGHT,OTHERS,BURGLARY,2300 - 2399 BLOCK OF AINGER PLACE SE,402374,132186,8,8B,7,701,Cluster 36,007502 1,7502,Precinct 134,38.85748348,-76.97264837,,403628605,2016-01-16,,07:08:34,
-76.97721708,38.84500655,16033697,2016/03/05 07:05:41+00,MIDNIGHT,OTHERS,BURGLARY,1800 - 1899 BLOCK OF TRENTON PLACE SE,401978,130800,8,8B,7,704,Cluster 38,007409 3,7409,Precinct 116,38.84499877,-76.9772148,,403628629,2016-03-04,2016-03-05,18:30:34,04:10:31
-77.00889252,38.82360433,16038889,2016/03/14 02:33:35+00,EVENING,OTHERS,BURGLARY,2 - 199 BLOCK OF GALVESTON STREET SW,399228,128424,8,8D,7,708,Cluster 39,010900 1,10900,Precinct 126,38.82359656,-77.00889024,,403628644,2016-03-13,2016-03-14,19:15:52,01:30:28
-76.95385398,38.88362774,16038910,2016/03/14 05:24:43+00,MIDNIGHT,OTHERS,BURGLARY,3500 - 3699 BLOCK OF ELY PLACE SE,404004,135088,7,7F,6,603,Cluster 32,009901 2,9901,Precinct 107,38.88361996,-76.95385171,,403628645,2016-03-13,2016-03-14,19:00:34,01:00:54
-76.9560756,38.88818684,16009367,2016/01/18 09:50:10+00,MIDNIGHT,OTHERS,BURGLARY,100 - 199 BLOCK OF 35TH STREET SE,403811,135594,7,7F,6,603,Cluster 32,007708 1,7708,Precinct 132,38.88817905,-76.95607333,,403628658,2016-01-17,2016-01-18,18:00:12,08:50:01
-77.02362488,38.97360949,16013286,2016/01/27 21:52:27+00,EVENING,OTHERS,BURGLARY,700  - 799 BLOCK OF BUTTERNUT STREET NW,397953,145076,4,4B,4,401,Cluster 17,010300 1,10300,Precinct 63,38.97360169,-77.02362258,,403628711,2016-01-27,2016-01-27,12:30:25,19:59:17
-77.03595802,38.9672105,16013462,2016/01/28 03:39:45+00,EVENING,OTHERS,BURGLARY,6300  - 6399 BLOCK OF LUZON AVENUE NW,396884,144366,4,4A,4,402,Cluster 17,001803 1,1803,Precinct 61,38.9672027,-77.03595572,,403628724,2016-01-26,2016-01-28,05:30:42,02:00:28
-77.01882408,38.92948784,16018165,2016/02/06 16:23:48+00,DAY,OTHERS,BURGLARY,410 - 499 BLOCK OF IRVING STREET NW,398368,140178,1,1A,4,409,Cluster 2,003200 4,3200,Precinct 38,38.92948005,-77.01882179,,403628733,2016-02-05,2016-02-05,13:20:13,19:18:43
-76.91779252,38.89189564,16009423,2016/01/18 18:12:30+00,DAY,OTHERS,BURGLARY,200 - 289 BLOCK OF 58TH STREET NE,407132,136008,7,7C,6,608,Cluster 31,007808 3,7808,Precinct 96,38.89188785,-76.91779027,,403628741,2016-01-15,2016-01-18,22:00:51,14:17:05
-77.03078769,38.91187402,16013938,2016/01/29 01:13:17+00,EVENING,OTHERS,BURGLARY,1300 - 1399 BLOCK OF CORCORAN STREET NW,397330,138223,2,2F,3,307,Cluster 7,005001 2,5001,Precinct 16,38.91186623,-77.0307854,,403628749,2016-01-28,2016-01-28,23:31:05,23:45:01
-76.95806871,38.88979107,16030699,2016/02/29 03:08:27+00,EVENING,OTHERS,BURGLARY,2300 - 3955 BLOCK OF EAST CAPITOL STREET,403638,135772,7,7F,6,603,Cluster 32,009604 1,9604,Precinct 132,38.88978328,-76.95806644,,403628786,2016-02-28,2016-02-29,21:00:26,02:00:17
-76.99362101,38.84024313,16030822,2016/02/29 12:43:32+00,DAY,OTHERS,BURGLARY,3400 - 3499 BLOCK OF WHEELER ROAD SE,400554,130271,8,8C,7,705,Cluster 39,009804 1,9804,Precinct 122,38.84023535,-76.99361873,,403628793,2016-02-28,2016-02-28,16:44:54,17:05:24
-77.01621514,38.9185161,16030826,2016/02/29 12:32:03+00,DAY,OTHERS,BURGLARY,200 - 399 BLOCK OF V STREET NW,398594,138960,1,1B,3,306,Cluster 3,003400 1,3400,Precinct 20,38.91850831,-77.01621285,,403628794,2016-02-28,2016-02-29,22:00:52,11:00:00
-76.99751452,38.83321668,16041104,2016/03/17 23:04:46+00,EVENING,OTHERS,BURGLARY,444 - 799 BLOCK OF CONDON TERRACE SE,400216,129491,8,8E,7,706,Cluster 39,009801 1,9801,Precinct 121,38.8332089,-76.99751224,,403628868,2016-03-08,2016-03-17,13:00:00,22:15:35
-77.02091496,38.90181388,16026877,2016/02/22 16:19:10+00,DAY,OTHERS,BURGLARY,600 - 699 BLOCK OF MASSACHUSETTS AVENUE NW,398186,137106,2,2C,1,101,Cluster 8,005800 2,5800,Precinct 129,38.90180609,-77.02091267,DOWNTOWN,403628870,2016-02-22,2016-02-22,01:52:12,03:00:56
-77.03196258,38.90924327,16036602,2016/03/10 11:10:09+00,MIDNIGHT,OTHERS,BURGLARY,1400 - 1499 BLOCK OF 14TH STREET NW,397228,137931,2,2F,2,208,Cluster 7,005201 3,5201,Precinct 16,38.90923548,-77.03196029,,403628901,2016-03-10,2016-03-10,09:51:49,10:01:49
-77.01641302,38.87646502,16036757,2016/03/10 18:09:29+00,DAY,OTHERS,BURGLARY,200 - 399 BLOCK OF M STREET SW,398576,134292,6,6D,1,105,Cluster 9,011000 4,11000,Precinct 127,38.87645724,-77.01641073,,403628910,2015-04-01,2016-03-09,19:00:24,14:00:23
-77.05236578,38.90330841,16041510,2016/03/19 14:27:35+00,DAY,OTHERS,BURGLARY,2400 - 2499 BLOCK OF PENNSYLVANIA AVENUE NW,395458,137273,2,2A,2,207,Cluster 5,005600 1,5600,Precinct 4,38.90330062,-77.05236348,,403628913,2016-03-18,2016-03-18,03:00:27,12:45:12
-76.99547432,38.85875555,16040743,2016/03/17 08:33:19+00,MIDNIGHT,OTHERS,BURGLARY,2600 - 2631 BLOCK OF MARTIN LUTHER KING JR AVENUE SE,400393,132326,8,8C,7,703,Cluster 37,007401 2,7401,Precinct 119,38.85874777,-76.99547204,ANACOSTIA,403628928,2016-03-17,2016-03-17,05:44:14,05:52:32
-77.08217722,38.91169604,16040760,2016/03/17 12:16:44+00,DAY,OTHERS,BURGLARY,4400 - 4437 BLOCK OF GREENWICH PARKWAY NW,392873,138206,3,3D,2,205,Cluster 13,000802 2,802,Precinct 7,38.91168825,-77.08217491,,403628929,2016-03-17,2016-03-17,10:18:18,10:27:25
-77.04947342,38.90526448,16040774,2016/03/17 15:21:02+00,DAY,OTHERS,BURGLARY,2200 - 2299 BLOCK OF M STREET NW,395709,137490,2,2A,2,208,Cluster 5,005500 3,5500,Precinct 4,38.9052567,-77.04947112,,403628932,2016-03-16,2016-03-17,22:00:24,10:00:49
-77.03914865,38.93583366,16026570,2016/02/21 22:07:49+00,EVENING,OTHERS,BURGLARY,3410 - 3599 BLOCK OF 17TH STREET NW,396606,140883,1,1D,3,302,Cluster 2,002701 3,2701,Precinct 40,38.93582586,-77.03914635,,403628960,2016-02-21,2016-02-21,00:00:25,18:00:38
-76.95463584,38.8865828,16038933,2016/03/14 07:03:47+00,MIDNIGHT,OTHERS,BURGLARY,220 - 299 BLOCK OF 36TH STREET SE,403936,135416,7,7F,6,603,Cluster 32,007703 4,7703,Precinct 107,38.88657501,-76.95463357,,403628972,2016-03-14,2016-03-14,00:00:32,03:50:55
-76.99845881,38.8397208,16038973,2016/03/14 09:26:30+00,MIDNIGHT,OTHERS,BURGLARY,3301 - 3699 BLOCK OF 6TH STREET SE,400134,130213,8,8C,7,705,Cluster 39,009804 2,9804,Precinct 122,38.83971302,-76.99845653,,403628974,2016-03-14,2016-03-14,06:55:05,09:00:36
-77.03233288,38.96308578,16024906,2016/02/19 02:07:18+00,EVENING,OTHERS,BURGLARY,1328  - 1399 BLOCK OF PEABODY STREET NW,397198,143908,4,4A,4,402,Cluster 17,001804 3,1804,Precinct 60,38.96307798,-77.03233059,,403628996,2016-02-18,2016-02-18,11:30:42,22:11:22
-77.03326632,38.91112565,16025370,2016/02/19 21:50:25+00,EVENING,OTHERS,BURGLARY,1400 - 1499 BLOCK OF Q STREET NW,397115,138140,2,2F,3,301,Cluster 7,005201 4,5201,Precinct 16,38.91111786,-77.03326402,,403629003,2016-02-19,2016-02-19,15:00:22,20:30:16
-77.0106101,38.91260727,16025563,2016/02/20 02:37:46+00,EVENING,OTHERS,BURGLARY,1 - 99 BLOCK OF R STREET NW,399080,138304,5,5E,3,308,Cluster 21,003302 2,3302,Precinct 19,38.91259948,-77.01060781,,403629019,2016-02-20,2016-02-20,01:00:52,01:30:42
-77.02963303,38.90791065,16024302,2016/02/17 22:38:20+00,EVENING,OTHERS,BURGLARY,1300 - 1399 BLOCK OF 13TH STREET NW,397430,137783,2,2F,3,307,Cluster 7,005002 2,5002,Precinct 17,38.90790286,-77.02963074,,403629072,2016-02-11,2016-02-17,21:19:02,22:38:16
-77.00678585,38.83130671,16024334,2016/02/17 23:34:05+00,EVENING,OTHERS,BURGLARY,10 - 99 BLOCK OF ATLANTIC STREET SE,399411,129279,8,8D,7,707,Cluster 39,009810 2,9810,Precinct 124,38.83129894,-77.00678357,,403629075,2016-02-14,2016-02-17,19:00:09,21:00:47
-77.02782462,38.94187246,16029789,2016/02/27 13:03:50+00,DAY,OTHERS,BURGLARY,1200  - 1299 BLOCK OF UPSHUR STREET NW,397588,141553,4,4C,4,404,Cluster 18,002502 1,2502,Precinct 47,38.94186466,-77.02782233,,403629098,2016-02-27,2016-02-27,11:43:35,11:44:45
-76.94956562,38.8848421,16035312,2016/03/08 03:35:45+00,EVENING,OTHERS,BURGLARY,3700 - 3899 BLOCK OF D STREET SE,404376,135223,7,7F,6,603,Cluster 32,007703 3,7703,Precinct 107,38.88483431,-76.94956335,,403629142,2016-03-08,2016-03-08,02:38:32,03:17:48
-76.94993506,38.88395043,16017360,2016/02/04 05:25:30+00,MIDNIGHT,OTHERS,BURGLARY,400 - 499 BLOCK OF 37TH PLACE SE,404344,135124,7,7F,6,603,Cluster 32,007703 3,7703,Precinct 107,38.88394264,-76.9499328,,403629190,2016-02-04,2016-02-04,02:35:00,05:25:29
-76.91504361,38.89652398,16017530,2016/02/04 18:16:23+00,DAY,OTHERS,BURGLARY,500 - 599 BLOCK OF 60TH STREET NE,407370,136522,7,7C,6,608,Cluster 31,007807 1,7807,Precinct 95,38.89651619,-76.91504136,,403629197,2016-01-28,2016-02-04,23:00:33,14:00:00
-77.02809138,38.91628879,16017585,2016/02/04 19:26:40+00,DAY,OTHERS,BURGLARY,1900 - 1999 BLOCK OF 12TH STREET NW,397564,138713,1,1B,3,305,Cluster 3,004400 2,4400,Precinct 22,38.916281,-77.02808909,,403629203,2016-02-04,2016-02-04,15:15:12,15:17:33
-76.95752792,38.88817837,16022197,2016/02/13 09:13:57+00,MIDNIGHT,OTHERS,BURGLARY,100 - 199 BLOCK OF 34TH STREET SE,403685,135593,7,7F,6,603,Cluster 32,007708 1,7708,Precinct 132,38.88817058,-76.95752565,,403629210,2016-02-13,2016-02-13,04:48:09,06:00:40
-77.0094338,38.91096785,16022241,2016/02/13 07:30:49+00,MIDNIGHT,OTHERS,BURGLARY,1 - 15 BLOCK OF FLORIDA AVENUE NW,399182,138122,5,5E,3,308,Cluster 21,004600 1,4600,Precinct 19,38.91096006,-77.00943151,,403629214,2016-02-13,2016-02-13,06:10:58,06:15:30
-77.01848699,38.9193175,16035894,2016/03/09 03:04:42+00,EVENING,OTHERS,BURGLARY,400 - 501 BLOCK OF W STREET NW,398397,139049,1,1B,3,306,Cluster 3,003400 2,3400,Precinct 37,38.91930971,-77.0184847,,403629223,2016-03-09,2016-03-09,02:10:32,02:50:32
-77.02963452,38.91149597,16036328,2016/03/09 23:58:10+00,EVENING,OTHERS,BURGLARY,1600 - 1628 BLOCK OF 13TH STREET NW,397430,138181,2,2F,3,307,Cluster 7,005001 2,5001,Precinct 16,38.91148818,-77.02963223,,403629242,2016-03-09,2016-03-09,13:00:49,22:40:56
-76.99024929,38.90104063,16041185,2016/03/18 01:24:27+00,EVENING,OTHERS,BURGLARY,818 - 899 BLOCK OF 12TH STREET NE,400846,137020,6,6A,1,104,Cluster 25,008410 1,8410,Precinct 82,38.90103284,-76.99024701,,403629254,2016-03-17,2016-03-17,12:10:25,23:15:25
-77.03654907,38.90470172,16007740,2016/01/15 15:00:32+00,DAY,OTHERS,BURGLARY,1100 - 1199 BLOCK OF 16TH STREET NW,396830,137427,2,2B,2,207,Cluster 6,010700 1,10700,Precinct 17,38.90469393,-77.03654678,GOLDEN TRIANGLE,403629266,2016-01-15,2016-01-15,01:00:09,12:30:16
-76.95495717,38.88878998,16024458,2016/02/18 03:34:19+00,EVENING,OTHERS,BURGLARY,3500 - 3599 BLOCK OF A STREET SE,403908,135661,7,7F,6,603,Cluster 32,007708 1,7708,Precinct 132,38.88878219,-76.9549549,,403629326,2016-02-18,2016-02-18,01:08:26,02:09:14
-76.99619869,38.88671766,16041378,2016/03/18 12:18:06+00,DAY,OTHERS,BURGLARY,200 - 299 BLOCK OF 7TH STREET SE,400330,135430,6,6B,1,107,Cluster 26,006600 1,6600,Precinct 89,38.88670988,-76.99619641,CAPITOL HILL,403629337,2016-03-18,2016-03-18,07:15:41,08:10:54
-77.03364359,38.92874583,16041404,2016/03/18 13:33:03+00,DAY,OTHERS,BURGLARY,1400 - 1451 BLOCK OF IRVING STREET NW,397083,140096,1,1A,3,302,Cluster 2,002802 1,2802,Precinct 36,38.92873804,-77.03364129,,403629340,2016-03-18,2016-03-18,07:10:03,09:05:45
-77.03108059,38.94899719,16041495,2016/03/18 16:04:24+00,DAY,OTHERS,BURGLARY,1300  - 1391 BLOCK OF DELAFIELD PLACE NW,397306,142344,4,4C,4,404,Cluster 18,002002 1,2002,Precinct 54,38.94898939,-77.0310783,,403629346,2016-03-18,2016-03-18,00:00:58,14:30:19
-77.09831704,38.91838578,16026772,2016/02/22 06:35:20+00,MIDNIGHT,OTHERS,BURGLARY,4880 - 4997 BLOCK OF MACARTHUR BOULEVARD NW,391474,138950,3,3D,2,205,Cluster 13,000801 4,801,Precinct 8,38.91837799,-77.09831472,,403629352,2016-02-22,2016-02-22,01:45:50,02:00:13
-76.9560756,38.88818684,16026773,2016/02/22 07:49:12+00,MIDNIGHT,OTHERS,BURGLARY,100 - 199 BLOCK OF 35TH STREET SE,403811,135594,7,7F,6,603,Cluster 32,007708 1,7708,Precinct 132,38.88817905,-76.95607333,,403629353,2016-02-22,2016-02-22,03:16:08,05:35:22
-77.08921973,38.90979912,16012330,2016/01/25 19:22:57+00,DAY,OTHERS,BURGLARY,1500 - 1599 BLOCK OF ELLIOT PLACE NW,392262,137996,3,3D,2,205,Cluster 13,000802 1,802,Precinct 7,38.90979133,-77.08921742,,403629377,2016-01-24,2016-01-24,23:00:12,23:02:49
-76.93015741,38.9072089,16012398,2016/01/25 22:51:45+00,EVENING,OTHERS,BURGLARY,4920 - 4999 BLOCK OF NASH STREET NE,406058,137707,7,7C,6,602,Cluster 31,007806 1,7806,Precinct 93,38.90720111,-76.93015515,,403629381,2016-01-22,2016-01-25,18:00:10,20:30:13
-76.93324276,38.89972476,16008468,2016/01/16 17:26:18+00,DAY,OTHERS,BURGLARY,4800 - 4825 BLOCK OF HAYES STREET NE,405791,136876,7,7C,6,602,Cluster 31,007804 1,7804,Precinct 98,38.89971697,-76.93324049,,403629393,2016-01-11,2016-01-16,09:30:51,14:30:42
-76.97587428,38.86440143,16008516,2016/01/16 19:56:04+00,DAY,OTHERS,BURGLARY,2200 - 2299 BLOCK OF GOOD HOPE ROAD SE,402094,132953,8,8B,6,607,Cluster 28,007504 1,7504,Precinct 114,38.86439365,-76.97587201,,403629398,2016-01-16,2016-01-16,14:30:21,17:30:44
-77.01552218,38.9135526,16026419,2016/02/21 16:19:46+00,DAY,OTHERS,BURGLARY,231 - 318 BLOCK OF FLORIDA AVENUE NW,398654,138409,5,5E,3,308,Cluster 21,004600 2,4600,Precinct 19,38.91354481,-77.01551989,,403629461,2016-02-20,2016-02-21,21:00:24,11:45:30
-77.06230294,38.92901332,16026450,2016/02/21 16:41:31+00,DAY,OTHERS,BURGLARY,3100 - 3199 BLOCK OF CATHEDRAL AVENUE NW,394598,140127,3,3C,2,204,Cluster 15,000502 1,502,Precinct 26,38.92900553,-77.06230063,,403629464,2016-02-21,2016-02-21,01:10:55,01:32:56
-77.0013054,38.92344477,16031385,2016/03/01 11:06:00+00,MIDNIGHT,OTHERS,BURGLARY,300 - 399 BLOCK OF DOUGLAS STREET NE,399887,139507,5,5E,5,502,Cluster 21,009203 2,9203,Precinct 74,38.92343698,-77.00130311,,403629491,2016-03-01,2016-03-01,09:45:55,09:47:49
-77.02356243,38.95923234,16016585,2016/02/02 21:56:11+00,EVENING,OTHERS,BURGLARY,700  - 799 BLOCK OF MARIETTA PLACE NW,397958,143480,4,4B,4,403,Cluster 18,002101 1,2101,Precinct 58,38.95922454,-77.02356013,,403629495,2016-02-02,2016-02-02,20:50:47,21:56:09
-77.05010822,38.90625513,16021211,2016/02/11 08:20:25+00,MIDNIGHT,OTHERS,BURGLARY,1200 - 1299 BLOCK OF 23RD STREET NW,395654,137600,2,2A,2,208,Cluster 5,005500 3,5500,Precinct 4,38.90624735,-77.05010592,,403629513,2016-02-11,2016-02-11,05:59:15,06:05:14
-76.92938304,38.88584058,16027163,2016/02/22 23:20:26+00,EVENING,OTHERS,BURGLARY,5000 - 5099 BLOCK OF BASS PLACE SE,406127,135335,7,7E,6,604,Cluster 33,009904 2,9904,Precinct 104,38.88583279,-76.92938078,,403629536,2016-02-22,2016-02-22,13:30:58,23:10:15
-77.0207275,38.93114505,16031151,2016/03/01 02:18:21+00,EVENING,OTHERS,BURGLARY,500 - 599 BLOCK OF LAMONT STREET NW,398203,140362,1,1A,4,409,Cluster 2,003200 3,3200,Precinct 38,38.93113725,-77.02072521,,403629558,2016-02-29,2016-02-29,13:00:06,20:53:50
-77.03136049,38.92965631,16036095,2016/03/09 16:18:51+00,DAY,OTHERS,BURGLARY,1300 - 1399 BLOCK OF KENYON STREET NW,397281,140197,1,1A,3,302,Cluster 2,003000 1,3000,Precinct 39,38.92964851,-77.03135819,,403629575,2016-03-07,2016-03-07,13:51:00,14:35:34
-77.00204323,38.9159228,16036083,2016/03/09 15:42:49+00,DAY,OTHERS,BURGLARY,1900 - 1921 BLOCK OF 3RD STREET NE,399823,138672,5,5E,5,502,Cluster 21,008702 1,8702,Precinct 75,38.91591501,-77.00204095,,403629589,2016-03-08,2016-03-09,22:00:06,12:30:56
-76.93180988,38.87914879,16021489,2016/02/12 01:12:51+00,EVENING,OTHERS,BURGLARY,4962 - 4999 BLOCK OF BENNING ROAD SE,405917,134592,7,7E,6,604,Cluster 33,007707 1,7707,Precinct 106,38.879141,-76.93180762,,403629610,2016-02-11,2016-02-11,21:34:14,23:28:07
-76.92742532,38.88418184,16021532,2016/02/12 01:42:30+00,EVENING,OTHERS,BURGLARY,5100 - 5299 BLOCK OF CALL PLACE SE,406297,135151,7,7E,6,604,Cluster 33,009905 1,9905,Precinct 104,38.88417405,-76.92742306,,403629611,2016-02-11,2016-02-11,11:00:19,23:00:17
-77.07927416,38.96583792,16039906,2016/03/16 00:12:33+00,EVENING,OTHERS,BURGLARY,5600 - 5699 BLOCK OF WESTERN AVENUE NW,393130,144216,3,3G,2,201,Cluster 10,001100 1,1100,Precinct 32,38.96583012,-77.07927185,,403629643,2016-03-15,2016-03-15,12:45:55,21:30:58
-77.02105758,38.95535026,16039952,2016/03/16 01:21:18+00,EVENING,OTHERS,BURGLARY,500  - 699 BLOCK OF JEFFERSON STREET NW,398175,143049,4,4D,4,403,Cluster 18,002101 3,2101,Precinct 56,38.95534246,-77.02105529,,403629647,2016-03-15,2016-03-15,11:45:22,22:30:49
-76.97842173,38.89925539,16025087,2016/02/19 04:43:29+00,MIDNIGHT,OTHERS,BURGLARY,1700 - 1799 BLOCK OF BENNING ROAD NE,401872,136822,6,6A,5,507,Cluster 23,007901 1,7901,Precinct 81,38.8992476,-76.97841945,,403629656,2016-02-19,2016-02-19,02:00:59,04:00:19
-76.98294135,38.89667073,16007926,2016/01/15 20:41:04+00,EVENING,OTHERS,BURGLARY,1500 - 1599 BLOCK OF F STREET NE,401480,136535,6,6A,5,507,Cluster 25,007901 3,7901,Precinct 81,38.89666294,-76.98293907,,403629666,2016-01-15,2016-01-15,16:00:35,19:00:52
-77.08376571,38.95852008,16008066,2016/01/16 00:18:46+00,EVENING,OTHERS,BURGLARY,5200 - 5299 BLOCK OF 43RD STREET NW,392740,143404,3,3E,2,202,Cluster 11,001100 2,1100,Precinct 32,38.95851228,-77.0837634,,403629681,2016-01-15,2016-01-15,18:30:15,21:00:08
-76.97828311,38.90019223,16008077,2016/01/16 01:25:40+00,EVENING,OTHERS,BURGLARY,1700 - 1799 BLOCK OF H STREET NE,401884,136926,5,5D,5,507,Cluster 23,008904 2,8904,Precinct 79,38.90018444,-76.97828083,,403629682,2016-01-15,2016-01-15,12:30:42,23:30:37
-76.97828311,38.90019223,16008101,2016/01/16 01:29:44+00,EVENING,OTHERS,BURGLARY,1700 - 1799 BLOCK OF H STREET NE,401884,136926,5,5D,5,507,Cluster 23,008904 2,8904,Precinct 79,38.90018444,-76.97828083,,403629684,2016-01-15,2016-01-15,13:00:29,23:30:49
-76.95495717,38.88878998,16024495,2016/02/18 03:31:06+00,EVENING,OTHERS,BURGLARY,3500 - 3599 BLOCK OF A STREET SE,403908,135661,7,7F,6,603,Cluster 32,007708 1,7708,Precinct 132,38.88878219,-76.9549549,,403629710,2016-02-18,2016-02-18,01:50:06,02:19:46
-76.98467595,38.92497519,16024589,2016/02/18 11:33:52+00,MIDNIGHT,OTHERS,BURGLARY,1400 - 1499 BLOCK OF RHODE ISLAND AVENUE NE,401329,139677,5,5C,5,504,Cluster 22,009102 1,9102,Precinct 72,38.92496739,-76.98467367,,403629719,2016-02-18,2016-02-18,09:49:56,11:30:50
-76.98641764,38.92326382,16024753,2016/02/18 19:07:55+00,DAY,OTHERS,BURGLARY,2500 - 2599 BLOCK OF 14TH STREET NE,401178,139487,5,5C,5,505,Cluster 22,009102 3,9102,Precinct 72,38.92325603,-76.98641536,,403629731,2016-01-28,2016-02-18,18:12:44,19:00:10
-76.99950653,38.9061848,16025212,2016/02/19 16:22:32+00,DAY,OTHERS,BURGLARY,1200 - 1227 BLOCK OF 5TH STREET NE,400043,137591,6,6C,5,501,Cluster 25,010600 2,10600,Precinct 83,38.90617701,-76.99950424,,403629739,2016-02-19,2016-02-19,02:30:02,13:05:21
-76.9785472,38.90371455,16043201,2016/03/21 18:13:23+00,DAY,OTHERS,BURGLARY,1730 - 1799 BLOCK OF L STREET NE,401861,137317,5,5D,5,507,Cluster 23,008903 1,8903,Precinct 78,38.90370676,-76.97854492,,403629795,2016-03-21,2016-03-21,12:19:34,17:15:11
-76.98446045,38.90838181,16043236,2016/03/21 23:59:32+00,EVENING,OTHERS,BURGLARY,1200 - 1299 BLOCK OF RAUM STREET NE,401348,137835,5,5D,5,506,Cluster 23,008804 2,8804,Precinct 78,38.90837402,-76.98445817,,403629798,2016-03-21,2016-03-21,18:28:37,18:52:08
-76.92742532,38.88418184,16043265,2016/03/21 20:32:37+00,EVENING,OTHERS,BURGLARY,5100 - 5299 BLOCK OF CALL PLACE SE,406297,135151,7,7E,6,604,Cluster 33,009905 1,9905,Precinct 104,38.88417405,-76.92742306,,403629801,2016-02-02,2016-02-14,18:00:16,21:00:03
-77.01355166,38.91970554,16029351,2016/02/26 22:42:59+00,EVENING,OTHERS,BURGLARY,2200 - 2299 BLOCK OF FLAGLER PLACE NW,398825,139092,5,5E,3,306,Cluster 21,003301 3,3301,Precinct 135,38.91969774,-77.01354937,,403629812,2016-02-26,2016-02-26,12:30:14,20:20:44
-77.02903194,38.96073549,16029366,2016/02/26 22:31:29+00,EVENING,OTHERS,BURGLARY,5800  - 5899 BLOCK OF COLORADO AVENUE NW,397484,143647,4,4C,4,403,Cluster 18,002002 2,2002,Precinct 54,38.96072769,-77.02902965,,403629816,2016-02-21,2016-02-26,20:36:06,19:00:21
-76.97469698,38.90258773,16008606,2016/01/16 22:27:31+00,EVENING,OTHERS,BURGLARY,1926 - 2099 BLOCK OF I STREET NE,402195,137192,5,5D,5,507,Cluster 23,008904 1,8904,Precinct 79,38.90257994,-76.9746947,,403629839,2016-01-16,2016-01-16,14:30:54,21:30:53
-77.04346644,38.90469935,16034787,2016/03/07 13:43:38+00,DAY,OTHERS,BURGLARY,1100 - 1199 BLOCK OF 19TH STREET NW,396230,137427,2,2B,2,207,Cluster 6,010700 1,10700,Precinct 17,38.90469156,-77.04346415,GOLDEN TRIANGLE,403629883,2016-03-07,2016-03-07,05:00:05,10:30:21
-77.0158699,38.97345766,16034845,2016/03/07 14:58:15+00,DAY,OTHERS,BURGLARY,6900  - 6923 BLOCK OF MAPLE STREET NW,398625,145059,4,4B,4,401,Cluster 17,001702 2,1702,Precinct 63,38.97344986,-77.0158676,,403629892,2016-03-04,2016-03-07,19:30:44,11:30:00
-76.95867074,38.88521502,16016780,2016/02/03 03:41:33+00,EVENING,OTHERS,BURGLARY,3300 - 3399 BLOCK OF DUBOIS PLACE SE,403586,135264,7,7B,6,603,Cluster 32,007708 2,7708,Precinct 132,38.88520724,-76.95866847,,403629898,2016-02-03,2016-02-03,02:50:09,03:41:31
-77.01329733,38.9162824,16016858,2016/02/03 07:57:33+00,MIDNIGHT,OTHERS,BURGLARY,100 - 199 BLOCK OF THOMAS STREET NW,398847,138712,5,5E,3,306,Cluster 21,003301 2,3301,Precinct 135,38.91627461,-77.01329504,,403629904,2016-02-02,2016-02-03,13:40:20,05:05:49
-77.02695973,38.9729872,16016953,2016/02/03 18:05:16+00,DAY,OTHERS,BURGLARY,6800  - 6899 BLOCK OF GEORGIA AVENUE NW,397664,145007,4,4B,4,401,Cluster 17,010300 1,10300,Precinct 63,38.9729794,-77.02695744,,403629912,2016-02-02,2016-02-03,22:30:05,13:30:11
-76.97989401,38.87011352,16016965,2016/02/03 16:25:20+00,DAY,OTHERS,BURGLARY,1600 - 1699 BLOCK OF 17TH PLACE SE,401745,133587,8,8A,6,607,Cluster 34,007601 4,7601,Precinct 140,38.87010574,-76.97989173,,403629913,2016-02-02,2016-02-03,22:30:00,13:30:18
-76.97519316,38.90129063,16034085,2016/03/06 00:26:08+00,EVENING,OTHERS,BURGLARY,800 - 899 BLOCK OF 20TH STREET NE,402152,137048,5,5D,5,507,Cluster 23,008904 1,8904,Precinct 79,38.90128285,-76.97519088,,403629944,2016-03-05,2016-03-05,22:21:04,23:20:50
-77.07145466,38.92363012,16034382,2016/03/06 14:40:47+00,DAY,OTHERS,BURGLARY,3600 - 3619 BLOCK OF DAVIS STREET NW,393804,139530,3,3C,2,204,Cluster 14,000400 1,400,Precinct 11,38.92362233,-77.07145235,,403629961,2016-03-06,2016-03-06,04:00:28,11:30:38
-76.97819555,38.88490501,16034387,2016/03/06 16:55:38+00,DAY,OTHERS,BURGLARY,1800 - 1899 BLOCK OF MASSACHUSETTS AVENUE SE,401892,135229,7,7F,1,107,Cluster 26,006804 1,6804,Precinct 80,38.88489722,-76.97819328,,403629962,2016-03-06,2016-03-06,06:38:37,06:48:10
-76.97699233,38.89899387,16021706,2016/02/12 07:51:40+00,MIDNIGHT,OTHERS,BURGLARY,1800 - 1869 BLOCK OF BENNING ROAD NE,401996,136793,6,6A,5,507,Cluster 25,007901 1,7901,Precinct 81,38.89898608,-76.97699005,,403630006,2016-02-12,2016-02-12,07:16:40,07:50:33
-76.9750201,38.9345944,16021853,2016/02/12 18:31:50+00,DAY,OTHERS,BURGLARY,3600 - 3699 BLOCK OF SOUTH DAKOTA AVENUE NE,402166,140745,5,5B,5,503,Cluster 22,009400 2,9400,Precinct 69,38.9345866,-76.97501782,,403630016,2016-01-01,2016-02-12,05:00:56,18:29:24
-76.95448671,38.88547471,16033498,2016/03/05 01:38:47+00,EVENING,OTHERS,BURGLARY,200 - 499 BLOCK OF ANACOSTIA ROAD SE,403949,135293,7,7F,6,603,Cluster 32,007703 3,7703,Precinct 107,38.88546692,-76.95448444,,403630026,2016-03-04,2016-03-05,21:59:35,00:56:14
-76.94115239,38.88414452,16030006,2016/02/27 23:31:42+00,EVENING,OTHERS,BURGLARY,4400 - 4499 BLOCK OF TEXAS AVENUE SE,405106,135146,7,7F,6,604,Cluster 33,007703 1,7703,Precinct 103,38.88413673,-76.94115013,,403630050,2016-02-27,2016-02-27,20:43:31,22:59:31
-76.99751452,38.83321668,16017051,2016/02/03 19:33:00+00,DAY,OTHERS,BURGLARY,444 - 799 BLOCK OF CONDON TERRACE SE,400216,129491,8,8E,7,706,Cluster 39,009801 1,9801,Precinct 121,38.8332089,-76.99751224,,403630092,2016-02-03,2016-02-03,09:00:51,17:00:49
-77.06838658,38.94708958,16033870,2016/03/05 14:18:59+00,DAY,OTHERS,BURGLARY,3500 - 3599 BLOCK OF ALTON PLACE NW,394072,142134,3,3F,2,203,Cluster 12,001200 3,1200,Precinct 33,38.94708179,-77.06838427,,403630115,2016-03-05,2016-03-05,01:00:14,12:00:40
-77.01064452,38.91147222,16039551,2016/03/15 14:49:12+00,DAY,OTHERS,BURGLARY,16 - 59 BLOCK OF FLORIDA AVENUE NW,399077,138178,5,5E,3,308,Cluster 21,004600 1,4600,Precinct 19,38.91146443,-77.01064223,,403630138,2016-03-15,2016-03-15,04:08:04,11:15:16
-76.99617495,38.8995636,16032511,2016/03/03 03:06:01+00,EVENING,OTHERS,BURGLARY,700 - 799 BLOCK OF 7TH STREET NE,400332,136856,6,6C,1,104,Cluster 25,008302 1,8302,Precinct 83,38.89955581,-76.99617266,,403630209,2016-03-03,,02:22:38,
-77.08080756,38.93419078,16032525,2016/03/03 03:44:32+00,EVENING,OTHERS,BURGLARY,4100 - 4199 BLOCK OF MASSACHUSETTS AVENUE NW,392994,140703,3,3D,2,205,Cluster 14,000801 1,801,Precinct 10,38.93418299,-77.08080525,,403630212,2016-03-02,2016-03-03,12:00:25,03:44:01
-77.02459355,38.93815276,16033086,2016/03/04 03:58:04+00,EVENING,OTHERS,BURGLARY,3800  - 3899 BLOCK OF GEORGIA AVENUE NW,397868,141140,4,4C,4,404,Cluster 18,002502 2,2502,Precinct 47,38.93814496,-77.02459126,,403630225,2016-03-02,2016-03-02,07:30:07,17:00:20
-76.94571643,38.89945196,16033092,2016/03/04 04:19:15+00,MIDNIGHT,OTHERS,BURGLARY,4132 - 4151 BLOCK OF MINNESOTA AVENUE NE,404709,136845,7,7D,6,602,Cluster 30,007803 1,7803,Precinct 99,38.89944417,-76.94571416,,403630226,2016-03-04,2016-03-04,02:55:16,03:00:08
-76.96465629,38.85456137,16046820,2016/03/27 04:49:15+00,MIDNIGHT,OTHERS,BURGLARY,3000 - 3018 BLOCK OF GAINESVILLE STREET SE,403068,131861,7,7B,6,606,Cluster 35,007603 4,7603,Precinct 113,38.85455359,-76.96465402,,403630251,2016-03-19,2016-03-27,05:00:34,03:48:30
-77.04009124,38.90964614,16051137,2016/04/03 17:45:58+00,DAY,OTHERS,BURGLARY,1700 - 1799 BLOCK OF P STREET NW,396523,137976,2,2B,2,208,Cluster 6,005301 3,5301,Precinct 15,38.90963835,-77.04008894,,403630269,2016-04-03,2016-04-03,00:45:56,15:45:52
-77.02645415,38.97885168,16055790,2016/04/11 21:49:06+00,EVENING,OTHERS,BURGLARY,7300  - 7399 BLOCK OF GEORGIA AVENUE NW,397708,145658,4,4A,4,401,Cluster 16,001600 2,1600,Precinct 62,38.97884387,-77.02645185,,403630285,2016-04-08,2016-04-10,16:00:36,20:00:37
-76.99557544,38.90020317,16032702,2016/03/03 17:39:06+00,DAY,OTHERS,BURGLARY,700 - 799 BLOCK OF H STREET NE,400384,136927,6,6C,1,104,Cluster 25,008302 1,8302,Precinct 83,38.90019538,-76.99557316,,403630300,2016-03-03,2016-03-03,13:03:20,15:59:20
-76.9749353,38.91335276,16037475,2016/03/13 01:18:12+00,EVENING,OTHERS,BURGLARY,2100 - 2199 BLOCK OF RAND PLACE NE,402174,138387,5,5C,5,503,Cluster 23,011100 3,11100,Precinct 72,38.91334497,-76.97493302,,403630306,2016-03-11,2016-03-11,20:01:28,21:03:59
-76.99144322,38.94286637,16047351,2016/03/28 06:57:40+00,MIDNIGHT,OTHERS,BURGLARY,1000 - 1199 BLOCK OF VARNUM STREET NE,400742,141663,5,5B,4,405,Cluster 20,009504 2,9504,Precinct 67,38.94285857,-76.99144094,,403630321,2016-03-28,2016-03-28,04:54:06,04:58:31
-77.03195437,38.91664813,16047402,2016/03/28 13:12:52+00,DAY,OTHERS,BURGLARY,1921 - 1999 BLOCK OF 14TH STREET NW,397229,138753,2,2B,3,305,Cluster 3,004300 2,4300,Precinct 141,38.91664034,-77.03195208,,403630325,2016-03-26,2016-03-28,19:30:39,11:00:00
-77.03196293,38.91001799,16047448,2016/03/28 15:22:37+00,DAY,OTHERS,BURGLARY,1500 - 1520 BLOCK OF 14TH STREET NW,397228,138017,2,2F,3,307,Cluster 7,005201 4,5201,Precinct 16,38.9100102,-77.03196064,,403630330,2016-03-25,2016-03-28,21:00:32,14:59:33
-76.98776058,38.89278873,16028890,2016/02/26 01:14:11+00,EVENING,OTHERS,BURGLARY,200 - 299 BLOCK OF TENNESSEE AVENUE NE,401062,136104,6,6A,1,108,Cluster 25,008002 2,8002,Precinct 86,38.89278094,-76.9877583,,403630356,2016-02-25,2016-02-25,16:45:55,23:30:48
-76.92281573,38.88356631,16035009,2016/03/07 20:55:33+00,EVENING,OTHERS,BURGLARY,5400 - 5599 BLOCK OF CALL PLACE SE,406697,135083,7,7E,6,604,Cluster 33,009905 2,9905,Precinct 105,38.88355853,-76.92281347,,403630391,2016-02-18,2016-03-07,01:00:18,20:55:24
-76.92578638,38.88639687,16021941,2016/02/13 01:46:13+00,EVENING,OTHERS,BURGLARY,119 - 199 BLOCK OF 53RD STREET SE,406439,135397,7,7E,6,604,Cluster 33,009905 1,9905,Precinct 104,38.88638908,-76.92578412,,403630432,2015-10-26,2016-02-12,19:18:42,21:16:43
-76.97398492,38.86353622,16029054,2016/02/26 08:45:13+00,MIDNIGHT,OTHERS,BURGLARY,2300 - 2399 BLOCK OF GOOD HOPE ROAD SE,402258,132857,8,8A,6,607,Cluster 34,007605 2,7605,Precinct 112,38.86352843,-76.97398264,,403630445,2016-02-26,2016-02-26,04:10:14,05:45:59
-77.06002529,38.94967955,16047529,2016/03/28 17:19:54+00,DAY,OTHERS,BURGLARY,2900 - 2999 BLOCK OF BRANDYWINE STREET NW,394797,142421,3,3F,2,203,Cluster 12,001301 1,1301,Precinct 138,38.94967175,-77.06002299,,403630459,2016-03-28,,15:30:39,
-77.02192149,38.91335339,16047611,2016/03/28 22:30:30+00,EVENING,OTHERS,BURGLARY,1700 - 1799 BLOCK OF 7TH STREET NW,398099,138387,6,6E,3,308,Cluster 7,004901 1,4901,Precinct 21,38.9133456,-77.0219192,,403630468,2016-03-28,2016-03-28,14:15:43,14:30:22
-77.03395387,38.9264216,16051779,2016/04/04 21:05:33+00,EVENING,OTHERS,BURGLARY,1400 - 1499 BLOCK OF HARVARD STREET NW,397056,139838,1,1A,3,304,Cluster 2,003700 2,3700,Precinct 36,38.9264138,-77.03395157,,403630492,2016-04-04,2016-04-04,19:21:29,20:04:16
-76.99951793,38.92450776,16051812,2016/04/05 00:20:58+00,EVENING,OTHERS,BURGLARY,400 - 599 BLOCK OF EVARTS STREET NE,400042,139625,5,5E,5,502,Cluster 21,009204 1,9204,Precinct 74,38.92449996,-76.99951565,,403630499,2016-04-04,2016-04-04,00:00:25,19:15:47
-76.96962816,38.9208104,16048495,2016/03/30 09:48:52+00,MIDNIGHT,OTHERS,BURGLARY,2300 - 2399 BLOCK OF BLADENSBURG ROAD NE,402634,139215,5,5C,5,503,Cluster 22,011100 1,11100,Precinct 71,38.92080261,-76.96962588,,403630528,2016-03-30,2016-03-30,04:30:27,08:20:50
-76.990906,38.90421162,16048575,2016/03/30 14:39:49+00,DAY,OTHERS,BURGLARY,1100 - 1199 BLOCK OF MORSE STREET NE,400789,137372,5,5D,5,506,Cluster 23,008802 3,8802,Precinct 77,38.90420383,-76.99090372,,403630535,2016-03-29,2016-03-30,20:30:08,12:30:42
-77.02782462,38.94187246,16051541,2016/04/04 10:35:56+00,MIDNIGHT,OTHERS,BURGLARY,1200  - 1299 BLOCK OF UPSHUR STREET NW,397588,141553,4,4C,4,404,Cluster 18,002502 1,2502,Precinct 47,38.94186466,-77.02782233,,403630561,2016-04-04,2016-04-04,09:35:32,09:39:49
-77.06018753,38.93688769,16051550,2016/04/04 12:44:14+00,DAY,OTHERS,BURGLARY,2900 - 2999 BLOCK OF PORTER STREET NW,394782,141001,3,3C,2,203,Cluster 15,000600 2,600,Precinct 27,38.9368799,-77.06018523,,403630564,2016-04-04,2016-04-04,11:29:09,12:44:11
-77.0319636,38.91150436,16051679,2016/04/04 17:11:50+00,DAY,OTHERS,BURGLARY,1600 - 1617 BLOCK OF 14TH STREET NW,397228,138182,2,2F,3,307,Cluster 7,005201 4,5201,Precinct 16,38.91149657,-77.0319613,,403630575,2016-04-04,2016-04-04,05:00:18,17:00:38
-77.03520403,38.93584392,16051860,2016/04/05 00:17:12+00,EVENING,OTHERS,BURGLARY,1515 - 1528 BLOCK OF OGDEN STREET NW,396948,140884,1,1A,4,408,Cluster 2,002801 2,2801,Precinct 41,38.93583612,-77.03520173,,403630580,2016-04-04,2016-04-04,11:15:55,19:00:02
-76.9855147,38.88347381,16057117,2016/04/14 00:12:20+00,EVENING,OTHERS,BURGLARY,400 - 499 BLOCK OF 14TH STREET SE,401257,135070,6,6B,1,107,Cluster 26,006900 2,6900,Precinct 91,38.88346602,-76.98551242,,403630604,2016-04-13,2016-04-13,19:45:36,20:16:56
-77.03196426,38.91298173,16043727,2016/03/22 15:55:59+00,DAY,OTHERS,BURGLARY,1700 - 1720 BLOCK OF 14TH STREET NW,397228,138346,2,2F,3,301,Cluster 7,005201 4,5201,Precinct 16,38.91297394,-77.03196196,,403630611,2016-03-21,2016-03-22,23:30:44,10:35:51
-76.97735846,38.87138324,16043782,2016/03/22 17:48:54+00,DAY,OTHERS,BURGLARY,1500 - 1599 BLOCK OF 19TH STREET SE,401965,133728,8,8A,6,607,Cluster 34,007601 3,7601,Precinct 140,38.87137546,-76.97735619,,403630617,2016-03-22,2016-03-22,16:08:20,17:48:54
-76.95278114,38.88508667,16053036,2016/04/07 02:12:26+00,EVENING,OTHERS,BURGLARY,230 - 499 BLOCK OF 37TH STREET SE,404097,135250,7,7F,6,603,Cluster 32,007703 3,7703,Precinct 107,38.88507889,-76.95277887,,403630643,2016-04-06,2016-04-07,11:10:42,02:04:04
-76.97216744,38.91482049,16053040,2016/04/07 01:23:25+00,EVENING,OTHERS,BURGLARY,1800 - 1899 BLOCK OF 24TH STREET NE,402414,138550,5,5C,5,503,Cluster 23,011100 3,11100,Precinct 72,38.9148127,-76.97216516,,403630644,2016-04-07,2016-04-07,00:17:56,01:00:24
-77.06058121,38.96581306,16050846,2016/04/03 01:30:00+00,EVENING,OTHERS,BURGLARY,2900  - 3099 BLOCK OF NORTHAMPTON STREET NW,394750,144212,4,3G,2,201,Cluster 10,001402 1,1402,Precinct 52,38.96580527,-77.0605789,,403630678,2016-03-24,2016-04-03,19:00:23,00:30:11
-76.98567408,38.95073904,16050903,2016/04/03 05:39:44+00,MIDNIGHT,OTHERS,BURGLARY,5000 - 5099 BLOCK OF 14TH STREET NE,401242,142537,5,5A,4,405,Cluster 20,009503 1,9503,Precinct 67,38.95073124,-76.98567179,,403630683,2016-04-03,2016-04-03,02:50:53,03:03:15
-77.03342882,38.96264407,16055907,2016/04/12 00:05:18+00,EVENING,OTHERS,BURGLARY,5910  - 5999 BLOCK OF 14TH STREET NW,397103,143859,4,4A,4,402,Cluster 17,001803 2,1803,Precinct 60,38.96263627,-77.03342653,,403630692,2016-04-11,2016-04-11,17:00:39,20:01:00
-77.0275705,38.91112713,16055988,2016/04/12 00:50:37+00,EVENING,OTHERS,BURGLARY,1100 - 1199 BLOCK OF Q STREET NW,397609,138140,2,2F,3,307,Cluster 7,005001 1,5001,Precinct 16,38.91111934,-77.02756821,,403630695,2016-04-10,2016-04-10,06:00:56,18:00:02
-77.01944753,38.93192899,16060593,2016/04/19 02:45:10+00,EVENING,OTHERS,BURGLARY,400 - 499 BLOCK OF LURAY PLACE NW,398314,140449,1,1A,4,409,Cluster 2,003200 3,3200,Precinct 38,38.9319212,-77.01944523,,403630722,2016-04-17,2016-04-19,23:00:06,00:00:07
-76.94175668,38.87807317,16051235,2016/04/03 22:11:16+00,EVENING,OTHERS,BURGLARY,4200 - 4299 BLOCK OF HILDRETH STREET SE,405054,134472,7,7E,6,605,Cluster 33,007707 2,7707,Precinct 106,38.87806538,-76.94175442,,403630737,2016-04-03,2016-04-03,19:37:02,22:11:07
-76.98561322,38.90930081,16051279,2016/04/03 22:14:02+00,EVENING,OTHERS,BURGLARY,1700 - 1728 BLOCK OF MONTELLO AVENUE NE,401248,137937,5,5D,5,506,Cluster 23,008804 2,8804,Precinct 78,38.90929302,-76.98561094,,403630742,2016-04-03,2016-04-03,16:20:11,18:00:56
-76.97057801,38.85457202,16056166,2016/04/12 08:34:09+00,MIDNIGHT,OTHERS,BURGLARY,2900 - 2999 BLOCK OF KNOX PLACE SE,402554,131862,8,8B,7,702,Cluster 36,007408 1,7408,Precinct 115,38.85456424,-76.97057574,,403630765,2016-04-12,2016-04-12,06:15:32,08:00:05
-77.03476282,38.92986253,16060695,2016/04/19 05:54:11+00,MIDNIGHT,OTHERS,BURGLARY,3200 - 3299 BLOCK OF HIATT PLACE NW,396986,140220,1,1A,3,302,Cluster 2,002802 2,2802,Precinct 39,38.92985474,-77.03476052,,403630784,2016-04-18,2016-04-19,18:00:14,04:50:03
-77.0063903,38.91557132,16052282,2016/04/05 21:05:06+00,EVENING,OTHERS,BURGLARY,33 - 119 BLOCK OF T STREET NE,399446,138633,5,5E,5,502,Cluster 21,008701 1,8701,Precinct 75,38.91556353,-77.00638801,,403630853,2016-04-05,2016-04-05,04:05:09,09:00:47
-77.0161787,38.91038157,16052303,2016/04/05 21:37:09+00,EVENING,OTHERS,BURGLARY,1500 - 1599 BLOCK OF 4TH STREET NW,398597,138057,5,5E,3,308,Cluster 21,004600 2,4600,Precinct 19,38.91037378,-77.01617641,,403630855,2016-04-02,2016-04-05,22:00:42,19:00:09
-77.03515143,38.9461314,16048157,2016/03/29 19:55:23+00,EVENING,OTHERS,BURGLARY,1500  - 1527 BLOCK OF BUCHANAN STREET NW,396953,142026,4,4C,4,404,Cluster 18,002501 2,2501,Precinct 48,38.94612361,-77.03514913,,403630898,2016-03-29,2016-03-29,17:00:21,18:55:00
-76.98637405,38.90996752,16057303,2016/04/14 00:49:17+00,EVENING,OTHERS,BURGLARY,1700 - 1799 BLOCK OF WEST VIRGINIA AVENUE NE,401182,138011,5,5D,5,501,Cluster 23,008803 1,8803,Precinct 76,38.90995972,-76.98637177,,403630923,2016-04-13,2016-04-13,12:00:21,22:30:38
-77.09902622,38.9308527,16048775,2016/03/30 21:31:03+00,EVENING,OTHERS,BURGLARY,3000 - 3099 BLOCK OF ARIZONA AVENUE NW,391414,140334,3,3D,2,205,Cluster 13,000902 1,902,Precinct 8,38.93084491,-77.0990239,,403630937,2016-03-29,2016-03-30,00:39:53,21:29:57
-77.0588836,38.93619472,16048829,2016/03/30 23:19:10+00,EVENING,OTHERS,BURGLARY,3500 - 3599 BLOCK OF CONNECTICUT AVENUE NW,394895,140924,3,3C,2,203,Cluster 15,000600 2,600,Precinct 27,38.93618693,-77.0588813,,403630943,2016-03-30,2016-03-30,12:00:59,21:10:02
-76.9560756,38.88818684,16037729,2016/03/12 04:33:42+00,MIDNIGHT,OTHERS,BURGLARY,100 - 199 BLOCK OF 35TH STREET SE,403811,135594,7,7F,6,603,Cluster 32,007708 1,7708,Precinct 132,38.88817905,-76.95607333,,403630986,2016-03-11,2016-03-12,11:00:38,02:00:47
-76.94993506,38.88395043,16037813,2016/03/12 06:49:33+00,MIDNIGHT,OTHERS,BURGLARY,400 - 499 BLOCK OF 37TH PLACE SE,404344,135124,7,7F,6,603,Cluster 32,007703 3,7703,Precinct 107,38.88394264,-76.9499328,,403630992,2016-03-12,2016-03-12,04:00:38,06:48:23
-77.02397487,38.9162807,16057365,2016/04/14 05:59:00+00,MIDNIGHT,OTHERS,BURGLARY,1900 - 1999 BLOCK OF 9TH STREET NW,397921,138712,1,1B,3,305,Cluster 3,004400 2,4400,Precinct 137,38.9162729,-77.02397258,,403631000,2016-04-14,2016-04-14,02:11:24,04:30:15
-76.97009109,38.8618417,16053204,2016/04/07 15:06:35+00,DAY,OTHERS,BURGLARY,2400 2698  BLOCK OF GOOD HOPE ROAD SE,402596,132669,8,8B,7,702,Cluster 36,007502 1,7502,Precinct 134,38.86183392,-76.97008881,,403631035,2016-04-07,2016-04-07,10:12:33,10:16:25
-76.98255354,38.9269387,16053233,2016/04/07 12:57:16+00,DAY,OTHERS,BURGLARY,1522 - 1599 BLOCK OF GIRARD STREET NE,401513,139895,5,5B,5,504,Cluster 22,009301 3,9301,Precinct 70,38.92693091,-76.98255126,,403631037,2016-04-07,2016-04-07,06:36:10,07:20:09
-76.92698741,38.90664844,16041904,2016/03/19 03:50:54+00,MIDNIGHT,OTHERS,BURGLARY,1200 - 1219 BLOCK OF EASTERN AVENUE NE,406333,137645,7,7C,6,602,Cluster 31,007806 1,7806,Precinct 93,38.90664065,-76.92698515,,403631063,2016-03-19,2016-03-19,02:56:11,03:01:00
-76.98539394,38.91034575,16042449,2016/03/20 03:01:26+00,MIDNIGHT,OTHERS,BURGLARY,1103 - 1199 BLOCK OF MOUNT OLIVET ROAD NE,401267,138053,5,5D,5,506,Cluster 23,008804 2,8804,Precinct 76,38.91033796,-76.98539166,,403631081,2016-03-20,2016-03-20,02:15:24,02:20:19
-77.04010142,38.90724091,16056827,2016/04/13 09:25:24+00,MIDNIGHT,OTHERS,BURGLARY,1700 - 1799 BLOCK OF N STREET NW,396522,137709,2,2B,2,208,Cluster 6,010700 2,10700,Precinct 17,38.90723312,-77.04009912,,403631119,2016-04-13,,07:47:19,
-77.02971106,38.92915227,16048164,2016/03/29 21:48:28+00,EVENING,OTHERS,BURGLARY,3100 - 3199 BLOCK OF 13TH STREET NW,397424,140141,1,1A,3,302,Cluster 2,003000 1,3000,Precinct 39,38.92914448,-77.02970876,,403631138,2016-03-29,2016-03-29,00:11:36,01:00:11
-77.02431258,38.92600962,16048185,2016/03/29 21:37:57+00,EVENING,OTHERS,BURGLARY,700 - 999 BLOCK OF GIRARD STREET NW,397892,139792,1,1B,3,304,Cluster 2,003500 1,3500,Precinct 37,38.92600183,-77.02431029,,403631142,2016-03-29,2016-03-29,00:30:58,18:45:52
-77.04166296,38.91593341,16061013,2016/04/19 20:19:58+00,EVENING,OTHERS,BURGLARY,1900 - 1923 BLOCK OF 18TH STREET NW,396387,138674,2,2B,2,208,Cluster 6,004202 2,4202,Precinct 14,38.91592562,-77.04166066,,403631191,2016-04-19,2016-04-19,07:08:32,07:50:49
-77.03080113,38.9162881,16061016,2016/04/19 20:37:29+00,EVENING,OTHERS,BURGLARY,1300 - 1399 BLOCK OF WALLACH PLACE NW,397329,138713,1,1B,3,305,Cluster 3,004400 2,4400,Precinct 22,38.91628031,-77.03079883,,403631192,2016-04-19,2016-04-19,18:23:19,20:10:20
-76.9884354,38.85417879,16061053,2016/04/19 20:06:49+00,EVENING,OTHERS,BURGLARY,2400 - 2599 BLOCK OF ELVANS ROAD SE,401004,131818,8,8B,7,703,Cluster 37,007406 2,7406,Precinct 118,38.85417101,-76.98843313,,403631200,2016-04-19,2016-04-19,19:41:55,20:00:33
-76.99089498,38.9002029,16043637,2016/03/22 16:17:03+00,DAY,OTHERS,BURGLARY,1100 - 1199 BLOCK OF H STREET NE,400790,136927,6,6A,1,104,Cluster 25,008402 1,8402,Precinct 82,38.90019511,-76.9908927,,403631220,2016-03-22,2016-03-22,02:30:57,11:00:13
-77.03648121,38.92980796,16044273,2016/03/23 13:37:02+00,DAY,OTHERS,BURGLARY,3101 - 3199 BLOCK OF 16TH STREET NW,396837,140214,1,1D,3,302,Cluster 2,002702 1,2702,Precinct 39,38.92980017,-77.03647891,,403631254,2016-03-22,2016-03-23,21:00:00,11:15:47
-77.03554925,38.91112498,16044402,2016/03/23 17:34:51+00,DAY,OTHERS,BURGLARY,1500 - 1599 BLOCK OF Q STREET NW,396917,138140,2,2B,3,301,Cluster 6,005201 2,5201,Precinct 16,38.91111719,-77.03554696,,403631271,2016-03-23,,16:10:33,
-76.99449486,38.86040405,16032042,2016/03/02 12:10:04+00,DAY,OTHERS,BURGLARY,2500 - 2599 BLOCK OF MARTIN LUTHER KING JR AVENUE SE,400478,132509,8,8C,7,703,Cluster 37,007401 1,7401,Precinct 119,38.86039627,-76.99449258,ANACOSTIA,403631286,2016-03-02,2016-03-02,09:57:19,11:59:04
-76.99144335,38.94180339,16028294,2016/02/24 23:58:32+00,EVENING,OTHERS,BURGLARY,1000 - 1199 BLOCK OF UPSHUR STREET NE,400742,141545,5,5B,4,405,Cluster 20,009504 2,9504,Precinct 67,38.94179559,-76.99144107,,403631311,2016-02-24,2016-02-24,22:30:11,22:35:29
-77.06018753,38.93688769,16028298,2016/02/25 00:43:05+00,EVENING,OTHERS,BURGLARY,2900 - 2999 BLOCK OF PORTER STREET NW,394782,141001,3,3C,2,203,Cluster 15,000600 2,600,Precinct 27,38.9368799,-77.06018523,,403631312,2016-02-24,2016-02-24,14:30:06,21:00:55
-76.98561322,38.90930081,16060234,2016/04/19 00:34:46+00,EVENING,OTHERS,BURGLARY,1700 - 1728 BLOCK OF MONTELLO AVENUE NE,401248,137937,5,5D,5,506,Cluster 23,008804 2,8804,Precinct 78,38.90929302,-76.98561094,,403631326,2016-04-18,2016-04-18,15:56:38,15:57:51
-77.00272158,38.86433182,16060275,2016/04/18 18:14:42+00,DAY,OTHERS,BURGLARY,2600 - 2699 BLOCK OF SOUTH CAPITOL STREET,399764,132945,8,8C,7,703,Cluster 37,007401 1,7401,Precinct 119,38.86432404,-77.00271929,,403631334,2016-04-18,2016-04-18,06:00:34,18:10:40
-76.92938304,38.88584058,16028344,2016/02/25 03:05:18+00,EVENING,OTHERS,BURGLARY,5000 - 5099 BLOCK OF BASS PLACE SE,406127,135335,7,7E,6,604,Cluster 33,009904 2,9904,Precinct 104,38.88583279,-76.92938078,,403631390,2016-02-25,2016-02-25,00:05:55,00:15:03
-76.9915431,38.87884409,16028539,2016/02/25 14:10:16+00,DAY,OTHERS,BURGLARY,800 - 999 BLOCK OF 11TH STREET SE,400734,134556,6,6B,1,106,Cluster 26,007100 2,7100,Precinct 91,38.8788363,-76.99154082,CAPITOL HILL,403631407,2016-02-25,2016-02-25,08:57:59,09:16:14
-76.98581851,38.92057927,16042188,2016/03/19 17:45:32+00,DAY,OTHERS,BURGLARY,1326 - 1354 BLOCK OF DOWNING STREET NE,401230,139189,5,5C,5,505,Cluster 22,009102 2,9102,Precinct 72,38.92057148,-76.98581623,,403631461,2016-03-18,2016-03-19,20:00:17,17:00:07
-76.99506554,38.93876781,16042662,2016/03/20 13:39:56+00,DAY,OTHERS,BURGLARY,3900 - 3999 BLOCK OF 7TH STREET NE,400428,141208,5,5B,4,405,Cluster 20,009504 1,9504,Precinct 68,38.93876001,-76.99506325,,403631472,2016-03-13,2016-03-19,16:00:01,16:00:45
-77.02963452,38.91149597,16042780,2016/03/20 19:43:04+00,EVENING,OTHERS,BURGLARY,1600 - 1628 BLOCK OF 13TH STREET NW,397430,138181,2,2F,3,307,Cluster 7,005001 2,5001,Precinct 16,38.91148818,-77.02963223,,403631486,2016-03-05,2016-03-19,19:28:51,15:00:58
-76.9363897,38.88706975,16033281,2016/03/04 18:49:15+00,DAY,OTHERS,BURGLARY,4555 - 4612 BLOCK OF BENNING ROAD SE,405519,135471,7,7F,6,604,Cluster 33,009906 1,9906,Precinct 103,38.88706196,-76.93638744,,403631531,2016-03-04,2016-03-04,16:03:26,18:16:47
-77.01991285,38.90490392,16033387,2016/03/04 20:43:12+00,EVENING,OTHERS,BURGLARY,1100 - 1199 BLOCK OF 6TH STREET NW,398273,137449,6,6E,3,308,Cluster 8,004802 2,4802,Precinct 18,38.90489613,-77.01991056,,403631536,2016-03-03,2016-03-04,20:00:14,05:00:05
-76.94956562,38.8848421,16038316,2016/03/13 03:26:02+00,EVENING,OTHERS,BURGLARY,3700 - 3899 BLOCK OF D STREET SE,404376,135223,7,7F,6,603,Cluster 32,007703 3,7703,Precinct 107,38.88483431,-76.94956335,,403631546,2016-03-13,2016-03-13,00:49:29,01:09:03
-76.96514417,38.91714276,16042082,2016/03/19 15:38:06+00,DAY,OTHERS,BURGLARY,2300 - 3699 BLOCK OF NEW YORK AVENUE NE,403023,138808,5,5C,5,503,Cluster 24,011100 1,11100,Precinct 72,38.91713496,-76.9651419,,403631574,2016-03-16,2016-03-16,22:00:05,22:30:22
-76.98489871,38.90774227,16027300,2016/02/23 03:02:45+00,EVENING,OTHERS,BURGLARY,1200 - 1299 BLOCK OF MEIGS PLACE NE,401310,137764,5,5D,5,506,Cluster 23,008804 1,8804,Precinct 78,38.90773448,-76.98489643,,403631586,2016-02-18,2016-02-23,22:00:13,02:30:34
-77.03286071,38.95671679,16027403,2016/02/23 08:43:42+00,MIDNIGHT,OTHERS,BURGLARY,5500  - 5599 BLOCK OF COLORADO AVENUE NW,397152,143201,4,4A,4,403,Cluster 18,002001 1,2001,Precinct 53,38.95670899,-77.03285842,,403631592,2016-02-23,2016-02-23,06:55:00,07:00:18
-76.9553844,38.88759203,16027881,2016/02/24 04:38:40+00,MIDNIGHT,OTHERS,BURGLARY,3500 - 3599 BLOCK OF B STREET SE,403871,135528,7,7F,6,603,Cluster 32,007708 1,7708,Precinct 132,38.88758424,-76.95538213,,403631611,2016-02-24,2016-02-24,02:26:00,04:38:38
-76.99038152,38.8608452,16027914,2016/02/24 11:34:02+00,MIDNIGHT,OTHERS,BURGLARY,1300 - 1399 BLOCK OF DEXTER TERRACE SE,400835,132558,8,8A,7,703,Cluster 37,007407 2,7407,Precinct 119,38.86083742,-76.99037924,,403631613,2016-02-23,2016-02-24,12:20:32,04:00:57
-76.95752792,38.88817837,16027954,2016/02/24 10:40:52+00,MIDNIGHT,OTHERS,BURGLARY,100 - 199 BLOCK OF 34TH STREET SE,403685,135593,7,7F,6,603,Cluster 32,007708 1,7708,Precinct 132,38.88817058,-76.95752565,,403631616,2016-02-23,2016-02-24,13:00:29,09:00:37
-77.0637635,38.93730919,16028010,2016/02/24 15:05:14+00,DAY,OTHERS,BURGLARY,3000 - 3399 BLOCK OF PORTER STREET NW,394472,141048,3,3C,2,203,Cluster 15,000600 4,600,Precinct 27,38.9373014,-77.0637612,,403631621,2016-02-23,2016-02-24,09:00:29,15:05:13
-77.07327208,38.96400415,16050943,2016/04/03 05:35:17+00,MIDNIGHT,OTHERS,BURGLARY,3700 - 3799 BLOCK OF MORRISON STREET NW,393650,144012,3,3G,2,201,Cluster 10,001401 1,1401,Precinct 50,38.96399635,-77.07326977,,403631649,2016-04-02,2016-04-03,21:30:41,02:30:45
-77.03850073,38.9107547,16055538,2016/04/11 12:55:17+00,DAY,OTHERS,BURGLARY,1518 - 1599 BLOCK OF 17TH STREET NW,396661,138099,2,2B,2,208,Cluster 6,005301 2,5301,Precinct 15,38.91074691,-77.03849844,,403631660,2016-04-11,2016-04-11,05:20:13,09:20:08
-77.02116205,38.9574852,16055557,2016/04/11 13:23:11+00,DAY,OTHERS,BURGLARY,500  - 699 BLOCK OF LONGFELLOW STREET NW,398166,143286,4,4D,4,403,Cluster 18,002101 2,2101,Precinct 56,38.9574774,-77.02115976,,403631662,2016-04-10,2016-04-11,21:30:59,11:30:51
-77.04047425,38.91409613,16055560,2016/04/11 14:36:40+00,DAY,OTHERS,BURGLARY,1707 - 1799 BLOCK OF S STREET NW,396490,138470,2,2B,3,301,Cluster 6,004202 1,4202,Precinct 15,38.91408834,-77.04047195,,403631663,2016-04-09,2016-04-11,12:16:37,11:00:19
-77.01065042,38.87379921,16027582,2016/02/23 19:04:46+00,DAY,OTHERS,BURGLARY,1300 - 1399 BLOCK OF HALF STREET SW,399076,133996,6,6D,1,105,Cluster 9,006400 1,6400,Precinct 127,38.87379142,-77.01064814,,403631772,2016-02-23,,17:48:54,
-76.9969931,38.93237189,16066644,2016/04/28 17:18:15+00,DAY,OTHERS,BURGLARY,600 - 699 BLOCK OF MONROE STREET NE,400260.91,140497.99,5,5E,5,502,Cluster 21,009201 1,9201,Precinct 74,38.93236409,-76.99699081,,403631805,2016-04-27,2016-04-27,03:00:40,12:00:22
-76.99845696,38.92504825,16046449,2016/03/26 17:08:25+00,DAY,OTHERS,BURGLARY,2700 - 2799 BLOCK OF 6TH STREET NE,400134,139685,5,5E,5,502,Cluster 21,009204 1,9204,Precinct 74,38.92504045,-76.99845468,,403631851,2016-03-26,2016-03-26,13:30:49,15:36:32
-76.99122498,38.93535343,16050466,2016/04/02 13:41:02+00,DAY,OTHERS,BURGLARY,3700 - 3799 BLOCK OF 12TH STREET NE,400761,140829,5,5B,5,504,Cluster 20,009504 1,9504,Precinct 68,38.93534564,-76.9912227,,403631852,2016-04-01,2016-04-02,22:00:01,11:50:38
-77.03273339,38.9307099,16050491,2016/04/02 14:41:43+00,DAY,OTHERS,BURGLARY,3300 - 3398 BLOCK OF 14TH STREET NW,397162,140314,1,1A,3,302,Cluster 2,002802 2,2802,Precinct 41,38.93070211,-77.0327311,,403631858,2016-04-01,2016-04-02,03:00:17,12:00:37
-77.02645415,38.97885168,16070801,2016/05/05 08:15:44+00,MIDNIGHT,OTHERS,BURGLARY,7300  - 7399 BLOCK OF GEORGIA AVENUE NW,397708,145658,4,4A,4,401,Cluster 16,001600 2,1600,Precinct 62,38.97884387,-77.02645185,,403631873,2016-05-05,2016-05-05,02:00:06,08:10:29
-77.04140203,38.92330232,16070840,2016/05/05 13:17:17+00,DAY,OTHERS,BURGLARY,2500 - 2599 BLOCK OF CHAMPLAIN STREET NW,396410,139492,1,1C,3,303,Cluster 1,003800 3,3800,Precinct 35,38.92329453,-77.04139973,ADAMS MORGAN,403631877,2016-05-04,2016-05-05,11:39:49,11:30:08
-76.99554056,38.90503165,16071472,2016/05/06 11:11:55+00,DAY,OTHERS,BURGLARY,700 - 799 BLOCK OF FLORIDA AVENUE NE,400387,137463,6,6C,5,501,Cluster 25,010600 1,10600,Precinct 83,38.90502386,-76.99553828,,403631907,2016-01-23,2016-05-06,11:27:34,10:27:44
-77.02452904,38.91826241,16071496,2016/05/06 13:45:25+00,DAY,OTHERS,BURGLARY,2100 - 2199 BLOCK OF VERMONT AVENUE NW,397873,138932,1,1B,3,305,Cluster 3,004400 1,4400,Precinct 22,38.91825462,-77.02452674,,403631912,2016-05-06,2016-05-06,05:00:53,10:45:09
-77.08175761,38.90775068,16066962,2016/04/29 02:34:12+00,EVENING,OTHERS,BURGLARY,1400 - 1499 BLOCK OF FOXHALL ROAD NW,392909,137768,3,3D,2,205,Cluster 13,000802 1,802,Precinct 7,38.90774289,-77.0817553,,403631917,2016-04-28,2016-04-28,23:00:58,23:20:09
-76.92493949,38.89161218,16075820,2016/05/13 10:20:29+00,MIDNIGHT,OTHERS,BURGLARY,5300 - 5351 BLOCK OF BLAINE STREET NE,406512,135976,7,7C,6,608,Cluster 33,007808 1,7808,Precinct 96,38.8916044,-76.92493723,,403631945,2016-05-13,2016-05-13,08:35:29,09:00:28
-76.95204181,38.88758169,16075984,2016/05/13 18:35:18+00,DAY,OTHERS,BURGLARY,200 - 243 BLOCK OF 37TH STREET SE,404161,135527,7,7F,6,603,Cluster 32,007703 3,7703,Precinct 107,38.88757391,-76.95203954,,403631962,2016-05-13,2016-05-13,12:00:32,16:10:38
-76.93263066,38.87648278,16061981,2016/04/21 07:27:08+00,MIDNIGHT,OTHERS,BURGLARY,4600 - 4699 BLOCK OF HILLSIDE ROAD SE,405846,134296,7,7E,6,604,Cluster 33,007707 1,7707,Precinct 106,38.876475,-76.9326284,,403631996,2016-04-21,2016-04-21,01:45:25,05:15:00
-76.97923289,38.84523213,16072685,2016/05/08 07:17:37+00,MIDNIGHT,OTHERS,BURGLARY,3400 - 3499 BLOCK OF STANTON ROAD SE,401803,130825,8,8B,7,704,Cluster 38,007409 3,7409,Precinct 116,38.84522436,-76.97923062,,403632024,2016-05-07,2016-05-08,22:30:17,04:30:59
-76.93585592,38.89105116,16072795,2016/05/08 09:56:16+00,MIDNIGHT,OTHERS,BURGLARY,2 - 199 BLOCK OF 46TH PLACE NE,405565,135913,7,7D,6,608,Cluster 33,007803 3,7803,Precinct 98,38.89104337,-76.93585366,,403632030,2016-05-08,2016-05-08,08:00:15,09:00:14
-76.92922886,38.90183936,16028152,2016/02/24 20:17:22+00,EVENING,OTHERS,BURGLARY,4916 - 5067 BLOCK OF JAY STREET NE,406139,137111,7,7C,6,608,Cluster 31,007809 1,7809,Precinct 94,38.90183157,-76.9292266,,403632039,2016-02-24,2016-02-24,18:30:45,19:01:11
-77.0327456,38.93217825,16059863,2016/04/18 01:04:33+00,EVENING,OTHERS,BURGLARY,3413 - 3448 BLOCK OF 14TH STREET NW,397161,140477,1,1A,4,408,Cluster 2,002900 2,2900,Precinct 41,38.93217046,-77.03274331,,403632058,2016-04-17,2016-04-17,10:53:22,11:04:04
-76.9486429,38.90175942,16049785,2016/04/01 14:51:44+00,DAY,OTHERS,BURGLARY,3701 - 3810 BLOCK OF HAYES STREET NE,404455,137101,7,7D,6,601,Cluster 30,009602 1,9602,Precinct 100,38.90175163,-76.94864064,,403632070,2016-03-31,2016-04-01,22:00:13,12:00:34
-77.04602631,38.92323753,16054162,2016/04/08 23:45:36+00,EVENING,OTHERS,BURGLARY,1847 - 1999 BLOCK OF CALVERT STREET NW,396009,139485,1,1C,3,303,Cluster 1,004001 1,4001,Precinct 25,38.92322974,-77.04602401,,403632087,2016-04-08,2016-04-08,12:30:47,20:30:21
-76.97819555,38.88490501,16059617,2016/04/17 16:34:55+00,DAY,OTHERS,BURGLARY,1800 - 1899 BLOCK OF MASSACHUSETTS AVENUE SE,401892,135229,6,6B,1,107,Cluster 26,006802 1,6802,Precinct 87,38.88489722,-76.97819328,,403632099,2016-04-17,2016-04-17,02:00:11,14:00:38
-77.03850927,38.90520555,16066015,2016/04/27 15:47:55+00,DAY,OTHERS,BURGLARY,1130 - 1199 BLOCK OF 17TH STREET NW,396660,137483,2,2B,2,207,Cluster 6,010700 1,10700,Precinct 17,38.90519777,-77.03850697,GOLDEN TRIANGLE,403632131,2016-04-26,2016-04-26,12:15:27,21:00:44
-77.0175745,38.91319197,16066035,2016/04/27 17:14:31+00,DAY,OTHERS,BURGLARY,1700 - 1739 BLOCK OF NEW JERSEY AVENUE NW,398476,138369,5,6E,3,308,Cluster 21,004801 1,4801,Precinct 18,38.91318418,-77.01757221,,403632133,2016-04-27,2016-04-27,02:20:34,13:30:06
-77.0327459,38.93282685,16066041,2016/04/27 17:26:00+00,DAY,OTHERS,BURGLARY,3429 - 3464 BLOCK OF 14TH STREET NW,397161,140549,1,1A,4,408,Cluster 2,002801 1,2801,Precinct 41,38.93281906,-77.0327436,,403632134,2016-04-26,2016-04-26,21:17:22,21:22:54
-76.98150744,38.86946518,16066073,2016/04/27 18:06:51+00,DAY,OTHERS,BURGLARY,1600 - 1699 BLOCK OF R STREET SE,401605,133515,8,8A,6,607,Cluster 34,007601 4,7601,Precinct 140,38.8694574,-76.98150517,,403632137,2016-04-26,2016-04-27,14:00:53,18:06:48
-77.03336295,38.92051231,16044508,2016/03/23 21:15:10+00,EVENING,OTHERS,BURGLARY,1400 - 1499 BLOCK OF BELMONT STREET NW,397107,139182,1,1B,3,304,Cluster 2,003700 3,3700,Precinct 23,38.92050452,-77.03336065,,403632183,2016-03-23,2016-03-23,19:35:05,20:30:19
-76.95944027,38.88996271,16068400,2016/05/01 08:36:07+00,MIDNIGHT,OTHERS,BURGLARY,3800 - 3899 BLOCK OF EAST CAPITOL STREET,403519,135791,7,7D,6,603,Cluster 32,009604 1,9604,Precinct 101,38.88995492,-76.959438,,403632211,2016-04-30,2016-05-01,06:29:08,08:36:01
-77.03461421,38.93257408,16068483,2016/05/01 14:59:41+00,DAY,OTHERS,BURGLARY,1400 - 1599 BLOCK OF NEWTON STREET NW,396999,140521,1,1A,4,408,Cluster 2,002802 2,2802,Precinct 41,38.93256629,-77.03461191,,403632219,2016-04-30,2016-05-01,22:00:15,13:00:31
-77.02191847,38.90355231,16067137,2016/04/29 14:14:21+00,DAY,OTHERS,BURGLARY,1004 - 1099 BLOCK OF 7TH STREET NW,398099,137299,2,2F,3,308,Cluster 8,004902 2,4902,Precinct 129,38.90354452,-77.02191618,DOWNTOWN,403632222,2016-04-29,2016-04-29,09:50:25,13:27:45
-77.01764648,38.87787015,16067150,2016/04/29 15:33:46+00,DAY,OTHERS,BURGLARY,900 - 1199 BLOCK OF 4TH STREET SW,398469,134448,6,6D,1,105,Cluster 9,010200 2,10200,Precinct 142,38.87786237,-77.01764419,SOUTHWEST,403632224,2016-04-28,2016-04-29,22:00:33,09:00:45
-77.05946585,38.9290148,16067179,2016/04/29 14:28:08+00,DAY,OTHERS,BURGLARY,2900 - 3099 BLOCK OF CATHEDRAL AVENUE NW,394844,140127,3,3C,2,204,Cluster 15,000502 1,502,Precinct 26,38.92900701,-77.05946355,,403632226,2016-04-17,2016-04-20,21:47:09,01:33:36
-76.92363086,38.88653962,16067368,2016/04/30 02:52:35+00,EVENING,OTHERS,BURGLARY,5334 - 5399 BLOCK OF CENTRAL AVENUE SE,406626,135413,7,7E,6,604,Cluster 33,009905 1,9905,Precinct 105,38.88653183,-76.9236286,,403632240,2016-04-29,2016-04-29,19:00:35,21:08:38
-76.95385398,38.88362774,16044743,2016/03/24 02:22:24+00,EVENING,OTHERS,BURGLARY,3500 - 3699 BLOCK OF ELY PLACE SE,404004,135088,7,7F,6,603,Cluster 32,009901 2,9901,Precinct 107,38.88361996,-76.95385171,,403632271,2016-03-24,2016-03-24,00:24:26,02:18:47
-77.04132249,38.92534723,16048955,2016/03/31 01:32:27+00,EVENING,OTHERS,BURGLARY,2800 - 2828 BLOCK OF ONTARIO ROAD NW,396417,139719,1,1C,3,303,Cluster 1,003900 4,3900,Precinct 35,38.92533944,-77.04132019,,403632286,2016-03-30,2016-03-30,14:00:28,23:45:18
-76.93750024,38.88246706,16048971,2016/03/31 03:20:26+00,MIDNIGHT,OTHERS,BURGLARY,4400 - 4499 BLOCK OF FALLS TERRACE SE,405423,134960,7,7F,6,604,Cluster 33,009907 2,9907,Precinct 103,38.88245928,-76.93749797,,403632289,2016-03-30,2016-03-31,22:08:45,00:55:09
-76.95752792,38.88817837,16048974,2016/03/31 04:41:30+00,MIDNIGHT,OTHERS,BURGLARY,100 - 199 BLOCK OF 34TH STREET SE,403685,135593,7,7F,6,603,Cluster 32,007708 1,7708,Precinct 132,38.88817058,-76.95752565,,403632290,2016-03-30,2016-03-31,23:00:27,00:50:52
-77.00905319,38.910013,16045636,2016/03/25 12:33:57+00,DAY,OTHERS,BURGLARY,1500 - 1519 BLOCK OF NORTH CAPITOL STREET,399215,138016,5,5E,3,308,Cluster 21,010600 2,10600,Precinct 19,38.91000521,-77.0090509,NOMA,403632306,2016-03-24,2016-03-25,14:00:14,10:30:29
-76.98921472,38.88126715,16045640,2016/03/25 14:40:39+00,DAY,OTHERS,BURGLARY,1200 - 1299 BLOCK OF G STREET SE,400936,134825,6,6B,1,106,Cluster 26,007100 2,7100,Precinct 91,38.88125937,-76.98921245,,403632307,2016-03-25,2016-03-25,09:52:03,10:07:59
-77.06445349,38.90950912,16072152,2016/05/07 14:28:54+00,DAY,OTHERS,BURGLARY,1501 - 1548 BLOCK OF WISCONSIN AVENUE NW,394410,137962,2,2E,2,206,Cluster 4,000100 3,100,Precinct 5,38.90950133,-77.06445119,GEORGETOWN,403632336,2016-05-06,2016-05-07,23:00:09,11:40:42
-76.93790071,38.89906071,16071719,2016/05/06 21:19:15+00,EVENING,OTHERS,BURGLARY,4400 - 4599 BLOCK OF GAULT PLACE NE,405387,136802,7,7C,6,602,Cluster 30,007804 1,7804,Precinct 98,38.89905292,-76.93789844,,403632361,2016-05-02,2016-05-06,02:00:03,21:00:12
-76.97417941,38.89920948,16071740,2016/05/06 21:41:58+00,EVENING,OTHERS,BURGLARY,700 - 716 BLOCK OF 21ST STREET NE,402240,136817,5,5D,5,507,Cluster 23,008904 2,8904,Precinct 79,38.89920169,-76.97417714,,403632365,2016-05-06,2016-05-06,20:44:49,21:35:56
-76.93242986,38.88163547,16062889,2016/04/22 17:49:10+00,DAY,OTHERS,BURGLARY,4900 - 4998 BLOCK OF G STREET SE,405863,134868,7,7E,6,604,Cluster 33,007707 1,7707,Precinct 106,38.88162768,-76.9324276,,403632410,2016-04-22,2016-04-22,12:15:00,15:00:02
-77.02408493,38.93487384,16067868,2016/04/30 15:56:24+00,DAY,OTHERS,BURGLARY,3601 - 3638 BLOCK OF GEORGIA AVENUE NW,397912,140776,1,1A,4,409,Cluster 2,003100 1,3100,Precinct 43,38.93486605,-77.02408264,,403632421,2016-04-30,2016-04-30,08:30:30,11:30:11
-77.00166182,38.87752916,16062980,2016/04/22 20:23:22+00,EVENING,OTHERS,BURGLARY,300 - 329 BLOCK OF L STREET SE,399856,134410,6,6D,1,106,Cluster 27,007200 2,7200,Precinct 131,38.87752137,-77.00165954,CAPITOL RIVERFRONT,403632451,2016-04-20,2016-04-20,18:54:29,20:53:52
-77.00482821,38.83515342,16076178,2016/05/13 22:28:35+00,EVENING,OTHERS,BURGLARY,100 - 147 BLOCK OF WAYNE PLACE SE,399581,129706,8,8C,7,707,Cluster 39,009803 3,9803,Precinct 124,38.83514565,-77.00482593,,403632456,2016-05-13,2016-05-13,21:00:49,21:27:33
-76.97836593,38.85516828,16076274,2016/05/14 02:05:36+00,EVENING,OTHERS,BURGLARY,1800 - 1899 BLOCK OF GAINESVILLE STREET SE,401878,131928,8,8B,7,702,Cluster 37,007407 1,7407,Precinct 118,38.8551605,-76.97836365,,403632465,2016-05-13,2016-05-14,23:51:37,00:00:53
-76.9391152,38.90782648,16076276,2016/05/14 00:53:55+00,EVENING,OTHERS,BURGLARY,1300 - 1399 BLOCK OF 45TH PLACE NE,405281,137775,7,7D,6,601,Cluster 29,009601 1,9601,Precinct 92,38.90781869,-76.93911294,,403632466,2016-05-13,2016-05-14,23:04:46,00:53:50
-76.97903169,38.86351921,16062023,2016/04/21 07:17:02+00,MIDNIGHT,OTHERS,BURGLARY,2100 - 2127 BLOCK OF 18TH STREET SE,401820,132855,8,8A,7,701,Cluster 28,007504 1,7504,Precinct 114,38.86351143,-76.97902942,,403632475,2016-04-21,2016-04-21,05:25:59,06:25:07
-77.00748435,38.90251816,16067842,2016/04/30 14:54:01+00,DAY,OTHERS,BURGLARY,1 - 99 BLOCK OF K STREET NE,399351,137184,6,6C,5,501,Cluster 25,010600 2,10600,Precinct 83,38.90251038,-77.00748206,NOMA,403632507,2016-04-30,2016-04-30,04:01:03,04:11:52
-76.9884354,38.85417879,16063056,2016/04/22 22:24:50+00,EVENING,OTHERS,BURGLARY,2400 - 2599 BLOCK OF ELVANS ROAD SE,401004,131818,8,8B,7,703,Cluster 37,007406 2,7406,Precinct 118,38.85417101,-76.98843313,,403632533,2016-04-22,2016-04-22,17:20:12,18:45:24
-76.98725026,38.91029191,16063105,2016/04/22 23:16:13+00,EVENING,OTHERS,BURGLARY,1700 - 1799 BLOCK OF CAPITOL AVENUE NE,401106,138047,5,5D,5,501,Cluster 23,008803 1,8803,Precinct 76,38.91028412,-76.98724798,,403632539,2016-04-22,2016-04-22,09:00:15,21:00:02
-77.01142225,38.87203349,16063189,2016/04/23 00:52:42+00,EVENING,OTHERS,BURGLARY,34 - 99 BLOCK OF P STREET SW,399009,133800,6,6D,1,105,Cluster 9,006400 2,6400,Precinct 127,38.8720257,-77.01141996,,403632549,2016-04-22,2016-04-22,15:00:02,22:00:04
-76.97023622,38.90064087,16054508,2016/04/09 09:53:45+00,MIDNIGHT,OTHERS,BURGLARY,600 - 899 BLOCK OF 26TH STREET NE,402582,136976,5,5D,5,507,Cluster 23,008904 1,8904,Precinct 79,38.90063309,-76.97023394,,403632593,2016-04-09,2016-04-09,09:03:39,09:30:42
-77.02265159,38.924983,16054557,2016/04/09 15:23:29+00,DAY,OTHERS,BURGLARY,2620 - 2711 BLOCK OF GEORGIA AVENUE NW,398036,139678,1,1B,3,304,Cluster 2,003500 1,3500,Precinct 37,38.92497521,-77.0226493,,403632597,2016-04-09,2016-04-09,10:45:56,11:05:21
-77.0533214,38.90161441,16054623,2016/04/09 17:31:55+00,DAY,OTHERS,BURGLARY,900 - 999 BLOCK OF 25TH STREET NW,395375,137085,2,2A,2,207,Cluster 5,005600 1,5600,Precinct 3,38.90160662,-77.0533191,,403632604,2016-04-08,2016-04-09,22:00:55,07:00:51
-77.01829818,38.90252598,16058972,2016/04/16 17:17:08+00,DAY,OTHERS,BURGLARY,444 - 499 BLOCK OF K STREET NW,398413,137185,6,6E,1,101,Cluster 8,004702 1,4702,Precinct 1,38.90251819,-77.01829589,MOUNT VERNON TRIANGLE CID,403632610,2016-04-16,2016-04-16,09:53:33,12:00:59
-76.98988008,38.90319359,16058993,2016/04/16 16:48:36+00,DAY,OTHERS,BURGLARY,1100 - 1199 BLOCK OF MONTELLO AVENUE NE,400878,137259,5,5D,5,506,Cluster 23,008802 3,8802,Precinct 77,38.9031858,-76.98987779,,403632613,2016-04-16,2016-04-16,03:32:30,09:30:27
-77.04549526,38.9223279,16075532,2016/05/12 23:40:08+00,EVENING,OTHERS,BURGLARY,1850 - 1947 BLOCK OF BILTMORE STREET NW,396055,139384,1,1C,3,303,Cluster 1,004001 1,4001,Precinct 25,38.9223201,-77.04549296,,403632651,2016-05-12,2016-05-12,12:45:47,20:18:04
-77.00057812,38.82964935,16061201,2016/04/19 23:38:33+00,EVENING,OTHERS,BURGLARY,4100 - 4199 BLOCK OF 4TH STREET SE,399950,129095,8,8D,7,708,Cluster 39,009811 1,9811,Precinct 125,38.82964158,-77.00057584,,403632654,2016-04-19,2016-04-19,11:30:23,21:20:24
-77.03456867,38.91001725,16045141,2016/03/24 19:47:55+00,EVENING,OTHERS,BURGLARY,1500 - 1523 BLOCK OF 15TH STREET NW,397002,138017,2,2B,2,208,Cluster 6,005201 2,5201,Precinct 16,38.91000946,-77.03456637,,403632675,2016-03-24,2016-03-24,06:38:29,09:00:45
-76.961899,38.86169518,16059198,2016/04/16 23:09:52+00,EVENING,OTHERS,BURGLARY,3116 - 3131 BLOCK OF ALABAMA AVENUE SE,403307,132653,7,7B,6,606,Cluster 35,007603 2,7603,Precinct 113,38.8616874,-76.96189673,,403632707,2016-04-16,2016-04-16,22:38:42,23:09:50
-77.02963303,38.90791065,16046589,2016/03/26 21:12:20+00,EVENING,OTHERS,BURGLARY,1300 - 1399 BLOCK OF 13TH STREET NW,397430,137783,2,2F,3,307,Cluster 7,005002 2,5002,Precinct 17,38.90790286,-77.02963074,,403632724,2016-03-26,2016-03-26,01:00:31,20:40:14
-76.9741774,38.90475863,16046596,2016/03/26 21:47:43+00,EVENING,OTHERS,BURGLARY,1100 - 1199 BLOCK OF 21ST STREET NE,402240,137433,5,5D,5,507,Cluster 23,008903 2,8903,Precinct 78,38.90475084,-76.97417513,,403632725,2016-03-26,2016-03-26,20:36:56,21:23:38
-76.93554217,38.88108771,16061365,2016/04/20 04:44:36+00,MIDNIGHT,OTHERS,BURGLARY,600 - 699 BLOCK OF 46TH PLACE SE,405593,134807,7,7F,6,604,Cluster 33,009907 2,9907,Precinct 103,38.88107993,-76.93553991,,403632743,2016-04-15,2016-04-20,09:00:30,03:00:27
-77.07098905,38.90769466,16066267,2016/04/27 22:53:44+00,EVENING,OTHERS,BURGLARY,3600 - 3699 BLOCK OF O STREET NW,393843,137761,2,2E,2,206,Cluster 4,000202 4,202,Precinct 6,38.90768687,-77.07098674,,403632760,2016-04-27,2016-04-27,17:00:38,17:10:21
-76.97901823,38.87011337,16049362,2016/03/31 21:31:47+00,EVENING,OTHERS,BURGLARY,1600 - 1637 BLOCK OF 18TH STREET SE,401821,133587,8,8A,6,607,Cluster 34,007601 4,7601,Precinct 140,38.87010559,-76.97901595,,403632777,2016-03-31,2016-03-31,01:00:24,19:40:40
-76.98223325,38.87010489,16076670,2016/05/14 16:16:23+00,DAY,OTHERS,BURGLARY,1600 - 1699 BLOCK OF 16TH STREET SE,401542,133586,8,8A,6,607,Cluster 34,007601 5,7601,Precinct 140,38.87009711,-76.98223098,,403632789,2016-05-14,2016-05-14,05:19:05,05:40:57
-76.97037621,38.89665921,16053416,2016/04/10 16:00:49+00,DAY,OTHERS,BURGLARY,500 - 599 BLOCK OF OKLAHOMA AVENUE NE,402570,136534,7,7D,5,507,Cluster 25,007903 1,7903,Precinct 80,38.89665143,-76.97037393,,403632808,2016-04-07,2016-04-07,18:34:48,19:51:02
-77.04181951,38.94693995,16053492,2016/04/08 03:20:06+00,MIDNIGHT,OTHERS,BURGLARY,4600  - 4699 BLOCK OF BLAGDEN TERRACE NW,396375,142116,4,4A,4,404,Cluster 18,002600 2,2600,Precinct 48,38.94693216,-77.04181721,,403632817,2016-04-07,2016-04-07,19:00:22,20:15:48
-77.03027764,38.95977129,16045631,2016/03/25 12:04:47+00,DAY,OTHERS,BURGLARY,5729  - 5799 BLOCK OF COLORADO AVENUE NW,397376,143540,4,4A,4,403,Cluster 18,002001 1,2001,Precinct 53,38.95976349,-77.03027534,,403632823,2016-03-24,2016-03-25,20:00:48,10:30:23
-77.04019336,38.92718532,16049814,2016/04/01 19:49:46+00,EVENING,OTHERS,BURGLARY,1650 - 1798 BLOCK OF HARVARD STREET NW,396515,139923,1,1C,3,303,Cluster 1,003900 1,3900,Precinct 35,38.92717753,-77.04019107,,403632836,2016-03-31,2016-04-01,18:00:57,02:00:50
-76.94016513,38.87944164,16050609,2016/04/02 19:17:40+00,EVENING,OTHERS,BURGLARY,800 - 899 BLOCK OF HILLTOP TERRACE SE,405192,134624,7,7E,6,605,Cluster 33,007707 2,7707,Precinct 106,38.87943385,-76.94016287,,403632848,2016-04-01,2016-04-02,18:00:44,17:00:31
-77.01720344,38.904526,16062792,2016/04/22 15:03:28+00,DAY,OTHERS,BURGLARY,400 - 471 BLOCK OF NEW YORK AVENUE NW,398508,137407,6,6E,3,308,Cluster 8,004701 2,4701,Precinct 1,38.90451821,-77.01720115,MOUNT VERNON TRIANGLE CID,403632888,2016-04-22,2016-04-22,03:30:57,10:45:15
-77.00063681,38.95309108,16053687,2016/04/08 04:24:11+00,MIDNIGHT,OTHERS,BURGLARY,300 - 399 BLOCK OF HAMILTON STREET NE,399945,142798,5,5A,4,406,Cluster 19,009508 1,9508,Precinct 66,38.95308328,-77.00063452,,403632905,2016-04-08,2016-04-08,02:00:23,02:15:02
-77.020384,38.93987415,16058243,2016/04/15 17:25:25+00,DAY,OTHERS,BURGLARY,500  - 599 BLOCK OF SHEPHERD STREET NW,398233,141331,4,4C,4,407,Cluster 18,002400 4,2400,Precinct 45,38.93986636,-77.02038171,,403632917,2016-04-15,,15:06:42,
-76.98712503,38.9014457,16049941,2016/04/01 21:43:25+00,EVENING,OTHERS,BURGLARY,1324 - 1342 BLOCK OF FLORIDA AVENUE NE,401117,137065,6,6A,5,506,,008410 1,8410,Precinct 82,38.90143791,-76.98712275,,403632922,2016-03-31,2016-04-01,21:00:32,19:00:39
-77.03649178,38.92792522,16050071,2016/04/02 03:15:02+00,MIDNIGHT,OTHERS,BURGLARY,3032 - 3099 BLOCK OF 16TH STREET NW,396836,140005,1,1D,3,302,Cluster 2,002702 2,2702,Precinct 39,38.92791743,-77.03648948,,403632931,2016-04-01,2016-04-01,17:00:29,21:00:29
-77.04821628,38.90455335,16055026,2016/04/10 07:27:46+00,MIDNIGHT,OTHERS,BURGLARY,1100 - 1199 BLOCK OF NEW HAMPSHIRE AVENUE NW,395818,137411,2,2A,2,207,Cluster 6,010700 1,10700,Precinct 4,38.90454556,-77.04821398,,403632944,2016-04-07,2016-04-10,19:00:13,05:30:29
-76.99610803,38.85825111,16054915,2016/04/10 08:03:32+00,MIDNIGHT,OTHERS,BURGLARY,1500 - 1599 BLOCK OF EATON ROAD SE,400338,132270,8,8C,7,703,Cluster 37,007401 2,7401,Precinct 119,38.85824333,-76.99610575,,403632947,2016-04-09,2016-04-10,21:00:24,01:58:09
-76.99711163,38.82779357,16071044,2016/05/05 19:25:28+00,EVENING,OTHERS,BURGLARY,4200 - 4399 BLOCK OF 7TH STREET SE,400251,128889,8,8D,7,706,Cluster 39,009811 2,9811,Precinct 125,38.8277858,-76.99710935,,403632974,2016-05-05,2016-05-05,12:00:47,17:00:24
-76.9291474,38.87939043,16075385,2016/05/19 19:09:46+00,EVENING,OTHERS,BURGLARY,5100 - 5199 BLOCK OF HANNA PLACE SE,406148,134619,7,7E,6,604,Cluster 33,007707 1,7707,Precinct 106,38.87938265,-76.92914514,,403632981,2016-05-07,2016-05-12,16:31:02,16:30:41
-76.99987557,38.84468447,16054863,2016/04/10 01:09:58+00,EVENING,OTHERS,BURGLARY,300 - 599 BLOCK OF PARKLAND PLACE SE,400011,130764,8,8C,7,707,Cluster 39,010400 1,10400,Precinct 123,38.84467669,-76.99987329,,403633006,2016-04-10,2016-04-10,00:14:51,00:58:00
-77.02886424,38.91700026,16075214,2016/05/12 13:24:45+00,DAY,OTHERS,BURGLARY,1200 - 1299 BLOCK OF U STREET NW,397497,138792,1,1B,3,305,Cluster 3,004400 2,4400,Precinct 22,38.91699247,-77.02886194,,403633025,2016-05-12,2016-05-12,01:15:57,09:00:31
-77.03274534,38.93161073,16075305,2016/05/12 16:28:29+00,DAY,OTHERS,BURGLARY,3400 - 3416 BLOCK OF 14TH STREET NW,397161,140414,1,1A,4,408,Cluster 2,002802 2,2802,Precinct 41,38.93160294,-77.03274305,,403633031,2016-05-12,2016-05-12,07:50:40,13:30:13
-76.95102932,38.88493281,16075668,2016/05/13 18:28:29+00,DAY,OTHERS,BURGLARY,300 399  BLOCK OF 37TH PLACE SE,404249,135233,7,7F,6,603,Cluster 32,007703 3,7703,Precinct 107,38.88492502,-76.95102706,,403633040,2016-05-13,2016-05-13,01:03:57,02:46:21
-77.04298027,38.92058123,16075677,2016/05/13 02:50:00+00,EVENING,OTHERS,BURGLARY,1800 - 1899 BLOCK OF BELMONT ROAD NW,396273,139190,1,1C,3,303,Cluster 1,004002 1,4002,Precinct 25,38.92057344,-77.04297797,ADAMS MORGAN,403633041,2016-05-12,2016-05-13,12:45:22,01:45:56
-76.95448671,38.88547471,16075729,2016/05/13 04:27:49+00,MIDNIGHT,OTHERS,BURGLARY,200 - 499 BLOCK OF ANACOSTIA ROAD SE,403949,135293,7,7F,6,603,Cluster 32,007703 3,7703,Precinct 107,38.88546692,-76.95448444,,403633046,2016-05-12,2016-05-13,18:00:31,01:30:50
-76.99845881,38.8397208,16075784,2016/05/13 06:58:38+00,MIDNIGHT,OTHERS,BURGLARY,3301 - 3699 BLOCK OF 6TH STREET SE,400134,130213,8,8C,7,705,Cluster 39,009804 2,9804,Precinct 122,38.83971302,-76.99845653,,403633050,2016-05-13,2016-05-13,05:26:39,06:49:50
-77.0668646,38.96018849,16045387,2016/03/25 01:14:40+00,EVENING,OTHERS,BURGLARY,5310 - 5399 BLOCK OF NEBRASKA AVENUE NW,394205,143588,3,3G,2,201,Cluster 10,001402 2,1402,Precinct 138,38.96018069,-77.06686229,,403633066,2016-03-18,2016-03-25,13:00:50,01:14:39
-76.978997,38.90311107,16045488,2016/03/25 04:08:22+00,MIDNIGHT,OTHERS,BURGLARY,1000 - 1099 BLOCK OF 17TH STREET NE,401822,137250,5,5D,5,507,Cluster 23,008903 1,8903,Precinct 78,38.90310328,-76.97899472,,403633075,2016-03-24,2016-03-25,19:00:12,00:30:09
-77.03409274,38.92743049,16059364,2016/04/17 06:38:16+00,MIDNIGHT,OTHERS,BURGLARY,1400 - 1499 BLOCK OF COLUMBIA ROAD NW,397044,139950,1,1A,3,302,Cluster 2,002802 1,2802,Precinct 36,38.9274227,-77.03409044,,403633093,2016-04-16,2016-04-17,17:00:09,03:00:17
-77.03326504,38.90838711,16059527,2016/04/17 09:30:02+00,MIDNIGHT,OTHERS,BURGLARY,1400 - 1499 BLOCK OF RHODE ISLAND AVENUE NW,397115,137836,2,2F,2,208,Cluster 7,005201 3,5201,Precinct 16,38.90837932,-77.03326274,,403633103,2016-04-17,,08:33:54,
-76.96658321,38.84830108,16079279,2016/05/18 22:00:50+00,EVENING,OTHERS,BURGLARY,2500 - 2999 BLOCK OF SOUTHERN AVENUE SE,402901,131166,8,8B,7,702,Cluster 38,,,Precinct 116,38.8482933,-76.96658094,,403633127,2016-05-18,2016-05-18,11:00:37,20:00:17
-77.02704208,38.91628903,16079299,2016/05/18 22:39:37+00,EVENING,OTHERS,BURGLARY,1900 - 1999 BLOCK OF 11TH STREET NW,397655,138713,1,1B,3,305,Cluster 3,004400 2,4400,Precinct 22,38.91628124,-77.02703978,,403633129,2016-05-18,2016-05-18,11:00:19,21:00:31
-77.03196326,38.91075667,16061481,2016/04/20 15:13:56+00,DAY,OTHERS,BURGLARY,1517 - 1599 BLOCK OF 14TH STREET NW,397228,138099,2,2F,3,307,Cluster 7,005201 4,5201,Precinct 16,38.91074888,-77.03196097,,403633142,2016-04-20,2016-04-20,08:27:13,08:32:46
-76.93376895,38.90414816,16049516,2016/04/01 04:53:02+00,MIDNIGHT,OTHERS,BURGLARY,1010 - 1099 BLOCK OF 48TH STREET NE,405745,137367,7,7C,6,602,Cluster 31,007806 2,7806,Precinct 93,38.90414037,-76.93376668,,403633164,2016-03-31,2016-03-31,09:45:55,21:50:42
-76.99845771,38.89037512,16049771,2016/04/01 12:55:13+00,DAY,OTHERS,BURGLARY,1 - 99 BLOCK OF 6TH STREET NE,400134,135836,6,6C,1,108,Cluster 26,008200 2,8200,Precinct 89,38.89036733,-76.99845543,,403633179,2016-03-31,2016-04-01,22:15:35,11:18:45
-77.02838381,38.92673837,16068878,2016/05/02 09:08:13+00,MIDNIGHT,OTHERS,BURGLARY,1100 - 1299 BLOCK OF HARVARD STREET NW,397539,139873,1,1B,3,302,Cluster 2,003600 3,3600,Precinct 36,38.92673058,-77.02838152,,403633185,2016-05-02,2016-05-02,08:00:38,08:08:06
-76.98379418,38.84685438,16069467,2016/05/03 06:36:30+00,MIDNIGHT,OTHERS,BURGLARY,1400 - 1499 BLOCK OF CONGRESS PLACE SE,401407,131005,8,8E,7,704,Cluster 38,007404 2,7404,Precinct 117,38.8468466,-76.98379191,,403633207,2016-05-03,2016-05-03,02:30:47,05:08:17
-76.98539394,38.91034575,16069494,2016/05/03 09:44:08+00,MIDNIGHT,OTHERS,BURGLARY,1103 - 1199 BLOCK OF MOUNT OLIVET ROAD NE,401267,138053,5,5D,5,506,Cluster 23,008804 2,8804,Precinct 76,38.91033796,-76.98539166,,403633208,2016-05-03,2016-05-03,08:01:57,09:06:07
-76.91504525,38.8951457,16046109,2016/03/26 02:09:07+00,EVENING,OTHERS,BURGLARY,400 - 499 BLOCK OF 60TH STREET NE,407370,136369,7,7C,6,608,Cluster 31,007808 2,7808,Precinct 95,38.89513791,-76.915043,,403633234,2016-03-26,2016-03-26,00:59:13,01:10:58
-77.05937895,38.96315625,16046117,2016/03/26 02:06:24+00,EVENING,OTHERS,BURGLARY,2900  - 2999 BLOCK OF KANAWHA STREET NW,394854,143917,4,3G,2,201,Cluster 10,001402 1,1402,Precinct 52,38.96314845,-77.05937665,,403633235,2016-03-25,2016-03-26,20:00:35,01:15:12
-76.99496469,38.89672592,16065680,2016/04/27 01:32:18+00,EVENING,OTHERS,BURGLARY,500 - 599 BLOCK OF 8TH STREET NE,400437,136541,6,6C,1,104,Cluster 25,008302 1,8302,Precinct 84,38.89671813,-76.99496241,,403633245,2016-04-26,2016-04-26,02:00:54,11:30:21
-77.06117459,38.90431307,16065749,2016/04/27 02:58:47+00,EVENING,OTHERS,BURGLARY,1026 - 1099 BLOCK OF 31ST STREET NW,394694,137385,2,2E,2,206,Cluster 4,000100 4,100,Precinct 5,38.90430528,-77.06117229,GEORGETOWN,403633250,2016-04-27,2016-04-27,00:11:10,00:35:41
-77.0319636,38.91150436,16066319,2016/04/28 00:44:08+00,EVENING,OTHERS,BURGLARY,1600 - 1617 BLOCK OF 14TH STREET NW,397228,138182,2,2F,3,307,Cluster 7,005201 4,5201,Precinct 16,38.91149657,-77.0319613,,403633267,2016-03-26,2016-04-26,10:50:19,10:58:57
-76.99850345,38.90803151,16053986,2016/04/09 14:45:03+00,DAY,OTHERS,BURGLARY,1250 - 1299 BLOCK OF 5TH STREET NE,400130,137796,5,5D,5,501,Cluster 23,008803 1,8803,Precinct 76,38.90802372,-76.99850117,,403633312,2016-04-07,2016-04-08,14:00:11,18:32:44
-76.99268143,38.9043829,16050146,2016/04/02 02:33:11+00,EVENING,OTHERS,BURGLARY,1100 - 1199 BLOCK OF WEST VIRGINIA AVENUE NE,400635,137391,5,5D,5,506,Cluster 23,008803 1,8803,Precinct 76,38.90437512,-76.99267915,,403633319,2016-04-01,2016-04-01,13:00:56,23:00:35
-77.02734526,38.95516879,16050253,2016/04/02 08:02:52+00,MIDNIGHT,OTHERS,BURGLARY,1100  - 1199 BLOCK OF JEFFERSON STREET NW,397630,143029,4,4D,4,403,Cluster 18,002101 4,2101,Precinct 56,38.95516099,-77.02734296,,403633324,2016-04-01,2016-04-02,16:00:13,02:00:39
-76.95000179,38.88740968,16050284,2016/04/02 04:26:15+00,MIDNIGHT,OTHERS,BURGLARY,3800 - 3899 BLOCK OF BAY LANE SE,404338,135508,7,7F,6,603,Cluster 32,007703 2,7703,Precinct 103,38.88740189,-76.94999953,,403633325,2016-04-02,2016-04-02,02:15:49,04:26:14
-77.01848302,38.94850441,16050383,2016/04/02 09:42:16+00,MIDNIGHT,OTHERS,BURGLARY,400  - 499 BLOCK OF DECATUR STREET NW,398398,142289,4,4C,4,407,Cluster 18,002202 2,2202,Precinct 55,38.94849661,-77.01848073,,403633334,2016-04-02,2016-04-02,06:01:46,09:00:08
-76.9296404,38.90537088,16050423,2016/04/02 10:41:18+00,MIDNIGHT,OTHERS,BURGLARY,1100 - 1199 BLOCK OF 50TH PLACE NE,406103,137503,7,7C,6,602,Cluster 31,007806 1,7806,Precinct 93,38.90536309,-76.92963814,,403633338,2016-04-02,2016-04-02,06:50:07,10:41:17
-76.97813754,38.88614815,16070622,2016/05/05 00:45:51+00,EVENING,OTHERS,BURGLARY,1800 - 1899 BLOCK OF BURKE STREET SE,401897,135367,6,6B,1,107,Cluster 26,006801 1,6801,Precinct 87,38.88614037,-76.97813527,,403633352,2016-05-04,2016-05-04,10:00:57,22:30:41
-77.01017101,38.82519873,16070783,2016/05/05 07:38:30+00,MIDNIGHT,OTHERS,BURGLARY,20 - 199 BLOCK OF FORRESTER STREET SW,399117,128601,8,8D,7,708,Cluster 39,009807 2,9807,Precinct 126,38.82519095,-77.01016873,,403633362,2016-05-05,2016-05-05,05:49:42,05:55:23
-77.04020946,38.9148349,16071170,2016/05/05 23:47:15+00,EVENING,OTHERS,BURGLARY,1700 - 1799 BLOCK OF SWANN STREET NW,396513,138552,2,2B,3,301,Cluster 6,004201 2,4201,Precinct 141,38.91482711,-77.04020717,,403633365,2016-05-03,2016-05-05,22:00:46,21:00:39
-76.98266466,38.94423466,16071257,2016/05/06 01:29:57+00,EVENING,OTHERS,BURGLARY,1600 - 1698 BLOCK OF WEBSTER STREET NE,401503,141815,5,5B,4,405,Cluster 20,009503 2,9503,Precinct 67,38.94422686,-76.98266238,,403633374,2016-05-05,2016-05-05,11:45:06,23:45:56
-76.99064664,38.8599714,16071263,2016/05/06 02:32:32+00,EVENING,OTHERS,BURGLARY,2621 2699  BLOCK OF BOWEN ROAD SE,400812,132461,8,8A,7,703,Cluster 37,007407 2,7407,Precinct 119,38.85996362,-76.99064436,,403633375,2016-05-05,2016-05-05,14:00:44,21:00:19
-77.0678388,38.90484989,16075569,2016/05/13 00:01:51+00,EVENING,OTHERS,BURGLARY,1100 - 1199 BLOCK OF 34TH STREET NW,394116,137445,2,2E,2,206,Cluster 4,000202 4,202,Precinct 6,38.9048421,-77.0678365,,403633387,2016-05-04,2016-05-10,23:00:50,13:00:35
-77.02970877,38.9513397,16054720,2016/04/09 22:34:15+00,EVENING,OTHERS,BURGLARY,5000  - 5099 BLOCK OF 13TH STREET NW,397425,142604,4,4C,4,404,Cluster 18,002002 3,2002,Precinct 54,38.9513319,-77.02970647,,403633421,2016-04-09,2016-04-09,16:37:59,19:10:30
-77.03431515,38.93427674,16069533,2016/05/03 17:17:54+00,DAY,OTHERS,BURGLARY,1401 - 1499 BLOCK OF OAK STREET NW,397025,140710,1,1A,4,408,Cluster 2,002801 1,2801,Precinct 41,38.93426894,-77.03431286,,403633426,2016-05-02,2016-05-03,00:30:36,12:30:40
-77.0400689,38.9314463,16073913,2016/05/10 09:10:32+00,MIDNIGHT,OTHERS,BURGLARY,1700 - 1799 BLOCK OF LAMONT STREET NW,396526,140396,1,1D,3,302,Cluster 2,002702 2,2702,Precinct 39,38.93143851,-77.0400666,,403633444,2016-05-10,2016-05-10,08:00:48,08:03:32
-76.99711163,38.82779357,16064906,2016/04/25 22:32:41+00,EVENING,OTHERS,BURGLARY,4200 - 4399 BLOCK OF 7TH STREET SE,400251,128889,8,8D,7,706,Cluster 39,009811 2,9811,Precinct 125,38.8277858,-76.99710935,,403633446,2016-04-25,2016-04-25,11:30:40,20:30:40
-77.0212634,38.94916154,16064924,2016/04/25 23:11:48+00,EVENING,OTHERS,BURGLARY,600  - 699 BLOCK OF DELAFIELD PLACE NW,398157,142362,4,4D,4,407,Cluster 18,002201 1,2201,Precinct 55,38.94915374,-77.02126111,,403633448,2016-04-25,2016-04-25,13:35:32,14:39:35
-77.0327459,38.93282685,16070033,2016/05/04 02:00:16+00,EVENING,OTHERS,BURGLARY,3429 - 3464 BLOCK OF 14TH STREET NW,397161,140549,1,1A,4,408,Cluster 2,002801 1,2801,Precinct 41,38.93281906,-77.0327436,,403633462,2016-05-03,2016-05-04,11:00:59,00:30:08
-77.03839213,38.92318624,16074835,2016/05/11 20:46:33+00,EVENING,OTHERS,BURGLARY,1630 - 1699 BLOCK OF EUCLID STREET NW,396671,139479,1,1C,3,303,Cluster 1,003800 1,3800,Precinct 24,38.92317844,-77.03838983,,403633470,2016-04-28,2016-05-11,19:00:09,00:00:26
-77.07088905,38.92308997,16074885,2016/05/11 22:22:39+00,EVENING,OTHERS,BURGLARY,2500 - 2599 BLOCK OF 36TH STREET NW,393853,139470,3,3C,2,204,Cluster 14,000400 1,400,Precinct 11,38.92308218,-77.07088675,,403633475,2016-05-11,2016-05-11,12:00:28,18:15:33
-76.92770168,38.89581183,16065395,2016/04/26 18:21:31+00,DAY,OTHERS,BURGLARY,332 - 599 BLOCK OF 51ST STREET NE,406272,136442,7,7C,6,602,Cluster 31,007804 2,7804,Precinct 97,38.89580404,-76.92769942,,403633494,2016-04-26,2016-04-26,14:45:48,16:00:24
-76.99268143,38.9043829,16065594,2016/04/26 22:42:48+00,EVENING,OTHERS,BURGLARY,1100 - 1199 BLOCK OF WEST VIRGINIA AVENUE NE,400635,137391,5,5D,5,506,Cluster 23,008803 1,8803,Precinct 76,38.90437512,-76.99267915,,403633508,2016-04-26,2016-04-26,12:25:44,19:40:45
-76.98831243,38.901635,16065600,2016/04/26 22:53:50+00,EVENING,OTHERS,BURGLARY,900 - 999 BLOCK OF 13TH STREET NE,401014,137086,6,6A,1,104,Cluster 25,008410 1,8410,Precinct 82,38.90162721,-76.98831015,,403633509,2016-04-26,2016-04-26,14:30:29,21:20:29
-77.03585745,38.92787137,16090943,2016/06/05 15:49:43+00,DAY,OTHERS,BURGLARY,3000 - 3099 BLOCK OF 15TH STREET NW,396891,139999,1,1A,3,302,Cluster 2,002802 1,2802,Precinct 39,38.92786357,-77.03585516,,403633536,2016-06-05,,13:29:45,
-76.97694187,38.84109683,16095272,2016/06/12 01:37:43+00,EVENING,OTHERS,BURGLARY,1900 - 1953 BLOCK OF VALLEY TERRACE SE,402002,130366,8,8E,7,704,Cluster 38,007304 1,7304,Precinct 121,38.84108905,-76.9769396,,403633557,2016-06-03,2016-06-11,16:00:04,23:00:25
-77.04236972,38.92162642,16082294,2016/05/23 17:19:11+00,DAY,OTHERS,BURGLARY,2400 - 2499 BLOCK OF 18TH STREET NW,396326,139306,1,1C,3,303,Cluster 1,004002 1,4002,Precinct 25,38.92161863,-77.04236742,ADAMS MORGAN,403633564,2016-05-23,2016-05-23,01:45:57,15:15:04
-77.08957747,38.95595742,16082316,2016/05/23 17:39:29+00,DAY,OTHERS,BURGLARY,4500 - 4599 BLOCK OF GARRISON STREET NW,392236,143120,3,3E,2,202,Cluster 11,001001 1,1001,Precinct 31,38.95594963,-77.08957516,,403633568,2016-05-23,2016-05-23,03:30:33,10:30:09
-77.08957747,38.95595742,16082389,2016/05/23 19:40:57+00,EVENING,OTHERS,BURGLARY,4500 - 4599 BLOCK OF GARRISON STREET NW,392236,143120,3,3E,2,202,Cluster 11,001001 1,1001,Precinct 31,38.95594963,-77.08957516,,403633576,2016-05-23,2016-05-23,19:00:52,19:05:19
-76.9738695,38.89554301,16082429,2016/05/23 21:17:30+00,EVENING,OTHERS,BURGLARY,400 - 499 BLOCK OF 23RD PLACE NE,402267,136410,7,7D,5,507,Cluster 25,007903 1,7903,Precinct 80,38.89553522,-76.97386722,,403633581,2016-05-23,2016-05-23,18:00:48,18:30:02
-77.00906802,38.90517326,16082638,2016/05/24 01:35:17+00,EVENING,OTHERS,BURGLARY,1120 - 1199 BLOCK OF NORTH CAPITOL STREET,399213.66,137478.75,6,6C,1,102,,010600 2,10600,Precinct 83,38.90516548,-77.00906574,NOMA,403633586,2016-05-23,2016-05-23,16:00:13,22:30:27
-76.97507486,38.84391609,16091478,2016/06/06 18:27:33+00,DAY,OTHERS,BURGLARY,1900 - 2099 BLOCK OF MISSISSIPPI AVENUE SE,402164,130679,8,8B,7,704,Cluster 38,007409 3,7409,Precinct 116,38.84390831,-76.97507259,,403633610,2016-06-04,2016-06-06,00:00:28,11:00:43
-76.990906,38.90421162,16091631,2016/06/06 20:09:40+00,EVENING,OTHERS,BURGLARY,1100 - 1199 BLOCK OF MORSE STREET NE,400789,137372,5,5D,5,506,Cluster 23,008802 3,8802,Precinct 77,38.90420383,-76.99090372,,403633626,2016-06-02,2016-06-03,18:00:17,02:30:32
-76.98735605,38.89891438,16091676,2016/06/06 21:38:09+00,EVENING,OTHERS,BURGLARY,1300 - 1349 BLOCK OF G STREET NE,401097,136784,6,6A,1,104,Cluster 25,008402 1,8402,Precinct 82,38.89890659,-76.98735377,,403633630,2016-06-06,2016-06-06,19:50:52,21:38:07
-77.02852757,38.96897816,16083493,2016/05/25 13:18:19+00,DAY,OTHERS,BURGLARY,1200  - 1299 BLOCK OF UNDERWOOD STREET NW,397528,144562,4,4A,4,402,Cluster 17,001804 2,1804,Precinct 61,38.96897036,-77.02852527,,403633642,2016-05-25,,10:07:49,
-76.97419011,38.90149761,16083525,2016/05/25 13:26:15+00,DAY,OTHERS,BURGLARY,800 - 899 BLOCK OF 21ST STREET NE,402239,137071,5,5D,5,507,Cluster 23,008904 1,8904,Precinct 79,38.90148982,-76.97418784,,403633646,2016-05-25,2016-05-25,00:30:57,11:00:03
-77.03196205,38.90804516,16087471,2016/05/31 09:25:50+00,MIDNIGHT,OTHERS,BURGLARY,1300 - 1399 BLOCK OF 14TH STREET NW,397228,137798,2,2F,3,307,Cluster 7,005201 3,5201,Precinct 17,38.90803737,-77.03195975,,403633651,2016-05-31,2016-05-31,07:15:37,07:20:39
-77.02796846,38.95568212,16086458,2016/05/29 19:39:07+00,EVENING,OTHERS,BURGLARY,5401  - 5499 BLOCK OF GEORGIA AVENUE NW,397576,143086,4,4C,4,403,Cluster 18,002002 3,2002,Precinct 54,38.95567432,-77.02796617,,403633664,2016-05-29,2016-05-29,17:30:49,18:58:35
-77.01017101,38.82519873,16074966,2016/05/12 01:36:11+00,EVENING,OTHERS,BURGLARY,20 - 199 BLOCK OF FORRESTER STREET SW,399117,128601,8,8D,7,708,Cluster 39,009807 2,9807,Precinct 126,38.82519095,-77.01016873,,403633724,2016-05-11,2016-05-12,22:24:05,00:09:16
-76.99199806,38.82982024,16073458,2016/05/09 17:35:43+00,DAY,OTHERS,BURGLARY,800 - 899 BLOCK OF H R DRIVE SE,400695,129114,8,8E,7,706,Cluster 39,009700 2,9700,Precinct 125,38.82981247,-76.99199578,,403633752,2016-05-09,2016-05-09,14:30:13,15:03:42
-76.99850513,38.8277936,16073499,2016/05/09 18:48:03+00,DAY,OTHERS,BURGLARY,4200 - 4283 BLOCK OF 6TH STREET SE,400130,128889,8,8D,7,706,Cluster 39,009811 1,9811,Precinct 125,38.82778583,-76.99850285,,403633754,2016-05-09,2016-05-09,16:27:51,18:40:01
-76.98294135,38.89667073,16078948,2016/05/18 10:09:28+00,MIDNIGHT,OTHERS,BURGLARY,1500 - 1599 BLOCK OF F STREET NE,401480,136535,6,6A,5,507,Cluster 25,007901 3,7901,Precinct 81,38.89666294,-76.98293907,,403633822,2016-05-18,2016-05-18,09:47:14,09:50:17
-76.9780978,38.86543784,16095535,2016/06/12 10:51:21+00,MIDNIGHT,OTHERS,BURGLARY,1800 - 1934 BLOCK OF GOOD HOPE ROAD SE,401901,133068,8,8A,7,701,Cluster 34,007504 1,7504,Precinct 114,38.86543005,-76.97809552,,403633855,2016-06-12,2016-06-12,09:30:03,09:45:29
-76.97520531,38.89949797,16082555,2016/05/23 23:43:05+00,EVENING,OTHERS,BURGLARY,1900 - 2099 BLOCK OF BENNETT PLACE NE,402151,136849,5,5D,5,507,Cluster 23,008904 2,8904,Precinct 79,38.89949018,-76.97520303,,403633866,2016-05-23,2016-05-23,12:30:12,20:36:36
-77.03349434,38.90564851,16082784,2016/05/24 07:39:59+00,MIDNIGHT,OTHERS,BURGLARY,1400 - 1499 BLOCK OF M STREET NW,397095,137532,2,2F,2,207,Cluster 8,010100 2,10100,Precinct 17,38.90564072,-77.03349205,DOWNTOWN,403633871,2016-05-24,2016-05-24,05:18:50,05:19:46
-77.04776183,38.89735586,16082786,2016/05/24 07:30:54+00,MIDNIGHT,OTHERS,BURGLARY,2100 - 2199 BLOCK OF F STREET NW,395857,136612,2,2A,2,207,Cluster 5,010800 3,10800,Precinct 2,38.89734807,-77.04775953,,403633872,2016-05-24,2016-05-24,06:54:16,06:55:44
-76.9701021,38.86304883,16082861,2016/05/24 13:47:23+00,DAY,OTHERS,BURGLARY,2585 - 2649 BLOCK OF NAYLOR ROAD SE,402595,132803,8,8B,6,606,Cluster 35,007605 2,7605,Precinct 134,38.86304105,-76.97009983,,403633879,2016-05-24,2016-05-24,09:00:29,11:30:08
-77.03648121,38.92980796,16082872,2016/05/24 14:23:33+00,DAY,OTHERS,BURGLARY,3101 - 3199 BLOCK OF 16TH STREET NW,396837,140214,1,1D,3,302,Cluster 2,002702 1,2702,Precinct 39,38.92980017,-77.03647891,,403633880,2016-05-23,2016-05-24,19:30:49,11:00:29
-77.06392023,38.94487607,16082910,2016/05/24 16:11:07+00,DAY,OTHERS,BURGLARY,4200 - 4399 BLOCK OF CONNECTICUT AVENUE NW,394459,141888,3,3F,2,203,Cluster 12,001200 4,1200,Precinct 33,38.94486827,-77.06391793,,403633883,2016-05-24,2016-05-24,13:20:50,16:00:15
-77.01372876,38.88128486,16082989,2016/05/24 17:53:02+00,DAY,OTHERS,BURGLARY,1 - 299 BLOCK OF G STREET SW,398809,134827,6,6D,1,103,Cluster 9,010500 1,10500,Precinct 128,38.88127708,-77.01372648,SOUTHWEST,403633890,2016-05-24,2016-05-24,14:40:43,14:41:44
-77.00278119,38.91557146,16091728,2016/06/06 21:46:49+00,EVENING,OTHERS,BURGLARY,200 - 299 BLOCK OF T STREET NE,399759,138633,5,5E,5,502,Cluster 21,008702 2,8702,Precinct 75,38.91556367,-77.0027789,,403633908,2016-06-06,2016-06-06,12:05:05,21:00:17
-76.97546584,38.845871,16091749,2016/06/06 22:49:43+00,EVENING,OTHERS,BURGLARY,1900 - 2099 BLOCK OF TREMONT STREET SE,402130,130896,8,8B,7,704,Cluster 38,007409 2,7409,Precinct 116,38.84586323,-76.97546357,,403633910,2016-06-06,2016-06-06,12:00:03,17:30:30
-76.98784227,38.88689726,16091814,2016/06/07 00:05:06+00,EVENING,OTHERS,BURGLARY,200 - 249 BLOCK OF KENTUCKY AVENUE SE,401055,135450,6,6B,1,107,Cluster 26,006700 1,6700,Precinct 88,38.88688947,-76.98783999,,403633918,2016-06-06,2016-06-06,12:45:20,22:30:55
-76.93291478,38.89298631,16083582,2016/05/25 15:19:01+00,DAY,OTHERS,BURGLARY,218 - 299 BLOCK OF 49TH STREET NE,405820,136128,7,7C,6,602,Cluster 30,007804 3,7804,Precinct 98,38.89297852,-76.93291252,,403633925,2016-05-25,2016-05-25,05:29:00,05:59:56
-77.00839448,38.89720317,16072827,2016/05/08 14:08:09+00,DAY,OTHERS,BURGLARY,1 - 99 BLOCK OF MASSACHUSETTS AVENUE NE,399272,136594,6,6C,1,102,,006202 1,6202,Precinct 130,38.89719538,-77.00839219,CAPITOL HILL,403633952,2016-05-07,2016-05-08,22:00:23,12:00:55
-76.93461055,38.90414864,16072850,2016/05/08 15:09:05+00,DAY,OTHERS,BURGLARY,1000 - 1099 BLOCK OF 47TH PLACE NE,405672,137367,7,7C,6,602,Cluster 31,007806 2,7806,Precinct 93,38.90414084,-76.93460829,,403633955,2016-05-08,2016-05-08,02:15:09,13:00:14
-76.93927641,38.88098162,16087023,2016/05/30 19:17:06+00,EVENING,OTHERS,BURGLARY,4700 - 4799 BLOCK OF ALABAMA AVENUE SE,405269,134795,7,7F,6,604,Cluster 33,009907 1,9907,Precinct 103,38.88097383,-76.93927414,,403633976,2016-05-26,2016-05-26,03:00:46,22:00:47
-77.05011773,38.90339047,16087080,2016/05/30 20:12:11+00,EVENING,OTHERS,BURGLARY,1000 - 1099 BLOCK OF 23RD STREET NW,395653,137282,2,2A,2,207,Cluster 5,005500 3,5500,Precinct 4,38.90338269,-77.05011543,,403633984,2016-05-30,2016-05-30,02:30:35,16:30:05
-77.0413088,38.92161779,16091858,2016/06/07 01:18:01+00,EVENING,OTHERS,BURGLARY,2300 - 2499 BLOCK OF CHAMPLAIN STREET NW,396418,139305,1,1C,3,303,Cluster 1,003800 1,3800,Precinct 24,38.92161,-77.0413065,ADAMS MORGAN,403633995,2016-06-06,2016-06-06,14:15:24,23:30:44
-77.065013,38.90353627,16092014,2016/06/07 09:46:45+00,MIDNIGHT,OTHERS,BURGLARY,1000 - 1039 BLOCK OF POTOMAC STREET NW,394361,137299,2,2E,2,206,Cluster 4,000202 4,202,Precinct 6,38.90352849,-77.0650107,GEORGETOWN,403634007,2016-06-07,2016-06-07,05:50:50,06:05:35
-76.9995295,38.91965227,16096095,2016/06/13 10:49:19+00,MIDNIGHT,OTHERS,BURGLARY,2200 - 2299 BLOCK OF 5TH STREET NE,400041,139086,5,5E,5,502,Cluster 21,008702 1,8702,Precinct 75,38.91964448,-76.99952721,,403634008,2016-06-13,2016-06-13,09:26:28,09:34:13
-77.04088342,38.92387002,16087526,2016/05/31 15:44:33+00,DAY,OTHERS,BURGLARY,1737 - 1776 BLOCK OF COLUMBIA ROAD NW,396455,139555,1,1C,3,303,Cluster 1,003800 3,3800,Precinct 35,38.92386223,-77.04088112,ADAMS MORGAN,403634057,2016-05-30,2016-05-31,23:15:35,11:47:12
-76.98007676,38.9171913,16087565,2016/05/31 16:14:10+00,DAY,OTHERS,BURGLARY,1600 - 1779 BLOCK OF NEW YORK AVENUE NE,401728,138813,5,5D,5,506,Cluster 23,008803 1,8803,Precinct 76,38.91718351,-76.98007448,,403634064,2016-05-31,2016-05-31,05:00:59,05:42:16
-76.99437473,38.92273298,16092043,2016/06/07 12:37:06+00,DAY,OTHERS,BURGLARY,800 - 899 BLOCK OF CHANNING PLACE NE,400488,139428,5,5B,5,504,Cluster 21,009302 1,9302,Precinct 74,38.92272519,-76.99437245,,403634076,2016-06-07,2016-06-07,07:30:49,07:45:57
-76.98831929,38.85970995,16086657,2016/05/30 01:58:52+00,EVENING,OTHERS,BURGLARY,2500 - 2599 BLOCK OF WEST STREET SE,401014,132432,8,8A,7,703,Cluster 37,007407 2,7407,Precinct 119,38.85970217,-76.98831701,,403634079,2016-05-30,2016-05-30,00:40:43,01:15:37
-77.03365285,38.89949576,16086722,2016/05/30 05:02:14+00,MIDNIGHT,OTHERS,BURGLARY,718 - 799 BLOCK OF 15TH STREET NW,397081,136849,2,2B,2,207,Cluster 8,010100 1,10100,Precinct 17,38.89948797,-77.03365055,DOWNTOWN,403634086,2016-05-26,2016-05-30,23:00:30,02:15:02
-76.98680113,38.84508009,16090980,2016/06/05 16:56:27+00,DAY,OTHERS,BURGLARY,1290 - 1408 BLOCK OF ALABAMA AVENUE SE,401146,130808,8,8E,7,705,Cluster 38,007304 1,7304,Precinct 120,38.84507231,-76.98679886,,403634095,2016-06-05,2016-06-05,02:17:30,02:22:54
-77.05257137,38.90069589,16091288,2016/06/06 04:56:34+00,MIDNIGHT,OTHERS,BURGLARY,2400 - 2499 BLOCK OF I STREET NW,395440,136983,2,2A,2,207,Cluster 5,005600 4,5600,Precinct 3,38.90068811,-77.05256907,,403634106,2016-06-06,2016-06-06,02:20:57,02:30:12
-77.0591812,38.90564733,16092056,2016/06/07 12:08:12+00,DAY,OTHERS,BURGLARY,1200 - 1226 BLOCK OF 30TH STREET NW,394867,137533,2,2E,2,206,Cluster 4,000100 4,100,Precinct 5,38.90563954,-77.0591789,GEORGETOWN,403634151,2016-06-07,2016-06-07,05:34:06,05:39:59
-76.97621878,38.90251598,16092202,2016/06/07 17:05:25+00,DAY,OTHERS,BURGLARY,900 - 999 BLOCK OF 19TH STREET NE,402063,137184,5,5D,5,507,Cluster 23,008904 2,8904,Precinct 79,38.90250819,-76.9762165,,403634166,2016-06-07,2016-06-07,12:30:26,16:15:47
-76.92190261,38.89647471,16082755,2016/05/24 05:51:38+00,MIDNIGHT,OTHERS,BURGLARY,500 - 599 BLOCK OF 55TH STREET NE,406775,136516,7,7C,6,608,Cluster 31,007807 2,7807,Precinct 95,38.89646692,-76.92190035,,403634221,2016-05-24,2016-05-24,02:52:00,05:50:12
-76.94256036,38.86754274,16079450,2016/05/19 03:51:27+00,MIDNIGHT,OTHERS,BURGLARY,1500 - 1599 BLOCK OF 42ND STREET SE,404985,133303,7,7E,6,605,Cluster 34,009902 1,9902,Precinct 110,38.86753496,-76.9425581,,403634252,2016-05-19,2016-05-19,01:10:09,01:14:26
-77.02598863,38.90491174,16064599,2016/04/25 10:52:54+00,MIDNIGHT,OTHERS,BURGLARY,1100 - 1199 BLOCK OF 10TH STREET NW,397746,137450,2,2F,3,307,Cluster 8,004902 2,4902,Precinct 129,38.90490395,-77.02598633,,403634300,2016-04-24,2016-04-25,19:30:27,09:45:52
-77.02071669,38.93363134,16064606,2016/04/25 15:03:36+00,DAY,OTHERS,BURGLARY,3535 - 3561 BLOCK OF WARDER STREET NW,398204,140638,1,1A,4,409,Cluster 2,003200 2,3200,Precinct 43,38.93362355,-77.0207144,,403634301,2016-04-23,2016-04-25,21:00:13,10:00:30
-76.96458865,38.85156154,16078559,2016/05/17 19:59:50+00,EVENING,OTHERS,BURGLARY,3000 - 3099 BLOCK OF 30TH STREET SE,403074,131528,8,8B,7,702,Cluster 36,007408 1,7408,Precinct 115,38.85155377,-76.96458639,,403634330,2016-05-17,2016-05-17,18:56:51,19:10:10
-77.03489247,38.93555575,16069652,2016/05/03 17:46:02+00,DAY,OTHERS,BURGLARY,1500 - 1524 BLOCK OF OGDEN STREET NW,396975,140852,1,1A,4,408,Cluster 2,002801 2,2801,Precinct 41,38.93554795,-77.03489017,,403634388,2016-05-03,,15:41:35,
-77.04186145,38.92013122,16069658,2016/05/03 18:24:38+00,DAY,OTHERS,BURGLARY,2300 - 2399 BLOCK OF 18TH STREET NW,396370,139140,1,1C,3,303,Cluster 1,004002 1,4002,Precinct 25,38.92012343,-77.04185915,ADAMS MORGAN,403634390,2016-05-02,2016-05-03,22:30:27,15:00:28
-77.00057813,38.83052317,16065080,2016/04/26 02:02:50+00,EVENING,OTHERS,BURGLARY,4000 - 4099 BLOCK OF 4TH STREET SE,399950,129192,8,8D,7,706,Cluster 39,009811 1,9811,Precinct 125,38.8305154,-77.00057585,,403634434,2016-04-25,2016-04-26,21:30:46,01:00:46
-76.97733028,38.85127644,16073184,2016/05/09 01:59:02+00,EVENING,OTHERS,BURGLARY,1830 - 1899 BLOCK OF FREDERICK DOUGLASS PLACE SE,401968,131496,8,8E,7,704,Cluster 38,007404 1,7404,Precinct 117,38.85126866,-76.977328,,403634437,2016-05-09,2016-05-09,00:53:28,01:58:57
-76.95291512,38.89164483,16073749,2016/05/10 01:52:40+00,EVENING,OTHERS,BURGLARY,100 - 199 BLOCK OF 36TH STREET NE,404085,135978,7,7F,6,603,Cluster 32,009603 3,9603,Precinct 102,38.89163704,-76.95291285,,403634460,2016-05-09,2016-05-10,23:14:15,00:47:31
-77.03749939,38.91409712,16077768,2016/05/16 15:19:36+00,DAY,OTHERS,BURGLARY,1600 - 1699 BLOCK OF S STREET NW,396748,138470,2,2B,3,301,Cluster 6,005301 1,5301,Precinct 15,38.91408933,-77.03749709,,403634508,2016-05-14,2016-05-16,18:30:47,11:30:27
-76.97639938,38.84447489,16077818,2016/05/16 18:21:22+00,DAY,OTHERS,BURGLARY,3500 - 3599 BLOCK OF 19TH STREET SE,402049,130741,8,8B,7,704,Cluster 38,007409 3,7409,Precinct 116,38.84446711,-76.97639711,,403634516,2016-05-16,2016-05-16,05:40:49,17:09:20
-77.03195478,38.91755797,16063284,2016/04/23 03:10:51+00,MIDNIGHT,OTHERS,BURGLARY,2000 - 2099 BLOCK OF 14TH STREET NW,397229,138854,1,1B,3,305,Cluster 3,004300 1,4300,Precinct 22,38.91755018,-77.03195248,,403634585,2016-04-21,2016-04-22,20:02:08,12:15:08
-76.93458148,38.88342423,16078020,2016/05/16 21:46:50+00,EVENING,OTHERS,BURGLARY,4650 - 4799 BLOCK OF BENNING ROAD SE,405676.17,135066.43,7,7F,6,604,Cluster 33,009907 2,9907,Precinct 103,38.88341644,-76.93457922,,403634616,2016-05-16,2016-05-16,08:30:25,21:00:44
-76.97989435,38.8689064,16078110,2016/05/17 04:32:18+00,MIDNIGHT,OTHERS,BURGLARY,1700 - 1799 BLOCK OF MINNESOTA AVENUE SE,401745,133453,8,8A,6,607,Cluster 34,007601 4,7601,Precinct 133,38.86889861,-76.97989207,,403634624,2016-05-06,2016-05-16,21:00:09,20:15:41
-76.97520531,38.89949797,16079699,2016/05/19 16:03:13+00,DAY,OTHERS,BURGLARY,1900 - 2099 BLOCK OF BENNETT PLACE NE,402151,136849,5,5D,5,507,Cluster 23,008904 2,8904,Precinct 79,38.89949018,-76.97520303,,403634653,2016-05-19,2016-05-19,12:30:27,14:20:59
-77.04360926,38.90993522,16079745,2016/05/19 17:51:41+00,DAY,OTHERS,BURGLARY,1300 - 1699 BLOCK OF CONNECTICUT AVENUE NW,396217.89,138008.23,2,2B,2,208,Cluster 6,005500 1,5500,Precinct 14,38.90992743,-77.04360696,DUPONT CIRCLE,403634658,2016-05-18,2016-05-19,22:00:04,11:47:34
-76.98640159,38.8864647,16079760,2016/05/19 17:28:15+00,DAY,OTHERS,BURGLARY,1320 - 1399 BLOCK OF SOUTH CAROLINA AVENUE SE,401180,135402,6,6B,1,107,Cluster 26,006900 1,6900,Precinct 87,38.88645691,-76.98639931,,403634660,2016-05-18,2016-05-19,06:00:18,14:00:33
-76.98741396,38.89733792,16079768,2016/05/19 17:40:54+00,DAY,OTHERS,BURGLARY,1300 - 1367 BLOCK OF F STREET NE,401092,136609,6,6A,1,104,Cluster 25,008001 2,8001,Precinct 81,38.89733013,-76.98741168,,403634661,2016-05-18,2016-05-19,21:00:21,04:45:07
-77.08031812,38.95020787,16068534,2016/05/01 18:28:30+00,DAY,OTHERS,BURGLARY,4600 - 4699 BLOCK OF 41ST STREET NW,393038,142481,3,3E,2,202,Cluster 11,001100 4,1100,Precinct 32,38.95020007,-77.08031581,,403634679,2016-05-01,2016-05-01,06:33:09,07:12:51
-76.98294135,38.89667073,16078487,2016/05/17 19:17:42+00,EVENING,OTHERS,BURGLARY,1500 - 1599 BLOCK OF F STREET NE,401480,136535,6,6A,5,507,Cluster 25,007901 3,7901,Precinct 81,38.89666294,-76.98293907,,403634684,2016-05-13,2016-05-17,05:00:10,11:00:20
-77.03090235,38.91038761,16064739,2016/04/25 17:23:24+00,DAY,OTHERS,BURGLARY,1500 - 1599 BLOCK OF KINGMAN PLACE NW,397320,138058,2,2F,3,307,Cluster 7,005001 2,5001,Precinct 16,38.91037983,-77.03090005,,403634692,2016-04-24,2016-04-24,15:52:44,16:00:17
-76.98848197,38.92259743,16064799,2016/04/25 19:03:56+00,EVENING,OTHERS,BURGLARY,1220 - 1281 BLOCK OF BRENTWOOD ROAD NE,400999,139413,5,5C,5,505,Cluster 22,009102 2,9102,Precinct 72,38.92258963,-76.98847969,,403634698,2016-04-22,2016-04-22,12:00:53,19:00:50
-76.97989454,38.86823077,16064820,2016/04/25 20:42:08+00,EVENING,OTHERS,BURGLARY,1700 1799  BLOCK OF S STREET SE,401745,133378,8,8A,6,607,Cluster 34,007605 3,7605,Precinct 112,38.86822298,-76.97989226,,403634700,2016-04-25,2016-04-25,03:00:50,20:14:53
-76.99497412,38.9265075,16093262,2016/06/09 02:24:20+00,EVENING,OTHERS,BURGLARY,2700 - 2999 BLOCK OF 8TH STREET NE,400436,139847,5,5E,5,502,Cluster 21,009201 1,9201,Precinct 74,38.9264997,-76.99497184,,403634724,2016-06-09,2016-06-09,00:35:44,00:40:11
-76.92938304,38.88584058,16108662,2016/07/02 07:21:50+00,MIDNIGHT,OTHERS,BURGLARY,5000 - 5099 BLOCK OF BASS PLACE SE,406127,135335,7,7E,6,604,Cluster 33,009904 2,9904,Precinct 104,38.88583279,-76.92938078,,403634802,2016-07-02,2016-07-02,02:00:08,06:15:06
-77.0266095,38.93127898,16108677,2016/07/02 09:00:07+00,MIDNIGHT,OTHERS,BURGLARY,3300 - 3399 BLOCK OF SHERMAN AVENUE NW,397693,140377,1,1A,3,302,Cluster 2,003100 1,3100,Precinct 38,38.93127119,-77.02660721,,403634803,2016-07-02,2016-07-02,05:29:49,06:45:56
-77.0455933,38.91334655,16089662,2016/06/03 15:11:51+00,DAY,OTHERS,BURGLARY,1700 - 1799 BLOCK OF CONNECTICUT AVENUE NW,396046,138387,2,2B,2,208,Cluster 6,005500 1,5500,Precinct 14,38.91333876,-77.045591,DUPONT CIRCLE,403634853,2016-06-02,2016-06-03,22:25:28,14:11:28
-77.00905366,38.91371543,16108811,2016/07/02 14:35:20+00,DAY,OTHERS,BURGLARY,1724 - 1799 BLOCK OF NORTH CAPITOL STREET,399215,138427,5,5E,3,308,Cluster 21,003302 2,3302,Precinct 19,38.91370764,-77.00905137,,403634892,2016-07-02,2016-07-02,13:41:43,14:35:07
-77.0519083,38.92419895,16077840,2016/05/16 18:21:36+00,DAY,OTHERS,BURGLARY,2600 - 2649 BLOCK OF CONNECTICUT AVENUE NW,395499,139592,3,3C,2,204,Cluster 15,000501 2,501,Precinct 26,38.92419116,-77.051906,,403634895,2016-05-15,2016-05-16,14:15:37,13:00:55
-77.02294894,38.91723578,16077861,2016/05/16 18:56:54+00,DAY,OTHERS,BURGLARY,2000 - 2099 BLOCK OF 8TH STREET NW,398010,138818,1,1B,3,305,Cluster 3,003500 2,3500,Precinct 37,38.91722799,-77.02294665,,403634899,2016-05-15,2016-05-16,04:13:30,18:56:51
-77.01279607,38.95028881,16074155,2016/05/10 20:03:10+00,EVENING,OTHERS,BURGLARY,4900  - 4999 BLOCK OF 1ST STREET NW,398891,142487,4,4D,4,407,Cluster 19,002202 1,2202,Precinct 57,38.95028101,-77.01279378,,403634913,2016-05-10,2016-05-10,18:20:00,19:00:05
-76.92662127,38.89272128,16074244,2016/05/10 23:55:04+00,EVENING,OTHERS,BURGLARY,5200 - 5299 BLOCK OF BANKS PLACE NE,406366,136099,7,7C,6,608,Cluster 31,007808 1,7808,Precinct 96,38.89271349,-76.92661901,,403634924,2016-05-10,2016-05-10,19:28:19,21:12:59
-76.95102932,38.88493281,16074256,2016/05/10 22:03:44+00,EVENING,OTHERS,BURGLARY,300 399  BLOCK OF 37TH PLACE SE,404249,135233,7,7F,6,603,Cluster 32,007703 3,7703,Precinct 107,38.88492502,-76.95102706,,403634925,2016-05-10,2016-05-10,18:00:35,20:15:53
-77.01573754,38.94895522,16065142,2016/04/26 05:45:02+00,MIDNIGHT,OTHERS,BURGLARY,4800  - 4825 BLOCK OF 3RD STREET NW,398636,142339,4,4D,4,407,Cluster 18,002202 2,2202,Precinct 55,38.94894742,-77.01573525,,403634941,2016-04-26,2016-04-26,03:56:43,04:30:51
-76.9747766,38.90562356,16065145,2016/04/26 04:40:45+00,MIDNIGHT,OTHERS,BURGLARY,1917 - 2099 BLOCK OF M STREET NE,402188,137529,5,5D,5,507,Cluster 23,008903 2,8903,Precinct 78,38.90561577,-76.97477433,,403634942,2016-04-26,2016-04-26,03:00:45,03:10:00
-76.99578548,38.85744934,16065158,2016/04/26 09:25:24+00,MIDNIGHT,OTHERS,BURGLARY,2632 - 2663 BLOCK OF MARTIN LUTHER KING JR AVENUE SE,400366,132181,8,8C,7,703,Cluster 37,007401 2,7401,Precinct 119,38.85744156,-76.9957832,ANACOSTIA,403634943,2016-04-26,2016-04-26,03:23:13,06:59:19
-76.99323006,38.83302733,16065197,2016/04/26 07:26:43+00,MIDNIGHT,OTHERS,BURGLARY,800 - 899 BLOCK OF XENIA STREET SE,400588,129470,8,8E,7,706,Cluster 39,009801 1,9801,Precinct 121,38.83301956,-76.99322778,,403634945,2016-04-26,2016-04-26,05:30:24,05:31:41
-76.98379418,38.84685438,16065263,2016/04/26 13:54:55+00,DAY,OTHERS,BURGLARY,1400 - 1499 BLOCK OF CONGRESS PLACE SE,401407,131005,8,8E,7,703,Cluster 38,007404 2,7404,Precinct 117,38.8468466,-76.98379191,,403634950,2016-04-26,2016-04-26,10:25:05,10:35:40
-77.06695382,38.90777811,16070213,2016/05/04 15:26:56+00,DAY,OTHERS,BURGLARY,3300 - 3399 BLOCK OF O STREET NW,394193,137770,2,2E,2,206,Cluster 4,000202 3,202,Precinct 6,38.90777033,-77.06695151,,403634956,2016-05-03,2016-05-04,20:30:41,10:30:48
-77.02370485,38.9364774,16070218,2016/05/04 12:55:56+00,DAY,OTHERS,BURGLARY,742  - 828 BLOCK OF ROCK CREEK CHURCH ROAD NW,397945,140954,1,1A,4,407,Cluster 18,003200 1,3200,Precinct 43,38.9364696,-77.02370255,,403634959,2016-05-03,2016-05-04,23:00:09,11:00:46
-77.01756486,38.8740416,16063547,2016/04/23 15:20:21+00,DAY,OTHERS,BURGLARY,1300 - 1369 BLOCK OF 4TH STREET SW,398476,134023,6,6D,1,105,Cluster 9,011000 2,11000,Precinct 127,38.87403381,-77.01756257,,403634986,2016-04-20,2016-04-22,22:00:45,22:00:18
-77.04295441,38.93507562,16078287,2016/05/17 19:10:28+00,EVENING,OTHERS,BURGLARY,1800 - 1999 BLOCK OF INGLESIDE TERRACE NW,396276,140799,1,1D,3,302,Cluster 2,002701 3,2701,Precinct 40,38.93506783,-77.04295211,,403635013,2016-05-17,2016-05-17,04:35:06,04:41:53
-77.00567504,38.91112124,16070273,2016/05/04 14:48:35+00,DAY,OTHERS,BURGLARY,100 - 149 BLOCK OF Q STREET NE,399508,138139,5,5E,5,502,Cluster 21,008701 1,8701,Precinct 75,38.91111345,-77.00567275,NOMA,403635040,2016-05-03,2016-05-04,22:00:48,12:00:16
-76.9391928,38.89794435,16070302,2016/05/04 15:37:53+00,DAY,OTHERS,BURGLARY,600 - 699 BLOCK OF 44TH STREET NE,405275,136678,7,7D,6,602,Cluster 30,007803 4,7803,Precinct 99,38.89793656,-76.93919054,,403635041,2016-05-02,2016-05-04,15:00:38,14:30:35
-77.03461421,38.93257408,16070334,2016/05/04 17:01:55+00,DAY,OTHERS,BURGLARY,1400 - 1599 BLOCK OF NEWTON STREET NW,396999,140521,1,1A,4,408,Cluster 2,002802 2,2802,Precinct 41,38.93256629,-77.03461191,,403635045,2016-05-01,2016-05-01,15:00:51,15:12:28
-77.07842115,38.94565096,16070348,2016/05/04 17:49:39+00,DAY,OTHERS,BURGLARY,4321 - 4335 BLOCK OF WISCONSIN AVENUE NW,393202,141975,3,3E,2,202,Cluster 11,001002 3,1002,Precinct 30,38.94564317,-77.07841884,,403635046,2016-04-30,2016-05-01,17:00:40,17:00:16
-76.98846685,38.94474885,16070362,2016/05/04 17:25:57+00,DAY,OTHERS,BURGLARY,4400 - 4599  BLOCK OF SARGENT ROAD NE,401000,141872,5,5A,4,405,Cluster 20,009504 2,9504,Precinct 67,38.94474105,-76.98846457,,403635048,2016-05-04,,16:40:43,
-76.97836593,38.85516828,16070412,2016/05/04 19:35:39+00,EVENING,OTHERS,BURGLARY,1800 - 1899 BLOCK OF GAINESVILLE STREET SE,401878,131928,8,8B,7,702,Cluster 37,007407 1,7407,Precinct 118,38.8551605,-76.97836365,,403635050,2016-05-04,2016-05-04,17:37:18,18:30:30
-77.02734526,38.95516879,16074780,2016/05/11 19:16:53+00,EVENING,OTHERS,BURGLARY,1100  - 1199 BLOCK OF JEFFERSON STREET NW,397630,143029,4,4D,4,403,Cluster 18,002101 4,2101,Precinct 56,38.95516099,-77.02734296,,403635057,2016-05-11,2016-05-11,10:45:07,17:46:45
-76.96658321,38.84830108,16074808,2016/05/11 19:52:29+00,EVENING,OTHERS,BURGLARY,2500 - 2999 BLOCK OF SOUTHERN AVENUE SE,402901,131166,8,8B,7,702,Cluster 38,,,Precinct 116,38.8482933,-76.96658094,,403635059,2016-05-11,2016-05-11,18:54:27,19:50:21
-76.97819555,38.88490501,16063679,2016/04/23 21:11:23+00,EVENING,OTHERS,BURGLARY,1800 - 1899 BLOCK OF MASSACHUSETTS AVENUE SE,401892,135229,6,6B,1,107,Cluster 26,006802 1,6802,Precinct 87,38.88489722,-76.97819328,,403635072,2016-04-20,2016-04-23,16:00:08,18:45:05
-77.0519083,38.92419895,16113267,2016/07/09 14:46:25+00,DAY,OTHERS,BURGLARY,2600 - 2649 BLOCK OF CONNECTICUT AVENUE NW,395499,139592,3,3C,2,204,Cluster 15,000501 2,501,Precinct 26,38.92419116,-77.051906,,403635116,2016-07-09,2016-07-09,03:00:20,12:30:16
-77.0519083,38.92419895,16113304,2016/07/09 16:51:00+00,DAY,OTHERS,BURGLARY,2600 - 2649 BLOCK OF CONNECTICUT AVENUE NW,395499,139592,3,3C,2,204,Cluster 15,000501 2,501,Precinct 26,38.92419116,-77.051906,,403635123,2016-07-09,2016-07-09,03:00:29,12:30:55
-77.0028242,38.83705427,16113339,2016/07/09 16:55:16+00,DAY,OTHERS,BURGLARY,3700 - 3799 BLOCK OF 2ND STREET SE,399755,129917,8,8C,7,707,Cluster 39,009803 1,9803,Precinct 124,38.8370465,-77.00282192,,403635126,2016-07-09,2016-07-09,02:30:17,15:00:10
-77.02192752,38.8954628,16100411,2016/06/19 22:54:12+00,EVENING,OTHERS,BURGLARY,400 - 499 BLOCK OF 7TH STREET NW,398098,136401,2,2C,1,102,Cluster 8,005800 1,5800,Precinct 143,38.89545501,-77.02192523,DOWNTOWN,403635146,2016-06-18,2016-06-19,21:00:10,18:00:02
-76.96658321,38.84830108,16100560,2016/06/20 02:43:43+00,EVENING,OTHERS,BURGLARY,2500 - 2999 BLOCK OF SOUTHERN AVENUE SE,402901,131166,8,8B,7,702,Cluster 38,,,Precinct 116,38.8482933,-76.96658094,,403635160,2016-06-20,2016-06-20,01:45:32,02:00:42
-76.95495818,38.88719549,16101197,2016/06/21 02:49:15+00,EVENING,OTHERS,BURGLARY,3527 - 3599 BLOCK OF MINNESOTA AVENUE SE,403908,135484,7,7F,6,603,Cluster 32,007708 1,7708,Precinct 132,38.88718771,-76.95495591,,403635172,2016-06-21,2016-06-21,01:10:33,01:15:12
-77.03752853,38.90374652,16101258,2016/06/21 05:16:54+00,MIDNIGHT,OTHERS,BURGLARY,1600 - 1699 BLOCK OF L STREET NW,396745,137321,2,2B,2,207,Cluster 6,010700 1,10700,Precinct 17,38.90373873,-77.03752624,GOLDEN TRIANGLE,403635177,2016-06-21,2016-06-21,03:15:41,03:32:42
-77.03105653,38.94673612,16110003,2016/07/04 06:43:03+00,MIDNIGHT,OTHERS,BURGLARY,4600  - 4699 BLOCK OF ARKANSAS AVENUE NW,397308,142093,4,4C,4,404,Cluster 18,002501 1,2501,Precinct 48,38.94672832,-77.03105424,,403635200,2016-07-03,2016-07-04,23:15:27,05:00:57
-76.97483672,38.89861508,16110059,2016/07/04 10:33:35+00,MIDNIGHT,OTHERS,BURGLARY,1920 - 2099 BLOCK OF BENNING ROAD NE,402183,136751,7,7D,5,507,Cluster 25,007903 1,7903,Precinct 80,38.89860729,-76.97483445,,403635205,2016-07-04,2016-07-04,09:41:49,09:44:27
-77.02619548,38.93448603,16097312,2016/06/15 06:41:14+00,MIDNIGHT,OTHERS,BURGLARY,3500 - 3699 BLOCK OF ROCK CREEK CHURCH ROAD NW,397729,140733,1,1A,4,408,Cluster 2,002900 1,2900,Precinct 42,38.93447824,-77.02619319,,403635214,2016-06-15,2016-06-15,01:45:37,01:55:09
-76.94175668,38.87807317,16101506,2016/06/21 16:50:25+00,DAY,OTHERS,BURGLARY,4200 - 4299 BLOCK OF HILDRETH STREET SE,405054,134472,7,7E,6,605,Cluster 33,007707 2,7707,Precinct 106,38.87806538,-76.94175442,,403635219,2016-06-19,2016-06-21,18:45:26,14:45:14
-76.99497395,38.92891272,16100695,2016/06/20 10:12:59+00,MIDNIGHT,OTHERS,BURGLARY,3100 - 3199 BLOCK OF 8TH STREET NE,400436,140114,5,5E,5,502,Cluster 21,009201 1,9201,Precinct 74,38.92890492,-76.99497167,,403635231,2016-06-18,2016-06-20,20:00:14,09:30:46
-77.04350081,38.9232385,16100911,2016/06/20 19:06:00+00,EVENING,OTHERS,BURGLARY,1800 - 1824 BLOCK OF CALVERT STREET NW,396228,139485,1,1C,3,303,Cluster 1,004001 1,4001,Precinct 25,38.9232307,-77.04349851,,403635236,2016-06-20,2016-06-20,14:15:17,18:00:01
-77.08246485,38.9610253,16105129,2016/06/26 23:15:35+00,EVENING,OTHERS,BURGLARY,4200 - 4219 BLOCK OF MILITARY ROAD NW,392853,143682,3,3E,2,202,Cluster 11,001100 2,1100,Precinct 32,38.96101751,-77.08246254,,403635256,2016-06-26,,22:09:58,
-77.03962079,38.91372708,16105162,2016/06/27 00:37:25+00,EVENING,OTHERS,BURGLARY,1726 - 1799 BLOCK OF NEW HAMPSHIRE AVENUE NW,396564,138429,2,2B,3,301,Cluster 6,004202 1,4202,Precinct 15,38.91371929,-77.03961849,,403635260,2016-06-26,2016-06-27,23:26:25,00:37:23
-76.99240121,38.82920769,16105178,2016/06/27 02:30:50+00,EVENING,OTHERS,BURGLARY,800 - 899 BLOCK OF CHESAPEAKE STREET SE,400660,129046,8,8E,7,706,Cluster 39,009700 2,9700,Precinct 125,38.82919992,-76.99239894,,403635261,2016-06-26,2016-06-26,14:30:39,23:00:38
-77.03196459,38.91372042,16105380,2016/06/27 14:00:09+00,DAY,OTHERS,BURGLARY,1721 - 1799 BLOCK OF 14TH STREET NW,397228,138428,2,2F,3,301,Cluster 7,005201 4,5201,Precinct 16,38.91371263,-77.0319623,,403635277,2016-06-26,2016-06-27,22:30:06,10:00:52
-77.03081439,38.9202878,16110148,2016/07/04 16:37:27+00,DAY,OTHERS,BURGLARY,1300 - 1399 BLOCK OF FLORIDA AVENUE NW,397328,139157,1,1B,3,304,Cluster 3,004400 1,4400,Precinct 22,38.92028001,-77.03081209,,403635288,2016-07-04,2016-07-04,00:00:55,13:30:19
-77.1084447,38.92813284,16097040,2016/06/14 21:52:22+00,EVENING,OTHERS,BURGLARY,5400 - 5499 BLOCK OF CAROLINA PLACE NW,390597,140033,3,3D,2,205,Cluster 13,000902 2,902,Precinct 8,38.92812505,-77.10844238,,403635292,2016-06-14,2016-06-14,14:00:18,19:00:21
-77.03456867,38.91001725,16105597,2016/06/27 19:51:04+00,EVENING,OTHERS,BURGLARY,1500 - 1523 BLOCK OF 15TH STREET NW,397002,138017,2,2B,2,208,Cluster 6,005201 2,5201,Precinct 16,38.91000946,-77.03456637,,403635322,2016-06-27,2016-06-27,03:09:17,03:22:48
-76.99547432,38.85875555,16105652,2016/06/27 21:13:28+00,EVENING,OTHERS,BURGLARY,2600 - 2631 BLOCK OF MARTIN LUTHER KING JR AVENUE SE,400393,132326,8,8C,7,703,Cluster 37,007401 2,7401,Precinct 119,38.85874777,-76.99547204,ANACOSTIA,403635329,2016-06-27,2016-06-27,20:08:01,21:13:27
-77.01990374,38.91356995,16109694,2016/07/03 22:01:15+00,EVENING,OTHERS,BURGLARY,1705 - 1799 BLOCK OF 6TH STREET NW,398274,138411,6,6E,3,308,Cluster 7,004801 1,4801,Precinct 21,38.91356216,-77.01990144,,403635369,2016-07-03,2016-07-03,18:57:32,19:20:59
-76.9969692,38.92742641,16109729,2016/07/03 22:01:27+00,EVENING,OTHERS,BURGLARY,600 - 699 BLOCK OF HAMLIN STREET NE,400263,139949,5,5E,5,502,Cluster 21,009201 1,9201,Precinct 74,38.92741862,-76.99696692,,403635372,2016-07-02,2016-07-03,05:58:22,19:40:57
-76.96150934,38.85782143,16079900,2016/05/19 22:21:22+00,EVENING,OTHERS,BURGLARY,2600 - 2699 BLOCK OF 32ND STREET SE,403341,132223,7,7B,6,606,Cluster 35,007603 2,7603,Precinct 113,38.85781365,-76.96150707,,403635385,2016-05-19,2016-05-19,14:00:21,22:15:21
-77.04707285,38.9188951,16083902,2016/05/26 01:41:03+00,EVENING,OTHERS,BURGLARY,2000 - 2099 BLOCK OF KALORAMA ROAD NW,395918,139003,1,1C,3,303,Cluster 1,004001 2,4001,Precinct 25,38.91888731,-77.04707055,,403635396,2016-05-25,2016-05-25,13:00:01,22:30:58
-76.9777696,38.84631288,16100596,2016/06/20 07:56:36+00,MIDNIGHT,OTHERS,BURGLARY,1800 - 1899 BLOCK OF SAVANNAH STREET SE,401930,130945,8,8B,7,704,Cluster 38,007409 3,7409,Precinct 116,38.8463051,-76.97776732,,403635404,2016-06-19,2016-06-19,21:30:03,23:45:15
-77.01067868,38.90857153,16104708,2016/06/26 07:10:11+00,MIDNIGHT,OTHERS,BURGLARY,1 - 99 BLOCK OF O STREET NW,399074,137856,5,5E,3,308,Cluster 21,004600 1,4600,Precinct 19,38.90856374,-77.01067639,,403635411,2016-06-26,2016-06-26,06:10:45,06:12:07
-76.94255844,38.86992997,16104775,2016/06/26 09:32:57+00,MIDNIGHT,OTHERS,BURGLARY,1200 - 1399 BLOCK OF 42ND STREET SE,404985,133568,7,7B,6,605,Cluster 34,009902 1,9902,Precinct 110,38.86992218,-76.94255618,,403635417,2016-06-25,2016-06-26,12:00:27,08:40:24
-77.03273459,38.93332231,16104779,2016/06/26 09:50:58+00,MIDNIGHT,OTHERS,BURGLARY,3445 - 3466 BLOCK OF 14TH STREET NW,397162,140604,1,1A,4,408,Cluster 2,002900 2,2900,Precinct 41,38.93331452,-77.0327323,,403635418,2016-06-26,2016-06-26,08:18:59,09:40:39
-76.98728555,38.84164793,16104780,2016/06/26 11:54:50+00,DAY,OTHERS,BURGLARY,3400 - 3499 BLOCK OF 13TH PLACE SE,401104,130427,8,8E,7,705,Cluster 38,007304 1,7304,Precinct 120,38.84164015,-76.98728328,,403635419,2016-06-25,2016-06-26,21:30:38,09:10:27
-77.04652924,38.916391,16104862,2016/06/26 16:48:56+00,DAY,OTHERS,BURGLARY,1900 - 1999 BLOCK OF CONNECTICUT AVENUE NW,395965,138725,2,2D,2,208,Cluster 1,004100 1,4100,Precinct 13,38.91638321,-77.04652695,DUPONT CIRCLE,403635429,2016-06-26,2016-06-26,14:00:28,14:15:54
-76.98373958,38.9348842,16096451,2016/06/13 22:39:43+00,EVENING,OTHERS,BURGLARY,1500 - 1599 BLOCK OF OTIS STREET NE,401410,140777,5,5B,5,504,Cluster 22,009301 1,9301,Precinct 68,38.93487641,-76.9837373,,403635480,2016-06-13,2016-06-13,11:00:23,21:45:31
-76.9810391,38.8973821,16096491,2016/06/14 00:14:01+00,EVENING,OTHERS,BURGLARY,1600 - 1699 BLOCK OF ROSEDALE STREET NE,401645,136614,6,6A,5,507,Cluster 25,007901 4,7901,Precinct 81,38.89737431,-76.98103682,,403635485,2016-06-12,2016-06-13,12:00:25,22:04:28
-76.97536178,38.91376723,16105448,2016/06/27 15:23:40+00,DAY,OTHERS,BURGLARY,1723 - 1799 BLOCK OF BLADENSBURG ROAD NE,402137,138433,5,5C,5,503,Cluster 23,011100 3,11100,Precinct 72,38.91375944,-76.9753595,,403635557,2016-06-25,2016-06-27,23:00:40,14:00:29
-76.99678782,38.85765657,16105505,2016/06/27 17:08:49+00,DAY,OTHERS,BURGLARY,2600 - 2699 BLOCK OF BIRNEY PLACE SE,400279,132204,8,8C,7,703,Cluster 37,007401 2,7401,Precinct 119,38.85764879,-76.99678554,,403635565,2016-06-23,2016-06-27,13:00:48,14:44:23
-76.99901053,38.92371502,16092779,2016/06/08 13:52:44+00,DAY,OTHERS,BURGLARY,500 - 599 BLOCK OF EDGEWOOD STREET NE,400086,139537,5,5E,5,502,Cluster 21,009204 2,9204,Precinct 74,38.92370723,-76.99900825,,403635574,2016-06-07,2016-06-08,18:30:30,13:51:27
-77.0226549,38.93540562,16092795,2016/06/08 14:37:21+00,DAY,OTHERS,BURGLARY,700 - 799 BLOCK OF PRINCETON PLACE NW,398036,140835,1,1A,4,409,Cluster 2,003200 1,3200,Precinct 43,38.93539782,-77.02265261,,403635576,2016-06-06,2016-06-06,11:30:35,21:30:13
-76.98248165,38.84399851,16092872,2016/06/08 18:02:21+00,DAY,OTHERS,BURGLARY,1018 - 1041 BLOCK OF COOK DRIVE SE,401521,130688,8,8E,7,704,Cluster 38,007304 1,7304,Precinct 120,38.84399073,-76.98247938,,403635581,2016-06-08,2016-06-08,14:45:46,15:00:14
-77.04254973,38.91409539,16079982,2016/05/19 23:16:12+00,EVENING,OTHERS,BURGLARY,1800 - 1899 BLOCK OF S STREET NW,396310,138470,2,2B,2,208,Cluster 6,004202 1,4202,Precinct 14,38.9140876,-77.04254744,,403635592,2016-05-19,2016-05-19,19:30:17,23:16:11
-76.9926597,38.89149193,16093514,2016/06/09 16:41:49+00,DAY,OTHERS,BURGLARY,100 - 199 BLOCK OF 10TH STREET NE,400637,135960,6,6A,1,108,Cluster 26,008100 3,8100,Precinct 85,38.89148415,-76.99265742,,403635612,2016-06-09,2016-06-09,03:00:02,09:15:38
-76.9945397,38.87667324,16094225,2016/06/10 16:01:25+00,DAY,OTHERS,BURGLARY,800 - 899 BLOCK OF POTOMAC AVENUE SE,400474,134315,6,6B,1,106,Cluster 27,007200 2,7200,Precinct 131,38.87666546,-76.99453742,CAPITOL RIVERFRONT,403635621,2016-06-10,2016-06-10,01:39:32,10:30:41
-76.99731631,38.89733857,16094231,2016/06/10 19:43:16+00,EVENING,OTHERS,BURGLARY,600 - 699 BLOCK OF F STREET NE,400233,136609,6,6C,1,104,Cluster 25,008302 1,8302,Precinct 84,38.89733078,-76.99731403,,403635622,2016-06-10,2016-06-10,08:55:06,09:51:34
-76.96513633,38.91714501,16081427,2016/05/22 02:52:03+00,EVENING,OTHERS,BURGLARY,2300 - 3699 BLOCK OF NEW YORK AVENUE NE,403023.68,138808.25,5,5C,5,503,Cluster 24,011100 1,11100,Precinct 72,38.91713721,-76.96513406,,403635640,2016-05-22,2016-05-22,01:27:42,02:00:58
-76.98609382,38.86884424,16080015,2016/05/19 23:59:57+00,EVENING,OTHERS,BURGLARY,1300 - 1399 BLOCK OF RIDGE PLACE SE,401207,133446,8,8A,6,607,Cluster 34,007601 5,7601,Precinct 140,38.86883646,-76.98609155,,403635668,2016-05-19,2016-05-19,10:30:09,22:30:39
-76.99025213,38.88027632,16080103,2016/05/20 02:44:51+00,EVENING,OTHERS,BURGLARY,700 - 799 BLOCK OF 12TH STREET SE,400846,134715,6,6B,1,106,Cluster 26,007100 2,7100,Precinct 91,38.88026854,-76.99024985,CAPITOL HILL,403635672,2016-05-20,,00:16:26,
-77.07375288,38.96031947,16093608,2016/06/09 17:09:10+00,DAY,OTHERS,BURGLARY,3742 - 3799 BLOCK OF KANAWHA STREET NW,393608,143603,3,3G,2,201,Cluster 10,001100 1,1100,Precinct 32,38.96031167,-77.07375057,,403635693,2016-06-09,2016-06-09,15:47:03,15:48:57
-76.98042829,38.89677844,16080796,2016/05/21 02:32:00+00,EVENING,OTHERS,BURGLARY,1650 - 1699 BLOCK OF F STREET NE,401698,136547,6,6A,5,507,Cluster 25,007901 4,7901,Precinct 81,38.89677065,-76.98042601,,403635707,2016-05-20,2016-05-21,12:45:16,01:00:57
-76.9777696,38.84631288,16081482,2016/05/22 04:31:22+00,MIDNIGHT,OTHERS,BURGLARY,1800 - 1899 BLOCK OF SAVANNAH STREET SE,401930,130945,8,8B,7,704,Cluster 38,007409 3,7409,Precinct 116,38.8463051,-76.97776732,,403635719,2016-05-20,2016-05-22,19:00:35,02:30:49
-77.03272968,38.94773558,16096833,2016/06/14 16:13:42+00,DAY,OTHERS,BURGLARY,4700  - 4799 BLOCK OF 14TH STREET NW,397163,142204,4,4C,4,404,Cluster 18,002501 2,2501,Precinct 48,38.94772779,-77.03272738,,403635778,2016-06-14,,15:17:23,
-77.03424393,38.95408598,16087943,2016/05/31 23:33:29+00,EVENING,OTHERS,BURGLARY,1400  - 1499 BLOCK OF INGRAHAM STREET NW,397032,142909,4,4C,4,403,Cluster 18,002002 1,2002,Precinct 54,38.95407818,-77.03424164,,403635808,2016-05-31,2016-05-31,14:00:13,22:10:00
-77.088642,38.94591391,16087944,2016/05/31 23:15:01+00,EVENING,OTHERS,BURGLARY,4309 - 4399 BLOCK OF 45TH STREET NW,392316,142005,3,3E,2,202,Cluster 11,001001 6,1001,Precinct 30,38.94590611,-77.08863969,,403635809,2016-05-31,2016-05-31,11:00:57,21:00:56
-77.0209129,38.89479637,16088061,2016/06/01 07:05:44+00,MIDNIGHT,OTHERS,BURGLARY,600 - 699 BLOCK OF D STREET NW,398186,136327,2,2C,1,102,Cluster 8,005800 2,5800,Precinct 143,38.89478858,-77.02091061,DOWNTOWN,403635816,2016-05-27,2016-06-01,11:00:11,01:45:55
-76.97309831,38.86190549,16080734,2016/05/21 00:22:46+00,EVENING,OTHERS,BURGLARY,2301 - 2399 BLOCK OF GOOD HOPE COURT SE,402335,132676,8,8B,7,702,Cluster 36,007502 1,7502,Precinct 134,38.86189771,-76.97309604,,403635826,2016-05-20,2016-05-20,13:00:27,22:00:07
-77.02704208,38.91628903,16080766,2016/05/21 01:41:25+00,EVENING,OTHERS,BURGLARY,1900 - 1999 BLOCK OF 11TH STREET NW,397655,138713,1,1B,3,305,Cluster 3,004400 2,4400,Precinct 22,38.91628124,-77.02703978,,403635827,2016-05-20,2016-05-21,11:30:03,00:00:17
-76.95223071,38.86367348,16084657,2016/05/27 01:09:06+00,EVENING,OTHERS,BURGLARY,2021 - 2199 BLOCK OF 38TH STREET SE,404146,132873,7,7B,6,606,Cluster 35,007603 1,7603,Precinct 110,38.86366569,-76.95222844,,403635832,2016-05-26,2016-05-26,12:00:01,22:30:55
-76.978997,38.90311107,16084721,2016/05/27 01:51:03+00,EVENING,OTHERS,BURGLARY,1000 - 1099 BLOCK OF 17TH STREET NE,401822,137250,5,5D,5,507,Cluster 23,008903 1,8903,Precinct 78,38.90310328,-76.97899472,,403635840,2016-05-26,2016-05-27,23:00:58,00:00:50
-76.97770113,38.84424092,16084788,2016/05/27 03:46:43+00,MIDNIGHT,OTHERS,BURGLARY,3500 - 3599 BLOCK OF 18TH STREET SE,401936,130715,8,8B,7,704,Cluster 38,007409 3,7409,Precinct 116,38.84423315,-76.97769885,,403635843,2016-05-27,2016-05-27,01:15:38,01:55:33
-76.99244835,38.92801175,16096570,2016/06/14 01:50:05+00,EVENING,OTHERS,BURGLARY,3000 - 3099 BLOCK OF 10TH STREET NE,400655,140014,5,5B,5,504,Cluster 22,009301 2,9301,Precinct 73,38.92800396,-76.99244607,,403635844,2016-06-13,2016-06-14,12:00:46,01:30:50
-76.96561411,38.85126457,16096703,2016/06/14 08:46:38+00,MIDNIGHT,OTHERS,BURGLARY,3030 - 3299 BLOCK OF BUENA VISTA TERRACE SE,402985,131495,8,8B,7,702,Cluster 36,007502 2,7502,Precinct 115,38.85125679,-76.96561184,,403635854,2016-06-14,,07:04:27,
-76.92661278,38.88976653,16101392,2016/06/21 15:16:28+00,DAY,OTHERS,BURGLARY,5200 5299  BLOCK OF EAST CAPITOL STREET,406367,135771,7,7E,6,604,Cluster 33,009903 2,9903,Precinct 104,38.88975874,-76.92661052,,403635885,2016-06-21,2016-06-21,12:36:34,13:30:58
-76.99860718,38.90985119,16101440,2016/06/21 15:18:53+00,DAY,OTHERS,BURGLARY,1300 - 1399 BLOCK OF 4TH STREET NE,400121,137998,5,5D,5,501,Cluster 23,008803 1,8803,Precinct 76,38.9098434,-76.9986049,,403635890,2016-06-20,2016-06-21,22:15:39,14:15:45
-76.98987467,38.8600344,16088085,2016/06/01 04:43:11+00,MIDNIGHT,OTHERS,BURGLARY,1400 - 1407 BLOCK OF HOWARD ROAD SE,400879,132468,8,8A,7,703,Cluster 37,007407 2,7407,Precinct 119,38.86002662,-76.98987239,,403635896,2016-05-31,2016-06-01,18:00:54,02:29:28
-76.96513633,38.91714501,16088157,2016/06/01 07:51:54+00,MIDNIGHT,OTHERS,BURGLARY,2300 - 3699 BLOCK OF NEW YORK AVENUE NE,403023.68,138808.25,5,5C,5,503,Cluster 24,011100 1,11100,Precinct 72,38.91713721,-76.96513406,,403635904,2016-05-31,2016-06-01,19:00:02,06:00:38
-76.92038096,38.88615009,16084627,2016/05/27 00:26:58+00,EVENING,OTHERS,BURGLARY,5517 - 5648 BLOCK OF CENTRAL AVENUE SE,406908,135370,7,7E,6,604,Cluster 33,009905 2,9905,Precinct 105,38.8861423,-76.9203787,,403635919,2016-05-26,2016-05-26,10:30:11,21:00:40
-76.97989454,38.86823077,16080247,2016/05/20 07:50:38+00,MIDNIGHT,OTHERS,BURGLARY,1700 - 1799 BLOCK OF S STREET SE,401745,133378,8,8A,6,607,Cluster 34,007605 3,7605,Precinct 112,38.86822298,-76.97989226,,403635983,2016-05-20,,05:47:34,
-77.02558057,38.92440587,16089276,2016/06/02 23:33:52+00,EVENING,OTHERS,BURGLARY,2600 - 2699 BLOCK OF SHERMAN AVENUE NW,397782,139614,1,1B,3,304,Cluster 2,003500 1,3500,Precinct 37,38.92439807,-77.02557828,,403635990,2016-06-02,2016-06-02,18:11:19,18:26:18
-76.98397528,38.86117781,16094351,2016/06/10 17:54:32+00,DAY,OTHERS,BURGLARY,1500 - 1625 BLOCK OF BUTLER STREET SE,401391,132595,8,8A,7,701,Cluster 28,007503 2,7503,Precinct 114,38.86117003,-76.98397301,,403636011,2016-06-09,2016-06-10,22:00:03,14:45:21
-77.01634221,38.919516,16094486,2016/06/10 22:04:43+00,EVENING,OTHERS,BURGLARY,200 - 399 BLOCK OF W STREET NW,398583,139071,1,1B,3,306,Cluster 3,003400 1,3400,Precinct 20,38.91950821,-77.01633992,,403636024,2016-06-10,2016-06-10,16:30:36,17:30:32
-76.99290053,38.90389647,16094919,2016/06/11 15:14:13+00,DAY,OTHERS,BURGLARY,908 - 1006 BLOCK OF FLORIDA AVENUE NE,400616,137337,6,6A,5,506,Cluster 25,008410 1,8410,Precinct 82,38.90388868,-76.99289825,,403636031,2016-06-11,2016-06-11,06:13:23,12:00:02
-76.97418808,38.93898126,16080311,2016/05/20 13:39:16+00,DAY,OTHERS,BURGLARY,4000 - 4099 BLOCK OF 22ND STREET NE,402238,141232,5,5B,5,503,Cluster 24,009400 4,9400,Precinct 69,38.93897346,-76.9741858,,403636063,2016-05-19,2016-05-20,22:00:41,11:00:59
-76.93582796,38.9093201,16080390,2016/05/20 17:37:50+00,DAY,OTHERS,BURGLARY,4600 - 4615 BLOCK OF POLK STREET NE,405566,137941,7,7D,6,602,Cluster 31,009601 1,9601,Precinct 92,38.90931231,-76.9358257,,403636071,2016-05-19,2016-05-20,21:30:23,14:30:28
-76.98446045,38.90838181,16093850,2016/06/09 22:45:02+00,EVENING,OTHERS,BURGLARY,1200 - 1299 BLOCK OF RAUM STREET NE,401348,137835,5,5D,5,506,Cluster 23,008804 2,8804,Precinct 78,38.90837402,-76.98445817,,403636085,2016-06-09,2016-06-09,10:30:08,21:30:57
-76.97994279,38.90155279,16094030,2016/06/10 03:58:10+00,MIDNIGHT,OTHERS,BURGLARY,1600 - 1699 BLOCK OF MARYLAND AVENUE NE,401740,137077,5,5D,5,507,Cluster 23,008904 2,8904,Precinct 79,38.901545,-76.97994051,,403636104,2016-06-10,2016-06-10,02:45:49,03:17:18
-76.9726235,38.89823623,16081580,2016/05/22 08:44:03+00,MIDNIGHT,OTHERS,BURGLARY,2300 - 2399 BLOCK OF BENNING ROAD NE,402375,136709,7,7D,5,507,Cluster 23,007903 1,7903,Precinct 80,38.89822844,-76.97262122,,403636106,2016-05-22,2016-05-22,06:30:58,06:40:47
-76.99951793,38.92450776,16081655,2016/05/22 14:13:53+00,DAY,OTHERS,BURGLARY,400 - 599 BLOCK OF EVARTS STREET NE,400042,139625,5,5E,5,502,Cluster 21,009204 1,9204,Precinct 74,38.92449996,-76.99951565,,403636114,2016-05-21,2016-05-22,23:30:44,00:30:45
-77.02117633,38.96670965,16081731,2016/05/22 17:47:55+00,DAY,OTHERS,BURGLARY,500  - 699 BLOCK OF SOMERSET PLACE NW,398165,144310,4,4B,4,402,Cluster 17,001901 3,1901,Precinct 59,38.96670185,-77.02117403,,403636123,2016-05-20,2016-05-22,23:30:14,16:30:10
-77.02809138,38.91628879,16082139,2016/05/23 13:36:05+00,DAY,OTHERS,BURGLARY,1900 - 1999 BLOCK OF 12TH STREET NW,397564,138713,1,1B,3,305,Cluster 3,004400 2,4400,Precinct 22,38.916281,-77.02808909,,403636132,2016-05-23,2016-05-23,08:30:39,08:45:56
-76.98609382,38.86884424,16082198,2016/05/23 14:56:20+00,DAY,OTHERS,BURGLARY,1300 - 1399 BLOCK OF RIDGE PLACE SE,401207,133446,8,8A,6,607,Cluster 34,007601 5,7601,Precinct 140,38.86883646,-76.98609155,,403636136,2016-05-23,,12:46:31,
-76.9518004,38.88663571,16081980,2016/05/23 03:14:51+00,MIDNIGHT,OTHERS,BURGLARY,200 - 299 BLOCK OF 37TH PLACE SE,404182,135422,7,7F,6,603,Cluster 32,007703 3,7703,Precinct 107,38.88662793,-76.95179813,,403636168,2016-05-23,2016-05-23,00:46:48,03:05:29
-77.03504217,38.93506925,16086205,2016/05/29 08:03:03+00,MIDNIGHT,OTHERS,BURGLARY,3517 - 3549 BLOCK OF CENTER STREET NW,396962,140798,1,1A,4,408,Cluster 2,002801 2,2801,Precinct 41,38.93506146,-77.03503987,,403636170,2016-05-29,2016-05-29,05:30:55,05:36:57
-77.03273525,38.93475463,16084216,2016/05/26 13:48:49+00,DAY,OTHERS,BURGLARY,3500 - 3505 BLOCK OF 14TH STREET NW,397162,140763,1,1A,4,408,Cluster 2,002900 2,2900,Precinct 41,38.93474684,-77.03273296,,403636196,2016-05-26,2016-05-26,10:15:19,11:00:45
-76.99751452,38.83321668,16084280,2016/05/26 16:23:54+00,DAY,OTHERS,BURGLARY,444 799  BLOCK OF CONDON TERRACE SE,400216,129491,8,8E,7,706,Cluster 39,009801 1,9801,Precinct 121,38.8332089,-76.99751224,,403636203,2016-05-26,2016-05-26,12:30:55,14:20:24
-77.04345623,38.90685235,16088194,2016/06/01 15:07:14+00,DAY,OTHERS,BURGLARY,1220 - 1299 BLOCK OF 19TH STREET NW,396231,137666,2,2B,2,208,Cluster 6,010700 2,10700,Precinct 17,38.90684456,-77.04345393,GOLDEN TRIANGLE,403636207,2016-06-01,2016-06-01,00:00:50,11:25:22
-76.97903169,38.86351921,16085843,2016/05/28 19:56:31+00,EVENING,OTHERS,BURGLARY,2100 - 2127 BLOCK OF 18TH STREET SE,401820,132855,8,8A,7,701,Cluster 28,007504 1,7504,Precinct 114,38.86351143,-76.97902942,,403636250,2016-05-28,2016-05-28,19:20:37,19:44:30
-77.04535423,38.9181661,16090364,2016/06/04 17:52:55+00,DAY,OTHERS,BURGLARY,1930 - 1999 BLOCK OF COLUMBIA ROAD NW,396067,138922,1,1C,3,303,Cluster 1,004001 2,4001,Precinct 25,38.91815831,-77.04535193,,403636276,2016-06-01,2016-06-01,03:00:19,07:30:40
-77.0274673,38.91261353,16088492,2016/06/02 00:39:04+00,EVENING,OTHERS,BURGLARY,1100 - 1199 BLOCK OF R STREET NW,397618,138305,2,2F,3,307,Cluster 7,005001 1,5001,Precinct 16,38.91260574,-77.02746501,,403636306,2016-06-01,2016-06-01,16:30:52,19:00:57
-76.96502418,38.85615598,16085076,2016/05/27 16:58:36+00,DAY,OTHERS,BURGLARY,2700 - 2798 BLOCK OF 30TH STREET SE,403036,132038,7,7B,6,606,Cluster 35,007603 4,7603,Precinct 113,38.8561482,-76.96502191,,403636325,2016-05-27,2016-05-27,15:52:20,16:28:28
-76.96458865,38.85156154,16085081,2016/05/27 17:06:11+00,DAY,OTHERS,BURGLARY,3000 - 3099 BLOCK OF 30TH STREET SE,403074,131528,8,8B,7,702,Cluster 36,007502 2,7502,Precinct 115,38.85155377,-76.96458639,,403636327,2016-05-25,2016-05-27,17:00:39,16:00:04
-76.98027623,38.86303298,16089833,2016/06/03 20:46:57+00,EVENING,OTHERS,BURGLARY,1600 - 1899 BLOCK OF W STREET SE,401712,132801,8,8A,7,701,Cluster 28,007504 1,7504,Precinct 114,38.86302519,-76.98027396,,403636337,2016-06-03,2016-06-03,15:30:53,18:20:52
-76.92770168,38.89581183,16089842,2016/06/03 21:04:22+00,EVENING,OTHERS,BURGLARY,332 - 599 BLOCK OF 51ST STREET NE,406272,136442,7,7C,6,602,Cluster 31,007804 2,7804,Precinct 97,38.89580404,-76.92769942,,403636339,2016-06-03,2016-06-03,13:00:43,19:15:03
-76.95278114,38.88508667,16099172,2016/06/18 00:22:48+00,EVENING,OTHERS,BURGLARY,230 - 499 BLOCK OF 37TH STREET SE,404097,135250,7,7F,6,603,Cluster 32,007703 3,7703,Precinct 107,38.88507889,-76.95277887,,403636370,2016-06-17,2016-06-18,23:21:33,00:16:06
-76.99025213,38.88027632,16097909,2016/06/16 03:26:07+00,MIDNIGHT,OTHERS,BURGLARY,700 - 799 BLOCK OF 12TH STREET SE,400846,134715,6,6B,1,106,Cluster 26,007100 2,7100,Precinct 91,38.88026854,-76.99024985,CAPITOL HILL,403636398,2016-06-15,2016-06-16,23:45:48,00:30:54
-77.01217721,38.9067517,16111518,2016/07/06 22:25:31+00,EVENING,OTHERS,BURGLARY,1218 - 1299 BLOCK OF 1ST STREET NW,398944,137654,5,5E,3,308,Cluster 21,004600 2,4600,Precinct 19,38.90674391,-77.01217492,,403636404,2016-07-06,2016-07-06,17:47:12,20:43:46
-76.98175167,38.90580503,16098442,2016/06/17 01:31:58+00,EVENING,OTHERS,BURGLARY,1613 - 1628 BLOCK OF HOLBROOK STREET NE,401583,137549,5,5D,5,506,Cluster 23,008804 2,8804,Precinct 78,38.90579724,-76.98174939,,403636409,2016-06-16,2016-06-16,19:00:08,21:15:00
-76.97217085,38.93562971,16098451,2016/06/17 00:17:18+00,EVENING,OTHERS,BURGLARY,3700 - 3799 BLOCK OF 24TH STREET NE,402413,140860,5,5C,5,503,Cluster 24,009400 3,9400,Precinct 69,38.93562191,-76.97216857,,403636411,2016-06-16,2016-06-16,17:00:18,21:25:30
-77.04350081,38.9232385,16098495,2016/06/16 23:50:06+00,EVENING,OTHERS,BURGLARY,1800 - 1824 BLOCK OF CALVERT STREET NW,396228,139485,1,1C,3,303,Cluster 1,004001 1,4001,Precinct 25,38.9232307,-77.04349851,,403636417,2016-06-16,2016-06-16,18:00:11,20:15:31
-76.99751452,38.83321668,16098512,2016/06/16 23:42:18+00,EVENING,OTHERS,BURGLARY,444 - 799 BLOCK OF CONDON TERRACE SE,400216,129491,8,8E,7,706,Cluster 39,009801 1,9801,Precinct 121,38.8332089,-76.99751224,,403636418,2016-06-16,2016-06-16,19:45:17,22:15:53
-77.02809138,38.91628879,16111943,2016/07/07 10:13:47+00,MIDNIGHT,OTHERS,BURGLARY,1900 - 1999 BLOCK OF 12TH STREET NW,397564,138713,1,1B,3,305,Cluster 3,004400 2,4400,Precinct 22,38.916281,-77.02808909,,403636436,2016-07-07,2016-07-07,09:47:07,10:13:44
-76.93612205,38.90278921,16111982,2016/07/07 13:51:43+00,DAY,OTHERS,BURGLARY,4600 - 4699 BLOCK OF SHERIFF ROAD NE,405541,137216,7,7C,6,602,Cluster 31,007809 2,7809,Precinct 94,38.90278142,-76.93611979,,403636440,2016-07-06,2016-07-07,22:00:10,10:00:34
-77.02498642,38.90724512,16103737,2016/06/24 21:22:43+00,EVENING,OTHERS,BURGLARY,900 - 999 BLOCK OF N STREET NW,397833,137709,2,2F,3,307,Cluster 7,004902 2,4902,Precinct 129,38.90723733,-77.02498413,,403636483,2016-06-24,2016-06-24,13:00:53,21:22:41
-77.03848961,38.9115024,16108008,2016/07/01 14:17:40+00,DAY,OTHERS,BURGLARY,1600 - 1618 BLOCK OF 17TH STREET NW,396662,138182,2,2B,3,301,Cluster 6,005301 4,5301,Precinct 15,38.91149461,-77.03848731,,403636508,2016-07-01,2016-07-01,11:45:32,11:51:09
-76.98397528,38.86117781,16112553,2016/07/08 06:54:05+00,MIDNIGHT,OTHERS,BURGLARY,1500 - 1625 BLOCK OF BUTLER STREET SE,401391,132595,8,8A,7,701,Cluster 28,007503 2,7503,Precinct 114,38.86117003,-76.98397301,,403636533,2016-07-07,2016-07-07,18:45:23,20:00:01
-77.03499418,38.90778305,16100203,2016/06/19 13:26:40+00,DAY,OTHERS,BURGLARY,1500 - 1549 BLOCK OF RHODE ISLAND AVENUE NW,396965,137769,2,2B,2,208,Cluster 6,005201 2,5201,Precinct 17,38.90777526,-77.03499188,,403636576,2016-06-19,2016-06-19,10:35:37,11:00:23
-77.0297148,38.93814256,16100205,2016/06/19 12:58:30+00,DAY,OTHERS,BURGLARY,3800  - 3899 BLOCK OF 13TH STREET NW,397424,141139,4,4C,4,404,Cluster 18,002502 3,2502,Precinct 47,38.93813476,-77.02971251,,403636577,2016-06-19,2016-06-19,04:00:24,12:00:23
-76.9961851,38.92534547,16100217,2016/06/19 14:52:01+00,DAY,OTHERS,BURGLARY,2700 - 2799 BLOCK OF 7TH STREET NE,400331,139718,5,5E,5,502,Cluster 21,009204 1,9204,Precinct 74,38.92533768,-76.99618281,,403636579,2016-06-19,2016-06-19,03:05:02,13:03:51
-76.97881773,38.84678151,16081099,2016/05/21 16:43:05+00,DAY,OTHERS,BURGLARY,3300 - 3399 BLOCK OF 18TH STREET SE,401839,130997,8,8E,7,704,Cluster 38,007403 1,7403,Precinct 116,38.84677373,-76.97881546,,403636615,2016-04-30,2016-05-21,14:30:55,14:30:58
-76.92190261,38.89647471,16081106,2016/05/21 16:51:29+00,DAY,OTHERS,BURGLARY,500 - 599 BLOCK OF 55TH STREET NE,406775,136516,7,7C,6,608,Cluster 31,007807 2,7807,Precinct 95,38.89646692,-76.92190035,,403636616,2016-05-21,2016-05-21,01:30:59,14:45:57
-77.04236972,38.92162642,16081245,2016/05/21 22:15:27+00,EVENING,OTHERS,BURGLARY,2400 - 2499 BLOCK OF 18TH STREET NW,396326,139306,1,1C,3,303,Cluster 1,004002 1,4002,Precinct 25,38.92161863,-77.04236742,ADAMS MORGAN,403636630,2016-05-21,2016-05-21,13:30:02,14:00:12
-77.02084863,38.95098128,16085939,2016/05/28 23:12:14+00,EVENING,OTHERS,BURGLARY,500  - 699 BLOCK OF FARRAGUT STREET NW,398193,142564,4,4D,4,407,Cluster 18,002201 1,2201,Precinct 55,38.95097349,-77.02084634,,403636641,2016-05-26,2016-05-28,20:30:55,20:00:36
-77.03081439,38.9202878,16100357,2016/06/19 20:08:32+00,EVENING,OTHERS,BURGLARY,1300 - 1399 BLOCK OF FLORIDA AVENUE NW,397328,139157,1,1B,3,304,Cluster 3,004400 1,4400,Precinct 22,38.92028001,-77.03081209,,403636673,2016-06-18,2016-06-19,21:30:15,10:30:36
-77.00057889,38.92397627,16088601,2016/06/02 01:01:56+00,EVENING,OTHERS,BURGLARY,2600 - 2699 BLOCK OF 4TH STREET NE,399950,139566,5,5E,5,502,Cluster 21,009204 1,9204,Precinct 74,38.92396847,-77.0005766,,403636693,2016-06-01,2016-06-01,21:29:52,23:22:37
-77.04560867,38.9193551,16088736,2016/06/02 03:28:25+00,MIDNIGHT,OTHERS,BURGLARY,1900 - 1999 BLOCK OF KALORAMA ROAD NW,396045,139054,1,1C,3,303,Cluster 1,004001 3,4001,Precinct 25,38.91934731,-77.04560637,,403636705,2016-06-01,2016-06-02,14:30:16,01:45:21
-76.9973283,38.88514123,16110754,2016/07/05 17:39:03+00,DAY,OTHERS,BURGLARY,600 - 669 BLOCK OF PENNSYLVANIA AVENUE SE,400232,135255,6,6B,1,107,Cluster 26,006500 1,6500,Precinct 89,38.88513344,-76.99732602,CAPITOL HILL,403636724,2016-07-04,2016-07-05,23:00:23,14:20:19
-77.01215636,38.91970569,16111817,2016/07/07 02:45:33+00,EVENING,OTHERS,BURGLARY,2200 - 2299 BLOCK OF 1ST STREET NW,398946,139092,5,5E,3,306,Cluster 21,003301 3,3301,Precinct 135,38.9196979,-77.01215407,,403636782,2016-07-07,2016-07-07,02:27:32,02:40:26
-77.07318409,38.92326872,16104166,2016/06/25 10:10:27+00,MIDNIGHT,OTHERS,BURGLARY,2504 - 2599 BLOCK OF WISCONSIN AVENUE NW,393654,139490,3,3B,2,204,Cluster 14,000702 2,702,Precinct 11,38.92326093,-77.07318178,,403636800,2016-06-25,2016-06-25,04:10:41,08:58:17
-77.05011852,38.90450751,16104178,2016/06/25 11:46:26+00,DAY,OTHERS,BURGLARY,1100 - 1199 BLOCK OF 23RD STREET NW,395653,137406,2,2A,2,207,Cluster 5,005500 3,5500,Precinct 4,38.90449972,-77.05011622,,403636801,2016-06-24,2016-06-25,23:00:33,09:00:56
-77.03311067,38.92355719,16104240,2016/06/25 16:06:52+00,DAY,OTHERS,BURGLARY,1400 - 1457 BLOCK OF EUCLID STREET NW,397129,139520,1,1B,3,304,Cluster 2,003700 1,3700,Precinct 23,38.9235494,-77.03310837,,403636805,2016-06-25,2016-06-25,09:15:41,10:44:14
-77.0413088,38.92161779,16104243,2016/06/25 16:20:15+00,DAY,OTHERS,BURGLARY,2300 - 2499 BLOCK OF CHAMPLAIN STREET NW,396418,139305,1,1C,3,303,Cluster 1,003800 1,3800,Precinct 24,38.92161,-77.0413065,ADAMS MORGAN,403636806,2016-06-24,2016-06-25,23:50:54,14:13:10
-77.0000484,38.90021226,16116241,2016/07/14 13:43:36+00,DAY,OTHERS,BURGLARY,400 - 499 BLOCK OF H STREET NE,399996,136928,6,6C,1,104,Cluster 25,008301 1,8301,Precinct 83,38.90020448,-77.00004611,,403636836,2016-07-14,2016-07-14,02:44:41,09:30:26
-77.03527367,38.93673572,16108166,2016/07/01 17:52:11+00,DAY,OTHERS,BURGLARY,1498 - 1589 BLOCK OF SPRING PLACE NW,396942,140983,1,1A,4,408,Cluster 2,002801 2,2801,Precinct 41,38.93672792,-77.03527137,,403636864,2016-07-01,2016-07-01,15:00:04,15:36:08
-77.01086287,38.9067248,16112935,2016/07/09 01:15:21+00,EVENING,OTHERS,BURGLARY,22 - 99 BLOCK OF NEW YORK AVENUE NW,399058,137651,6,6E,3,308,Cluster 8,004701 2,4701,Precinct 1,38.90671701,-77.01086058,,403636889,2016-07-08,2016-07-08,21:12:04,23:11:09
-77.02703973,38.91010031,16112956,2016/07/08 23:36:53+00,EVENING,OTHERS,BURGLARY,1500 - 1521 BLOCK OF 11TH STREET NW,397655,138026,2,2F,3,307,Cluster 7,004901 2,4901,Precinct 17,38.91009252,-77.02703744,,403636893,2016-07-08,2016-07-08,13:00:35,22:10:42
-76.95638864,38.88519618,16120311,2016/07/21 00:10:08+00,EVENING,OTHERS,BURGLARY,3400 - 3513 BLOCK OF MINNESOTA AVENUE SE,403784,135262,7,7B,6,603,Cluster 32,007708 2,7708,Precinct 132,38.88518839,-76.95638637,,403636919,2016-07-20,2016-07-20,12:40:38,20:39:55
-76.99976038,38.84325212,16116803,2016/07/15 08:01:29+00,MIDNIGHT,OTHERS,BURGLARY,3120 - 3127 BLOCK OF MARTIN LUTHER KING JR AVENUE SE,400021,130605,8,8C,7,707,Cluster 39,010400 1,10400,Precinct 123,38.84324435,-76.9997581,,403636943,2016-07-15,2016-07-15,06:42:26,07:01:21
-76.98007676,38.9171913,16112683,2016/07/08 15:16:44+00,DAY,OTHERS,BURGLARY,1600 - 1779 BLOCK OF NEW YORK AVENUE NE,401728,138813,5,5D,5,505,Cluster 23,008803 1,8803,Precinct 76,38.91718351,-76.98007448,,403636960,2016-07-08,2016-07-08,01:15:50,12:00:42
-76.97264637,38.9287745,16113122,2016/07/09 06:23:43+00,MIDNIGHT,OTHERS,BURGLARY,3000 - 3053 BLOCK OF THAYER STREET NE,402372,140099,5,5C,5,503,Cluster 22,011100 2,11100,Precinct 71,38.9287667,-76.97264409,,403636982,2016-07-09,2016-07-09,04:54:56,04:56:35
-77.0045001,38.92880464,16113216,2016/07/11 03:36:42+00,MIDNIGHT,OTHERS,BURGLARY,100 - 379 BLOCK OF MICHIGAN AVENUE NE,399610,140102,5,5A,4,405,Cluster 21,002302 1,2302,Precinct 44,38.92879684,-77.00449781,,403636986,2016-07-09,2016-07-09,09:10:05,09:17:40
-77.07353343,38.91536819,16124576,2016/07/27 13:08:01+00,DAY,OTHERS,BURGLARY,3700 - 3799 BLOCK OF T STREET NW,393623,138613,2,2E,2,206,Cluster 4,000300 3,300,Precinct 6,38.9153604,-77.07353113,,403637024,2016-07-27,2016-07-27,12:56:15,13:07:59
-77.01215599,38.91756171,16120677,2016/07/21 14:05:40+00,DAY,OTHERS,BURGLARY,2000 - 2099 BLOCK OF 1ST STREET NW,398946,138854,5,5E,3,306,Cluster 21,003301 2,3301,Precinct 135,38.91755391,-77.01215371,,403637045,2016-07-20,2016-07-21,17:00:28,13:00:06
-77.0455933,38.91334655,16104050,2016/06/25 08:44:37+00,MIDNIGHT,OTHERS,BURGLARY,1700 - 1799 BLOCK OF CONNECTICUT AVENUE NW,396046,138387,2,2B,2,208,Cluster 6,005500 1,5500,Precinct 14,38.91333876,-77.045591,DUPONT CIRCLE,403637122,2016-06-24,2016-06-25,06:20:15,05:15:42
-77.04776183,38.89735586,16104339,2016/06/25 18:34:44+00,DAY,OTHERS,BURGLARY,2100 - 2199 BLOCK OF F STREET NW,395857,136612,2,2A,2,207,Cluster 5,010800 3,10800,Precinct 2,38.89734807,-77.04775953,,403637134,2016-05-16,2016-05-16,16:00:33,23:00:39
-76.99679999,38.8432701,16104342,2016/06/27 13:09:44+00,DAY,OTHERS,BURGLARY,600 - 699 BLOCK OF ALABAMA AVENUE SE,400278,130607,8,8C,7,705,Cluster 39,009804 1,9804,Precinct 122,38.84326232,-76.99679771,,403637135,2016-06-25,2016-06-25,13:45:46,16:10:49
-77.0742185,38.91993498,16108337,2016/07/01 22:59:17+00,EVENING,OTHERS,BURGLARY,2200 - 2399 BLOCK OF OBSERVATORY PLACE NW,393564,139120,3,3B,2,204,Cluster 14,000300 4,300,Precinct 11,38.91992719,-77.07421619,,403637141,2016-07-01,2016-07-01,20:30:20,21:30:54
-77.04880677,38.90823752,16108341,2016/07/01 22:36:49+00,EVENING,OTHERS,BURGLARY,1320 - 1399 BLOCK OF 22ND STREET NW,395767,137820,2,2B,2,208,Cluster 6,005500 2,5500,Precinct 14,38.90822973,-77.04880447,,403637142,2016-07-01,2016-07-01,20:59:22,22:05:39
-77.08795337,38.93940143,16108378,2016/07/02 00:10:46+00,EVENING,OTHERS,BURGLARY,4400 - 4499 BLOCK OF MASSACHUSETTS AVENUE NW,392375,141282,3,3D,2,205,Cluster 13,000901 3,901,Precinct 9,38.93939364,-77.08795105,,403637147,2016-06-17,2016-07-01,04:00:10,20:00:34
-76.95102932,38.88493281,16108436,2016/07/02 04:24:45+00,MIDNIGHT,OTHERS,BURGLARY,300 399  BLOCK OF 37TH PLACE SE,404249,135233,7,7F,6,603,Cluster 32,007703 3,7703,Precinct 107,38.88492502,-76.95102706,,403637152,2016-07-01,2016-07-02,12:15:56,00:20:50
-76.98801171,38.90741833,16116373,2016/07/14 17:44:57+00,DAY,OTHERS,BURGLARY,1100 - 1199 BLOCK OF QUEEN STREET NE,401040,137728,5,5D,5,506,Cluster 23,008802 4,8802,Precinct 77,38.90741054,-76.98800943,,403637166,2016-07-14,2016-07-14,12:30:40,16:10:40
-76.93291478,38.89298631,16116446,2016/07/14 20:23:42+00,EVENING,OTHERS,BURGLARY,218 - 299 BLOCK OF 49TH STREET NE,405820,136128,7,7C,6,602,Cluster 30,007804 3,7804,Precinct 98,38.89297852,-76.93291252,,403637174,2016-07-10,2016-07-12,22:00:09,15:00:35
-77.05277468,38.91060499,16102229,2016/06/22 20:17:33+00,EVENING,OTHERS,BURGLARY,2300 - 2699 BLOCK OF Q STREET NW,395423,138083,2,2E,2,206,Cluster 4,000100 2,100,Precinct 5,38.9105972,-77.05277238,,403637196,2016-06-15,2016-06-15,08:40:32,09:00:23
-77.02887797,38.92243228,16129457,2016/08/04 01:57:49+00,EVENING,OTHERS,BURGLARY,1200 - 1299 BLOCK OF CLIFTON STREET NW,397496,139395,1,1B,3,304,Cluster 2,003600 3,3600,Precinct 23,38.92242448,-77.02887567,,403637233,2016-08-04,2016-08-04,00:00:06,00:50:40
-77.02284809,38.92639727,16101982,2016/06/22 10:43:38+00,MIDNIGHT,OTHERS,BURGLARY,2800 - 2829 BLOCK OF GEORGIA AVENUE NW,398019,139835,1,1B,3,306,Cluster 2,003500 1,3500,Precinct 37,38.92638948,-77.0228458,,403637269,2016-06-22,2016-06-22,09:22:40,10:34:37
-77.05549959,38.930368,16102744,2016/06/23 14:03:38+00,DAY,OTHERS,BURGLARY,3000 - 3199 BLOCK OF CONNECTICUT AVENUE NW,395188,140277,3,3C,2,204,Cluster 15,000502 2,502,Precinct 26,38.93036021,-77.05549729,,403637304,2016-06-22,2016-06-23,20:30:38,11:00:31
-77.03273285,38.92952081,16102755,2016/06/23 14:32:33+00,DAY,OTHERS,BURGLARY,3100 - 3299 BLOCK OF 14TH STREET NW,397162,140182,1,1A,3,302,Cluster 2,003000 1,3000,Precinct 39,38.92951301,-77.03273055,,403637305,2016-06-23,2016-06-23,09:50:26,09:51:34
-76.98691774,38.90020252,16102849,2016/06/23 18:10:55+00,DAY,OTHERS,BURGLARY,1300 - 1399 BLOCK OF H STREET NE,401135,136927,6,6A,1,104,Cluster 25,008402 1,8402,Precinct 82,38.90019474,-76.98691547,,403637313,2016-06-23,2016-06-23,09:20:24,09:40:44
-77.05161376,38.91557811,16117150,2016/07/15 21:11:25+00,EVENING,OTHERS,BURGLARY,2300 - 2399 BLOCK OF CALIFORNIA STREET NW,395524,138635,2,2D,2,208,Cluster 1,004100 3,4100,Precinct 13,38.91557032,-77.05161146,,403637325,2016-07-01,2016-07-03,09:00:38,09:20:20
-77.05161376,38.91557811,16117163,2016/07/15 21:48:05+00,EVENING,OTHERS,BURGLARY,2300 - 2399 BLOCK OF CALIFORNIA STREET NW,395524,138635,2,2D,2,208,Cluster 1,004100 3,4100,Precinct 13,38.91557032,-77.05161146,,403637327,2016-07-03,2016-07-03,09:42:48,09:46:00
-76.9747766,38.90562356,16105944,2016/06/28 09:16:07+00,MIDNIGHT,OTHERS,BURGLARY,1917 - 2099 BLOCK OF M STREET NE,402188,137529,5,5D,5,507,Cluster 23,008903 2,8903,Precinct 78,38.90561577,-76.97477433,,403637353,2016-06-28,2016-06-28,07:10:17,07:15:02
-76.99585071,38.92447165,16106062,2016/06/28 15:17:01+00,DAY,OTHERS,BURGLARY,701 - 709 BLOCK OF EDGEWOOD STREET NE,400360,139621,5,5E,5,502,Cluster 21,009204 2,9204,Precinct 74,38.92446386,-76.99584843,,403637367,2016-06-28,,13:41:44,
-76.99104073,38.93303829,16106459,2016/06/29 01:35:55+00,EVENING,OTHERS,BURGLARY,3500 - 3599 BLOCK OF 12TH STREET NE,400777,140572,5,5B,5,504,Cluster 22,009301 2,9301,Precinct 73,38.93303049,-76.99103844,,403637372,2016-06-28,2016-06-29,23:56:11,00:00:50
-77.01065496,38.82700038,16106506,2016/06/29 02:19:22+00,EVENING,OTHERS,BURGLARY,1 - 199 BLOCK OF DARRINGTON STREET SW,399075,128801,8,8D,7,708,Cluster 39,009807 2,9807,Precinct 126,38.8269926,-77.01065268,,403637375,2016-06-28,2016-06-28,17:00:04,19:30:12
-77.0014204,38.90723877,16102928,2016/06/23 19:46:38+00,EVENING,OTHERS,BURGLARY,300 - 399 BLOCK OF N STREET NE,399877,137708,6,6C,5,501,Cluster 25,010600 2,10600,Precinct 83,38.90723098,-77.00141811,NOMA,403637396,2016-06-23,2016-06-23,18:32:08,18:45:50
-77.07954977,38.94397466,16128685,2016/08/02 22:49:10+00,EVENING,OTHERS,BURGLARY,4000 - 4099 BLOCK OF VEAZEY STREET NW,393104,141789,3,3E,2,202,Cluster 11,001002 3,1002,Precinct 30,38.94396686,-77.07954746,,403637430,2016-08-02,2016-08-02,13:00:41,21:00:05
-77.04306044,38.91966235,16128731,2016/08/02 23:43:15+00,EVENING,OTHERS,BURGLARY,1800 - 1881 BLOCK OF KALORAMA ROAD NW,396266,139088,1,1C,3,303,Cluster 1,004002 2,4002,Precinct 25,38.91965456,-77.04305814,,403637434,2016-08-02,2016-08-02,14:00:50,15:00:08
-77.02962551,38.91755858,16120797,2016/07/21 18:18:11+00,DAY,OTHERS,BURGLARY,2000 - 2099 BLOCK OF 13TH STREET NW,397431,138854,1,1B,3,305,Cluster 3,004400 1,4400,Precinct 22,38.91755079,-77.02962322,,403637454,2016-07-21,2016-07-21,15:49:32,15:51:02
-76.99711163,38.82779357,16120811,2016/07/21 18:02:23+00,DAY,OTHERS,BURGLARY,4200 - 4399 BLOCK OF 7TH STREET SE,400251,128889,8,8D,7,706,Cluster 39,009811 2,9811,Precinct 125,38.8277858,-76.99710935,,403637457,2016-07-21,2016-07-21,10:30:30,15:00:20
-77.07461132,38.94269874,16120815,2016/07/21 19:17:24+00,EVENING,OTHERS,BURGLARY,4100 - 4199 BLOCK OF 38TH STREET NW,393532,141647,3,3F,2,202,Cluster 11,001200 4,1200,Precinct 33,38.94269094,-77.07460901,,403637458,2016-07-21,2016-07-21,16:40:09,16:45:24
-76.9884354,38.85417879,16110207,2016/07/04 18:25:32+00,DAY,OTHERS,BURGLARY,2400 - 2599 BLOCK OF ELVANS ROAD SE,401004,131818,8,8B,7,703,Cluster 37,007406 2,7406,Precinct 118,38.85417101,-76.98843313,,403637477,2016-07-04,2016-07-04,17:33:03,17:38:11
-76.93140351,38.88226546,16116508,2016/07/15 00:22:54+00,EVENING,OTHERS,BURGLARY,5000 - 5099 BLOCK OF KIMI GRAY COURT SE,405952,134938,7,7E,6,604,Cluster 33,009904 2,9904,Precinct 104,38.88225767,-76.93140125,,403637532,2016-07-14,2016-07-14,02:00:43,19:15:30
-76.97587428,38.86440143,16116621,2016/07/14 23:39:51+00,EVENING,OTHERS,BURGLARY,2200 2299  BLOCK OF GOOD HOPE ROAD SE,402094,132953,8,8B,6,607,Cluster 28,007504 1,7504,Precinct 114,38.86439365,-76.97587201,,403637539,2016-07-14,2016-07-14,20:00:11,21:45:38
-76.9897371,38.85520587,16116649,2016/07/15 00:30:48+00,EVENING,OTHERS,BURGLARY,2400 - 2699 BLOCK OF POMEROY ROAD SE,400891,131932,8,8B,7,703,Cluster 37,007406 2,7406,Precinct 118,38.85519809,-76.98973483,,403637542,2016-07-14,2016-07-15,23:19:12,00:29:02
-76.99951812,38.89672603,16129258,2016/08/03 21:54:41+00,EVENING,OTHERS,BURGLARY,500 - 599 BLOCK OF 5TH STREET NE,400042,136541,6,6C,1,104,Cluster 25,008301 2,8301,Precinct 84,38.89671824,-76.99951584,,403637573,2016-08-03,2016-08-03,12:00:25,19:00:35
-76.96658321,38.84830108,16097373,2016/06/15 08:51:50+00,MIDNIGHT,OTHERS,BURGLARY,2500 - 2999 BLOCK OF SOUTHERN AVENUE SE,402901,131166,8,8B,7,702,Cluster 38,,,Precinct 116,38.8482933,-76.96658094,,403637577,2016-06-15,2016-06-15,07:14:42,07:17:43
-76.96949966,38.87074186,16097529,2016/06/15 16:42:39+00,DAY,OTHERS,BURGLARY,2516 - 2699 BLOCK OF Q STREET SE,402647,133657,7,7B,6,607,Cluster 34,007604 1,7604,Precinct 111,38.87073408,-76.96949739,,403637595,2016-06-08,2016-06-15,19:00:38,14:30:28
-76.99100358,38.86179113,16098107,2016/06/16 13:41:40+00,DAY,OTHERS,BURGLARY,1234 - 1260 BLOCK OF TALBERT STREET SE,400781,132663,8,8A,7,703,Cluster 37,007407 2,7407,Precinct 119,38.86178335,-76.9910013,,403637612,2016-06-16,2016-06-16,09:00:24,10:30:38
-76.96010995,38.92915825,16102078,2016/06/22 17:40:21+00,DAY,OTHERS,BURGLARY,2855 - 3200 BLOCK OF BLADENSBURG ROAD NE,403459,140142,5,5C,5,503,Cluster 24,011100 1,11100,Precinct 71,38.92915045,-76.96010768,,403637661,2016-06-22,2016-06-22,13:02:33,16:41:08
-76.9823183,38.85240336,16102547,2016/06/23 02:39:54+00,EVENING,OTHERS,BURGLARY,3033 - 3097 BLOCK OF STANTON ROAD SE,401535,131621,8,8E,7,704,Cluster 38,007404 1,7404,Precinct 117,38.85239558,-76.98231603,,403637674,2016-06-23,2016-06-23,01:58:05,02:39:52
-77.07927416,38.96583792,16102710,2016/06/23 12:49:18+00,DAY,OTHERS,BURGLARY,5600 - 5699 BLOCK OF WESTERN AVENUE NW,393130,144216,3,3G,2,201,Cluster 10,001100 1,1100,Precinct 32,38.96583012,-77.07927185,,403637687,2016-06-22,2016-06-23,15:30:45,10:30:09
-76.99372983,38.91266164,16103072,2016/06/23 22:36:07+00,EVENING,OTHERS,BURGLARY,400 - 1229 BLOCK OF NEW YORK AVENUE NE,400544,138310,5,5D,5,505,Cluster 23,008803 1,8803,Precinct 76,38.91265384,-76.99372755,,403637711,2016-06-23,2016-06-23,21:02:50,21:08:57
-76.99929878,38.92857951,16107745,2016/06/30 23:50:18+00,EVENING,OTHERS,BURGLARY,500 - 599 BLOCK OF REGENT PLACE NE,400061,140077,5,5E,5,502,Cluster 21,009201 1,9201,Precinct 74,38.92857172,-76.9992965,,403637718,2016-06-30,2016-06-30,11:30:51,23:50:00
-77.01066857,38.91811136,16112225,2016/07/08 00:31:19+00,EVENING,OTHERS,BURGLARY,1 - 99 BLOCK OF V STREET NW,399075,138915,5,5E,3,306,Cluster 21,003301 2,3301,Precinct 135,38.91810357,-77.01066629,,403637730,2016-07-07,2016-07-07,12:45:14,18:30:36
-76.95655602,38.87531403,16102121,2016/06/22 16:53:38+00,DAY,OTHERS,BURGLARY,1200 - 1299 BLOCK OF 34TH PLACE SE,403770,134165,7,7B,6,605,Cluster 34,009901 2,9901,Precinct 108,38.87530625,-76.95655375,,403637739,2016-06-22,2016-06-22,14:44:55,15:49:15
-76.98209513,38.91539897,16102167,2016/06/22 19:04:32+00,EVENING,OTHERS,BURGLARY,1429 - 1599 BLOCK OF OKIE STREET NE,401553,138614,5,5D,5,506,Cluster 23,008803 1,8803,Precinct 76,38.91539118,-76.98209285,,403637744,2016-06-22,2016-06-22,14:21:16,14:25:37
-77.07235581,38.95935646,16102722,2016/06/23 13:15:58+00,DAY,OTHERS,BURGLARY,5300 - 5312 BLOCK OF CONNECTICUT AVENUE NW,393729,143496,3,3G,2,201,Cluster 10,001100 1,1100,Precinct 32,38.95934866,-77.0723535,,403637763,2016-06-22,2016-06-23,22:00:08,11:30:50
-76.93554217,38.88108771,16106732,2016/06/29 17:02:07+00,DAY,OTHERS,BURGLARY,600 - 699 BLOCK OF 46TH PLACE SE,405593,134807,7,7F,6,604,Cluster 33,009907 2,9907,Precinct 103,38.88107993,-76.93553991,,403637770,2016-06-28,2016-06-29,09:30:35,12:15:54
-76.99497612,38.89812222,16106858,2016/06/29 21:18:36+00,EVENING,OTHERS,BURGLARY,600 - 699 BLOCK OF 8TH STREET NE,400436,136696,6,6C,1,104,Cluster 25,008302 1,8302,Precinct 84,38.89811443,-76.99497384,,403637784,2016-06-28,2016-06-29,22:00:56,18:00:27
-77.10928579,38.92760957,16103220,2016/06/24 01:09:39+00,EVENING,OTHERS,BURGLARY,5400 - 5499 BLOCK OF POTOMAC AVENUE NW,390524,139975,3,3D,2,205,Cluster 13,000902 2,902,Precinct 8,38.92760178,-77.10928347,,403637800,2016-06-23,,23:03:23,
-76.98977116,38.93918184,16103246,2016/06/24 01:42:07+00,EVENING,OTHERS,BURGLARY,1200 - 1223 BLOCK OF MICHIGAN AVENUE NE,400887,141254,5,5B,5,504,Cluster 20,009504 1,9504,Precinct 68,38.93917405,-76.98976887,,403637803,2016-06-22,2016-06-22,14:00:25,21:30:58
-76.97417918,38.89984908,16103268,2016/06/24 01:20:52+00,EVENING,OTHERS,BURGLARY,713 - 799 BLOCK OF 21ST STREET NE,402240,136888,5,5D,5,507,Cluster 23,008904 2,8904,Precinct 79,38.89984129,-76.97417691,,403637804,2016-06-23,2016-06-24,15:00:29,01:00:33
-77.0020868,38.82870345,16107272,2016/06/30 09:36:48+00,MIDNIGHT,OTHERS,BURGLARY,4000 - 4399 BLOCK OF 3RD STREET SE,399819,128990,8,8D,7,708,Cluster 39,009810 1,9810,Precinct 125,38.82869567,-77.00208452,,403637810,2016-06-30,2016-06-30,08:17:41,08:21:33
-76.9730366,38.90326299,16113985,2016/07/10 20:26:31+00,EVENING,OTHERS,BURGLARY,2100 - 2199 BLOCK OF I STREET NE,402339,137267,5,5D,5,507,Cluster 23,008904 1,8904,Precinct 79,38.9032552,-76.97303433,,403637828,2016-07-10,2016-07-10,19:14:00,20:12:27
-76.96875908,38.93043105,16113997,2016/07/10 21:11:04+00,EVENING,OTHERS,BURGLARY,2600 - 2799 BLOCK OF MYRTLE AVENUE NE,402709,140283,5,5C,5,503,Cluster 24,011100 1,11100,Precinct 71,38.93042326,-76.9687568,,403637830,2016-07-10,2016-07-10,20:21:18,21:08:03
-76.99529295,38.84328626,16106999,2016/06/29 23:43:26+00,EVENING,OTHERS,BURGLARY,3200 - 3299 BLOCK OF 8TH STREET SE,400408.83,130608.8,8,8C,7,705,Cluster 39,009804 1,9804,Precinct 122,38.84327848,-76.99529067,,403637840,2016-06-29,2016-06-29,21:26:48,21:30:11
-77.00369342,38.94074067,16107014,2016/06/30 00:32:11+00,EVENING,OTHERS,BURGLARY,200 - 289 BLOCK OF TAYLOR STREET NE,399680,141427,5,5A,4,405,Cluster 19,009501 3,9501,Precinct 44,38.94073287,-77.00369113,,403637841,2016-06-29,2016-06-29,15:00:02,19:45:03
-76.96658321,38.84830108,16098911,2016/06/17 18:02:16+00,DAY,OTHERS,BURGLARY,2500 - 2999 BLOCK OF SOUTHERN AVENUE SE,402901,131166,8,8B,7,702,Cluster 38,,,Precinct 116,38.8482933,-76.96658094,,403637852,2016-06-17,2016-06-17,12:00:14,15:00:08
-77.01621514,38.9185161,16098199,2016/06/16 16:37:29+00,DAY,OTHERS,BURGLARY,200 - 399 BLOCK OF V STREET NW,398594,138960,1,1B,3,306,Cluster 3,003400 1,3400,Precinct 20,38.91850831,-77.01621285,,403637918,2016-06-16,2016-06-16,02:55:26,15:44:19
-76.97318268,38.91335237,16111627,2016/07/06 21:56:24+00,EVENING,OTHERS,BURGLARY,2200 - 2399 BLOCK OF RAND PLACE NE,402326,138387,5,5C,5,503,Cluster 23,011100 3,11100,Precinct 72,38.91334458,-76.97318041,,403637942,2016-07-04,2016-07-06,21:00:59,13:00:14
-77.00203168,38.91519313,16103348,2016/06/24 07:04:49+00,MIDNIGHT,OTHERS,BURGLARY,1821 - 1899 BLOCK OF 3RD STREET NE,399824,138591,5,5E,5,502,Cluster 21,008702 2,8702,Precinct 75,38.91518534,-77.00202939,,403637948,2016-06-23,2016-06-24,23:00:32,01:00:41
-77.03122557,38.93761068,16103413,2016/06/24 07:57:45+00,MIDNIGHT,OTHERS,BURGLARY,1300  - 1399 BLOCK OF QUINCY STREET NW,397293,141080,4,4C,4,404,Cluster 18,002502 3,2502,Precinct 49,38.93760288,-77.03122328,,403637953,2016-06-24,2016-06-24,05:30:00,05:35:12
-76.9949889,38.88027662,16103527,2016/06/24 17:57:35+00,DAY,OTHERS,BURGLARY,700 - 799 BLOCK OF 8TH STREET SE,400435,134715,6,6B,1,106,Cluster 26,007000 2,7000,Precinct 90,38.88026884,-76.99498662,CAPITOL HILL,403637965,2016-06-24,2016-06-24,05:00:06,13:30:29
-76.9949889,38.88027662,16103532,2016/06/24 18:27:17+00,DAY,OTHERS,BURGLARY,700 - 799 BLOCK OF 8TH STREET SE,400435,134715,6,6B,1,106,Cluster 26,007000 2,7000,Precinct 90,38.88026884,-76.99498662,CAPITOL HILL,403637966,2016-06-24,2016-06-24,05:00:27,13:30:13
-76.92714243,38.87903787,16110682,2016/07/05 16:02:38+00,DAY,OTHERS,BURGLARY,5150 - 5199 BLOCK OF SOUTHERN AVENUE SE,406322,134580,7,7E,6,604,Cluster 33,007707 1,7707,Precinct 106,38.87903008,-76.92714018,,403637971,2016-07-05,2016-07-05,08:00:08,10:00:47
-76.99144354,38.94019091,16098302,2016/06/16 20:09:47+00,EVENING,OTHERS,BURGLARY,1000 - 1199 BLOCK OF SIGSBEE PLACE NE,400742,141366,5,5B,4,405,Cluster 20,009504 1,9504,Precinct 68,38.94018311,-76.99144126,,403638004,2016-06-16,2016-06-16,17:49:46,17:59:48
-76.97727946,38.93856752,16098351,2016/06/16 20:53:52+00,EVENING,OTHERS,BURGLARY,4000 - 4099 BLOCK OF 19TH PLACE NE,401970,141186,5,5B,5,503,Cluster 24,009400 4,9400,Precinct 69,38.93855972,-76.97727718,,403638011,2016-06-16,2016-06-16,17:00:02,19:00:43
-76.96458865,38.85156154,16098380,2016/06/16 22:51:04+00,EVENING,OTHERS,BURGLARY,3000 - 3099 BLOCK OF 30TH STREET SE,403074,131528,8,8B,7,702,Cluster 36,007408 1,7408,Precinct 115,38.85155377,-76.96458639,,403638015,2016-06-16,2016-06-16,20:00:47,21:00:46
-76.93126971,38.87759002,16107467,2016/06/30 20:19:21+00,EVENING,OTHERS,BURGLARY,5000 - 5069 BLOCK OF BENNING ROAD SE,405964,134419,7,7E,6,604,Cluster 33,007707 1,7707,Precinct 106,38.87758224,-76.93126745,,403638049,2016-06-30,2016-06-30,07:00:13,14:00:08
-77.05208219,38.90965042,16127744,2016/08/01 13:55:27+00,DAY,OTHERS,BURGLARY,2300 - 2599 BLOCK OF P STREET NW,395483,137977,2,2E,2,208,Cluster 4,000100 2,100,Precinct 5,38.90964263,-77.05207989,,403638057,2016-07-31,2016-07-31,03:00:20,14:00:57
-76.98560104,38.91252579,16127766,2016/08/01 16:15:02+00,DAY,OTHERS,BURGLARY,1800 - 1899 BLOCK OF CENTRAL PLACE NE,401249,138295,5,5D,5,506,Cluster 23,008803 1,8803,Precinct 76,38.912518,-76.98559876,,403638058,2016-08-01,2016-08-01,12:50:04,13:22:04
-76.95278114,38.88508667,16115936,2016/07/14 02:07:10+00,EVENING,OTHERS,BURGLARY,230 - 499 BLOCK OF 37TH STREET SE,404097,135250,7,7F,6,603,Cluster 32,007703 3,7703,Precinct 107,38.88507889,-76.95277887,,403638098,2016-07-13,2016-07-13,22:00:22,22:59:58
-76.9476552,38.89666025,16119832,2016/07/20 02:59:18+00,EVENING,OTHERS,BURGLARY,4000 - 4121 BLOCK OF MINNESOTA AVENUE NE,404541,136535,7,7F,6,602,Cluster 30,007803 1,7803,Precinct 99,38.89665246,-76.94765293,,403638105,2016-07-19,2016-07-19,18:00:19,22:30:14
-77.00057889,38.92397627,16119838,2016/07/20 02:36:21+00,EVENING,OTHERS,BURGLARY,2600 - 2699 BLOCK OF 4TH STREET NE,399950,139566,5,5E,5,502,Cluster 21,009204 1,9204,Precinct 74,38.92396847,-77.0005766,,403638106,2016-07-19,2016-07-20,22:00:48,02:36:20
-77.02110404,38.95641323,16119970,2016/07/20 12:23:00+00,DAY,OTHERS,BURGLARY,500  - 699 BLOCK OF KENNEDY STREET NW,398171,143167,4,4D,4,403,Cluster 18,002101 2,2101,Precinct 56,38.95640543,-77.02110175,,403638115,2016-07-20,2016-07-20,02:00:09,11:00:34
-76.98928103,38.90020276,16120118,2016/07/20 17:44:36+00,DAY,OTHERS,BURGLARY,1200 - 1299 BLOCK OF H STREET NE,400930,136927,6,6A,1,104,Cluster 25,008402 1,8402,Precinct 82,38.90019498,-76.98927875,,403638131,2016-07-20,2016-07-20,01:00:57,16:00:27
-76.97899635,38.9053001,16123748,2016/07/26 05:06:34+00,MIDNIGHT,OTHERS,BURGLARY,1140 - 1199 BLOCK OF 17TH STREET NE,401822,137493,5,5D,5,507,Cluster 23,008903 1,8903,Precinct 78,38.90529231,-76.97899407,,403638138,2016-07-25,2016-07-26,20:00:18,03:22:18
-76.93552728,38.91031987,16123840,2016/07/26 12:31:29+00,DAY,OTHERS,BURGLARY,1500 - 1599 BLOCK OF KENILWORTH AVENUE NE,405592,138052,7,7D,6,602,Cluster 31,009601 1,9601,Precinct 92,38.91031207,-76.93552502,,403638147,2016-07-25,2016-07-26,19:00:35,11:00:01
-77.00204268,38.89673502,16123849,2016/07/26 13:41:33+00,DAY,OTHERS,BURGLARY,500 - 599 BLOCK OF 3RD STREET NE,399823,136542,6,6C,1,104,Cluster 25,008301 2,8301,Precinct 84,38.89672723,-77.0020404,,403638150,2016-07-26,2016-07-26,07:49:42,07:52:27
-76.97971616,38.84715102,16129933,2016/08/04 22:50:10+00,EVENING,OTHERS,BURGLARY,1700 1799  BLOCK OF ALABAMA AVENUE SE,401761,131038,8,8E,7,704,Cluster 38,007404 1,7404,Precinct 117,38.84714324,-76.97971388,,403638190,2016-08-04,,19:51:21,
-77.10519083,38.934847,16139721,2016/08/20 15:14:03+00,DAY,OTHERS,BURGLARY,5100 - 5149 BLOCK OF WATSON STREET NW,390880,140778,3,3D,2,205,Cluster 13,000901 1,901,Precinct 8,38.93483921,-77.10518852,,403638220,2016-08-19,2016-08-20,05:35:48,13:00:15
-76.95553251,38.87187244,16128051,2016/08/01 23:08:03+00,EVENING,OTHERS,BURGLARY,1400 - 1499 BLOCK OF 35TH STREET SE,403859,133783,7,7B,6,605,Cluster 34,009901 2,9901,Precinct 109,38.87186465,-76.95553024,,403638242,2016-08-01,2016-08-01,20:53:14,23:08:03
-77.00057855,38.88198832,16128169,2016/08/02 01:49:04+00,EVENING,OTHERS,BURGLARY,500 - 599 BLOCK OF 4TH STREET SE,399950,134905,6,6B,1,106,Cluster 26,007000 1,7000,Precinct 90,38.88198054,-77.00057626,,403638252,2016-08-01,2016-08-02,12:45:01,00:30:53
-77.02972138,38.92625159,16128242,2016/08/02 05:08:21+00,MIDNIGHT,OTHERS,BURGLARY,2800 - 2899 BLOCK OF 13TH STREET NW,397423,139819,1,1A,3,304,Cluster 2,003600 2,3600,Precinct 36,38.9262438,-77.02971909,,403638257,2016-08-01,2016-08-01,22:30:33,23:00:59
-77.0244086,38.93697271,16126577,2016/07/30 14:23:06+00,DAY,OTHERS,BURGLARY,3700  - 3799 BLOCK OF GEORGIA AVENUE NW,397884,141009,4,4C,4,407,Cluster 18,002502 2,2502,Precinct 49,38.93696491,-77.0244063,,403638291,2016-07-29,2016-07-30,20:15:31,13:22:59
-77.00132792,38.89432079,16127163,2016/07/31 09:23:32+00,MIDNIGHT,OTHERS,BURGLARY,300 - 399 BLOCK OF MASSACHUSETTS AVENUE NE,399885,136274,6,6C,1,108,Cluster 25,008200 2,8200,Precinct 84,38.894313,-77.00132564,CAPITOL HILL,403638298,2016-07-31,2016-07-31,08:05:22,09:12:55
-77.0306361,38.90791039,16127167,2016/07/31 10:16:54+00,MIDNIGHT,OTHERS,BURGLARY,1300 - 1399 BLOCK OF VERMONT AVENUE NW,397343,137783,2,2F,3,307,Cluster 7,005002 2,5002,Precinct 17,38.9079026,-77.0306338,,403638299,2016-07-31,,08:49:35,
-76.99290053,38.90389647,16115531,2016/07/13 08:36:07+00,MIDNIGHT,OTHERS,BURGLARY,908 - 1006 BLOCK OF FLORIDA AVENUE NE,400616,137337,6,6A,5,506,Cluster 25,008410 1,8410,Precinct 82,38.90388868,-76.99289825,,403638330,2016-07-13,2016-07-13,07:10:42,07:11:56
-76.94571643,38.89945196,16115538,2016/07/13 09:39:09+00,MIDNIGHT,OTHERS,BURGLARY,4132 - 4151 BLOCK OF MINNESOTA AVENUE NE,404709,136845,7,7D,6,602,Cluster 30,007803 1,7803,Precinct 99,38.89944417,-76.94571416,,403638333,2016-07-13,2016-07-13,05:20:43,09:39:08
-77.07479469,38.96355277,16117990,2016/07/17 03:44:02+00,MIDNIGHT,OTHERS,BURGLARY,5500 - 5530 BLOCK OF CONNECTICUT AVENUE NW,393518,143962,3,3G,2,201,Cluster 10,001100 1,1100,Precinct 32,38.96354497,-77.07479238,,403638358,2016-07-17,2016-07-17,01:30:55,01:47:12
-76.99845881,38.8397208,16126587,2016/07/30 20:35:03+00,EVENING,OTHERS,BURGLARY,3301 - 3699 BLOCK OF 6TH STREET SE,400134,130213,8,8C,7,705,Cluster 39,009804 1,9804,Precinct 122,38.83971302,-76.99845653,,403638368,2016-07-30,2016-07-30,13:19:12,17:01:06
-76.97614473,38.84814127,16115256,2016/07/12 21:42:10+00,EVENING,OTHERS,BURGLARY,1900 2199  BLOCK OF SAVANNAH TERRACE SE,402071,131148,8,8E,7,704,Cluster 38,007403 1,7403,Precinct 116,38.84813349,-76.97614246,,403638411,2016-07-12,2016-07-12,21:09:18,21:41:55
-77.04549526,38.9223279,16119601,2016/07/19 20:50:40+00,EVENING,OTHERS,BURGLARY,1850 - 1947 BLOCK OF BILTMORE STREET NW,396055,139384,1,1C,3,303,Cluster 1,004001 1,4001,Precinct 25,38.9223201,-77.04549296,,403638431,2016-07-19,2016-07-19,13:00:46,20:00:31
-77.0664401,38.91325548,16127720,2016/08/01 13:27:14+00,DAY,OTHERS,BURGLARY,1680 - 1699 BLOCK OF WISCONSIN AVENUE NW,394238,138378,2,2E,2,206,Cluster 4,000202 1,202,Precinct 6,38.91324769,-77.06643779,GEORGETOWN,403638486,2016-07-30,2016-08-01,21:00:44,11:40:36
-77.01475524,38.94055963,16147727,2016/09/02 01:40:40+00,EVENING,OTHERS,BURGLARY,233  - 289 BLOCK OF ROCK CREEK CHURCH ROAD NW,398721,141407,4,4C,4,407,Cluster 18,002302 1,2302,Precinct 45,38.94055183,-77.01475295,,403638489,2016-09-01,2016-09-01,20:40:15,21:00:33
-76.99052023,38.85746705,16147827,2016/09/03 07:30:05+00,MIDNIGHT,OTHERS,BURGLARY,2600 - 2699 BLOCK OF DOUGLASS ROAD SE,400823,132183,8,8C,7,703,Cluster 37,007406 1,7406,Precinct 118,38.85745927,-76.99051795,,403638496,2016-09-01,2016-09-02,11:00:07,01:00:58
-76.95842577,38.8902326,16147830,2016/09/02 05:15:53+00,MIDNIGHT,OTHERS,BURGLARY,1 - 99 BLOCK OF KENILWORTH AVENUE NE,403607,135821,7,7D,6,603,Cluster 32,009604 1,9604,Precinct 101,38.89022482,-76.9584235,,403638497,2016-09-02,2016-09-02,02:10:19,05:07:58
-76.92493949,38.89161218,16135243,2016/08/13 06:30:26+00,MIDNIGHT,OTHERS,BURGLARY,5300 - 5351 BLOCK OF BLAINE STREET NE,406512,135976,7,7C,6,608,Cluster 33,007808 1,7808,Precinct 96,38.8916044,-76.92493723,,403638506,2016-08-13,2016-08-13,03:58:24,05:50:42
-77.00204268,38.89673502,16135333,2016/08/13 12:04:51+00,DAY,OTHERS,BURGLARY,500 - 599 BLOCK OF 3RD STREET NE,399823,136542,6,6C,1,104,Cluster 25,008301 2,8301,Precinct 84,38.89672723,-77.0020404,,403638517,2016-08-13,2016-08-13,08:29:00,10:27:05
-77.08246255,38.95903448,16144048,2016/08/27 06:17:05+00,MIDNIGHT,OTHERS,BURGLARY,4200 - 4216 BLOCK OF JENIFER STREET NW,392853,143461,3,3E,2,202,Cluster 11,001100 2,1100,Precinct 32,38.95902668,-77.08246024,,403638537,2016-08-27,2016-08-27,02:30:56,06:12:19
-77.01808273,38.91669614,16116194,2016/07/14 09:27:18+00,MIDNIGHT,OTHERS,BURGLARY,400 - 499 BLOCK OF U STREET NW,398432,138758,1,1B,3,306,Cluster 3,003400 2,3400,Precinct 37,38.91668835,-77.01808044,,403638546,2016-07-14,2016-07-14,07:40:13,07:45:09
-76.97952749,38.9025076,16134639,2016/08/12 11:59:32+00,DAY,OTHERS,BURGLARY,1638 - 1699 BLOCK OF K STREET NE,401776,137183,5,5D,5,507,Cluster 23,008903 1,8903,Precinct 79,38.90249981,-76.97952521,,403638564,2016-08-12,2016-08-12,03:00:14,10:15:26
-76.96675532,38.84977851,16134984,2016/08/13 00:04:34+00,EVENING,OTHERS,BURGLARY,2800 - 2899 BLOCK OF SHIPLEY TERRACE SE,402886,131330,8,8B,7,702,Cluster 36,007408 1,7408,Precinct 115,38.84977073,-76.96675305,,403638578,2016-08-12,2016-08-12,17:50:47,18:00:39
-76.98743913,38.88535678,16139308,2016/08/19 23:52:06+00,EVENING,OTHERS,BURGLARY,1300 - 1349 BLOCK OF C STREET SE,401090,135279,6,6B,1,107,Cluster 26,006900 1,6900,Precinct 91,38.885349,-76.98743685,,403638591,2016-08-19,2016-08-19,22:46:43,22:50:54
-76.95644197,38.89224075,16125221,2016/07/28 13:06:33+00,DAY,OTHERS,BURGLARY,200 - 239 BLOCK OF KENILWORTH AVENUE NE,403779,136044,7,7D,6,603,Cluster 32,009604 1,9604,Precinct 101,38.89223296,-76.9564397,,403638596,2016-07-27,2016-07-28,18:00:53,11:00:14
-77.00802413,38.88421312,16125345,2016/07/28 18:54:29+00,DAY,OTHERS,BURGLARY,1 - 99 BLOCK OF IVY STREET SE,399304,135152,6,6B,1,106,Cluster 26,006500 2,6500,Precinct 130,38.88420533,-77.00802185,CAPITOL HILL,403638606,2016-07-21,2016-07-27,21:00:15,19:00:03
-76.99731664,38.88868152,16125361,2016/07/28 18:00:49+00,DAY,OTHERS,BURGLARY,600 - 699 BLOCK OF A STREET SE,400233,135648,6,6B,1,107,Cluster 26,006600 1,6600,Precinct 89,38.88867374,-76.99731436,,403638609,2016-07-28,2016-07-28,14:30:16,17:15:41
-77.04237132,38.9243109,16121697,2016/07/22 23:08:23+00,EVENING,OTHERS,BURGLARY,1730 - 1797 BLOCK OF LANIER PLACE NW,396326,139604,1,1C,3,303,Cluster 1,003900 3,3900,Precinct 35,38.92430311,-77.04236902,ADAMS MORGAN,403638620,2016-07-22,2016-07-22,13:05:55,20:00:13
-77.04663979,38.90910321,16121802,2016/07/23 02:16:01+00,EVENING,OTHERS,BURGLARY,1400 - 1499 BLOCK OF 21ST STREET NW,395955,137916,2,2B,2,208,Cluster 6,005500 4,5500,Precinct 14,38.90909542,-77.04663749,,403638631,2016-07-13,2016-07-23,16:00:49,00:00:55
-77.00589891,38.82971226,16134803,2016/08/12 18:21:39+00,DAY,OTHERS,BURGLARY,4100 - 4199 BLOCK OF 1ST STREET SE,399488,129102,8,8D,7,708,Cluster 39,009810 2,9810,Precinct 124,38.82970449,-77.00589662,,403638649,2016-08-12,2016-08-12,02:30:37,16:00:33
-76.93138695,38.88749932,16139208,2016/08/19 23:05:56+00,EVENING,OTHERS,BURGLARY,4900 - 4999 BLOCK OF ASTOR PLACE SE,405953,135519,7,7E,6,604,Cluster 33,009904 1,9904,Precinct 104,38.88749153,-76.93138469,,403638674,2016-08-19,2016-08-19,17:00:12,18:30:32
-77.10519083,38.934847,16139575,2016/08/20 07:40:54+00,MIDNIGHT,OTHERS,BURGLARY,5100 - 5149 BLOCK OF WATSON STREET NW,390880,140778,3,3D,2,205,Cluster 13,000901 1,901,Precinct 8,38.93483921,-77.10518852,,403638681,2016-08-20,2016-08-20,05:42:29,07:40:51
-76.94670688,38.86987788,16143743,2016/08/26 23:32:16+00,EVENING,OTHERS,BURGLARY,3932 - 4099 BLOCK OF ALABAMA AVENUE SE,404625,133562,7,7B,6,605,Cluster 34,009902 2,9902,Precinct 110,38.8698701,-76.94670462,,403638692,2016-08-22,2016-08-23,19:00:24,01:00:12
-76.98955434,38.84449482,16129542,2016/08/04 04:47:51+00,MIDNIGHT,OTHERS,BURGLARY,1200 - 1299 BLOCK OF ALABAMA AVENUE SE,400907,130743,8,8E,7,705,,007304 2,7304,Precinct 119,38.84448704,-76.98955206,,403638694,2016-08-03,2016-08-04,20:00:45,04:04:37
-76.96229008,38.92837525,16129607,2016/08/04 10:06:51+00,MIDNIGHT,OTHERS,BURGLARY,3000 - 3099 BLOCK OF EARL PLACE NE,403270,140055,5,5C,5,503,Cluster 24,011100 1,11100,Precinct 71,38.92836746,-76.96228781,,403638700,2016-08-04,2016-08-04,08:00:28,08:45:51
-77.01942843,38.90417433,16126255,2016/07/30 01:39:27+00,EVENING,OTHERS,BURGLARY,500 - 599 BLOCK OF L STREET NW,398315,137368,6,6E,3,308,Cluster 8,004802 2,4802,Precinct 18,38.90416654,-77.01942614,,403638741,2016-07-29,2016-07-30,13:00:49,00:00:17
-77.06141133,38.93824731,16114454,2016/07/11 17:45:41+00,DAY,OTHERS,BURGLARY,3000 - 3099 BLOCK OF RODMAN STREET NW,394676,141152,3,3C,2,203,Cluster 15,000600 1,600,Precinct 27,38.93823952,-77.06140902,,403638743,2016-07-11,2016-07-11,16:48:00,17:45:38
-77.00358798,38.90846386,16114503,2016/07/11 20:16:00+00,EVENING,OTHERS,BURGLARY,150 - 199 BLOCK OF FLORIDA AVENUE NE,399689,137844,6,6C,5,501,Cluster 25,010600 2,10600,Precinct 83,38.90845607,-77.00358569,NOMA,403638752,2016-07-11,2016-07-11,00:40:30,01:09:23
-77.05873558,38.91053008,16114600,2016/07/11 20:56:30+00,EVENING,OTHERS,BURGLARY,2900 - 2999 BLOCK OF Q STREET NW,394906,138075,2,2E,2,206,Cluster 4,000100 3,100,Precinct 5,38.91052229,-77.05873328,,403638765,2016-07-11,2016-07-11,17:30:31,20:30:15
-76.92923606,38.89458763,16143908,2016/08/27 01:57:56+00,EVENING,OTHERS,BURGLARY,300 - 409 BLOCK OF 50TH STREET NE,406139,136306,7,7C,6,602,Cluster 31,007804 2,7804,Precinct 97,38.89457984,-76.92923379,,403638781,2016-08-26,2016-08-27,23:48:26,01:56:52
-76.97721708,38.84500655,16143921,2016/08/27 02:08:22+00,EVENING,OTHERS,BURGLARY,1800 - 1899 BLOCK OF TRENTON PLACE SE,401978,130800,8,8B,7,704,Cluster 38,007409 3,7409,Precinct 116,38.84499877,-76.9772148,,403638784,2016-08-26,2016-08-27,23:18:28,01:18:05
-76.97187191,38.8747512,16116021,2016/07/14 02:15:20+00,EVENING,OTHERS,BURGLARY,2300 - 2499 BLOCK OF FAIRLAWN AVENUE SE,402441,134102,7,7B,6,605,Cluster 34,007709 1,7709,Precinct 111,38.87474341,-76.97186964,,403638799,2016-07-13,2016-07-13,11:00:39,23:00:38
-77.00891503,38.81938836,16116047,2016/07/14 02:12:35+00,EVENING,OTHERS,BURGLARY,151 - 199 BLOCK OF JOLIET STREET SW,399226,127956,8,8D,7,708,,010900 2,10900,Precinct 126,38.81938059,-77.00891275,,403638805,2016-07-13,2016-07-13,13:00:38,22:31:00
-77.00753482,38.94379429,16116009,2016/07/14 00:27:53+00,EVENING,OTHERS,BURGLARY,4400 - 4499 BLOCK OF CLERMONT DRIVE NE,399347,141766,5,5A,4,405,Cluster 19,009501 2,9501,Precinct 44,38.9437865,-77.00753253,,403638814,2016-07-13,2016-07-13,13:45:09,23:00:21
-76.95838423,38.88241331,16147956,2016/09/02 12:59:33+00,DAY,OTHERS,BURGLARY,3300 - 3354 BLOCK OF MINNESOTA AVENUE SE,403611,134953,7,7B,6,603,Cluster 32,007708 2,7708,Precinct 132,38.88240553,-76.95838196,,403638825,2016-09-02,2016-09-02,11:28:56,12:59:29
-76.98150801,38.86726713,16147990,2016/09/02 14:57:29+00,DAY,OTHERS,BURGLARY,1600 - 1699 BLOCK OF T STREET SE,401605,133271,8,8A,6,607,Cluster 34,007605 3,7605,Precinct 112,38.86725935,-76.98150574,,403638828,2016-09-02,2016-09-02,00:00:14,13:20:15
-77.04047425,38.91409613,16120996,2016/07/21 23:59:44+00,EVENING,OTHERS,BURGLARY,1707 - 1799 BLOCK OF S STREET NW,396490,138470,2,2B,3,301,Cluster 6,004202 1,4202,Precinct 15,38.91408834,-77.04047195,,403638855,2016-07-21,2016-07-21,16:00:20,19:30:50
-76.94140133,38.88978389,16130263,2016/08/05 06:59:19+00,MIDNIGHT,OTHERS,BURGLARY,4100 - 4276 BLOCK OF EAST CAPITOL STREET,405084,135772,7,7F,6,603,Cluster 32,007703 1,7703,Precinct 103,38.8897761,-76.94139906,,403638876,2016-08-05,2016-08-05,05:38:12,06:59:18
-77.07672421,38.96596573,16118249,2016/07/17 17:29:00+00,DAY,OTHERS,BURGLARY,3800 - 3899 BLOCK OF NORTHAMPTON STREET NW,393351,144230,3,3G,2,201,Cluster 10,001100 1,1100,Precinct 32,38.96595794,-77.0767219,,403638908,2016-07-17,2016-07-17,02:30:55,12:00:34
-76.9431931,38.86883125,16126796,2016/07/30 22:16:23+00,EVENING,OTHERS,BURGLARY,1400 - 1499 BLOCK OF 42ND PLACE SE,404930,133446,7,7E,6,605,Cluster 34,009902 1,9902,Precinct 110,38.86882347,-76.94319083,,403638940,2016-07-30,2016-07-30,18:52:53,21:05:52
-77.08560716,38.95470825,16113567,2016/07/10 00:55:32+00,EVENING,OTHERS,BURGLARY,4312 - 4399 BLOCK OF FESSENDEN STREET NW,392580,142981,3,3E,2,202,Cluster 11,001001 2,1001,Precinct 31,38.95470045,-77.08560485,,403639001,2016-07-09,2016-07-09,23:00:45,23:40:26
-76.97834376,38.92823519,16122136,2016/07/23 16:19:20+00,DAY,OTHERS,BURGLARY,1803 - 1820 BLOCK OF HAMLIN STREET NE,401878,140039,5,5C,5,504,Cluster 22,009400 2,9400,Precinct 70,38.9282274,-76.97834148,,403639013,2016-07-23,2016-07-23,08:30:37,10:00:12
-76.97808623,38.9031109,16127011,2016/07/31 04:22:00+00,MIDNIGHT,OTHERS,BURGLARY,1000 - 1099 BLOCK OF 18TH STREET NE,401901,137250,5,5D,5,507,Cluster 23,008903 1,8903,Precinct 78,38.90310311,-76.97808395,,403639035,2016-07-31,2016-07-31,02:55:06,03:05:10
-76.987817,38.83236927,16114762,2016/07/12 01:07:55+00,EVENING,OTHERS,BURGLARY,4300 - 4399 BLOCK OF WHEELER ROAD SE,401058,129397,8,8E,7,706,Cluster 39,009700 1,9700,Precinct 121,38.8323615,-76.98781473,,403639048,2016-07-11,2016-07-11,10:30:17,22:50:43
-77.0519083,38.92419895,16115262,2016/07/12 21:49:25+00,EVENING,OTHERS,BURGLARY,2600 - 2649 BLOCK OF CONNECTICUT AVENUE NW,395499,139592,3,3C,2,204,Cluster 15,000501 2,501,Precinct 26,38.92419116,-77.051906,,403639055,2016-07-09,2016-07-09,01:29:55,18:30:05
-76.99951793,38.92450776,16115365,2016/07/13 01:10:17+00,EVENING,OTHERS,BURGLARY,400 - 599 BLOCK OF EVARTS STREET NE,400042,139625,5,5E,5,502,Cluster 21,009204 1,9204,Precinct 74,38.92449996,-76.99951565,,403639069,2016-07-11,2016-07-11,10:00:34,23:30:39
-76.97900333,38.92075841,16115376,2016/07/13 00:45:50+00,EVENING,OTHERS,BURGLARY,2300 - 2399 BLOCK OF 18TH STREET NE,401821,139209,5,5C,5,505,Cluster 22,009102 1,9102,Precinct 72,38.92075062,-76.97900105,,403639070,2016-07-12,2016-07-12,12:45:12,22:30:46
-77.04487842,38.91334683,16113791,2016/07/10 09:56:06+00,MIDNIGHT,OTHERS,BURGLARY,1700 - 1799 BLOCK OF 20TH STREET NW,396108,138387,2,2B,2,208,Cluster 6,004202 2,4202,Precinct 14,38.91333904,-77.04487612,,403639089,2016-07-10,2016-07-10,08:26:04,09:00:53
-77.02397289,38.91038924,16117280,2016/07/16 00:24:04+00,EVENING,OTHERS,BURGLARY,1500 - 1599 BLOCK OF 9TH STREET NW,397921,138058,6,6E,3,307,Cluster 7,004901 2,4901,Precinct 18,38.91038145,-77.0239706,,403639121,2016-07-15,2016-07-15,12:10:24,22:50:57
-77.00358798,38.90846386,16117365,2016/07/16 03:13:35+00,MIDNIGHT,OTHERS,BURGLARY,150 - 199 BLOCK OF FLORIDA AVENUE NE,399689,137844,6,6C,5,501,Cluster 25,010600 2,10600,Precinct 83,38.90845607,-77.00358569,NOMA,403639127,2016-07-16,2016-07-16,01:15:57,02:30:26
-77.01066221,38.87554683,16117398,2016/07/16 05:40:42+00,MIDNIGHT,OTHERS,BURGLARY,1200 - 1299 BLOCK OF HALF STREET SW,399075,134190,6,6D,1,105,Cluster 9,006400 1,6400,Precinct 127,38.87553905,-77.01065992,,403639129,2016-07-16,2016-07-16,02:53:22,04:50:26
-76.9536029,38.86207954,16114077,2016/07/10 23:48:51+00,EVENING,OTHERS,BURGLARY,3700 3799  BLOCK OF BANGOR STREET SE,404027,132696,7,7B,6,606,Cluster 35,007603 3,7603,Precinct 110,38.86207176,-76.95360064,,403639153,2016-07-10,2016-07-10,13:45:59,23:48:36
-76.97327986,38.90019119,16118585,2016/07/18 08:42:05+00,MIDNIGHT,OTHERS,BURGLARY,2100 - 2399 BLOCK OF H STREET NE,402318,136926,5,5D,5,507,Cluster 23,008904 1,8904,Precinct 79,38.9001834,-76.97327758,,403639165,2016-07-17,2016-07-18,19:00:57,03:00:38
-77.01065042,38.87379921,16118698,2016/07/18 10:59:11+00,MIDNIGHT,OTHERS,BURGLARY,1300 - 1399 BLOCK OF HALF STREET SW,399076,133996,6,6D,1,105,Cluster 9,006400 1,6400,Precinct 127,38.87379142,-77.01064814,,403639175,2016-07-18,2016-07-18,08:00:25,08:30:59
-77.02968814,38.98489541,16118800,2016/07/18 18:57:02+00,DAY,OTHERS,BURGLARY,7800  - 7899 BLOCK OF 13TH STREET NW,397428,146329,4,4A,4,401,Cluster 16,001600 1,1600,Precinct 62,38.98488761,-77.02968584,,403639186,2016-07-18,2016-07-18,14:20:35,14:26:03
-77.0416732,38.91372636,16119143,2016/07/19 03:06:02+00,MIDNIGHT,OTHERS,BURGLARY,1721 - 1799 BLOCK OF 18TH STREET NW,396386,138429,2,2B,3,301,Cluster 6,004202 1,4202,Precinct 14,38.91371857,-77.0416709,,403639190,2016-07-18,2016-07-18,16:30:11,19:00:46
-77.04570197,38.92099458,16119167,2016/07/19 02:19:20+00,EVENING,OTHERS,BURGLARY,2400 - 2415 BLOCK OF 19TH STREET NW,396037,139236,1,1C,3,303,Cluster 1,004001 3,4001,Precinct 25,38.92098679,-77.04569968,,403639192,2016-07-17,2016-07-19,21:30:00,02:18:59
-76.98209513,38.91539897,16118195,2016/07/17 14:01:54+00,DAY,OTHERS,BURGLARY,1429 - 1599 BLOCK OF OKIE STREET NE,401553,138614,5,5D,5,506,Cluster 23,008803 1,8803,Precinct 76,38.91539118,-76.98209285,,403639251,2016-07-17,2016-07-17,11:27:10,14:01:53
-77.07583506,38.96534475,16118209,2016/07/17 14:36:31+00,DAY,OTHERS,BURGLARY,5600 - 5628 BLOCK OF CONNECTICUT AVENUE NW,393428,144161,3,3G,2,201,Cluster 10,001100 1,1100,Precinct 32,38.96533695,-77.07583275,,403639252,2016-07-17,2016-07-17,11:52:49,12:00:25
-77.08086927,38.94791938,16118234,2016/07/17 16:05:30+00,DAY,OTHERS,BURGLARY,4100 - 4199 BLOCK OF ALBEMARLE STREET NW,392990,142227,3,3E,2,202,Cluster 11,001001 4,1001,Precinct 30,38.94791159,-77.08086696,,403639257,2016-07-16,2016-07-17,00:30:04,14:15:53
-76.94140133,38.88978389,16118237,2016/07/17 15:58:26+00,DAY,OTHERS,BURGLARY,4100 - 4276 BLOCK OF EAST CAPITOL STREET,405084,135772,7,7F,6,603,Cluster 32,007703 1,7703,Precinct 103,38.8897761,-76.94139906,,403639258,2016-07-15,2016-07-17,22:00:18,13:00:13
-77.07672421,38.96596573,16118241,2016/07/17 16:19:50+00,DAY,OTHERS,BURGLARY,3800 - 3899 BLOCK OF NORTHAMPTON STREET NW,393351,144230,3,3G,2,201,Cluster 10,001100 1,1100,Precinct 32,38.96595794,-77.0767219,,403639259,2016-07-17,2016-07-17,01:00:50,12:00:39
-76.9291474,38.87939043,16118838,2016/07/18 16:55:47+00,DAY,OTHERS,BURGLARY,5100 - 5199 BLOCK OF HANNA PLACE SE,406148,134619,7,7E,6,604,Cluster 33,007707 1,7707,Precinct 106,38.87938265,-76.92914514,,403639263,2016-07-18,2016-07-18,14:49:17,16:55:40
-77.01409332,38.918111,16122930,2016/07/24 21:35:12+00,EVENING,OTHERS,BURGLARY,150 - 199 BLOCK OF V STREET NW,398778,138915,5,5E,3,306,Cluster 21,003301 3,3301,Precinct 135,38.91810321,-77.01409103,,403639288,2016-07-01,2016-07-22,12:00:33,12:00:59
-77.07177427,38.93181849,16122943,2016/07/25 00:10:31+00,EVENING,OTHERS,BURGLARY,3600 - 3699 BLOCK OF WOODLEY ROAD NW,393777,140439,3,3C,2,204,Cluster 15,000400 1,400,Precinct 12,38.93181069,-77.07177196,,403639289,2016-07-24,2016-07-24,13:26:17,19:45:05
-76.98167267,38.89915685,16123196,2016/07/25 10:18:29+00,MIDNIGHT,OTHERS,BURGLARY,700 - 799 BLOCK OF 16TH STREET NE,401590,136811,6,6A,5,507,Cluster 25,007901 4,7901,Precinct 81,38.89914906,-76.98167039,,403639309,2016-07-25,2016-07-25,09:38:51,09:39:20
-76.99144329,38.94233488,16122725,2016/07/24 13:43:39+00,DAY,OTHERS,BURGLARY,1000 - 1199 BLOCK OF URELL PLACE NE,400742,141604,5,5B,4,405,Cluster 20,009504 2,9504,Precinct 67,38.94232708,-76.991441,,403639330,2016-07-22,2016-07-24,16:00:21,13:00:32
-77.00351803,38.89279833,16127532,2016/08/01 02:22:19+00,EVENING,OTHERS,BURGLARY,200 - 299 BLOCK OF 2ND STREET NE,399695,136105,6,6C,1,108,Cluster 25,008200 2,8200,Precinct 130,38.89279054,-77.00351574,CAPITOL HILL,403639369,2016-07-31,2016-07-31,21:34:37,21:37:02
-76.93914698,38.87057685,16127622,2016/08/01 06:52:50+00,MIDNIGHT,OTHERS,BURGLARY,4300 - 4399 BLOCK OF BARKER STREET SE,405281,133640,7,7E,6,605,Cluster 32,009902 1,9902,Precinct 106,38.87056906,-76.93914472,,403639377,2016-08-01,2016-08-01,04:58:46,06:23:02
-77.03387266,38.92540368,16131043,2016/08/06 12:26:32+00,DAY,OTHERS,BURGLARY,1400 - 1499 BLOCK OF GIRARD STREET NW,397063,139725,1,1B,3,304,Cluster 2,003700 2,3700,Precinct 36,38.92539589,-77.03387036,,403639414,2016-07-30,2016-08-06,13:00:53,11:50:12
-77.02351622,38.92409101,16136521,2016/08/15 16:58:04+00,DAY,OTHERS,BURGLARY,700 - 898 BLOCK OF EUCLID STREET NW,397961,139579,1,1B,3,304,Cluster 2,003500 2,3500,Precinct 37,38.92408322,-77.02351392,,403639449,2016-08-15,2016-08-15,15:12:08,15:30:58
-76.99376569,38.89812216,16136529,2016/08/15 16:39:26+00,DAY,OTHERS,BURGLARY,600 - 699 BLOCK OF 9TH STREET NE,400541,136696,6,6A,1,104,Cluster 25,008402 2,8402,Precinct 82,38.89811437,-76.99376341,,403639450,2016-08-15,2016-08-15,15:16:01,16:39:16
-76.97614473,38.84814127,16145643,2016/08/30 02:51:46+00,EVENING,OTHERS,BURGLARY,1900 - 2199 BLOCK OF SAVANNAH TERRACE SE,402071,131148,8,8E,7,704,Cluster 38,007403 1,7403,Precinct 116,38.84813349,-76.97614246,,403639456,2016-08-29,2016-08-29,12:00:40,19:00:39
-76.9256358,38.88710844,16132041,2016/08/08 07:53:53+00,MIDNIGHT,OTHERS,BURGLARY,100 118  BLOCK OF 53RD STREET SE,406452,135476,7,7E,6,604,Cluster 33,009905 1,9905,Precinct 104,38.88710065,-76.92563354,,403639461,2016-08-07,2016-08-09,19:30:00,00:00:58
-76.99951823,38.88072715,16132093,2016/08/08 06:51:59+00,MIDNIGHT,OTHERS,BURGLARY,600 - 799 BLOCK OF 5TH STREET SE,400042,134765,6,6B,1,106,Cluster 26,007000 1,7000,Precinct 90,38.88071936,-76.99951595,,403639468,2016-08-08,2016-08-08,05:55:58,06:05:49
-77.02972138,38.92625159,16132111,2016/08/08 08:31:13+00,MIDNIGHT,OTHERS,BURGLARY,2800 - 2899 BLOCK OF 13TH STREET NW,397423,139819,1,1A,3,304,Cluster 2,003600 2,3600,Precinct 36,38.9262438,-77.02971909,,403639470,2016-08-08,2016-08-08,06:55:59,06:59:02
-77.01654486,38.94802726,16137437,2016/08/17 21:14:58+00,EVENING,OTHERS,BURGLARY,4700  - 4799 BLOCK OF 3RD PLACE NW,398566,142236,4,4C,4,407,Cluster 18,002202 2,2202,Precinct 55,38.94801946,-77.01654256,,403639477,2016-08-16,2016-08-17,13:00:39,00:24:17
-77.06325237,38.90722166,16114240,2016/07/11 05:41:56+00,MIDNIGHT,OTHERS,BURGLARY,1300 - 1335 BLOCK OF WISCONSIN AVENUE NW,394514,137708,2,2E,2,206,Cluster 4,000202 3,202,Precinct 6,38.90721387,-77.06325007,GEORGETOWN,403639551,2016-07-11,2016-07-11,04:05:51,04:06:59
-77.03196258,38.90924327,16114396,2016/07/11 16:13:13+00,DAY,OTHERS,BURGLARY,1400 - 1499 BLOCK OF 14TH STREET NW,397228,137931,2,2F,3,307,Cluster 7,005002 2,5002,Precinct 16,38.90923548,-77.03196029,,403639644,2016-07-11,2016-07-11,01:00:44,15:13:03
-77.03196526,38.91520679,16114408,2016/07/11 16:23:01+00,DAY,OTHERS,BURGLARY,1820 - 1899 BLOCK OF 14TH STREET NW,397228,138593,2,2B,3,305,Cluster 3,004300 2,4300,Precinct 141,38.915199,-77.03196296,,403639645,2016-07-11,,14:49:54,
-77.03196558,38.91593647,16114419,2016/07/11 16:44:16+00,DAY,OTHERS,BURGLARY,1900 - 1920 BLOCK OF 14TH STREET NW,397228,138674,2,2B,3,301,Cluster 3,004300 2,4300,Precinct 141,38.91592868,-77.03196329,,403639646,2016-07-11,2016-07-11,11:45:10,15:10:01
-77.05808284,38.93483207,16114442,2016/07/11 17:18:16+00,DAY,OTHERS,BURGLARY,3319 - 3499 BLOCK OF CONNECTICUT AVENUE NW,394964.33,140772.69,3,3C,2,203,Cluster 15,001302 2,1302,Precinct 27,38.93482428,-77.05808053,,403639648,2016-07-11,2016-07-11,10:00:16,10:30:07
-76.98125363,38.91448899,16118336,2016/07/17 19:47:31+00,EVENING,OTHERS,BURGLARY,2032 - 2099 BLOCK OF WEST VIRGINIA AVENUE NE,401626,138513,5,5D,5,506,Cluster 23,008803 1,8803,Precinct 76,38.9144812,-76.98125135,,403639653,2016-07-17,2016-07-17,07:08:58,14:30:15
-77.03585745,38.92787137,16118357,2016/07/17 21:49:03+00,EVENING,OTHERS,BURGLARY,3000 - 3099 BLOCK OF 15TH STREET NW,396891,139999,1,1A,3,302,Cluster 2,002802 1,2802,Precinct 39,38.92786357,-77.03585516,,403639656,2016-07-17,2016-07-17,13:30:27,19:30:01
-77.02703973,38.91010031,16118852,2016/07/18 17:25:19+00,DAY,OTHERS,BURGLARY,1500 - 1521 BLOCK OF 11TH STREET NW,397655,138026,2,2F,3,307,Cluster 7,004901 2,4901,Precinct 17,38.91009252,-77.02703744,,403639658,2016-07-16,2016-07-18,18:00:14,11:00:15
-77.01991369,38.90791271,16119103,2016/07/18 23:51:34+00,EVENING,OTHERS,BURGLARY,1300 - 1399 BLOCK OF 6TH STREET NW,398273,137783,6,6E,3,308,Cluster 7,004802 2,4802,Precinct 18,38.90790492,-77.0199114,,403639669,2016-07-18,2016-07-18,13:05:44,23:05:26
-77.03554889,38.91038629,16122741,2016/07/24 14:51:16+00,DAY,OTHERS,BURGLARY,1500 - 1599 BLOCK OF CHURCH STREET NW,396917,138058,2,2B,2,208,Cluster 6,005201 2,5201,Precinct 16,38.9103785,-77.03554659,,403639672,2016-07-23,2016-07-24,21:30:08,05:30:06
-77.03966146,38.92466318,16122744,2016/07/24 15:47:59+00,DAY,OTHERS,BURGLARY,1700 - 1733 BLOCK OF COLUMBIA ROAD NW,396561,139643,1,1C,3,303,Cluster 1,003900 3,3900,Precinct 35,38.92465539,-77.03965916,ADAMS MORGAN,403639673,2016-07-24,2016-07-24,05:17:47,05:18:53
-77.03196558,38.91593647,16122754,2016/07/24 16:07:33+00,DAY,OTHERS,BURGLARY,1900 - 1920 BLOCK OF 14TH STREET NW,397228,138674,2,2B,3,305,Cluster 3,004300 2,4300,Precinct 141,38.91592868,-77.03196329,,403639676,2016-07-24,2016-07-24,12:00:24,13:10:26
-77.00746999,38.8755651,16122794,2016/07/24 17:18:10+00,DAY,OTHERS,BURGLARY,1200 - 1299 BLOCK OF HALF STREET SE,399352,134192,6,6D,1,106,Cluster 27,007200 2,7200,Precinct 131,38.87555732,-77.00746771,CAPITOL RIVERFRONT,403639679,2016-07-24,2016-07-24,06:42:00,16:00:03
-76.99497569,38.9042479,16123241,2016/07/25 15:15:30+00,DAY,OTHERS,BURGLARY,1100 - 1199 BLOCK OF 8TH STREET NE,400436,137376,6,6C,5,501,Cluster 25,010600 1,10600,Precinct 83,38.90424011,-76.99497341,,403639691,2016-07-24,2016-07-25,20:30:02,11:50:56
-76.98125363,38.91448899,16123304,2016/07/25 15:23:12+00,DAY,OTHERS,BURGLARY,2032 - 2099 BLOCK OF WEST VIRGINIA AVENUE NE,401626,138513,5,5D,5,506,Cluster 23,008803 1,8803,Precinct 76,38.9144812,-76.98125135,,403639696,2016-07-24,2016-07-25,00:00:38,13:00:05
-77.06526951,38.93187635,16121553,2016/07/22 19:31:57+00,EVENING,OTHERS,BURGLARY,3100 - 3199 BLOCK OF 33RD PLACE NW,394341,140445,3,3C,2,204,Cluster 15,000600 2,600,Precinct 27,38.93186856,-77.06526721,,403639716,2016-07-22,2016-07-22,18:20:49,19:31:55
-76.98312623,38.84608856,16125810,2016/07/29 09:51:37+00,MIDNIGHT,OTHERS,BURGLARY,1450 1529  BLOCK OF ALABAMA AVENUE SE,401465,130920,8,8E,7,704,Cluster 38,007304 1,7304,Precinct 120,38.84608079,-76.98312395,,403639723,2016-07-29,2016-07-29,07:20:46,07:40:29
-76.97657805,38.89676872,16143268,2016/08/26 02:03:59+00,EVENING,OTHERS,BURGLARY,1900 - 1999 BLOCK OF ROSEDALE STREET NE,402032,136546,7,7D,5,507,Cluster 25,007903 1,7903,Precinct 80,38.89676093,-76.97657578,,403639752,2016-08-26,2016-08-26,00:50:59,02:03:57
-76.95102932,38.88493281,16142248,2016/08/24 17:11:44+00,DAY,OTHERS,BURGLARY,300 399  BLOCK OF 37TH PLACE SE,404249,135233,7,7F,6,603,Cluster 32,007703 3,7703,Precinct 107,38.88492502,-76.95102706,,403639773,2016-08-24,2016-08-24,15:48:49,15:55:17
-76.92744028,38.90347778,16133787,2016/08/11 00:44:50+00,EVENING,OTHERS,BURGLARY,5024 - 5139 BLOCK OF SHERIFF ROAD NE,406294,137293,7,7C,6,608,Cluster 31,007809 1,7809,Precinct 94,38.90346999,-76.92743802,,403639823,2016-08-10,2016-08-10,11:45:42,22:30:24
-76.99943719,38.92707513,16133818,2016/08/11 01:38:15+00,EVENING,OTHERS,BURGLARY,2800 - 2899 BLOCK OF CHANCELLOR'S WAY NE,400049,139910,5,5E,5,502,Cluster 21,009201 1,9201,Precinct 74,38.92706733,-76.9994349,,403639825,2016-08-10,2016-08-11,01:00:04,00:45:01
-77.00737052,38.91664326,16147670,2016/09/01 23:57:05+00,EVENING,OTHERS,BURGLARY,1924 - 1999 BLOCK OF LINCOLN ROAD NE,399361,138752,5,5E,5,502,Cluster 21,008701 2,8701,Precinct 75,38.91663546,-77.00736823,,403639868,2016-09-01,2016-09-01,12:30:45,22:15:52
-76.9973283,38.88514123,16133363,2016/08/10 08:30:50+00,MIDNIGHT,OTHERS,BURGLARY,600 - 669 BLOCK OF PENNSYLVANIA AVENUE SE,400232,135255,6,6B,1,107,Cluster 26,006500 1,6500,Precinct 89,38.88513344,-76.99732602,CAPITOL HILL,403639902,2016-08-10,2016-08-10,06:44:27,08:00:29
-76.94140133,38.88978389,16134233,2016/08/11 21:04:00+00,EVENING,OTHERS,BURGLARY,4100 - 4276 BLOCK OF EAST CAPITOL STREET,405084,135772,7,7F,6,603,Cluster 32,007703 1,7703,Precinct 103,38.8897761,-76.94139906,,403639956,2016-08-11,2016-08-11,13:00:22,17:20:50
-76.99052023,38.85746705,16140905,2016/08/22 16:52:54+00,DAY,OTHERS,BURGLARY,2600 - 2699 BLOCK OF DOUGLASS ROAD SE,400823,132183,8,8C,7,703,Cluster 37,007406 1,7406,Precinct 118,38.85745927,-76.99051795,,403639978,2016-08-17,2016-08-22,18:00:42,11:30:52
-77.02155335,38.91611902,16137063,2016/08/16 15:39:47+00,DAY,OTHERS,BURGLARY,631 - 699 BLOCK OF FLORIDA AVENUE NW,398131,138694,1,1B,3,306,Cluster 3,003400 2,3400,Precinct 37,38.91611123,-77.02155106,,403639991,2016-08-16,2016-08-16,12:50:53,15:39:00
-77.03343607,38.95350068,16141734,2016/08/23 22:14:39+00,EVENING,OTHERS,BURGLARY,5200  - 5299 BLOCK OF 14TH STREET NW,397102,142844,4,4C,4,403,Cluster 18,002002 1,2002,Precinct 54,38.95349288,-77.03343378,,403640007,2016-08-23,2016-08-23,19:11:22,21:12:06
-77.03260979,38.91261221,16146099,2016/08/30 15:52:48+00,DAY,OTHERS,BURGLARY,1400 - 1425 BLOCK OF R STREET NW,397172,138305,2,2F,3,301,Cluster 7,005201 4,5201,Precinct 16,38.91260442,-77.03260749,,403640042,2016-08-30,2016-08-30,04:45:14,14:00:44
-77.04616587,38.90724768,16132741,2016/08/09 10:29:59+00,MIDNIGHT,OTHERS,BURGLARY,2008 - 2099 BLOCK OF N STREET NW,395996,137710,2,2B,2,208,Cluster 6,005500 3,5500,Precinct 4,38.90723989,-77.04616357,,403640066,2016-08-09,2016-08-09,08:34:48,08:41:22
-76.9860331,38.88473505,16132844,2016/08/09 16:38:10+00,DAY,OTHERS,BURGLARY,300 - 399 BLOCK OF KENTUCKY AVENUE SE,401212,135210,6,6B,1,107,Cluster 26,006900 1,6900,Precinct 91,38.88472726,-76.98603082,,403640078,2016-08-09,2016-08-09,05:45:57,14:15:49
-77.02721648,38.95026832,16132881,2016/08/09 16:31:28+00,DAY,OTHERS,BURGLARY,4900  - 4999 BLOCK OF GEORGIA AVENUE NW,397641,142485,4,4C,4,404,Cluster 18,002002 3,2002,Precinct 54,38.95026052,-77.02721418,,403640081,2016-08-09,2016-08-09,01:00:16,13:00:24
-76.99716552,38.92094043,16137657,2016/08/17 11:48:53+00,DAY,OTHERS,BURGLARY,500 - 799 BLOCK OF RHODE ISLAND AVENUE NE,400246,139229,5,5E,5,502,Cluster 21,009204 2,9204,Precinct 74,38.92093264,-76.99716323,,403640088,2016-08-17,2016-08-17,01:00:22,10:30:41
-76.99031586,38.92015634,16137821,2016/08/17 17:58:02+00,DAY,OTHERS,BURGLARY,1000 - 1249 BLOCK OF BRENTWOOD ROAD NE,400840,139142,5,5C,5,505,Cluster 22,009102 2,9102,Precinct 72,38.92014854,-76.99031358,,403640109,2016-08-17,2016-08-17,16:50:10,17:30:51
-77.02885887,38.90373998,16142126,2016/08/24 11:48:57+00,DAY,OTHERS,BURGLARY,1200 - 1299 BLOCK OF L STREET NW,397497,137320,2,2F,2,209,Cluster 8,010100 1,10100,Precinct 129,38.90373219,-77.02885658,DOWNTOWN,403640117,2016-08-24,2016-08-24,10:10:31,11:48:43
-76.97852356,38.90563332,16142187,2016/08/24 14:23:37+00,DAY,OTHERS,BURGLARY,1700 - 1799 BLOCK OF M STREET NE,401863,137530,5,5D,5,507,Cluster 23,008903 1,8903,Precinct 78,38.90562553,-76.97852128,,403640123,2016-08-22,2016-08-24,21:00:30,13:15:07
-77.02421419,38.94190929,16142203,2016/08/24 15:00:32+00,DAY,OTHERS,BURGLARY,800  - 899 BLOCK OF UPSHUR STREET NW,397901,141557,4,4C,4,407,Cluster 18,002400 3,2400,Precinct 45,38.9419015,-77.0242119,,403640125,2016-08-23,2016-08-24,21:00:07,13:00:21
-77.04487842,38.91334683,16142214,2016/08/24 15:30:59+00,DAY,OTHERS,BURGLARY,1700 - 1799 BLOCK OF 20TH STREET NW,396108,138387,2,2B,2,208,Cluster 6,004202 2,4202,Precinct 14,38.91333904,-77.04487612,,403640126,2016-08-23,2016-08-24,22:00:48,12:30:04
-76.98294135,38.89667073,16142055,2016/08/24 05:35:17+00,MIDNIGHT,OTHERS,BURGLARY,1500 - 1599 BLOCK OF F STREET NE,401480,136535,6,6A,5,507,Cluster 25,007901 3,7901,Precinct 81,38.89666294,-76.98293907,,403640127,2016-08-24,2016-08-24,02:30:49,04:30:53
-77.0063903,38.91557132,16142219,2016/08/24 17:33:34+00,DAY,OTHERS,BURGLARY,33 - 119 BLOCK OF T STREET NE,399446,138633,5,5E,5,502,Cluster 21,008701 1,8701,Precinct 75,38.91556353,-77.00638801,,403640128,2016-08-24,2016-08-24,13:43:29,13:45:11
-77.06513906,38.96581962,16142398,2016/08/24 20:42:46+00,EVENING,OTHERS,BURGLARY,3200  - 3299 BLOCK OF NORTHAMPTON STREET NW,394355,144213,4,3G,2,201,Cluster 10,001401 1,1401,Precinct 51,38.96581182,-77.06513675,,403640131,2016-08-24,2016-08-24,16:00:23,17:20:44
-77.01017101,38.82519873,16143217,2016/08/26 00:53:15+00,EVENING,OTHERS,BURGLARY,20 - 199 BLOCK OF FORRESTER STREET SW,399117,128601,8,8D,7,708,Cluster 39,009807 2,9807,Precinct 126,38.82519095,-77.01016873,,403640179,2016-08-25,2016-08-26,23:30:34,00:30:10
-76.9884354,38.85417879,16133153,2016/08/09 23:22:26+00,EVENING,OTHERS,BURGLARY,2400 - 2599 BLOCK OF ELVANS ROAD SE,401004,131818,8,8B,7,703,Cluster 37,007406 2,7406,Precinct 118,38.85417101,-76.98843313,,403640194,2016-07-26,2016-08-09,15:00:12,22:30:26
-77.08700059,38.94316761,16138131,2016/08/18 02:31:56+00,EVENING,OTHERS,BURGLARY,4400 - 4498 BLOCK OF VAN NESS STREET NW,392458,141700,3,3E,2,202,Cluster 11,001001 4,1001,Precinct 30,38.94315982,-77.08699828,,403640211,2016-08-18,2016-08-18,01:07:00,01:11:50
-76.97987574,38.8940398,16133933,2016/08/11 07:03:05+00,MIDNIGHT,OTHERS,BURGLARY,300 - 399 BLOCK OF 17TH PLACE NE,401746,136243,6,6A,5,507,Cluster 25,007901 2,7901,Precinct 81,38.89403201,-76.97987346,,403640250,2016-08-11,2016-08-11,05:24:11,06:30:01
-76.97805065,38.90632688,16135482,2016/08/13 18:54:11+00,DAY,OTHERS,BURGLARY,1200 - 1299 BLOCK OF 18TH STREET NE,401904,137607,5,5D,5,507,Cluster 23,008903 1,8903,Precinct 78,38.90631909,-76.97804838,,403640293,2016-08-12,2016-08-13,22:00:09,03:00:00
-76.99951793,38.92450776,16146850,2016/08/31 18:24:17+00,DAY,OTHERS,BURGLARY,400 - 599 BLOCK OF EVARTS STREET NE,400042,139625,5,5E,5,502,Cluster 21,009204 1,9204,Precinct 74,38.92449996,-76.99951565,,403640305,2016-08-31,2016-08-31,17:00:19,17:45:15
-76.99380745,38.94826248,16163860,2016/09/26 22:53:48+00,EVENING,OTHERS,BURGLARY,800 - 999 BLOCK OF DECATUR STREET NE,400537,142262,5,5A,4,405,Cluster 20,009509 2,9509,Precinct 66,38.94825468,-76.99380517,,403640353,2016-09-26,2016-09-26,20:55:17,22:53:46
-77.03490779,38.96685049,16163866,2016/09/26 23:28:54+00,EVENING,OTHERS,BURGLARY,1401  - 1599 BLOCK OF SOMERSET PLACE NW,396975,144326,4,4A,4,402,Cluster 17,001803 2,1803,Precinct 60,38.96684269,-77.03490549,,403640355,2016-09-26,2016-09-26,20:00:28,20:05:03
-76.99079805,38.93671366,16151144,2016/09/07 14:54:57+00,DAY,OTHERS,BURGLARY,3800 - 3899 BLOCK OF 12TH STREET NE,400798,140980,5,5B,5,504,Cluster 20,009504 1,9504,Precinct 68,38.93670586,-76.99079577,,403640371,2016-09-07,2016-09-07,10:02:14,13:30:52
-77.04116303,38.98872944,16140427,2016/08/21 18:00:24+00,DAY,OTHERS,BURGLARY,1700  - 1799 BLOCK OF NORTH PORTAL DRIVE NW,396434,146755,4,4A,4,401,Cluster 16,001600 4,1600,Precinct 62,38.98872163,-77.04116073,,403640403,2016-08-21,2016-08-21,15:43:30,18:00:16
-76.99931111,38.84583755,16140475,2016/08/21 20:19:12+00,EVENING,OTHERS,BURGLARY,500 - 599 BLOCK OF NEWCOMB STREET SE,400060,130892,8,8C,7,707,Cluster 39,010400 2,10400,Precinct 123,38.84582977,-76.99930883,,403640410,2016-08-21,2016-08-21,18:45:50,20:01:08
-76.99245968,38.92998457,16140599,2016/08/22 00:21:37+00,EVENING,OTHERS,BURGLARY,3200 - 3299 BLOCK OF 10TH STREET NE,400654,140233,5,5B,5,504,Cluster 22,009301 2,9301,Precinct 73,38.92997678,-76.99245739,,403640422,2016-08-21,2016-08-21,18:00:22,23:00:21
-76.93920851,38.8930438,16138730,2016/08/19 01:59:48+00,EVENING,OTHERS,BURGLARY,120 231  BLOCK OF 44TH STREET NE,405274,136134,7,7D,6,602,Cluster 33,007803 4,7803,Precinct 99,38.89303602,-76.93920624,,403640432,2016-08-18,2016-08-18,17:15:53,17:35:43
-77.03993107,38.91187125,16143194,2016/08/26 01:27:24+00,EVENING,OTHERS,BURGLARY,1700 - 1789 BLOCK OF CORCORAN STREET NW,396537,138223,2,2B,3,301,Cluster 6,005301 4,5301,Precinct 15,38.91186347,-77.03992877,,403640446,2016-08-25,2016-08-25,12:00:02,21:00:18
-77.11193439,38.93246255,16143211,2016/08/26 01:36:14+00,EVENING,OTHERS,BURGLARY,5700 - 5799 BLOCK OF POTOMAC AVENUE NW,390295,140514,3,3D,2,205,Cluster 13,000902 2,902,Precinct 8,38.93245476,-77.11193206,,403640449,2016-08-17,2016-08-25,10:30:57,22:30:01
-77.00351924,38.91728303,16151293,2016/09/07 20:11:30+00,EVENING,OTHERS,BURGLARY,2000 - 2028 BLOCK OF 2ND STREET NE,399695,138823,5,5E,5,502,Cluster 21,008701 2,8701,Precinct 75,38.91727524,-77.00351695,,403640454,2016-09-07,2016-09-07,10:00:02,17:15:29
-77.01504786,38.90605772,16147217,2016/09/01 04:58:13+00,MIDNIGHT,OTHERS,BURGLARY,1200 - 1230 BLOCK OF NEW JERSEY AVENUE NW,398695,137577,6,6E,3,308,Cluster 7,004802 1,4802,Precinct 1,38.90604993,-77.01504557,,403640496,2016-08-31,2016-09-01,11:30:09,04:07:04
-77.06977286,38.93733278,16159587,2016/09/20 15:24:54+00,DAY,OTHERS,BURGLARY,3500 - 3599 BLOCK OF PORTER STREET NW,393951,141051,3,3C,2,203,Cluster 15,000600 4,600,Precinct 27,38.93732499,-77.06977055,,403640506,2016-09-01,2016-09-20,22:00:10,00:00:49
-77.02815672,38.96495157,16142595,2016/08/25 01:40:22+00,EVENING,OTHERS,BURGLARY,1000  - 1199 BLOCK OF RITTENHOUSE STREET NW,397560,144115,4,4A,4,402,Cluster 17,001804 2,1804,Precinct 60,38.96494377,-77.02815442,,403640560,2016-08-24,2016-08-25,13:30:53,00:30:12
-76.97234631,38.89956039,16142743,2016/08/25 09:52:45+00,MIDNIGHT,OTHERS,BURGLARY,600 - 799 BLOCK OF 24TH STREET NE,402399,136856,5,5D,5,507,Cluster 23,008904 1,8904,Precinct 79,38.8995526,-76.97234404,,403640570,2016-08-25,2016-08-25,08:10:01,08:16:31
-77.01720248,38.90052629,16142745,2016/08/25 10:30:52+00,MIDNIGHT,OTHERS,BURGLARY,400 - 457 BLOCK OF MASSACHUSETTS AVENUE NW,398508,136963,2,2C,1,101,Cluster 8,005900 1,5900,Precinct 143,38.9005185,-77.01720019,DOWNTOWN,403640571,2016-08-25,2016-08-25,08:00:59,08:43:50
-77.04418065,38.90374419,16142797,2016/08/25 13:09:51+00,DAY,OTHERS,BURGLARY,1900 - 1999 BLOCK OF L STREET NW,396168,137321,2,2B,2,207,Cluster 6,010700 1,10700,Precinct 17,38.90373641,-77.04417835,GOLDEN TRIANGLE,403640575,2016-08-25,2016-08-25,06:00:25,11:45:43
-76.95961061,38.89447596,16147295,2016/09/01 12:30:56+00,DAY,OTHERS,BURGLARY,314 - 399 BLOCK OF ANACOSTIA AVENUE NE,403504,136292,7,7D,6,603,Cluster 32,009604 1,9604,Precinct 101,38.89446817,-76.95960834,,403640577,2016-09-01,2016-09-01,10:15:22,11:26:48
-77.0906216,38.94234511,16136203,2016/08/15 00:25:34+00,EVENING,OTHERS,BURGLARY,4000 - 4198 BLOCK OF 46TH STREET NW,392144,141609,3,3E,2,202,Cluster 11,001001 4,1001,Precinct 30,38.94233731,-77.09061928,,403640595,2016-08-09,2016-08-14,10:00:24,16:00:26
-77.02963591,38.91483806,16136379,2016/08/15 08:53:32+00,MIDNIGHT,OTHERS,BURGLARY,1800 - 1899 BLOCK OF 13TH STREET NW,397430,138552,1,1B,3,305,Cluster 3,004400 2,4400,Precinct 22,38.91483027,-77.02963362,,403640613,2016-08-15,2016-08-15,08:02:21,08:11:10
-77.03326451,38.90724305,16131926,2016/08/08 00:58:13+00,EVENING,OTHERS,BURGLARY,1400 - 1499 BLOCK OF N STREET NW,397115,137709,2,2F,2,208,Cluster 7,005201 1,5201,Precinct 17,38.90723526,-77.03326221,,403640626,2016-08-07,2016-08-08,23:10:07,00:58:11
-77.03326451,38.90724305,16131979,2016/08/08 02:10:06+00,EVENING,OTHERS,BURGLARY,1400 - 1499 BLOCK OF N STREET NW,397115,137709,2,2F,2,208,Cluster 7,005201 1,5201,Precinct 17,38.90723526,-77.03326221,,403640632,2016-08-07,2016-08-08,20:10:54,01:40:58
-77.02377367,38.96992509,16141593,2016/08/23 16:52:31+00,DAY,OTHERS,BURGLARY,715  - 799 BLOCK OF VAN BUREN STREET NW,397940,144667,4,4B,4,401,Cluster 17,001901 4,1901,Precinct 59,38.96991729,-77.02377138,,403640643,2016-08-15,2016-08-23,19:00:24,14:55:00
-77.07196439,38.91450437,16145739,2016/08/29 22:53:28+00,EVENING,OTHERS,BURGLARY,3600 - 3699 BLOCK OF S STREET NW,393759,138517,2,2E,2,206,Cluster 4,000300 1,300,Precinct 6,38.91449658,-77.07196208,,403640657,2016-08-27,2016-08-27,01:30:33,11:30:15
-77.00905366,38.91371543,16136445,2016/08/15 13:33:27+00,DAY,OTHERS,BURGLARY,1724 - 1799 BLOCK OF NORTH CAPITOL STREET,399215,138427,5,5E,3,308,Cluster 21,003302 2,3302,Precinct 19,38.91370764,-77.00905137,,403640691,2016-08-14,2016-08-15,15:30:36,13:10:12
-77.02651615,38.8973536,16136455,2016/08/15 15:01:52+00,DAY,OTHERS,BURGLARY,1000 - 1099 BLOCK OF F STREET NW,397700,136611,2,2C,2,209,Cluster 8,005800 1,5800,Precinct 129,38.89734582,-77.02651386,DOWNTOWN,403640692,2016-08-13,2016-08-15,22:00:46,09:00:54
-76.9824679,38.89997673,16136463,2016/08/15 16:48:50+00,DAY,OTHERS,BURGLARY,1500 - 1599 BLOCK OF BENNING ROAD NE,401521,136902,6,6A,5,507,Cluster 23,007901 4,7901,Precinct 81,38.89996894,-76.98246563,,403640693,2016-08-14,2016-08-15,04:01:57,10:30:46
-76.98017174,38.86587962,16140632,2016/08/22 01:32:45+00,EVENING,OTHERS,BURGLARY,1649 - 1799 BLOCK OF GOOD HOPE ROAD SE,401721,133117,8,8A,7,701,Cluster 28,007504 1,7504,Precinct 114,38.86587184,-76.98016947,ANACOSTIA,403640696,2016-08-22,2016-08-22,00:48:02,01:32:38
-76.99244835,38.92801175,16140642,2016/08/22 01:42:42+00,EVENING,OTHERS,BURGLARY,3000 - 3099 BLOCK OF 10TH STREET NE,400655,140014,5,5B,5,504,Cluster 22,009301 2,9301,Precinct 73,38.92800396,-76.99244607,,403640698,2016-08-22,2016-08-22,00:00:23,01:30:12
-76.99951807,38.90468942,16136786,2016/08/16 02:42:20+00,EVENING,OTHERS,BURGLARY,1100 - 1199 BLOCK OF 5TH STREET NE,400042,137425,6,6C,5,501,Cluster 25,010600 2,10600,Precinct 83,38.90468163,-76.99951578,,403640718,2016-08-15,2016-08-15,13:30:13,21:15:41
-77.00889252,38.82360433,16140288,2016/08/21 10:10:31+00,MIDNIGHT,OTHERS,BURGLARY,2 - 199 BLOCK OF GALVESTON STREET SW,399228,128424,8,8D,7,708,Cluster 39,010900 1,10900,Precinct 126,38.82359656,-77.00889024,,403640766,2016-08-21,2016-08-21,03:42:00,03:44:24
-76.94155831,38.88106385,16144743,2016/08/28 08:33:32+00,MIDNIGHT,OTHERS,BURGLARY,4300 - 4399 BLOCK OF GORMAN TERRACE SE,405071,134804,7,7F,6,605,Cluster 33,009907 1,9907,Precinct 103,38.88105607,-76.94155605,,403640831,2016-08-28,,06:03:27,
-77.02561071,38.97621245,16141022,2016/08/22 19:07:03+00,EVENING,OTHERS,BURGLARY,7100  - 7119 BLOCK OF 9TH STREET NW,397781,145365,4,4B,4,401,Cluster 17,010300 3,10300,Precinct 63,38.97620465,-77.02560842,,403640856,2016-08-22,2016-08-22,13:00:20,18:00:36
-76.99989863,38.8257667,16145124,2016/08/29 02:25:50+00,EVENING,OTHERS,BURGLARY,4230 - 4299 BLOCK OF 4TH STREET SE,400009,128664,8,8D,7,706,Cluster 39,009811 1,9811,Precinct 125,38.82575893,-76.99989635,,403640869,2016-08-28,2016-08-28,04:00:05,22:00:38
-77.07766284,38.95902876,16145232,2016/08/29 05:31:29+00,MIDNIGHT,OTHERS,BURGLARY,3900 - 3907 BLOCK OF JENIFER STREET NW,393269,143460,3,3G,2,201,Cluster 10,001100 2,1100,Precinct 32,38.95902096,-77.07766053,,403640955,2016-08-25,2016-08-29,10:50:59,02:45:29
-77.05946585,38.9290148,16145353,2016/08/29 12:53:14+00,DAY,OTHERS,BURGLARY,2900 - 3099 BLOCK OF CATHEDRAL AVENUE NW,394844,140127,3,3C,2,204,Cluster 15,000502 1,502,Precinct 26,38.92900701,-77.05946355,,403640968,2016-08-29,2016-08-29,03:00:37,11:00:37
-77.04010142,38.90724091,16141439,2016/08/23 11:02:17+00,DAY,OTHERS,BURGLARY,1700 - 1799 BLOCK OF N STREET NW,396522,137709,2,2B,2,208,Cluster 6,010700 2,10700,Precinct 17,38.90723312,-77.04009912,,403640988,2016-08-23,2016-08-23,09:15:17,09:45:10
-76.96727621,38.86948008,16130683,2016/08/06 00:07:16+00,EVENING,OTHERS,BURGLARY,2800 - 2819 BLOCK OF R STREET SE,402840,133517,7,7B,6,607,Cluster 34,007604 3,7604,Precinct 111,38.8694723,-76.96727394,,403641001,2016-08-05,,21:37:11,
-77.01667599,38.91683147,16156678,2016/09/15 23:49:12+00,EVENING,OTHERS,BURGLARY,300 - 399 BLOCK OF U STREET NW,398554,138773,1,1B,3,306,Cluster 3,003400 1,3400,Precinct 20,38.91682368,-77.0166737,,403641045,2016-09-15,2016-09-15,13:00:33,22:35:06
-77.00130506,38.90468941,16160613,2016/09/22 00:44:44+00,EVENING,OTHERS,BURGLARY,1100 - 1199 BLOCK OF ABBEY PLACE NE,399887,137425,6,6C,5,501,Cluster 25,010600 2,10600,Precinct 83,38.90468162,-77.00130277,,403641051,2016-09-21,2016-09-22,13:15:36,00:20:36
-76.9568026,38.88679982,16160614,2016/09/22 00:56:06+00,EVENING,OTHERS,BURGLARY,3400 - 3499 BLOCK OF CROFFUT PLACE SE,403748,135440,7,7B,6,603,Cluster 32,007708 2,7708,Precinct 132,38.88679203,-76.95680033,,403641052,2016-09-20,2016-09-22,21:00:19,00:00:54
-77.02919623,38.91112674,16148641,2016/09/03 10:13:38+00,MIDNIGHT,OTHERS,BURGLARY,1202 - 1299 BLOCK OF Q STREET NW,397468,138140,2,2F,3,307,Cluster 7,005001 1,5001,Precinct 16,38.91111895,-77.02919394,,403641063,2016-09-03,2016-09-03,04:00:46,08:50:33
-76.99496497,38.89279827,16148682,2016/09/03 15:04:35+00,DAY,OTHERS,BURGLARY,200 - 299 BLOCK OF 8TH STREET NE,400437,136105,6,6C,1,108,Cluster 25,008302 1,8302,Precinct 85,38.89279048,-76.99496269,,403641068,2016-09-03,2016-09-03,00:00:22,10:55:20
-77.02886858,38.95622239,16162364,2016/09/24 18:35:33+00,DAY,OTHERS,BURGLARY,1200  - 1299 BLOCK OF KENNEDY STREET NW,397498,143146,4,4C,4,403,Cluster 18,002002 3,2002,Precinct 54,38.95621459,-77.02886629,,403641090,2016-09-24,2016-09-24,15:11:37,18:14:37
-76.93409648,38.8990316,16162455,2016/09/24 20:09:36+00,EVENING,OTHERS,BURGLARY,4644 - 4799 BLOCK OF NANNIE HELEN BURROUGHS AVENUE NE,405717,136799,7,7C,6,602,Cluster 30,007804 1,7804,Precinct 98,38.89902381,-76.93409422,,403641102,2016-09-20,2016-09-24,16:00:58,18:35:46
-76.95751698,38.88719645,16149993,2016/09/05 19:47:47+00,EVENING,OTHERS,BURGLARY,200 - 239 BLOCK OF 34TH STREET SE,403686,135484,7,7F,6,603,Cluster 32,007708 1,7708,Precinct 132,38.88718867,-76.95751471,,403641110,2016-09-05,2016-09-05,17:04:46,19:47:46
-76.99012192,38.90506735,16150001,2016/09/05 20:17:09+00,EVENING,OTHERS,BURGLARY,1100 - 1199 BLOCK OF NEAL STREET NE,400857,137467,5,5D,5,506,Cluster 23,008802 3,8802,Precinct 77,38.90505956,-76.99011964,,403641112,2016-09-04,2016-09-05,20:30:54,17:15:10
-77.02963105,38.90313622,16154296,2016/09/13 02:49:29+00,EVENING,OTHERS,BURGLARY,1000 - 1099 BLOCK OF 13TH STREET NW,397430,137253,2,2F,2,209,Cluster 8,010100 1,10100,Precinct 129,38.90312843,-77.02962876,DOWNTOWN,403641126,2016-09-09,2016-09-12,18:00:54,09:40:25
-77.01317008,38.91409339,16154136,2016/09/12 01:43:49+00,EVENING,OTHERS,BURGLARY,100 - 199 BLOCK OF S STREET NW,398858,138469,5,5E,3,308,Cluster 21,003302 1,3302,Precinct 19,38.9140856,-77.0131678,,403641156,2016-09-12,2016-09-12,00:41:14,01:43:47
-77.07397781,38.96581436,16158181,2016/09/18 05:25:27+00,MIDNIGHT,OTHERS,BURGLARY,3700 - 3799 BLOCK OF NORTHAMPTON STREET NW,393589,144213,3,3G,2,201,Cluster 10,001401 2,1401,Precinct 50,38.96580657,-77.0739755,,403641163,2016-09-18,2016-09-18,04:00:37,04:10:14
-76.97688343,38.84372728,16158200,2016/09/18 07:59:25+00,MIDNIGHT,OTHERS,BURGLARY,1800 - 1916 BLOCK OF MISSISSIPPI AVENUE SE,402007,130658,8,8B,7,704,Cluster 38,007409 3,7409,Precinct 116,38.8437195,-76.97688116,,403641165,2016-09-17,2016-09-18,18:35:46,02:00:12
-77.04254973,38.91409539,16158236,2016/09/18 06:58:14+00,MIDNIGHT,OTHERS,BURGLARY,1800 - 1899 BLOCK OF S STREET NW,396310,138470,2,2B,2,208,Cluster 6,004202 1,4202,Precinct 14,38.9140876,-77.04254744,,403641167,2016-09-18,2016-09-18,03:00:13,06:30:08
-76.92746806,38.89882949,16149835,2016/09/05 08:49:54+00,MIDNIGHT,OTHERS,BURGLARY,700 - 799 BLOCK OF 51ST STREET NE,406292,136777,7,7C,6,602,Cluster 31,007804 1,7804,Precinct 97,38.8988217,-76.9274658,,403641192,2016-09-05,2016-09-05,06:30:20,06:35:00
-77.03326563,38.90965729,16149862,2016/09/05 11:40:55+00,DAY,OTHERS,BURGLARY,1400 - 1499 BLOCK OF P STREET NW,397115,137977,2,2F,2,208,Cluster 7,005201 3,5201,Precinct 16,38.9096495,-77.03326334,,403641195,2016-09-05,2016-09-05,10:02:19,10:05:46
-77.03994009,38.92796913,16158432,2016/09/18 16:59:04+00,DAY,OTHERS,BURGLARY,1600 - 1899 BLOCK OF HOBART STREET NW,396537,140010,1,1D,3,302,Cluster 2,002702 2,2702,Precinct 39,38.92796134,-77.03993779,,403641225,2016-09-18,2016-09-18,02:00:11,05:00:44
-77.02141982,38.97060117,16141239,2016/08/23 01:21:27+00,EVENING,OTHERS,BURGLARY,6600  - 6699 BLOCK OF 6TH STREET NW,398144,144742,4,4B,4,401,Cluster 17,001702 1,1702,Precinct 63,38.97059336,-77.02141752,,403641259,2016-08-22,2016-08-22,19:00:57,19:02:20
-77.03455786,38.91150363,16141260,2016/08/23 02:35:12+00,EVENING,OTHERS,BURGLARY,1600 - 1619 BLOCK OF 15TH STREET NW,397003,138182,2,2B,3,301,Cluster 6,005201 2,5201,Precinct 16,38.91149584,-77.03455556,,403641263,2016-08-22,2016-08-22,13:00:44,22:45:05
-77.07098905,38.90769466,16144655,2016/08/28 06:10:35+00,MIDNIGHT,OTHERS,BURGLARY,3600 - 3699 BLOCK OF O STREET NW,393843,137761,2,2E,2,206,Cluster 4,000202 4,202,Precinct 6,38.90768687,-77.07098674,,403641306,2016-08-27,2016-08-28,16:00:45,01:00:59
-76.98953048,38.92865111,16144674,2016/08/28 06:24:56+00,MIDNIGHT,OTHERS,BURGLARY,1200 - 1299 BLOCK OF IRVING STREET NE,400908,140085,5,5B,5,504,Cluster 22,009301 2,9301,Precinct 73,38.92864332,-76.9895282,,403641309,2016-08-27,2016-08-28,15:49:28,03:08:16
-76.99089104,38.93106546,16145365,2016/08/29 12:36:21+00,DAY,OTHERS,BURGLARY,3300 - 3399 BLOCK OF 12TH STREET NE,400790,140353,5,5B,5,504,Cluster 22,009301 2,9301,Precinct 73,38.93105766,-76.99088876,,403641347,2016-08-28,2016-08-29,08:00:54,10:56:47
-77.06939457,38.91603734,16145496,2016/08/29 18:24:44+00,DAY,OTHERS,BURGLARY,1900 - 1999 BLOCK OF 35TH STREET NW,393982,138687,2,2E,2,206,Cluster 4,000202 1,202,Precinct 6,38.91602955,-77.06939226,,403641360,2016-08-27,2016-08-27,15:44:02,16:57:27
-76.98373958,38.9348842,16156484,2016/09/15 18:39:54+00,DAY,OTHERS,BURGLARY,1500 - 1599 BLOCK OF OTIS STREET NE,401410,140777,5,5B,5,504,Cluster 22,009301 1,9301,Precinct 68,38.93487641,-76.9837373,,403641386,2016-09-15,2016-09-15,14:00:44,16:45:45
-77.02438195,38.92650506,16161359,2016/09/23 03:45:24+00,MIDNIGHT,OTHERS,BURGLARY,700 - 999 BLOCK OF GRESHAM PLACE NW,397886,139847,1,1B,3,304,Cluster 2,003500 1,3500,Precinct 37,38.92649727,-77.02437966,,403641394,2016-09-21,2016-09-22,04:00:29,18:00:05
-77.06568561,38.90780586,16148523,2016/09/03 06:19:52+00,MIDNIGHT,OTHERS,BURGLARY,3248 - 3299 BLOCK OF O STREET NW,394303,137773,2,2E,2,206,Cluster 4,000202 2,202,Precinct 6,38.90779807,-77.0656833,,403641408,2016-09-02,2016-09-03,17:00:52,04:30:28
-77.00359537,38.8264603,16148605,2016/09/03 07:39:27+00,MIDNIGHT,OTHERS,BURGLARY,4180 - 4530 BLOCK OF LIVINGSTON ROAD SE,399688,128741,8,8D,7,708,Cluster 39,009810 1,9810,Precinct 125,38.82645253,-77.00359309,,403641414,2016-09-02,2016-09-03,21:30:10,06:45:08
-76.97520393,38.90347967,16153477,2016/09/10 23:33:36+00,EVENING,OTHERS,BURGLARY,1900 - 2099 BLOCK OF MARYLAND AVENUE NE,402151,137291,5,5D,5,507,Cluster 23,008904 1,8904,Precinct 79,38.90347188,-76.97520165,,403641427,2016-09-10,2016-09-10,22:21:22,22:22:30
-77.03426869,38.93358311,16154564,2016/09/12 23:17:26+00,EVENING,OTHERS,BURGLARY,1400 - 1509 BLOCK OF MERIDIAN PLACE NW,397029,140633,1,1A,4,408,Cluster 2,002801 1,2801,Precinct 41,38.93357532,-77.03426639,,403641459,2016-09-12,,17:50:45,
-76.99898782,38.89891506,16154686,2016/09/13 00:21:57+00,EVENING,OTHERS,BURGLARY,500 - 599 BLOCK OF G STREET NE,400088,136784,6,6C,1,104,Cluster 25,008301 1,8301,Precinct 84,38.89890727,-76.99898553,,403641472,2016-09-12,2016-09-12,13:30:11,22:30:05
-77.00057811,38.82803684,16160061,2016/09/21 04:37:40+00,MIDNIGHT,OTHERS,BURGLARY,4200 - 4232 BLOCK OF 4TH STREET SE,399950,128916,8,8D,7,708,Cluster 39,009811 1,9811,Precinct 125,38.82802906,-77.00057583,,403641515,2016-09-21,2016-09-21,02:00:11,02:08:28
-76.98294352,38.8875993,16163881,2016/09/27 00:11:01+00,EVENING,OTHERS,BURGLARY,1500 - 1599 BLOCK OF INDEPENDENCE AVENUE SE,401480,135528,6,6B,1,107,Cluster 26,006801 2,6801,Precinct 87,38.88759152,-76.98294124,,403641517,2016-09-26,2016-09-26,13:00:07,23:00:50
-76.97520584,38.93114426,16163948,2016/09/27 01:22:24+00,EVENING,OTHERS,BURGLARY,2000 - 2199 BLOCK OF KEARNY STREET NE,402150,140362,5,5C,5,503,Cluster 22,009400 2,9400,Precinct 70,38.93113646,-76.97520356,,403641526,2016-09-26,2016-09-26,13:00:19,21:00:12
-77.07242291,38.94590706,16169136,2016/10/05 15:21:54+00,DAY,OTHERS,BURGLARY,4312 - 4399 BLOCK OF 37TH STREET NW,393722,142003,3,3F,2,202,Cluster 11,001200 4,1200,Precinct 33,38.94589927,-77.0724206,,403641538,2016-10-05,2016-10-05,12:15:30,15:21:53
-77.0327459,38.93282685,16158850,2016/09/19 09:42:47+00,MIDNIGHT,OTHERS,BURGLARY,3429 - 3464 BLOCK OF 14TH STREET NW,397161,140549,1,1A,4,408,Cluster 2,002801 1,2801,Precinct 41,38.93281906,-77.0327436,,403641567,2016-09-19,2016-09-19,07:50:44,09:24:55
-77.00644818,38.91811167,16158958,2016/09/19 16:36:00+00,DAY,OTHERS,BURGLARY,100 - 119 BLOCK OF V STREET NE,399441,138915,5,5E,5,502,Cluster 21,009203 2,9203,Precinct 74,38.91810388,-77.0064459,,403641574,2016-09-19,2016-09-19,13:56:50,13:58:44
-77.03279574,38.90253056,16159259,2016/09/19 22:49:49+00,EVENING,OTHERS,BURGLARY,1400 - 1433 BLOCK OF K STREET NW,397155.47,137185.86,2,2F,2,207,Cluster 8,010100 1,10100,Precinct 129,38.90252277,-77.03279345,DOWNTOWN,403641583,2016-09-17,2016-09-17,05:15:05,06:00:36
-77.04295555,38.91782469,16163233,2016/09/25 22:48:48+00,EVENING,OTHERS,BURGLARY,1800 - 1899 BLOCK OF CALIFORNIA STREET NW,396275,138884,1,1C,3,303,Cluster 1,004002 2,4002,Precinct 25,38.9178169,-77.04295325,,403641599,2016-09-24,2016-09-24,21:32:10,21:34:25
-77.06825096,38.96207942,16163254,2016/09/26 00:35:47+00,EVENING,OTHERS,BURGLARY,3300 - 3599 BLOCK OF LEGATION STREET NW,394085,143798,3,3G,2,201,Cluster 10,001401 1,1401,Precinct 50,38.96207162,-77.06824865,,403641602,2016-09-25,2016-09-25,22:54:32,22:57:38
-77.02707473,38.9719152,16163979,2016/09/27 01:20:43+00,EVENING,OTHERS,BURGLARY,6658  - 6799 BLOCK OF GEORGIA AVENUE NW,397654,144888,4,4B,4,401,Cluster 17,010300 1,10300,Precinct 63,38.97190739,-77.02707243,,403641605,2016-09-25,2016-09-26,16:45:06,16:00:03
-77.03848961,38.9115024,16164123,2016/09/27 10:49:05+00,MIDNIGHT,OTHERS,BURGLARY,1600 - 1618 BLOCK OF 17TH STREET NW,396662,138182,2,2B,3,301,Cluster 6,005301 4,5301,Precinct 15,38.91149461,-77.03848731,,403641616,2016-09-27,2016-09-27,07:27:27,07:38:13
-76.9271358,38.88553292,16151389,2016/09/07 22:15:04+00,EVENING,OTHERS,BURGLARY,5100 - 5299 BLOCK OF BASS PLACE SE,406322,135301,7,7E,6,604,Cluster 33,009905 1,9905,Precinct 104,38.88552513,-76.92713354,,403641624,2016-09-07,2016-09-07,16:15:41,18:15:59
-77.0642174,38.92901229,16151412,2016/09/07 21:42:37+00,EVENING,OTHERS,BURGLARY,3200 - 3299 BLOCK OF CATHEDRAL AVENUE NW,394432,140127,3,3C,2,204,Cluster 15,000502 1,502,Precinct 26,38.9290045,-77.06421509,,403641626,2016-09-07,2016-09-07,17:00:12,19:40:30
-77.01317008,38.91409339,16160675,2016/09/22 02:22:45+00,EVENING,OTHERS,BURGLARY,100 - 199 BLOCK OF S STREET NW,398858,138469,5,5E,3,308,Cluster 21,003302 1,3302,Precinct 19,38.9140856,-77.0131678,,403641628,2016-09-21,2016-09-22,11:00:04,01:40:39
-77.02809282,38.91994617,16160742,2016/09/22 05:24:39+00,MIDNIGHT,OTHERS,BURGLARY,2200 - 2299 BLOCK OF 12TH STREET NW,397564,139119,1,1B,3,305,Cluster 3,004400 1,4400,Precinct 22,38.91993838,-77.02809053,,403641633,2016-09-21,2016-09-22,12:00:35,03:15:27
-77.04344514,38.90757302,16160785,2016/09/22 06:49:39+00,MIDNIGHT,OTHERS,BURGLARY,1300 - 1318 BLOCK OF 19TH STREET NW,396232,137746,2,2B,2,208,Cluster 6,010700 2,10700,Precinct 14,38.90756523,-77.04344284,GOLDEN TRIANGLE,403641638,2016-09-22,2016-09-22,05:46:35,06:49:37
-76.97819555,38.88490501,16162884,2016/09/25 08:00:04+00,MIDNIGHT,OTHERS,BURGLARY,1800 - 1899 BLOCK OF MASSACHUSETTS AVENUE SE,401892,135229,6,6B,1,107,Cluster 26,006802 1,6802,Precinct 87,38.88489722,-76.97819328,,403641698,2016-09-25,2016-09-25,06:54:40,08:00:03
-77.10342484,38.93393874,16162921,2016/09/25 11:11:50+00,DAY,OTHERS,BURGLARY,5029 - 5056 BLOCK OF MACOMB STREET NW,391033,140677,3,3D,2,205,Cluster 13,000901 1,901,Precinct 8,38.93393095,-77.10342252,,403641703,2016-09-25,2016-09-25,07:25:32,11:04:40
-77.01180914,38.91196756,16150076,2016/09/05 21:31:05+00,EVENING,OTHERS,BURGLARY,56 - 99 BLOCK OF FLORIDA AVENUE NW,398976,138233,5,5E,3,308,Cluster 21,004600 1,4600,Precinct 19,38.91195977,-77.01180685,,403641712,2016-09-05,2016-09-05,20:30:29,20:44:48
-76.97971616,38.84715102,16150292,2016/09/06 05:13:27+00,MIDNIGHT,OTHERS,BURGLARY,1700 1799  BLOCK OF ALABAMA AVENUE SE,401761,131038,8,8E,7,704,Cluster 38,007404 1,7404,Precinct 117,38.84714324,-76.97971388,,403641720,2016-09-06,2016-09-06,03:06:37,05:12:57
-76.97099847,38.92558516,16150394,2016/09/06 13:52:24+00,DAY,OTHERS,BURGLARY,2400 - 2599 BLOCK OF FRANKLIN STREET NE,402515,139745,5,5C,5,503,Cluster 22,011100 2,11100,Precinct 72,38.92557736,-76.9709962,,403641729,2016-09-06,2016-09-06,10:43:47,13:52:23
-76.9989878,38.90021226,16155175,2016/09/13 19:26:35+00,EVENING,OTHERS,BURGLARY,500 - 599 BLOCK OF H STREET NE,400088,136928,6,6C,1,104,Cluster 25,008301 1,8301,Precinct 83,38.90020447,-76.99898552,,403641744,2016-09-13,2016-09-13,14:17:08,14:18:25
-76.99301321,38.93046205,16159313,2016/09/20 00:31:23+00,EVENING,OTHERS,BURGLARY,900 - 999 BLOCK OF KEARNY STREET NE,400606,140286,5,5B,5,504,Cluster 22,009301 2,9301,Precinct 73,38.93045425,-76.99301093,,403641758,2016-09-19,2016-09-20,22:49:48,00:30:21
-76.97958804,38.93262247,16163503,2016/09/26 12:37:15+00,DAY,OTHERS,BURGLARY,3400 - 3499 BLOCK OF 18TH STREET NE,401770,140526,5,5B,5,504,Cluster 22,009301 1,9301,Precinct 70,38.93261467,-76.97958577,,403641766,2016-09-26,2016-09-26,08:43:37,10:30:06
-76.93272316,38.90060728,16150813,2016/09/07 01:01:00+00,EVENING,OTHERS,BURGLARY,800 - 899 BLOCK OF 48TH PLACE NE,405836,136974,7,7C,6,602,Cluster 31,007809 2,7809,Precinct 94,38.90059949,-76.9327209,,403641787,2016-09-06,2016-09-06,23:20:15,23:54:38
-77.00746999,38.8755651,16150154,2016/09/05 23:48:04+00,EVENING,OTHERS,BURGLARY,1200 - 1299 BLOCK OF HALF STREET SE,399352,134192,6,6D,1,106,Cluster 27,007200 2,7200,Precinct 131,38.87555732,-77.00746771,CAPITOL RIVERFRONT,403641796,2016-08-30,2016-08-31,18:54:46,00:15:51
-77.00351557,38.84294578,16154747,2016/09/13 01:48:20+00,EVENING,OTHERS,BURGLARY,3300 - 3399 BLOCK OF BROTHERS PLACE SE,399695,130571,8,8C,7,707,Cluster 39,010400 1,10400,Precinct 123,38.84293801,-77.00351329,,403641817,2016-09-12,2016-09-12,11:30:59,23:30:13
-77.09023882,38.91332961,16154831,2016/09/13 04:23:47+00,MIDNIGHT,OTHERS,BURGLARY,1800 - 1899 BLOCK OF 47TH PLACE NW,392174,138388,3,3D,2,205,Cluster 13,000802 1,802,Precinct 7,38.91332182,-77.0902365,,403641823,2016-09-12,2016-09-13,18:45:07,04:23:43
-77.06444046,38.90784258,16154918,2016/09/13 10:36:57+00,MIDNIGHT,OTHERS,BURGLARY,3200 - 3247 BLOCK OF O STREET NW,394411,137777,2,2E,2,206,Cluster 4,000202 3,202,Precinct 6,38.9078348,-77.06443815,,403641830,2016-09-13,2016-09-13,08:00:06,08:45:40
-77.03349434,38.90564851,16154926,2016/09/13 19:44:33+00,EVENING,OTHERS,BURGLARY,1400 - 1499 BLOCK OF M STREET NW,397095,137532,2,2F,2,207,Cluster 8,010100 2,10100,Precinct 17,38.90564072,-77.03349205,DOWNTOWN,403641831,2016-09-13,2016-09-13,06:09:56,06:11:24
-76.96458865,38.85156154,16159482,2016/09/20 10:10:54+00,MIDNIGHT,OTHERS,BURGLARY,3000 - 3099 BLOCK OF 30TH STREET SE,403074,131528,8,8B,7,702,Cluster 36,007408 1,7408,Precinct 115,38.85155377,-76.96458639,,403641848,2016-09-20,2016-09-20,08:34:37,10:00:46
-77.03750936,38.91113337,16159522,2016/09/20 13:47:07+00,DAY,OTHERS,BURGLARY,1600 - 1699 BLOCK OF Q STREET NW,396747,138141,2,2B,2,208,Cluster 6,005301 2,5301,Precinct 15,38.91112558,-77.03750706,,403641851,2016-09-20,2016-09-20,07:28:47,07:34:03
-77.01329733,38.9162824,16150828,2016/09/07 00:26:27+00,EVENING,OTHERS,BURGLARY,100 - 199 BLOCK OF THOMAS STREET NW,398847,138712,5,5E,3,306,Cluster 21,003301 2,3301,Precinct 135,38.91627461,-77.01329504,,403641863,2016-09-06,2016-09-06,13:00:53,22:00:22
-76.97418159,38.92504541,16150905,2016/09/07 02:34:30+00,EVENING,OTHERS,BURGLARY,2700 - 2799 BLOCK OF 22ND STREET NE,402239,139685,5,5C,5,503,Cluster 22,011100 2,11100,Precinct 72,38.92503761,-76.97417931,,403641871,2016-09-06,2016-09-07,23:30:25,01:00:24
-76.99086004,38.90303152,16163019,2016/09/25 17:05:57+00,DAY,OTHERS,BURGLARY,1100 - 1199 BLOCK OF FLORIDA AVENUE NE,400793,137241,6,6A,5,506,,008410 1,8410,Precinct 82,38.90302373,-76.99085776,,403641882,2016-09-25,2016-09-25,13:36:10,16:25:17
-77.06859809,38.96309715,16163293,2016/09/26 03:30:12+00,MIDNIGHT,OTHERS,BURGLARY,3400 - 3599 BLOCK OF LIVINGSTON STREET NW,394055,143911,3,3G,2,201,Cluster 10,001401 1,1401,Precinct 50,38.96308935,-77.06859578,,403641897,2016-09-25,2016-09-26,23:14:18,03:24:13
-76.99005924,38.85846695,16150517,2016/09/06 16:09:53+00,DAY,OTHERS,BURGLARY,2627 - 2699 BLOCK OF STANTON ROAD SE,400863,132294,8,8A,7,703,Cluster 37,007406 1,7406,Precinct 118,38.85845917,-76.99005696,,403641906,2016-09-05,2016-09-06,18:00:13,09:30:46
-76.99209602,38.88126738,16150593,2016/09/06 20:20:50+00,EVENING,OTHERS,BURGLARY,1000 - 1099 BLOCK OF G STREET SE,400686,134825,6,6B,1,106,Cluster 26,007000 2,7000,Precinct 90,38.8812596,-76.99209374,CAPITOL HILL,403641912,2016-09-05,2016-09-05,14:00:17,18:00:04
-77.02192864,38.8991292,16150597,2016/09/06 22:31:18+00,EVENING,OTHERS,BURGLARY,700 - 799 BLOCK OF 7TH STREET NW,398098,136808,2,2C,1,101,Cluster 8,005800 1,5800,Precinct 129,38.89912142,-77.02192635,DOWNTOWN,403641913,2016-09-06,2016-09-06,12:30:25,12:45:21
-76.9884354,38.85417879,16151498,2016/09/07 23:42:44+00,EVENING,OTHERS,BURGLARY,2400 - 2599 BLOCK OF ELVANS ROAD SE,401004,131818,8,8B,7,703,Cluster 37,007406 2,7406,Precinct 118,38.85417101,-76.98843313,,403641923,2016-09-04,2016-09-04,19:29:56,19:39:16
-77.00503164,38.94347914,16151515,2016/09/08 00:39:46+00,EVENING,OTHERS,BURGLARY,100 - 199 BLOCK OF VICTOR STREET NE,399564,141731,5,5A,4,405,Cluster 19,009501 3,9501,Precinct 44,38.94347134,-77.00502936,,403641925,2016-09-07,,22:06:08,
-77.05811952,38.96101291,16156712,2016/09/16 00:30:35+00,EVENING,OTHERS,BURGLARY,2800  - 2899 BLOCK OF MILITARY ROAD NW,394963,143679,4,3G,2,201,Cluster 10,001402 2,1402,Precinct 52,38.96100512,-77.05811721,,403641959,2016-09-14,2016-09-15,12:30:45,00:30:23
-77.04884578,38.89785087,16161465,2016/09/23 10:42:19+00,MIDNIGHT,OTHERS,BURGLARY,600 - 699 BLOCK OF 22ND STREET NW,395763,136667,2,2A,2,207,Cluster 5,010800 3,10800,Precinct 2,38.89784308,-77.04884348,,403641984,2016-09-22,2016-09-23,23:30:04,09:20:12
-76.96561411,38.85126457,16157740,2016/09/17 16:05:10+00,DAY,OTHERS,BURGLARY,3030 - 3299 BLOCK OF BUENA VISTA TERRACE SE,402985,131495,8,8B,7,702,Cluster 36,007408 1,7408,Precinct 115,38.85125679,-76.96561184,,403642001,2016-09-06,2016-09-17,10:00:58,15:50:33
-76.97933186,38.94107221,16157789,2016/09/17 17:31:51+00,DAY,OTHERS,BURGLARY,1801 - 1899 BLOCK OF BUNKER HILL ROAD NE,401792,141464,5,5B,5,503,Cluster 20,009400 4,9400,Precinct 69,38.94106441,-76.97932958,,403642010,2016-09-17,2016-09-17,16:40:53,16:50:27
-77.01463427,38.91317436,16160212,2016/09/21 14:39:45+00,DAY,OTHERS,BURGLARY,201 - 298 BLOCK OF FLORIDA AVENUE NW,398731,138367,5,5E,3,308,Cluster 21,004600 2,4600,Precinct 19,38.91316657,-77.01463198,,403642025,2016-09-21,2016-09-21,03:00:27,09:30:56
-77.04343645,38.91223935,16156847,2016/09/16 05:27:38+00,MIDNIGHT,OTHERS,BURGLARY,1623 - 1699 BLOCK OF 19TH STREET NW,396233,138264,2,2B,2,208,Cluster 6,004202 1,4202,Precinct 14,38.91223156,-77.04343415,,403642049,2016-09-16,2016-09-16,04:15:24,04:20:31
-77.04710329,38.91261628,16156860,2016/09/16 08:29:29+00,MIDNIGHT,OTHERS,BURGLARY,2100 - 2118 BLOCK OF R STREET NW,395915,138306,2,2B,2,208,Cluster 6,005500 1,5500,Precinct 14,38.91260849,-77.047101,,403642050,2016-09-16,2016-09-16,05:03:27,05:10:21
-76.96419662,38.87520852,16161567,2016/09/23 14:51:14+00,DAY,OTHERS,BURGLARY,3000 - 3099 BLOCK OF NELSON PLACE SE,403107,134153,7,7B,6,605,Cluster 34,009901 1,9901,Precinct 108,38.87520074,-76.96419435,,403642073,2016-09-22,2016-09-23,10:30:20,14:51:47
-76.98137188,38.90321056,16148727,2016/09/03 15:06:33+00,DAY,OTHERS,BURGLARY,1000 - 1099 BLOCK OF BLADENSBURG ROAD NE,401616,137261,5,5D,5,507,Cluster 23,008802 1,8802,Precinct 77,38.90320277,-76.9813696,,403642082,2016-09-03,2016-09-03,14:31:31,15:06:33
-76.94626394,38.89189419,16148755,2016/09/03 16:47:23+00,DAY,OTHERS,BURGLARY,4000 - 4099 BLOCK OF BLAINE STREET NE,404662,136006,7,7F,6,603,Cluster 32,009603 1,9603,Precinct 102,38.8918864,-76.94626167,,403642086,2016-08-27,2016-09-03,16:00:59,16:47:12
-77.03233288,38.96308578,16161871,2016/10/03 21:00:52+00,EVENING,OTHERS,BURGLARY,1328  - 1399 BLOCK OF PEABODY STREET NW,397198,143908,4,4A,4,402,Cluster 17,001804 3,1804,Precinct 60,38.96307798,-77.03233059,,403642103,2016-09-23,2016-09-23,21:34:06,22:48:00
-76.93121211,38.90148021,16164262,2016/09/27 17:50:38+00,DAY,OTHERS,BURGLARY,4900 - 4915 BLOCK OF JAY STREET NE,405967,137071,7,7C,6,608,Cluster 31,007809 1,7809,Precinct 94,38.90147242,-76.93120985,,403642123,2016-09-26,2016-09-26,17:00:49,23:00:31
-76.94140133,38.88978389,16164295,2016/09/27 17:33:37+00,DAY,OTHERS,BURGLARY,4100 - 4276 BLOCK OF EAST CAPITOL STREET,405084,135772,7,7F,6,603,Cluster 32,007703 1,7703,Precinct 103,38.8897761,-76.94139906,,403642126,2016-09-27,2016-09-27,13:40:08,14:00:26
-76.97623213,38.93163993,16164352,2016/09/27 19:49:40+00,EVENING,OTHERS,BURGLARY,3300 - 3399 BLOCK OF 20TH STREET NE,402061,140417,5,5B,5,503,Cluster 22,009400 2,9400,Precinct 70,38.93163213,-76.97622985,,403642131,2016-09-27,2016-09-27,12:30:26,17:00:25
-76.95886277,38.8919984,16161007,2016/09/22 17:42:48+00,DAY,OTHERS,BURGLARY,3300 - 3389 BLOCK OF BLAINE STREET NE,403569,136017,7,7D,6,603,Cluster 32,009604 1,9604,Precinct 101,38.89199061,-76.9588605,,403642147,2016-09-22,2016-09-22,15:46:38,16:42:32
-77.01592656,38.91720993,16161046,2016/09/22 19:02:57+00,EVENING,OTHERS,BURGLARY,1924 - 1999 BLOCK OF 3RD STREET NW,398619,138815,1,1B,3,306,Cluster 3,003400 1,3400,Precinct 20,38.91720214,-77.01592427,,403642152,2016-09-22,2016-09-22,16:58:33,19:02:54
-76.98236863,38.92851513,16161093,2016/09/22 20:47:30+00,EVENING,OTHERS,BURGLARY,3000 - 3099 BLOCK OF 16TH STREET NE,401529,140070,5,5B,5,504,Cluster 22,009301 3,9301,Precinct 70,38.92850733,-76.98236635,,403642157,2016-09-21,2016-09-22,18:30:44,19:00:23
-76.93499517,38.88692485,16161099,2016/09/22 20:39:58+00,EVENING,OTHERS,BURGLARY,1 - 99 BLOCK OF BASS CIRCLE SE,405640,135455,7,7E,6,604,Cluster 33,009906 1,9906,Precinct 104,38.88691706,-76.93499291,,403642158,2016-09-22,2016-09-22,16:30:00,19:45:52
-77.02558057,38.92440587,16164766,2016/09/28 13:09:04+00,DAY,OTHERS,BURGLARY,2600 - 2699 BLOCK OF SHERMAN AVENUE NW,397782,139614,1,1B,3,304,Cluster 2,003500 1,3500,Precinct 37,38.92439807,-77.02557828,,403642189,2016-09-28,2016-09-28,09:30:43,10:15:44
-77.06934844,38.90417338,16164769,2016/09/28 11:35:31+00,DAY,OTHERS,BURGLARY,3400 - 3599 BLOCK OF WATER STREET NW,393985,137370,2,2E,2,206,Cluster 4,000202 4,202,Precinct 6,38.90416559,-77.06934614,GEORGETOWN,403642190,2016-09-22,2016-09-22,05:00:42,09:15:23
-77.005641,38.91812072,16153192,2016/09/10 13:48:06+00,DAY,OTHERS,BURGLARY,120 - 139 BLOCK OF V STREET NE,399511,138916,5,5E,5,502,Cluster 21,009203 2,9203,Precinct 74,38.91811293,-77.00563872,,403642223,2016-09-09,2016-09-10,22:00:20,12:30:48
-76.93259736,38.88733787,16157230,2016/09/17 20:02:46+00,EVENING,OTHERS,BURGLARY,120 - 199 BLOCK OF 49TH STREET SE,405848,135501,7,7E,6,604,Cluster 33,009906 1,9906,Precinct 104,38.88733009,-76.93259509,,403642231,2016-09-16,2016-09-16,20:25:24,21:42:00
-77.02244604,38.89479608,16155020,2016/09/13 16:39:03+00,DAY,OTHERS,BURGLARY,700 - 799 BLOCK OF D STREET NW,398053,136327,2,2C,1,102,Cluster 8,005800 1,5800,Precinct 143,38.89478829,-77.02244375,DOWNTOWN,403642252,2016-09-12,2016-09-13,22:35:31,12:45:29
-77.01312383,38.9133457,16156046,2016/09/15 00:17:47+00,EVENING,OTHERS,BURGLARY,100 - 199 BLOCK OF RANDOLPH PLACE NW,398862,138386,5,5E,3,308,Cluster 21,003302 2,3302,Precinct 19,38.91333791,-77.01312154,,403642276,2016-09-14,2016-09-14,21:00:43,21:10:28
-77.07202156,38.92544045,16156102,2016/09/15 02:05:13+00,EVENING,OTHERS,BURGLARY,2700 - 2799 BLOCK OF 36TH PLACE NW,393755,139731,3,3C,2,204,Cluster 14,000400 1,400,Precinct 12,38.92543266,-77.07201925,,403642279,2016-09-13,2016-09-14,22:30:05,20:00:56
-76.97987574,38.8940398,16157944,2016/09/18 00:09:03+00,EVENING,OTHERS,BURGLARY,300 - 399 BLOCK OF 17TH PLACE NE,401746,136243,6,6A,5,507,Cluster 25,007901 2,7901,Precinct 81,38.89403201,-76.97987346,,403642299,2016-09-17,2016-09-17,21:22:47,22:39:18
-76.99498878,38.88199722,16160322,2016/09/21 17:48:05+00,DAY,OTHERS,BURGLARY,500 - 699 BLOCK OF 8TH STREET SE,400435,134906,6,6B,1,106,Cluster 26,007000 2,7000,Precinct 90,38.88198944,-76.9949865,CAPITOL HILL,403642303,2016-09-20,2016-09-21,15:15:25,16:00:47
-76.97688343,38.84372728,16160463,2016/09/21 20:52:17+00,EVENING,OTHERS,BURGLARY,1800 - 1916 BLOCK OF MISSISSIPPI AVENUE SE,402007,130658,8,8B,7,704,Cluster 38,007409 3,7409,Precinct 116,38.8437195,-76.97688116,,403642314,2016-09-21,2016-09-21,02:00:45,20:14:06
-77.032478,38.9270526,16156981,2016/09/16 16:20:37+00,DAY,OTHERS,BURGLARY,2900 - 2999 BLOCK OF 14TH STREET NW,397184,139908,1,1A,3,302,Cluster 2,002802 1,2802,Precinct 36,38.92704481,-77.0324757,,403642330,2016-09-15,2016-09-16,23:00:56,14:00:38
-77.02421419,38.94190929,16157110,2016/09/16 18:31:20+00,DAY,OTHERS,BURGLARY,800  - 899 BLOCK OF UPSHUR STREET NW,397901,141557,4,4C,4,407,Cluster 18,002400 3,2400,Precinct 45,38.9419015,-77.0242119,,403642345,2016-09-16,2016-09-16,17:48:49,18:31:18
-77.06120537,38.9401842,16161812,2016/09/23 21:43:07+00,EVENING,OTHERS,BURGLARY,3900 - 3999 BLOCK OF CONNECTICUT AVENUE NW,394694,141367,3,3F,2,203,Cluster 12,000600 1,600,Precinct 27,38.94017641,-77.06120307,,403642374,2016-09-23,2016-09-23,07:15:27,07:40:49
-76.99025169,38.8834743,16157992,2016/09/18 00:21:08+00,EVENING,OTHERS,BURGLARY,400 - 499 BLOCK OF 12TH STREET SE,400846,135070,6,6B,1,107,Cluster 26,006900 1,6900,Precinct 91,38.88346652,-76.99024941,,403642378,2016-09-16,2016-09-17,22:00:07,23:00:52
-76.99089515,38.8989057,16164511,2016/09/28 00:40:03+00,EVENING,OTHERS,BURGLARY,1100 - 1199 BLOCK OF G STREET NE,400790,136783,6,6A,1,104,Cluster 25,008402 1,8402,Precinct 82,38.89889791,-76.99089287,,403642416,2016-09-27,2016-09-27,21:40:02,21:45:53
-77.02336355,38.95090874,16157169,2016/09/16 21:15:36+00,EVENING,OTHERS,BURGLARY,720  - 799 BLOCK OF FARRAGUT STREET NW,397975,142556,4,4D,4,407,Cluster 18,002201 1,2201,Precinct 55,38.95090095,-77.02336126,,403642427,2016-09-16,2016-09-16,16:30:24,18:30:29
-77.01215636,38.91970569,16161167,2016/09/22 22:01:22+00,EVENING,OTHERS,BURGLARY,2200 - 2299 BLOCK OF 1ST STREET NW,398946,139092,5,5E,3,306,Cluster 21,003301 3,3301,Precinct 135,38.9196979,-77.01215407,,403642436,2016-09-22,2016-09-22,12:24:35,21:15:19
-77.01841645,38.91409268,16161244,2016/09/23 00:31:29+00,EVENING,OTHERS,BURGLARY,432 - 499 BLOCK OF S STREET NW,398403,138469,6,6E,3,308,Cluster 7,004801 1,4801,Precinct 21,38.91408489,-77.01841416,,403642443,2016-09-22,2016-09-22,12:00:33,22:15:28
-76.97145715,38.93212531,16161258,2016/09/23 01:19:33+00,EVENING,OTHERS,BURGLARY,2400 - 2499 BLOCK OF LAWRENCE STREET NE,402475,140471,5,5C,5,503,Cluster 24,009400 3,9400,Precinct 71,38.93211751,-76.97145487,,403642445,2016-09-22,2016-09-22,16:30:01,22:45:22
-77.03196258,38.90924327,16149007,2016/09/04 00:35:18+00,EVENING,OTHERS,BURGLARY,1400 - 1499 BLOCK OF 14TH STREET NW,397228,137931,2,2F,2,208,Cluster 7,005201 3,5201,Precinct 16,38.90923548,-77.03196029,,403642453,2016-08-30,2016-09-04,23:24:53,00:34:12
-77.01061032,38.91408464,16149009,2016/09/04 00:42:01+00,EVENING,OTHERS,BURGLARY,1 - 99 BLOCK OF S STREET NW,399080,138468,5,5E,3,308,Cluster 21,003302 2,3302,Precinct 19,38.91407685,-77.01060803,,403642454,2016-09-03,2016-09-03,23:22:27,23:26:01
-76.98637405,38.90996752,16162310,2016/09/24 16:34:54+00,DAY,OTHERS,BURGLARY,1700 - 1799 BLOCK OF WEST VIRGINIA AVENUE NE,401182,138011,5,5D,5,501,Cluster 23,008803 1,8803,Precinct 76,38.90995972,-76.98637177,,403642489,2016-09-24,2016-09-24,07:00:42,13:30:42
-77.00057885,38.91864334,16148958,2016/09/03 23:00:45+00,EVENING,OTHERS,BURGLARY,2100 - 2199 BLOCK OF 4TH STREET NE,399950,138974,5,5E,5,502,Cluster 21,008702 1,8702,Precinct 75,38.91863554,-77.00057656,,403642502,2016-09-02,2016-09-03,13:00:33,22:00:31
-76.98652333,38.91318351,16161975,2016/09/24 01:17:36+00,EVENING,OTHERS,BURGLARY,1800 - 1899 BLOCK OF GALLAUDET STREET NE,401169,138368,5,5D,5,506,Cluster 23,008803 1,8803,Precinct 76,38.91317572,-76.98652105,,403642511,2016-09-23,2016-09-24,11:00:29,00:20:19
-76.9777696,38.84631288,16162057,2016/09/24 03:45:01+00,MIDNIGHT,OTHERS,BURGLARY,1800 - 1899 BLOCK OF SAVANNAH STREET SE,401930,130945,8,8B,7,704,Cluster 38,007409 3,7409,Precinct 116,38.8463051,-76.97776732,,403642519,2016-09-23,2016-09-24,22:30:03,02:12:55
-77.07460765,38.95021165,16162077,2016/09/24 05:53:59+00,MIDNIGHT,OTHERS,BURGLARY,4600 - 4679 BLOCK OF 38TH STREET NW,393533,142481,3,3E,2,202,Cluster 11,001200 1,1200,Precinct 33,38.95020385,-77.07460534,,403642520,2016-09-24,2016-09-24,03:28:48,05:53:56
-76.98609419,38.86695247,16151757,2016/09/08 13:50:30+00,DAY,OTHERS,BURGLARY,1300 - 1399 BLOCK OF GOOD HOPE ROAD SE,401207,133236,8,8A,6,607,Cluster 28,007503 1,7503,Precinct 114,38.86694469,-76.98609192,ANACOSTIA,403642545,2016-09-08,2016-09-08,09:42:36,09:55:18
-76.92923606,38.89458763,16151899,2016/09/08 17:41:24+00,DAY,OTHERS,BURGLARY,300 - 409 BLOCK OF 50TH STREET NE,406139,136306,7,7C,6,602,Cluster 31,007804 2,7804,Precinct 97,38.89457984,-76.92923379,,403642557,2016-09-08,2016-09-08,17:00:53,17:41:15
-76.99751452,38.83321668,16149455,2016/09/04 19:56:13+00,EVENING,OTHERS,BURGLARY,444 - 799 BLOCK OF CONDON TERRACE SE,400216,129491,8,8E,7,706,Cluster 39,009801 1,9801,Precinct 121,38.8332089,-76.99751224,,403642617,2016-09-04,2016-09-04,13:30:26,17:31:00
-76.97432689,38.87380588,16156154,2016/09/15 03:29:01+00,MIDNIGHT,OTHERS,BURGLARY,2200 - 2299 BLOCK OF NICHOLSON STREET SE,402228,133997,8,8A,6,607,Cluster 34,007601 1,7601,Precinct 133,38.87379809,-76.97432462,,403642635,2016-09-15,2016-09-15,02:00:35,03:10:47
-77.02300534,38.94910716,16156161,2016/09/15 04:15:51+00,MIDNIGHT,OTHERS,BURGLARY,4800  - 4899 BLOCK OF ILLINOIS AVENUE NW,398006,142356,4,4D,4,407,Cluster 18,002201 1,2201,Precinct 55,38.94909936,-77.02300305,,403642637,2016-09-15,2016-09-15,02:08:54,03:50:01
-77.05235568,38.90526323,16156184,2016/09/15 04:28:35+00,MIDNIGHT,OTHERS,BURGLARY,2400 - 2499 BLOCK OF M STREET NW,395459,137490,2,2A,2,207,Cluster 5,005500 2,5500,Precinct 4,38.90525544,-77.05235338,,403642640,2016-09-11,2016-09-15,01:30:19,03:05:18
-76.9404539,38.87866706,16156228,2016/09/15 07:21:14+00,MIDNIGHT,OTHERS,BURGLARY,4300 - 4338 BLOCK OF H STREET SE,405167,134538,7,7E,6,605,Cluster 33,007707 2,7707,Precinct 106,38.87865928,-76.94045164,,403642645,2016-09-15,2016-09-15,04:00:31,04:30:20
-76.93601039,38.91159932,16156342,2016/09/15 15:56:08+00,DAY,OTHERS,BURGLARY,4500 - 4599 BLOCK OF QUARLES STREET NE,405550,138194,7,7D,6,601,Cluster 29,009601 1,9601,Precinct 92,38.91159152,-76.93600813,,403642657,2016-09-14,2016-09-15,19:00:00,13:30:25
-77.02192194,38.91483076,16157501,2016/09/17 04:59:21+00,MIDNIGHT,OTHERS,BURGLARY,1800 - 1899 BLOCK OF 7TH STREET NW,398099,138551,1,1B,3,306,Cluster 3,004400 2,4400,Precinct 137,38.91482297,-77.02191965,,403642688,2016-09-16,2016-09-16,16:37:20,17:25:12
-77.0207643,38.97830332,16171299,2016/10/09 01:42:49+00,EVENING,OTHERS,BURGLARY,500  - 599 BLOCK OF FERN PLACE NW,398201,145597,4,4B,4,401,Cluster 17,010300 3,10300,Precinct 63,38.97829552,-77.02076201,,403642758,2016-10-07,2016-10-08,18:00:34,23:00:26
-76.97278189,38.84566321,16171305,2016/10/09 00:45:02+00,EVENING,OTHERS,BURGLARY,3400 - 3683 BLOCK OF 22ND STREET SE,402363,130873,8,8B,7,704,Cluster 38,007409 2,7409,Precinct 116,38.84565544,-76.97277962,,403642759,2016-10-08,,23:27:45,
-76.99376569,38.89812216,16179305,2016/10/21 22:21:47+00,EVENING,OTHERS,BURGLARY,600 - 699 BLOCK OF 9TH STREET NE,400541,136696,6,6A,1,104,Cluster 25,008402 2,8402,Precinct 82,38.89811437,-76.99376341,,403642797,2016-10-21,2016-10-21,13:00:18,19:00:49
-77.01982297,38.95484601,16179366,2016/10/21 23:15:08+00,EVENING,OTHERS,BURGLARY,5300  - 5399 BLOCK OF 5TH STREET NW,398282,142993,4,4D,4,403,Cluster 18,002101 3,2101,Precinct 56,38.95483821,-77.01982067,,403642806,2016-10-21,2016-10-21,12:10:13,22:30:06
-77.05808664,38.93482586,16167228,2016/10/02 08:14:55+00,MIDNIGHT,OTHERS,BURGLARY,3319 - 3499 BLOCK OF CONNECTICUT AVENUE NW,394964,140772,3,3C,2,203,Cluster 15,001302 2,1302,Precinct 27,38.93481806,-77.05808433,,403642837,2016-10-02,2016-10-02,07:11:55,07:12:46
-77.0013053,38.91811184,16167898,2016/10/03 17:22:47+00,DAY,OTHERS,BURGLARY,300 - 399 BLOCK OF V STREET NE,399887,138915,5,5E,5,502,Cluster 21,008702 1,8702,Precinct 75,38.91810405,-77.00130302,,403642878,2016-10-03,2016-10-03,15:49:53,15:55:41
-77.00130534,38.9202288,16152175,2016/09/09 00:16:12+00,EVENING,OTHERS,BURGLARY,300 - 399 BLOCK OF ADAMS STREET NE,399887,139150,5,5E,5,502,Cluster 21,009203 2,9203,Precinct 74,38.920221,-77.00130306,,403642948,2016-09-08,2016-09-08,12:45:57,21:30:59
-77.0334381,38.95781564,16169731,2016/10/06 17:50:11+00,DAY,OTHERS,BURGLARY,5600  - 5699 BLOCK OF 14TH STREET NW,397102,143323,4,4A,4,403,Cluster 18,002001 2,2001,Precinct 53,38.95780784,-77.0334358,,403642962,2016-10-06,2016-10-06,12:22:42,13:07:31
-76.92744028,38.90347778,16170220,2016/10/07 07:06:50+00,MIDNIGHT,OTHERS,BURGLARY,5024 - 5139 BLOCK OF SHERIFF ROAD NE,406294,137293,7,7C,6,602,Cluster 31,007809 1,7809,Precinct 94,38.90346999,-76.92743802,,403642980,2016-10-07,2016-10-07,06:00:02,06:01:39
-77.01835866,38.9135702,16170538,2016/10/07 21:13:35+00,EVENING,OTHERS,BURGLARY,420 - 499 BLOCK OF RHODE ISLAND AVENUE NW,398408,138411,6,6E,3,308,Cluster 7,004801 1,4801,Precinct 21,38.91356241,-77.01835637,,403643008,2016-10-07,2016-10-07,11:00:33,20:02:32
-76.955667,38.85942286,16170558,2016/10/07 23:20:51+00,EVENING,OTHERS,BURGLARY,3600 - 3629 BLOCK OF CAMDEN STREET SE,403848,132401,7,7B,6,606,Cluster 35,007603 3,7603,Precinct 110,38.85941508,-76.95566474,,403643010,2016-10-07,2016-10-07,20:07:22,23:20:50
-77.02726668,38.93072031,16170707,2016/10/08 01:46:17+00,EVENING,OTHERS,BURGLARY,1000 - 1099 BLOCK OF LAMONT STREET NW,397636,140315,1,1A,3,302,Cluster 2,003100 1,3100,Precinct 38,38.93071252,-77.02726439,,403643017,2016-10-07,2016-10-07,21:45:16,22:30:13
-77.0639915,38.90861755,16173944,2016/10/13 16:08:53+00,DAY,OTHERS,BURGLARY,1401 - 1498 BLOCK OF WISCONSIN AVENUE NW,394450,137863,2,2E,2,206,Cluster 4,000202 2,202,Precinct 6,38.90860976,-77.0639892,GEORGETOWN,403643057,2016-10-13,2016-10-13,14:56:00,15:03:43
-77.03456749,38.907594,16178351,2016/10/20 14:30:25+00,DAY,OTHERS,BURGLARY,1300 - 1321 BLOCK OF 15TH STREET NW,397002,137748,2,2B,2,208,Cluster 6,005201 2,5201,Precinct 17,38.90758621,-77.0345652,,403643093,2016-10-19,2016-10-19,07:56:52,08:40:13
-77.04237132,38.9243109,16178367,2016/10/20 14:56:03+00,DAY,OTHERS,BURGLARY,1730 - 1797 BLOCK OF LANIER PLACE NW,396326,139604,1,1C,3,303,Cluster 1,003900 3,3900,Precinct 35,38.92430311,-77.04236902,ADAMS MORGAN,403643095,2016-10-20,2016-10-20,13:40:52,14:55:02
-76.95552345,38.88640297,16174978,2016/10/15 02:57:08+00,EVENING,OTHERS,BURGLARY,3500 - 3526 BLOCK OF MINNESOTA AVENUE SE,403859,135396,7,7B,6,603,Cluster 32,007708 2,7708,Precinct 132,38.88639519,-76.95552119,,403643111,2016-10-15,2016-10-15,01:15:56,02:00:54
-77.07033139,38.9072086,16175004,2016/10/15 05:03:56+00,MIDNIGHT,OTHERS,BURGLARY,1300 - 1399 BLOCK OF 36TH STREET NW,393900,137707,2,2E,2,206,Cluster 4,000202 4,202,Precinct 6,38.90720082,-77.07032908,,403643115,2016-10-15,2016-10-15,01:30:29,01:35:41
-77.07033107,38.96534819,16179233,2016/10/21 21:42:59+00,EVENING,OTHERS,BURGLARY,5600 - 5699 BLOCK OF NEVADA AVENUE NW,393905,144161,3,3G,2,201,Cluster 10,001401 2,1401,Precinct 50,38.96534039,-77.07032876,,403643136,2016-10-20,2016-10-21,11:30:24,18:40:51
-77.01756151,38.90723746,16167624,2016/10/03 03:31:54+00,MIDNIGHT,OTHERS,BURGLARY,400 - 499 BLOCK OF N STREET NW,398477,137708,6,6E,3,308,Cluster 7,004802 1,4802,Precinct 18,38.90722967,-77.01755922,,403643147,2016-10-03,2016-10-03,00:24:35,01:40:30
-76.92744028,38.90347778,16180526,2016/10/23 18:23:38+00,DAY,OTHERS,BURGLARY,5024 5139  BLOCK OF SHERIFF ROAD NE,406294,137293,7,7C,6,608,Cluster 31,007809 1,7809,Precinct 94,38.90346999,-76.92743802,,403643185,2016-10-23,2016-10-23,15:45:08,17:15:29
-76.99619018,38.8300817,16179849,2016/10/22 17:17:47+00,DAY,OTHERS,BURGLARY,600 - 898 BLOCK OF BRANDYWINE STREET SE,400331,129143,8,8E,7,706,Cluster 39,009802 2,9802,Precinct 125,38.83007392,-76.99618791,,403643215,2016-10-22,2016-10-22,14:30:06,15:00:46
-76.92605796,38.89126157,16180719,2016/10/25 05:07:32+00,MIDNIGHT,OTHERS,BURGLARY,100 - 199 BLOCK OF 53RD STREET NE,406415,135937,7,7C,6,608,Cluster 33,007808 1,7808,Precinct 96,38.89125378,-76.9260557,,403643279,2016-10-23,2016-10-24,22:40:40,01:06:41
-77.00204331,38.91867935,16171702,2016/10/09 18:02:59+00,DAY,OTHERS,BURGLARY,2100 - 2199 BLOCK OF 3RD STREET NE,399823,138978,5,5E,5,502,Cluster 21,008702 1,8702,Precinct 75,38.91867156,-77.00204102,,403643366,2016-10-09,2016-10-09,17:15:24,17:35:37
-77.04425066,38.92367962,16167976,2016/10/03 19:00:16+00,DAY,OTHERS,BURGLARY,2600 - 2699 BLOCK OF ADAMS MILL ROAD NW,396163,139534,1,1C,3,303,Cluster 1,003900 2,3900,Precinct 35,38.92367183,-77.04424836,,403643394,2016-10-03,2016-10-03,18:02:20,18:06:25
-77.06083435,38.92442886,16167987,2016/10/03 20:23:20+00,EVENING,OTHERS,BURGLARY,3000 - 3099 BLOCK OF WOODLAND DRIVE NW,394725,139618,3,3C,2,204,Cluster 15,000400 2,400,Precinct 12,38.92442107,-77.06083205,,403643395,2016-10-03,2016-10-03,16:54:57,17:20:04
-76.99243725,38.92390396,16168009,2016/10/03 20:19:02+00,EVENING,OTHERS,BURGLARY,2601 - 2699 BLOCK OF 10TH STREET NE,400656,139558,5,5B,5,504,Cluster 22,009302 1,9302,Precinct 74,38.92389616,-76.99243497,,403643397,2016-10-03,2016-10-03,18:50:48,18:56:57
-77.01893288,38.90491309,16168096,2016/10/03 22:56:29+00,EVENING,OTHERS,BURGLARY,1100 - 1199 BLOCK OF 5TH STREET NW,398358,137450,6,6E,3,308,Cluster 8,004802 2,4802,Precinct 18,38.9049053,-77.01893059,,403643408,2016-10-03,2016-10-03,12:00:22,20:08:27
-76.97923289,38.84523213,16180131,2016/10/23 02:29:06+00,EVENING,OTHERS,BURGLARY,3400 - 3499 BLOCK OF STANTON ROAD SE,401803,130825,8,8B,7,704,Cluster 38,007409 3,7409,Precinct 116,38.84522436,-76.97923062,,403643485,2016-10-23,2016-10-23,01:20:27,02:22:15
-77.02825424,38.94899791,16172495,2016/10/11 02:51:37+00,EVENING,OTHERS,BURGLARY,1200  - 1299 BLOCK OF DELAFIELD PLACE NW,397551,142344,4,4C,4,404,Cluster 18,002002 1,2002,Precinct 54,38.94899011,-77.02825195,,403643498,2016-10-11,2016-10-11,00:55:10,01:50:30
-77.02969904,38.95568169,16176538,2016/10/17 18:45:58+00,DAY,OTHERS,BURGLARY,5400  - 5499 BLOCK OF 13TH STREET NW,397426,143086,4,4C,4,403,Cluster 18,002002 3,2002,Precinct 54,38.95567389,-77.02969675,,403643512,2016-10-17,2016-10-17,17:09:17,17:12:49
-76.99204279,38.84181951,16171648,2016/10/09 17:22:51+00,DAY,OTHERS,BURGLARY,3300 - 3399 BLOCK OF 10TH PLACE SE,400691,130446,8,8C,7,705,Cluster 39,007304 3,7304,Precinct 120,38.84181173,-76.99204051,,403643521,2016-10-09,2016-10-09,14:29:55,17:22:38
-76.99730496,38.89268124,16171668,2016/10/09 16:34:04+00,DAY,OTHERS,BURGLARY,600 - 699 BLOCK OF MASSACHUSETTS AVENUE NE,400234,136092,6,6C,1,108,Cluster 25,008200 1,8200,Precinct 85,38.89267345,-76.99730268,,403643524,2016-10-09,2016-10-09,05:00:28,12:00:54
-77.03389576,38.9497441,16168126,2016/10/03 23:35:07+00,EVENING,OTHERS,BURGLARY,1400  - 1499 BLOCK OF EMERSON STREET NW,397062,142427,4,4C,4,404,Cluster 18,002002 1,2002,Precinct 54,38.9497363,-77.03389346,,403643576,2016-10-03,2016-10-03,21:03:32,23:35:06
-77.0020434,38.92183227,16168127,2016/10/03 23:15:17+00,EVENING,OTHERS,BURGLARY,2400 - 2499 BLOCK OF 3RD STREET NE,399823,139328,5,5E,5,502,Cluster 21,009203 2,9203,Precinct 74,38.92182448,-77.00204111,,403643577,2016-10-03,2016-10-03,18:00:25,20:00:01
-77.01285987,38.9202371,16168152,2016/10/03 22:44:34+00,EVENING,OTHERS,BURGLARY,100 - 141 BLOCK OF ADAMS STREET NW,398885,139151,5,5E,3,306,Cluster 21,003301 3,3301,Precinct 135,38.92022931,-77.01285758,,403643582,2016-10-03,2016-10-03,12:30:45,21:00:13
-76.98652333,38.91318351,16168252,2016/10/04 02:19:57+00,EVENING,OTHERS,BURGLARY,1800 - 1899 BLOCK OF GALLAUDET STREET NE,401169,138368,5,5D,5,506,Cluster 23,008803 1,8803,Precinct 76,38.91317572,-76.98652105,,403643588,2016-10-03,2016-10-03,21:09:24,21:19:56
-76.92120886,38.89836601,16177447,2016/10/18 23:54:10+00,EVENING,OTHERS,BURGLARY,5500 - 5599 BLOCK OF NANNIE HELEN BURROUGHS AVENUE NE,406835,136726,7,7C,6,608,Cluster 31,007807 1,7807,Precinct 95,38.89835822,-76.92120661,,403643611,2016-10-18,2016-10-18,11:20:03,22:19:58
-76.99679999,38.8432701,16177461,2016/10/19 00:20:45+00,EVENING,OTHERS,BURGLARY,600 699  BLOCK OF ALABAMA AVENUE SE,400278,130607,8,8C,7,705,Cluster 39,009804 1,9804,Precinct 122,38.84326232,-76.99679771,,403643614,2016-10-18,2016-10-18,12:35:50,23:00:08
-77.00863326,38.96517084,16177550,2016/10/19 04:04:03+00,MIDNIGHT,OTHERS,BURGLARY,6130  - 6199 BLOCK OF KANSAS AVENUE NE,399252,144139,4,4B,4,406,Cluster 19,009505 2,9505,Precinct 64,38.96516304,-77.00863097,,403643622,2016-10-19,2016-10-19,01:37:05,02:30:36
-77.01729892,38.91789437,16177911,2016/10/20 01:09:52+00,EVENING,OTHERS,BURGLARY,300 - 399 BLOCK OF OAKDALE PLACE NW,398500,138891,1,1B,3,306,Cluster 3,003400 1,3400,Precinct 20,38.91788657,-77.01729663,,403643628,2016-10-19,2016-10-19,14:30:40,18:05:24
-76.99898782,38.89891506,16165417,2016/09/29 14:52:40+00,DAY,OTHERS,BURGLARY,500 - 599 BLOCK OF G STREET NE,400088,136784,6,6C,1,104,Cluster 25,008301 1,8301,Precinct 84,38.89890727,-76.99898553,,403643635,2016-09-29,2016-09-29,02:00:07,11:30:01
-77.00273239,38.84596363,16165424,2016/09/29 14:39:37+00,DAY,OTHERS,BURGLARY,301 - 499 BLOCK OF ORANGE STREET SE,399763,130906,8,8C,7,707,Cluster 39,010400 2,10400,Precinct 123,38.84595586,-77.00273011,,403643636,2016-09-26,2016-09-29,12:10:21,12:50:46
-76.98236863,38.92851513,16178547,2016/10/20 20:34:53+00,EVENING,OTHERS,BURGLARY,3000 - 3099 BLOCK OF 16TH STREET NE,401529,140070,5,5B,5,504,Cluster 22,009301 3,9301,Precinct 70,38.92850733,-76.98236635,,403643654,2016-10-20,2016-10-20,16:24:12,19:15:36
-76.98342908,38.93093852,16172860,2016/10/11 19:33:39+00,EVENING,OTHERS,BURGLARY,1500 - 1599 BLOCK OF KEARNY STREET NE,401437,140339,5,5B,5,504,Cluster 22,009301 1,9301,Precinct 70,38.93093072,-76.9834268,,403643664,2016-10-11,2016-10-11,11:45:54,19:15:24
-77.01061054,38.91557102,16176782,2016/10/18 00:23:16+00,EVENING,OTHERS,BURGLARY,1 - 99 BLOCK OF T STREET NW,399080,138633,5,5E,3,308,Cluster 21,003302 1,3302,Precinct 19,38.91556322,-77.01060825,,403643666,2016-10-17,2016-10-18,22:39:31,00:23:15
-77.01067961,38.91482332,16176866,2016/10/18 02:25:26+00,EVENING,OTHERS,BURGLARY,1 - 99 BLOCK OF SEATON PLACE NW,399074,138550,5,5E,3,308,Cluster 21,003302 1,3302,Precinct 19,38.91481553,-77.01067732,,403643682,2016-10-18,2016-10-18,01:08:57,02:25:26
-77.03541782,38.92506091,16169422,2016/10/06 00:48:17+00,EVENING,OTHERS,BURGLARY,2800 - 2819 BLOCK OF 15TH STREET NW,396929,139687,1,1A,3,304,Cluster 2,003700 2,3700,Precinct 36,38.92505311,-77.03541552,,403643708,2016-10-02,2016-10-02,20:00:42,23:00:02
-76.97842173,38.89925539,16169847,2016/10/06 18:15:28+00,DAY,OTHERS,BURGLARY,1700 - 1799 BLOCK OF BENNING ROAD NE,401872,136822,6,6A,5,507,Cluster 23,007901 1,7901,Precinct 81,38.8992476,-76.97841945,,403643720,2016-10-01,2016-10-06,17:20:09,17:30:21
-77.02245797,38.96928577,16169882,2016/10/06 21:13:15+00,EVENING,OTHERS,BURGLARY,6500  - 6599 BLOCK OF 7TH STREET NW,398054,144596,4,4B,4,402,Cluster 17,001901 4,1901,Precinct 59,38.96927797,-77.02245567,,403643724,2016-10-06,2016-10-06,19:00:30,19:08:43
-76.93289491,38.87734774,16170024,2016/10/06 23:21:05+00,EVENING,OTHERS,BURGLARY,1100 - 1199 BLOCK OF 46TH PLACE SE,405823,134392,7,7E,6,604,Cluster 33,007707 1,7707,Precinct 106,38.87733995,-76.93289264,,403643736,2016-10-06,2016-10-06,22:05:46,23:21:04
-77.03300645,38.92262937,16165811,2016/09/30 02:22:15+00,EVENING,OTHERS,BURGLARY,1400 - 1499 BLOCK OF CLIFTON STREET NW,397138,139417,1,1B,3,304,Cluster 2,003700 1,3700,Precinct 23,38.92262157,-77.03300415,,403643747,2016-09-30,2016-09-30,00:00:11,00:29:35
-77.02241121,38.93069432,16165929,2016/09/30 06:43:24+00,MIDNIGHT,OTHERS,BURGLARY,600 - 699 BLOCK OF KEEFER PLACE NW,398057,140312,1,1A,4,409,Cluster 2,003200 3,3200,Precinct 38,38.93068653,-77.02240892,,403643755,2016-09-30,2016-10-02,00:45:43,17:00:39
-76.93140351,38.88226546,16169462,2016/10/06 00:17:02+00,EVENING,OTHERS,BURGLARY,5000 - 5099 BLOCK OF KIMI GRAY COURT SE,405952,134938,7,7E,6,604,Cluster 33,009904 2,9904,Precinct 104,38.88225767,-76.93140125,,403643788,2016-10-05,2016-10-05,20:00:39,21:45:56
-77.00837358,38.9155712,16173420,2016/10/12 20:39:04+00,EVENING,OTHERS,BURGLARY,2 - 32 BLOCK OF T STREET NE,399274,138633,5,5E,5,502,Cluster 21,008701 1,8701,Precinct 75,38.91556341,-77.00837129,,403643797,2016-10-12,2016-10-12,18:26:29,20:35:16
-77.01215636,38.91970569,16174192,2016/10/13 22:28:44+00,EVENING,OTHERS,BURGLARY,2200 - 2299 BLOCK OF 1ST STREET NW,398946,139092,5,5E,3,306,Cluster 21,003301 3,3301,Precinct 135,38.9196979,-77.01215407,,403643824,2016-10-13,2016-10-13,13:30:47,20:45:38
-77.00110838,38.86071046,16170465,2016/10/07 19:16:46+00,EVENING,OTHERS,BURGLARY,2638 - 2699 BLOCK OF FIRTH STERLING AVENUE SE,399904,132543,8,8C,7,703,Cluster 37,007401 1,7401,Precinct 119,38.86070268,-77.0011061,,403643852,2016-10-07,2016-10-07,18:15:40,19:16:45
-76.98508406,38.90351738,16178003,2016/10/19 22:21:39+00,EVENING,OTHERS,BURGLARY,1300 - 1399 BLOCK OF ORREN STREET NE,401294,137295,5,5D,5,506,Cluster 23,008802 2,8802,Precinct 77,38.90350959,-76.98508178,,403643879,2016-10-19,2016-10-19,21:23:02,22:00:25
-76.99264312,38.94046124,16178029,2016/10/19 22:53:37+00,EVENING,OTHERS,BURGLARY,4112 - 4199 BLOCK OF 10TH STREET NE,400638,141396,5,5B,4,405,Cluster 20,009504 1,9504,Precinct 68,38.94045344,-76.99264084,,403643881,2016-10-19,2016-10-19,17:00:59,22:00:31
-77.04009049,38.92881586,16176498,2016/10/17 17:55:58+00,DAY,OTHERS,BURGLARY,1674 - 1799 BLOCK OF IRVING STREET NW,396524,140104,1,1D,3,302,Cluster 2,002702 2,2702,Precinct 39,38.92880807,-77.04008819,,403643895,2016-10-17,,15:14:07,
-77.04776183,38.89735586,16180351,2016/10/23 10:30:29+00,MIDNIGHT,OTHERS,BURGLARY,2100 - 2199 BLOCK OF F STREET NW,395857,136612,2,2A,2,207,Cluster 5,010800 3,10800,Precinct 2,38.89734807,-77.04775953,,403643906,2016-10-23,2016-10-23,07:45:52,10:30:24
-76.94721173,38.90397484,16172669,2016/10/11 15:34:04+00,DAY,OTHERS,BURGLARY,3500 - 3899 BLOCK OF JAY STREET NE,404579,137347,7,7D,6,601,Cluster 30,009602 1,9602,Precinct 100,38.90396705,-76.94720947,,403643915,2016-10-11,2016-10-11,12:50:56,13:00:56
-76.93554217,38.88108771,16172727,2016/10/17 18:00:52+00,DAY,OTHERS,BURGLARY,600 - 699 BLOCK OF 46TH PLACE SE,405593,134807,7,7F,6,604,Cluster 33,009907 2,9907,Precinct 103,38.88107993,-76.93553991,,403643923,2016-10-11,2016-10-11,11:45:48,14:16:06
-77.03914423,38.94880559,16181246,2016/10/24 23:00:13+00,EVENING,OTHERS,BURGLARY,4802  - 4807 BLOCK OF 17TH STREET NW,396607,142323,4,4A,4,404,Cluster 18,002600 2,2600,Precinct 48,38.9487978,-77.03914194,,403643942,2016-10-23,2016-10-24,19:00:11,19:00:03
-77.01756111,38.90564298,16181286,2016/10/25 03:52:28+00,MIDNIGHT,OTHERS,BURGLARY,400 - 499 BLOCK OF M STREET NW,398477,137531,6,6E,3,308,Cluster 8,004802 1,4802,Precinct 18,38.90563519,-77.01755882,,403643950,2016-10-24,2016-10-24,15:00:49,19:00:17
-76.98039293,38.89961607,16165272,2016/09/29 05:11:18+00,MIDNIGHT,OTHERS,BURGLARY,1516 - 1699 BLOCK OF BENNING ROAD NE,401701,136862,6,6A,5,507,Cluster 23,007901 4,7901,Precinct 81,38.89960828,-76.98039065,,403643970,2016-09-29,2016-09-29,02:50:01,02:59:11
-77.07348638,38.91446739,16165286,2016/09/29 05:44:55+00,MIDNIGHT,OTHERS,BURGLARY,3700 - 3799 BLOCK OF S STREET NW,393627,138513,2,2E,2,206,Cluster 4,000300 3,300,Precinct 6,38.9144596,-77.07348408,,403643971,2016-09-29,2016-09-29,02:04:37,05:04:03
-77.02756993,38.90964976,16165337,2016/09/29 09:05:11+00,MIDNIGHT,OTHERS,BURGLARY,1100 - 1199 BLOCK OF P STREET NW,397609,137976,2,2F,3,307,Cluster 7,005002 3,5002,Precinct 17,38.90964198,-77.02756764,,403643976,2016-09-29,2016-09-29,07:50:18,07:55:04
-77.02091517,38.90252554,16165991,2016/09/30 13:40:55+00,DAY,OTHERS,BURGLARY,600 - 699 BLOCK OF K STREET NW,398186,137185,6,6E,1,101,Cluster 8,004702 1,4702,Precinct 18,38.90251775,-77.02091288,DOWNTOWN,403644031,2016-09-30,2016-09-30,08:00:36,08:03:47
-77.03273469,38.9335295,16188263,2016/11/04 23:05:06+00,EVENING,OTHERS,BURGLARY,3451 - 3472 BLOCK OF 14TH STREET NW,397162,140627,1,1A,4,408,Cluster 2,002801 1,2801,Precinct 41,38.93352171,-77.03273239,,403644052,2016-11-04,2016-11-04,20:36:08,22:47:44
-76.99025063,38.89119448,16192226,2016/11/11 10:11:21+00,MIDNIGHT,OTHERS,BURGLARY,100 - 199 BLOCK OF 12TH STREET NE,400846,135927,6,6A,1,108,Cluster 26,008100 3,8100,Precinct 85,38.8911867,-76.99024835,,403644063,2016-11-11,,09:02:39,
-77.01442536,38.90646317,16192336,2016/11/11 17:43:06+00,DAY,OTHERS,BURGLARY,200 - 299 BLOCK OF MORGAN STREET NW,398749,137622,6,6E,3,308,Cluster 21,004600 2,4600,Precinct 1,38.90645538,-77.01442307,,403644072,2016-11-11,2016-11-11,16:24:13,17:43:04
-76.97989481,38.86726687,16184967,2016/10/30 16:33:37+00,DAY,OTHERS,BURGLARY,1700 - 1799 BLOCK OF T STREET SE,401745,133271,8,8A,6,607,Cluster 34,007605 3,7605,Precinct 112,38.86725908,-76.97989253,,403644084,2016-10-29,2016-10-30,23:00:09,13:00:26
-76.97855376,38.92022684,16184979,2016/10/30 16:23:35+00,DAY,OTHERS,BURGLARY,1800 - 1858 BLOCK OF ADAMS STREET NE,401860,139150,5,5C,5,505,Cluster 22,011100 3,11100,Precinct 72,38.92021904,-76.97855148,,403644086,2016-10-30,2016-10-30,00:00:07,16:20:28
-77.04088342,38.92387002,16189450,2016/11/06 18:29:56+00,DAY,OTHERS,BURGLARY,1737 - 1776 BLOCK OF COLUMBIA ROAD NW,396455,139555,1,1C,3,303,Cluster 1,003800 3,3800,Precinct 35,38.92386223,-77.04088112,ADAMS MORGAN,403644113,2016-11-06,2016-11-06,02:30:52,16:00:45
-76.93097971,38.87954467,16189487,2016/11/06 20:37:01+00,EVENING,OTHERS,BURGLARY,5000 - 5099 BLOCK OF HANNA PLACE SE,405989,134636,7,7E,6,604,Cluster 33,007707 1,7707,Precinct 106,38.87953689,-76.93097745,,403644118,2016-11-06,2016-11-06,14:00:11,18:40:33
-77.03156591,38.95080772,16189962,2016/11/07 18:01:27+00,DAY,OTHERS,BURGLARY,1300  - 1399 BLOCK OF FARRAGUT STREET NW,397264,142545,4,4C,4,404,Cluster 18,002002 3,2002,Precinct 54,38.95079993,-77.03156361,,403644135,2016-11-06,2016-11-06,03:19:34,03:21:48
-76.96628521,38.8694798,16190090,2016/11/08 01:47:50+00,EVENING,OTHERS,BURGLARY,2820 - 2899 BLOCK OF R STREET SE,402926,133517,7,7B,6,607,Cluster 34,007604 3,7604,Precinct 111,38.86947202,-76.96628294,,403644151,2016-11-07,2016-11-07,11:00:34,20:00:17
-76.93632482,38.89519527,16196574,2016/11/19 02:40:11+00,EVENING,OTHERS,BURGLARY,4500 - 4699 BLOCK OF EADS STREET NE,405524,136373,7,7D,6,602,Cluster 30,007803 2,7803,Precinct 98,38.89518748,-76.93632255,,403644164,2016-11-18,2016-11-19,23:04:47,00:32:26
-77.02809081,38.91483844,16196582,2016/11/19 01:38:20+00,EVENING,OTHERS,BURGLARY,1800 - 1899 BLOCK OF 12TH STREET NW,397564,138552,1,1B,3,305,Cluster 3,004400 2,4400,Precinct 137,38.91483065,-77.02808852,,403644166,2016-11-18,2016-11-18,13:30:26,22:25:23
-77.05821105,38.97419193,16188964,2016/11/05 22:39:43+00,EVENING,OTHERS,BURGLARY,6300  - 6599 BLOCK OF 31ST STREET NW,394956,145142,4,3G,2,201,Cluster 10,001500 4,1500,Precinct 51,38.97418413,-77.05820874,,403644189,2016-11-04,2016-11-04,16:30:34,18:30:23
-77.02431258,38.92600962,16177634,2016/10/19 09:32:27+00,MIDNIGHT,OTHERS,BURGLARY,700 - 999 BLOCK OF GIRARD STREET NW,397892,139792,1,1B,3,304,Cluster 2,003500 1,3500,Precinct 37,38.92600183,-77.02431029,,403644224,2016-10-19,2016-10-19,07:36:49,07:44:07
-77.02417386,38.92502774,16177638,2016/10/19 09:57:48+00,MIDNIGHT,OTHERS,BURGLARY,700 - 799 BLOCK OF FAIRMONT STREET NW,397904,139683,1,1B,3,304,Cluster 2,003500 1,3500,Precinct 37,38.92501995,-77.02417157,,403644226,2016-10-19,2016-10-19,07:40:02,07:44:44
-77.02417386,38.92502774,16177640,2016/10/19 11:17:51+00,DAY,OTHERS,BURGLARY,700 - 799 BLOCK OF FAIRMONT STREET NW,397904,139683,1,1B,3,304,Cluster 2,003500 1,3500,Precinct 37,38.92501995,-77.02417157,,403644227,2016-10-19,2016-10-19,07:40:58,07:44:10
-76.9726235,38.89823623,16174391,2016/10/14 04:50:10+00,MIDNIGHT,OTHERS,BURGLARY,2300 - 2399 BLOCK OF BENNING ROAD NE,402375,136709,7,7D,5,507,Cluster 23,007903 1,7903,Precinct 80,38.89822844,-76.97262122,,403644237,2016-10-14,2016-10-14,03:18:27,03:19:42
-77.02971149,38.93017922,16178181,2016/10/20 03:38:36+00,MIDNIGHT,OTHERS,BURGLARY,3200 - 3299 BLOCK OF 13TH STREET NW,397424,140255,1,1A,3,302,Cluster 2,003000 1,3000,Precinct 39,38.93017143,-77.02970919,,403644253,2016-10-19,2016-10-20,10:30:25,03:00:03
-77.03156116,38.96613078,16178196,2016/10/20 04:00:34+00,MIDNIGHT,OTHERS,BURGLARY,1300  - 1399 BLOCK OF SHERIDAN STREET NW,397265,144246,4,4A,4,402,Cluster 17,001804 3,1804,Precinct 60,38.96612298,-77.03155886,,403644255,2016-10-19,2016-10-19,14:00:25,23:00:25
-76.92787687,38.88215523,16174843,2016/10/14 23:16:04+00,EVENING,OTHERS,BURGLARY,5100 - 5299 BLOCK OF E STREET SE,406258,134926,7,7E,6,604,Cluster 33,009905 3,9905,Precinct 104,38.88214744,-76.92787461,,403644268,2016-10-14,2016-10-14,08:30:41,20:30:04
-77.06419939,38.9090138,16177718,2016/10/19 15:02:30+00,DAY,OTHERS,BURGLARY,1417 - 1510 BLOCK OF WISCONSIN AVENUE NW,394432,137907,2,2E,2,206,Cluster 4,000202 2,202,Precinct 6,38.90900602,-77.06419709,GEORGETOWN,403644309,2016-10-19,2016-10-19,00:00:27,13:30:17
-76.9989879,38.89308664,16177808,2016/10/19 17:17:37+00,DAY,OTHERS,BURGLARY,500 - 599 BLOCK OF C STREET NE,400088,136137,6,6C,1,108,Cluster 25,008200 2,8200,Precinct 89,38.89307886,-76.99898562,CAPITOL HILL,403644317,2016-10-18,2016-10-19,22:00:00,13:00:17
-77.01990326,38.91186737,16164975,2016/09/28 19:26:59+00,EVENING,OTHERS,BURGLARY,1600 - 1699 BLOCK OF 6TH STREET NW,398274,138222,6,6E,3,308,Cluster 7,004801 1,4801,Precinct 18,38.91185958,-77.01990097,,403644328,2016-09-28,2016-09-28,16:45:58,18:47:37
-76.94091142,38.89678315,16175250,2016/10/15 14:24:52+00,DAY,OTHERS,BURGLARY,4200 - 4399 BLOCK OF EDSON PLACE NE,405126,136549,7,7D,6,602,Cluster 30,007803 4,7803,Precinct 99,38.89677536,-76.94090915,,403644405,2016-10-15,2016-10-15,12:00:25,14:24:49
-77.01441399,38.90723789,16191348,2016/11/09 22:22:33+00,EVENING,OTHERS,BURGLARY,200 - 299 BLOCK OF N STREET NW,398750,137708,6,6E,3,308,Cluster 21,004600 2,4600,Precinct 1,38.9072301,-77.0144117,,403644438,2016-11-09,2016-11-09,13:15:46,21:30:28
-77.0082007,38.91628287,16191208,2016/11/09 18:56:03+00,DAY,OTHERS,BURGLARY,1 - 40 BLOCK OF TODD PLACE NE,399289,138712,5,5E,5,502,Cluster 21,008701 2,8701,Precinct 75,38.91627508,-77.00819842,,403644439,2016-11-09,2016-11-09,17:15:24,17:25:56
-77.04596339,38.93297554,16186352,2016/11/01 18:22:27+00,DAY,OTHERS,BURGLARY,2000 - 2022 BLOCK OF KLINGLE ROAD NW,396015,140566,1,1D,3,302,Cluster 2,002701 3,2701,Precinct 40,38.93296775,-77.04596109,,403644452,2016-11-01,2016-11-01,12:45:05,17:35:52
-76.95278114,38.88508667,16186464,2016/11/01 21:43:36+00,EVENING,OTHERS,BURGLARY,230 - 499 BLOCK OF 37TH STREET SE,404097,135250,7,7F,6,603,Cluster 32,007703 3,7703,Precinct 107,38.88507889,-76.95277887,,403644460,2016-11-01,2016-11-01,20:35:39,21:22:17
-76.98698561,38.90734616,16186482,2016/11/01 23:20:16+00,EVENING,OTHERS,BURGLARY,1600 - 1619 BLOCK OF MONTELLO AVENUE NE,401129,137720,5,5D,5,506,Cluster 23,008804 1,8804,Precinct 76,38.90733837,-76.98698333,,403644462,2016-11-01,2016-11-01,11:35:12,20:15:01
-76.98344261,38.9223536,16186645,2016/11/02 02:39:49+00,EVENING,OTHERS,BURGLARY,1412 - 1599 BLOCK OF DOWNING STREET NE,401436,139386,5,5C,5,505,Cluster 22,009102 3,9102,Precinct 72,38.9223458,-76.98344033,,403644486,2016-11-02,,02:05:03,
-77.0270389,38.90791128,16186770,2016/11/02 13:30:12+00,DAY,OTHERS,BURGLARY,1300 - 1399 BLOCK OF 11TH STREET NW,397655,137783,2,2F,3,307,Cluster 7,005002 3,5002,Precinct 17,38.90790349,-77.02703661,,403644497,2016-10-29,2016-10-31,16:00:56,13:30:05
-76.99987557,38.84468447,16190981,2016/11/09 06:55:34+00,MIDNIGHT,OTHERS,BURGLARY,300 - 599 BLOCK OF PARKLAND PLACE SE,400011,130764,8,8C,7,707,Cluster 39,010400 1,10400,Precinct 123,38.84467669,-76.99987329,,403644522,2016-11-09,2016-11-09,04:52:30,05:00:54
-77.02431258,38.92600962,16182616,2016/10/26 23:43:21+00,EVENING,OTHERS,BURGLARY,700 - 999 BLOCK OF GIRARD STREET NW,397892,139792,1,1B,3,304,Cluster 2,003500 1,3500,Precinct 37,38.92600183,-77.02431029,,403644536,2016-10-26,2016-10-26,15:00:20,21:10:16
-76.99305964,38.9274803,16190473,2016/11/08 14:06:18+00,DAY,OTHERS,BURGLARY,900 - 999 BLOCK OF HAMLIN STREET NE,400602,139955,5,5B,5,504,Cluster 22,009302 1,9302,Precinct 73,38.9274725,-76.99305735,,403644554,2016-11-08,2016-11-08,11:15:33,12:40:10
-76.9961747,38.90406778,16190789,2016/11/08 23:33:29+00,EVENING,OTHERS,BURGLARY,1100 - 1121 BLOCK OF 7TH STREET NE,400332,137356,6,6C,5,501,Cluster 25,010600 1,10600,Precinct 83,38.90405999,-76.99617242,,403644589,2016-11-08,2016-11-08,13:45:51,18:30:22
-77.02294673,38.91038945,16190706,2016/11/08 21:15:09+00,EVENING,OTHERS,BURGLARY,1500 - 1599 BLOCK OF 8TH STREET NW,398010,138058,6,6E,3,307,Cluster 7,004901 2,4901,Precinct 18,38.91038166,-77.02294444,,403644595,2016-11-08,2016-11-08,20:23:27,20:33:47
-77.02294673,38.91038945,16190927,2016/11/09 03:25:25+00,EVENING,OTHERS,BURGLARY,1500 - 1599 BLOCK OF 8TH STREET NW,398010,138058,6,6E,3,307,Cluster 7,004901 2,4901,Precinct 18,38.91038166,-77.02294444,,403644603,2016-11-08,2016-11-09,14:00:48,02:45:18
-76.92814331,38.88081315,16189608,2016/11/07 04:05:44+00,MIDNIGHT,OTHERS,BURGLARY,5100 - 5298 BLOCK OF FITCH STREET SE,406235,134777,7,7E,6,604,Cluster 33,007707 1,7707,Precinct 105,38.88080536,-76.92814105,,403644637,2016-11-06,2016-11-06,22:00:04,22:20:26
-76.92562976,38.88184754,16194121,2016/11/14 23:23:36+00,EVENING,OTHERS,BURGLARY,5300 - 5399 BLOCK OF E STREET SE,406453,134892,7,7E,6,604,Cluster 33,009905 3,9905,Precinct 105,38.88183975,-76.9256275,,403644677,2016-11-14,2016-11-14,21:13:06,23:23:40
-77.01216687,38.91371515,16190247,2016/11/08 02:28:44+00,EVENING,OTHERS,BURGLARY,1720 - 1799 BLOCK OF 1ST STREET NW,398945,138427,5,5E,3,308,Cluster 21,003302 1,3302,Precinct 19,38.91370736,-77.01216458,,403644680,2016-11-07,2016-11-08,23:53:22,01:29:40
-76.9801313,38.84558362,16182126,2016/10/26 01:02:08+00,EVENING,OTHERS,BURGLARY,1600 - 1699 BLOCK OF SAVANNAH STREET SE,401725,130864,8,8B,7,704,Cluster 38,007409 3,7409,Precinct 116,38.84557584,-76.98012903,,403644715,2016-10-25,2016-10-26,22:30:22,00:00:47
-77.03156179,38.96756309,16186163,2016/11/02 13:09:17+00,DAY,OTHERS,BURGLARY,1300  - 1399 BLOCK OF TUCKERMAN STREET NW,397265,144405,4,4A,4,402,Cluster 17,001804 1,1804,Precinct 60,38.96755529,-77.0315595,,403644756,2016-11-02,2016-11-02,01:50:49,02:00:11
-77.00910022,38.87653375,16186213,2016/11/01 16:19:54+00,DAY,OTHERS,BURGLARY,1000 - 1299 BLOCK OF SOUTH CAPITOL STREET,399210.55,134299.54,6,6D,1,106,Cluster 9,007200 2,7200,Precinct 128,38.87652596,-77.00909794,SOUTHWEST,403644760,2016-10-31,2016-11-01,22:30:14,13:00:44
-77.01109175,38.82163128,16194436,2016/11/15 14:35:01+00,DAY,OTHERS,BURGLARY,4680 - 4699 BLOCK OF MARTIN LUTHER KING JR AVENUE SW,399037,128205,8,8D,7,708,Cluster 39,010900 1,10900,Precinct 126,38.82162351,-77.01108947,,403644791,2016-11-15,2016-11-15,13:34:31,14:24:53
-77.00462069,38.83205452,16172915,2016/10/11 21:48:26+00,EVENING,OTHERS,BURGLARY,100 - 199 BLOCK OF YUMA STREET SE,399599,129362,8,8C,7,707,Cluster 39,009803 2,9803,Precinct 124,38.83204675,-77.00461841,,403644840,2016-10-11,2016-10-11,20:06:48,20:50:17
-76.92787687,38.88215523,16188362,2016/11/05 01:23:12+00,EVENING,OTHERS,BURGLARY,5100 - 5299 BLOCK OF E STREET SE,406258,134926,7,7E,6,604,Cluster 33,009905 3,9905,Precinct 104,38.88214744,-76.92787461,,403644861,2016-11-04,2016-11-04,22:58:35,23:43:29
-76.97306804,38.85053685,16197289,2016/11/20 01:31:33+00,EVENING,OTHERS,BURGLARY,3200 - 3265 BLOCK OF 23RD STREET SE,402338,131414,8,8E,7,704,Cluster 38,007403 1,7403,Precinct 116,38.85052907,-76.97306576,,403644984,2016-11-20,2016-11-20,00:15:34,00:20:28
-76.97899635,38.9053001,16193625,2016/11/14 00:03:02+00,EVENING,OTHERS,BURGLARY,1140 - 1199 BLOCK OF 17TH STREET NE,401822,137493,5,5D,5,507,Cluster 23,008903 1,8903,Precinct 78,38.90529231,-76.97899407,,403644995,2016-11-13,2016-11-14,23:01:58,00:03:01
-76.96658321,38.84830108,16181682,2016/10/25 15:12:31+00,DAY,OTHERS,BURGLARY,2500 - 2999 BLOCK OF SOUTHERN AVENUE SE,402901,131166,8,8B,7,704,Cluster 38,,,Precinct 116,38.8482933,-76.96658094,,403645007,2016-10-24,2016-10-25,21:00:12,12:00:10
-76.953987,38.89182542,16181687,2016/10/25 15:04:07+00,DAY,OTHERS,BURGLARY,100 - 222 BLOCK OF 35TH STREET NE,403992,135998,7,7F,6,603,Cluster 32,009603 3,9603,Precinct 102,38.89181763,-76.95398473,,403645009,2016-10-25,2016-10-25,13:28:14,15:04:05
-77.01181525,38.87928521,16177118,2016/10/18 16:22:17+00,DAY,OTHERS,BURGLARY,50 - 199 BLOCK OF I STREET SW,398975,134605,6,6D,1,105,Cluster 9,010500 1,10500,Precinct 128,38.87927742,-77.01181297,SOUTHWEST,403645020,2016-10-17,2016-10-17,23:36:54,23:42:00
-77.03489134,38.98038987,16177161,2016/10/18 17:34:03+00,DAY,OTHERS,BURGLARY,1400  - 1499 BLOCK OF HOLLY STREET NW,396977,145829,4,4A,4,401,Cluster 16,001600 3,1600,Precinct 62,38.98038207,-77.03488904,,403645025,2016-10-18,2016-10-18,12:15:42,14:21:49
-77.06931199,38.91411861,16177164,2016/10/18 17:48:38+00,DAY,OTHERS,BURGLARY,1700 - 1799 BLOCK OF 35TH STREET NW,393989,138474,2,2E,2,206,Cluster 4,000300 1,300,Precinct 6,38.91411082,-77.06930968,,403645026,2016-10-18,2016-10-18,16:03:37,16:45:13
-77.03468704,38.96374271,16177194,2016/10/18 18:42:31+00,DAY,OTHERS,BURGLARY,1400  - 1499 BLOCK OF ROCK CREEK FORD ROAD NW,396994,143981,4,4A,4,402,Cluster 17,001803 2,1803,Precinct 60,38.96373491,-77.03468474,,403645027,2016-10-18,,16:54:39,
-77.0110019,38.91112086,16192507,2016/11/11 23:37:58+00,EVENING,OTHERS,BURGLARY,1 - 99 BLOCK OF Q STREET NW,399046,138139,5,5E,3,308,Cluster 21,004600 1,4600,Precinct 19,38.91111307,-77.01099961,,403645045,2016-11-11,2016-11-11,22:41:17,23:35:58
-77.00278043,38.89613144,16192516,2016/11/11 23:44:59+00,EVENING,OTHERS,BURGLARY,200 - 299 BLOCK OF E STREET NE,399759,136475,6,6C,1,108,Cluster 25,008301 2,8301,Precinct 84,38.89612366,-77.00277814,CAPITOL HILL,403645046,2016-11-11,2016-11-11,13:30:46,20:45:37
-77.00057811,38.82803684,16195190,2016/11/16 19:14:59+00,DAY,OTHERS,BURGLARY,4200 - 4232 BLOCK OF 4TH STREET SE,399950,128916,8,8D,7,706,Cluster 39,009811 1,9811,Precinct 125,38.82802906,-77.00057583,,403645136,2016-11-16,2016-11-16,12:00:40,17:30:58
-77.00278132,38.91898562,16168436,2016/10/04 13:04:38+00,DAY,OTHERS,BURGLARY,200 - 299 BLOCK OF RHODE ISLAND AVENUE NE,399759,139012,5,5E,5,502,Cluster 21,008702 1,8702,Precinct 75,38.91897783,-77.00277903,,403645160,2016-10-01,2016-10-01,16:00:28,23:00:31
-76.99498528,38.93187645,16168456,2016/10/04 13:45:43+00,DAY,OTHERS,BURGLARY,3400 - 3499 BLOCK OF 8TH STREET NE,400435,140443,5,5E,5,502,Cluster 21,009201 1,9201,Precinct 74,38.93186866,-76.99498299,,403645163,2016-10-03,2016-10-04,15:53:06,11:50:30
-77.01893209,38.90192232,16168477,2016/10/04 17:35:07+00,DAY,OTHERS,BURGLARY,914 - 999 BLOCK OF 5TH STREET NW,398358,137118,6,6E,1,101,Cluster 8,004702 1,4702,Precinct 1,38.90191453,-77.0189298,MOUNT VERNON TRIANGLE CID,403645166,2016-10-04,2016-10-04,13:21:12,15:51:09
-77.03389576,38.9497441,16196544,2016/11/19 00:32:10+00,EVENING,OTHERS,BURGLARY,1400  - 1499 BLOCK OF EMERSON STREET NW,397062,142427,4,4C,4,404,Cluster 18,002002 1,2002,Precinct 54,38.9497363,-77.03389346,,403645178,2016-11-18,2016-11-18,17:45:48,21:00:00
-76.96324903,38.92503347,16196740,2016/11/19 04:35:56+00,MIDNIGHT,OTHERS,BURGLARY,3100 - 3199 BLOCK OF APPLE ROAD NE,403187,139684,5,5C,5,503,Cluster 24,009000 2,9000,Precinct 139,38.92502568,-76.96324675,,403645180,2016-11-19,2016-11-19,03:09:22,04:35:54
-77.03488622,38.96993131,16184408,2016/10/29 21:12:58+00,EVENING,OTHERS,BURGLARY,1400  - 1599 BLOCK OF VAN BUREN STREET NW,396977,144668,4,4A,4,402,Cluster 17,001803 1,1803,Precinct 61,38.96992351,-77.03488392,,403645192,2016-10-29,2016-10-29,18:00:42,18:05:49
-77.0304523,38.93648484,16184474,2016/10/29 22:33:43+00,EVENING,OTHERS,BURGLARY,1301  - 1334 BLOCK OF SPRING ROAD NW,397360,140955,1,1A,4,408,Cluster 2,002900 2,2900,Precinct 42,38.93647705,-77.03045,,403645197,2016-10-29,2016-10-29,06:45:49,20:49:25
-77.00549651,38.83872975,16183025,2016/10/27 17:44:58+00,DAY,OTHERS,BURGLARY,3600 - 3698 BLOCK OF MARTIN LUTHER KING JR AVENUE SE,399523,130103,8,8C,7,707,Cluster 39,010400 1,10400,Precinct 124,38.83872198,-77.00549423,,403645223,2016-10-27,2016-10-27,11:30:22,16:09:31
-77.01441399,38.90723789,16183347,2016/10/28 02:00:55+00,EVENING,OTHERS,BURGLARY,200 - 299 BLOCK OF N STREET NW,398750,137708,6,6E,3,308,Cluster 21,004600 2,4600,Precinct 1,38.9072301,-77.0144117,,403645233,2016-10-28,2016-10-28,01:01:22,02:00:51
-77.01037762,38.82046926,16197444,2016/11/20 07:36:07+00,MIDNIGHT,OTHERS,BURGLARY,130 - 199 BLOCK OF IRVINGTON STREET SW,399099,128076,8,8D,7,708,Cluster 39,010900 2,10900,Precinct 126,38.82046149,-77.01037533,,403645286,2016-11-18,2016-11-20,20:00:12,06:30:46
-76.99987557,38.84468447,16181875,2016/10/25 19:58:11+00,EVENING,OTHERS,BURGLARY,300 - 599 BLOCK OF PARKLAND PLACE SE,400011,130764,8,8C,7,707,Cluster 39,010400 1,10400,Precinct 123,38.84467669,-76.99987329,,403645313,2016-10-24,2016-10-25,18:15:06,19:58:10
-76.94956562,38.8848421,16168955,2016/10/05 03:37:56+00,MIDNIGHT,OTHERS,BURGLARY,3700 - 3899 BLOCK OF D STREET SE,404376,135223,7,7F,6,603,Cluster 32,007703 3,7703,Precinct 107,38.88483431,-76.94956335,,403645338,2016-10-04,2016-10-05,12:30:58,01:20:43
-77.00755459,38.9125985,16168965,2016/10/05 04:05:09+00,MIDNIGHT,OTHERS,BURGLARY,10 - 99 BLOCK OF R STREET NE,399345,138303,5,5E,5,502,Cluster 21,008701 1,8701,Precinct 75,38.91259071,-77.0075523,,403645340,2016-10-05,2016-10-05,02:36:52,02:40:43
-77.03080113,38.9162881,16184840,2016/10/30 08:40:22+00,MIDNIGHT,OTHERS,BURGLARY,1300 - 1399 BLOCK OF WALLACH PLACE NW,397329,138713,1,1B,3,305,Cluster 3,004400 2,4400,Precinct 22,38.91628031,-77.03079883,,403645358,2016-10-30,2016-10-30,06:58:20,08:20:16
-77.03378506,38.93524078,16189427,2016/11/06 17:41:22+00,DAY,OTHERS,BURGLARY,1400 - 1499 BLOCK OF OTIS PLACE NW,397071,140817,1,1A,4,408,Cluster 2,002801 2,2801,Precinct 41,38.93523299,-77.03378276,,403645387,2016-11-06,2016-11-06,02:00:52,15:30:26
-77.01059986,38.92130932,16189922,2016/11/07 19:09:53+00,DAY,OTHERS,BURGLARY,1 - 99 BLOCK OF BRYANT STREET NW,399081,139270,5,5E,3,306,Cluster 21,003301 1,3301,Precinct 135,38.92130153,-77.01059757,,403645409,2016-11-07,2016-11-07,14:34:32,19:09:52
-77.04735747,38.89602278,16193784,2016/11/14 08:04:08+00,MIDNIGHT,OTHERS,BURGLARY,2100 - 2199 BLOCK OF E STREET NW,395892,136464,2,2A,2,207,Cluster 5,010800 3,10800,Precinct 2,38.896015,-77.04735517,,403645414,2016-11-14,2016-11-14,01:25:07,06:20:58
-76.92922886,38.90183936,16192157,2016/11/11 05:49:38+00,MIDNIGHT,OTHERS,BURGLARY,4916 - 5067 BLOCK OF JAY STREET NE,406139,137111,7,7C,6,608,Cluster 31,007809 1,7809,Precinct 94,38.90183157,-76.9292266,,403645433,2016-11-10,2016-11-11,23:00:32,02:00:11
-76.97469698,38.90258773,16192174,2016/11/11 07:05:22+00,MIDNIGHT,OTHERS,BURGLARY,1926 - 2099 BLOCK OF I STREET NE,402195,137192,5,5D,5,507,Cluster 23,008904 1,8904,Precinct 79,38.90257994,-76.9746947,,403645436,2016-11-10,2016-11-11,16:00:39,05:40:18
-76.96334949,38.93151949,16192191,2016/11/11 07:34:52+00,MIDNIGHT,OTHERS,BURGLARY,3200 - 3299 BLOCK OF WALNUT STREET NE,403178,140404,5,5C,5,503,Cluster 24,011100 1,11100,Precinct 71,38.93151169,-76.96334721,,403645438,2016-11-11,2016-11-11,06:07:56,06:40:49
-76.98294135,38.89667073,16193420,2016/11/13 17:07:22+00,DAY,OTHERS,BURGLARY,1500 - 1599 BLOCK OF F STREET NE,401480,136535,6,6A,5,507,Cluster 25,007901 3,7901,Precinct 81,38.89666294,-76.98293907,,403645476,2016-11-13,2016-11-13,16:09:07,17:07:21
-76.99748727,38.95315411,16193804,2016/11/14 10:51:06+00,MIDNIGHT,OTHERS,BURGLARY,5166 - 5199 BLOCK OF SOUTH DAKOTA AVENUE NE,400218,142805,5,5A,4,406,Cluster 19,009508 3,9508,Precinct 66,38.95314631,-76.99748498,,403645491,2016-11-10,2016-11-14,12:00:44,09:30:43
-76.9476552,38.89666025,16196379,2016/11/18 20:13:23+00,EVENING,OTHERS,BURGLARY,4000 - 4121 BLOCK OF MINNESOTA AVENUE NE,404541,136535,7,7F,6,602,Cluster 30,007803 1,7803,Precinct 99,38.89665246,-76.94765293,,403645519,2016-11-18,2016-11-18,10:30:45,17:30:03
-76.99682231,38.85945826,16196492,2016/11/18 21:34:17+00,EVENING,OTHERS,BURGLARY,2600 - 2698 BLOCK OF WADE ROAD SE,400276,132404,8,8C,7,703,Cluster 37,007401 2,7401,Precinct 119,38.85945048,-76.99682003,,403645531,2016-11-18,2016-11-18,19:45:34,20:00:09
-76.99183662,38.83163093,16192746,2016/11/12 09:39:41+00,MIDNIGHT,OTHERS,BURGLARY,812 - 899 BLOCK OF BARNABY STREET SE,400709,129315,8,8E,7,706,Cluster 39,009700 2,9700,Precinct 125,38.83162316,-76.99183434,,403645540,2016-11-12,2016-11-12,08:20:30,08:40:21
-76.96654442,38.8573095,16192814,2016/11/12 19:34:31+00,DAY,OTHERS,BURGLARY,2800 - 2899 BLOCK OF ERIE STREET SE,402904,132166,7,7B,6,606,Cluster 35,007603 4,7603,Precinct 113,38.85730172,-76.96654215,,403645547,2016-11-12,2016-11-12,13:39:13,15:30:12
-76.9731741,38.93617044,16192851,2016/11/12 17:26:07+00,DAY,OTHERS,BURGLARY,2200 - 2399 BLOCK OF PERRY STREET NE,402326,140920,5,5C,5,503,Cluster 24,009400 3,9400,Precinct 69,38.93616264,-76.97317182,,403645551,2016-11-12,2016-11-12,13:30:18,15:30:01
-76.99617544,38.89037506,16168711,2016/10/04 22:43:49+00,EVENING,OTHERS,BURGLARY,1 - 99 BLOCK OF 7TH STREET NE,400332,135836,6,6C,1,108,Cluster 26,008200 1,8200,Precinct 85,38.89036728,-76.99617316,,403645591,2016-10-04,2016-10-04,15:43:05,18:30:44
-76.92938304,38.88584058,16168714,2016/10/05 02:45:47+00,EVENING,OTHERS,BURGLARY,5000 - 5099 BLOCK OF BASS PLACE SE,406127,135335,7,7E,6,604,Cluster 33,009904 2,9904,Precinct 104,38.88583279,-76.92938078,,403645592,2016-10-04,2016-10-04,20:11:59,21:54:12
-77.01065508,38.82779312,16185753,2016/10/31 22:09:57+00,EVENING,OTHERS,BURGLARY,10 - 199 BLOCK OF DANBURY STREET SW,399075,128889,8,8D,7,708,Cluster 39,009807 2,9807,Precinct 126,38.82778535,-77.01065279,,403645650,2016-10-31,2016-10-31,17:40:08,18:00:30
-77.03342882,38.96264407,16185820,2016/11/01 01:12:54+00,EVENING,OTHERS,BURGLARY,5910  - 5999 BLOCK OF 14TH STREET NW,397103,143859,4,4A,4,402,Cluster 17,001803 2,1803,Precinct 60,38.96263627,-77.03342653,,403645658,2016-10-31,2016-10-31,12:00:26,21:30:57
-76.98110618,38.90526442,16189653,2016/11/07 00:34:49+00,EVENING,OTHERS,BURGLARY,1113 - 1199 BLOCK OF 16TH STREET NE,401639,137489,5,5D,5,506,Cluster 23,008804 2,8804,Precinct 78,38.90525663,-76.9811039,,403645659,2016-11-06,2016-11-06,23:00:38,23:10:36
-77.02726668,38.93072031,16209439,2016/12/11 23:45:25+00,EVENING,OTHERS,BURGLARY,1000 - 1099 BLOCK OF LAMONT STREET NW,397636,140315,1,1A,3,302,Cluster 2,003100 1,3100,Precinct 38,38.93071252,-77.02726439,,403645667,2016-12-11,2016-12-11,20:31:28,23:45:22
-76.93268905,38.87566305,16201742,2016/11/28 18:06:12+00,DAY,OTHERS,BURGLARY,4600 - 4699 BLOCK OF EASY PLACE SE,405841,134205,7,7E,6,604,Cluster 33,007707 1,7707,Precinct 106,38.87565526,-76.93268679,,403645674,2016-11-28,2016-11-28,16:20:17,18:06:11
-76.9884354,38.85417879,16210406,2016/12/13 20:47:22+00,EVENING,OTHERS,BURGLARY,2400 - 2599 BLOCK OF ELVANS ROAD SE,401004,131818,8,8B,7,703,Cluster 37,007406 2,7406,Precinct 118,38.85417101,-76.98843313,,403645712,2016-12-13,2016-12-13,15:00:29,16:50:39
-77.02570133,38.9714741,16210414,2016/12/13 19:00:30+00,DAY,OTHERS,BURGLARY,800  - 899 BLOCK OF WHITTIER PLACE NW,397773,144839,4,4B,4,401,Cluster 17,010300 1,10300,Precinct 63,38.9714663,-77.02569903,,403645713,2016-12-12,2016-12-13,13:00:19,16:00:24
-76.98786279,38.90176107,16183880,2016/10/29 00:26:31+00,EVENING,OTHERS,BURGLARY,1300 - 1329 BLOCK OF FLORIDA AVENUE NE,401053,137100,6,6A,5,506,,008410 1,8410,Precinct 82,38.90175328,-76.98786051,,403645745,2016-10-27,2016-10-28,04:00:27,19:00:35
-77.04418065,38.90374419,16209664,2016/12/12 09:31:48+00,MIDNIGHT,OTHERS,BURGLARY,1900 - 1999 BLOCK OF L STREET NW,396168,137321,2,2B,2,207,Cluster 6,010700 1,10700,Precinct 17,38.90373641,-77.04417835,GOLDEN TRIANGLE,403645761,2016-12-10,2016-12-12,00:00:24,08:36:21
-77.0014204,38.90723877,16205797,2016/12/06 16:15:03+00,DAY,OTHERS,BURGLARY,300 - 399 BLOCK OF N STREET NE,399877,137708,6,6C,5,501,Cluster 25,010600 2,10600,Precinct 83,38.90723098,-77.00141811,NOMA,403645774,2016-12-05,2016-12-05,14:06:52,15:25:39
-76.97419011,38.90149761,16209900,2016/12/12 21:37:18+00,EVENING,OTHERS,BURGLARY,800 - 899 BLOCK OF 21ST STREET NE,402239,137071,5,5D,5,507,Cluster 23,008904 1,8904,Precinct 79,38.90148982,-76.97418784,,403645781,2016-12-12,2016-12-12,09:45:57,19:40:09
-77.06257321,38.90844716,16211989,2016/12/16 08:21:50+00,MIDNIGHT,OTHERS,BURGLARY,3100 - 3199 BLOCK OF O STREET NW,394573,137844,2,2E,2,206,Cluster 4,000100 3,100,Precinct 5,38.90843937,-77.06257091,,403645818,2016-12-16,2016-12-16,06:55:34,07:30:30
-77.00155739,38.84508984,16198366,2016/11/22 01:17:26+00,EVENING,OTHERS,BURGLARY,200 - 255 BLOCK OF MALCOLM X AVENUE SE,399865,130809,8,8C,7,707,Cluster 39,010400 1,10400,Precinct 123,38.84508206,-77.00155511,,403645838,2016-11-21,2016-11-21,12:30:23,23:01:47
-76.98737347,38.93074083,16201970,2016/11/29 00:37:47+00,EVENING,OTHERS,BURGLARY,1300 - 1399 BLOCK OF KEARNY STREET NE,401095,140317,5,5B,5,504,Cluster 22,009301 4,9301,Precinct 73,38.93073303,-76.98737119,,403645846,2016-11-28,2016-11-29,12:00:51,00:37:41
-76.93167554,38.89908426,16201978,2016/11/28 23:54:32+00,EVENING,OTHERS,BURGLARY,700 - 721 BLOCK OF 49TH STREET NE,405927,136805,7,7C,6,602,Cluster 31,007804 1,7804,Precinct 98,38.89907647,-76.93167328,,403645848,2016-11-28,2016-11-28,13:00:54,22:00:16
-77.01893288,38.90491309,16202009,2016/11/29 00:55:02+00,EVENING,OTHERS,BURGLARY,1100 - 1199 BLOCK OF 5TH STREET NW,398358,137450,6,6E,3,308,Cluster 8,004802 2,4802,Precinct 18,38.9049053,-77.01893059,,403645854,2016-11-28,2016-11-28,16:00:45,22:55:56
-77.06638837,38.93201084,16202031,2016/11/29 01:56:15+00,EVENING,OTHERS,BURGLARY,3100 - 3199 BLOCK OF 34TH STREET NW,394244,140460,3,3C,2,204,Cluster 15,000600 3,600,Precinct 27,38.93200305,-77.06638607,,403645856,2016-11-14,2016-11-19,14:05:46,14:12:44
-76.96458865,38.85156154,16202074,2016/11/29 02:56:38+00,EVENING,OTHERS,BURGLARY,3000 - 3099 BLOCK OF 30TH STREET SE,403074,131528,8,8B,7,702,Cluster 36,007502 2,7502,Precinct 115,38.85155377,-76.96458639,,403645863,2016-11-28,2016-11-29,22:00:26,01:00:32
-77.07024638,38.91455046,16207343,2016/12/08 02:21:01+00,EVENING,OTHERS,BURGLARY,3500 - 3599 BLOCK OF S STREET NW,393908,138522,2,2E,2,206,Cluster 4,000300 1,300,Precinct 6,38.91454267,-77.07024408,,403645877,2016-12-07,2016-12-08,14:15:33,01:30:54
-77.08920635,38.90832176,16181414,2016/10/25 01:42:34+00,EVENING,OTHERS,BURGLARY,4600 - 4699 BLOCK OF CLARK PLACE NW,392263,137832,3,3D,2,205,Cluster 13,000802 1,802,Precinct 7,38.90831397,-77.08920404,,403645885,2016-10-24,2016-10-24,13:00:02,23:00:53
-76.97176195,38.86141872,16181612,2016/10/25 12:58:31+00,DAY,OTHERS,BURGLARY,2301 - 2399 BLOCK OF 24TH STREET SE,402451,132622,8,8B,7,702,Cluster 36,007502 1,7502,Precinct 134,38.86141094,-76.97175968,,403645905,2016-10-25,2016-10-25,10:27:09,12:58:26
-76.95254517,38.8932842,16182088,2016/10/26 00:04:44+00,EVENING,OTHERS,BURGLARY,201 - 299 BLOCK OF 35TH STREET NE,404117,136160,7,7F,6,603,Cluster 32,009603 3,9603,Precinct 102,38.89327641,-76.9525429,,403645930,2016-10-25,2016-10-26,23:03:06,00:04:42
-76.93632482,38.89519527,16196533,2016/11/18 22:26:11+00,EVENING,OTHERS,BURGLARY,4500 - 4699 BLOCK OF EADS STREET NE,405524,136373,7,7D,6,602,Cluster 30,007803 2,7803,Precinct 98,38.89518748,-76.93632255,,403645931,2016-11-18,2016-11-18,20:57:05,22:26:04
-77.01756111,38.90564298,16197153,2016/11/20 00:02:02+00,EVENING,OTHERS,BURGLARY,400 - 499 BLOCK OF M STREET NW,398477,137531,6,6E,3,308,Cluster 8,004802 1,4802,Precinct 18,38.90563519,-77.01755882,,403645970,2016-11-19,2016-11-19,20:30:35,20:37:51
-77.06530865,38.96200904,16181638,2016/10/25 13:19:02+00,DAY,OTHERS,BURGLARY,5400  - 5499 BLOCK OF NEBRASKA AVENUE NW,394340,143790,4,3G,2,201,Cluster 10,001402 1,1402,Precinct 52,38.96200124,-77.06530634,,403645981,2016-10-24,2016-10-25,22:00:33,12:00:46
-77.02885964,38.90564975,16185551,2016/10/31 16:20:11+00,DAY,OTHERS,BURGLARY,1200 - 1299 BLOCK OF M STREET NW,397497,137532,2,2F,3,307,Cluster 8,005002 4,5002,Precinct 17,38.90564196,-77.02885735,,403646001,2016-08-05,2016-10-31,11:00:10,16:17:13
-77.03800386,38.93034797,16191925,2016/11/10 22:58:20+00,EVENING,OTHERS,BURGLARY,3140 - 3172 BLOCK OF MOUNT PLEASANT STREET NW,396705,140274,1,1D,3,302,Cluster 2,002702 1,2702,Precinct 39,38.93034018,-77.03800156,,403646063,2016-11-10,2016-11-10,12:30:49,21:30:29
-76.97234631,38.89956039,16195997,2016/11/18 01:12:56+00,EVENING,OTHERS,BURGLARY,600 - 799 BLOCK OF 24TH STREET NE,402399,136856,5,5D,5,507,Cluster 23,008904 1,8904,Precinct 79,38.8995526,-76.97234404,,403646074,2016-11-17,2016-11-17,13:00:38,22:30:14
-76.99209392,38.90020299,16209433,2016/12/11 23:07:55+00,EVENING,OTHERS,BURGLARY,1000 - 1099 BLOCK OF H STREET NE,400686,136927,6,6A,1,104,Cluster 25,008402 2,8402,Precinct 82,38.9001952,-76.99209164,,403646093,2016-12-11,2016-12-11,18:17:48,19:04:45
-76.96570809,38.87146148,16202472,2016/11/29 23:36:19+00,EVENING,OTHERS,BURGLARY,2900 - 2999 BLOCK OF PENNSYLVANIA AVENUE SE,402976,133737,7,7B,6,607,Cluster 34,007604 3,7604,Precinct 111,38.8714537,-76.96570582,,403646140,2016-11-29,2016-11-29,10:00:03,20:40:06
-77.02712626,38.95570934,16206889,2016/12/07 14:05:58+00,DAY,OTHERS,BURGLARY,5400  - 5499 BLOCK OF ILLINOIS AVENUE NW,397649,143089,4,4D,4,403,Cluster 18,002101 5,2101,Precinct 56,38.95570154,-77.02712396,,403646146,2016-08-30,2016-12-07,16:00:46,14:05:56
-77.01216651,38.91162521,16207501,2016/12/08 14:15:09+00,DAY,OTHERS,BURGLARY,1600 - 1632 BLOCK OF 1ST STREET NW,398945,138195,5,5E,3,308,Cluster 21,004600 2,4600,Precinct 19,38.91161742,-77.01216422,,403646186,2016-12-07,2016-12-08,22:30:26,13:43:07
-76.92382872,38.88474708,16202335,2016/11/29 20:05:19+00,EVENING,OTHERS,BURGLARY,220 - 299 BLOCK OF 54TH STREET SE,406609,135214,7,7E,6,604,Cluster 33,009905 1,9905,Precinct 105,38.88473929,-76.92382646,,403646214,2016-11-29,2016-11-29,16:45:44,19:54:42
-76.98425433,38.90196783,16202339,2016/11/29 18:35:29+00,DAY,OTHERS,BURGLARY,1200 - 1299 BLOCK OF HOLBROOK STREET NE,401366,137123,5,5D,5,506,Cluster 23,008802 2,8802,Precinct 77,38.90196004,-76.98425206,,403646216,2016-11-29,,12:30:56,
-77.03752812,38.90253283,16202488,2016/11/29 23:14:08+00,EVENING,OTHERS,BURGLARY,1600 - 1699 BLOCK OF K STREET NW,396744.98,137186.27,2,2B,2,207,Cluster 6,010700 1,10700,Precinct 17,38.90252504,-77.03752583,GOLDEN TRIANGLE,403646218,2016-11-25,2016-11-25,13:00:07,23:00:45
-77.03969345,38.91997884,16202594,2016/11/30 01:15:36+00,EVENING,OTHERS,BURGLARY,2120 - 2323 BLOCK OF ONTARIO ROAD NW,396558,139123,1,1C,3,303,Cluster 1,003800 2,3800,Precinct 24,38.91997105,-77.03969115,,403646228,2016-11-16,2016-11-29,01:00:11,03:00:20
-76.97614473,38.84814127,16206615,2016/12/06 21:43:45+00,EVENING,OTHERS,BURGLARY,1900 2199  BLOCK OF SAVANNAH TERRACE SE,402071,131148,8,8E,7,704,Cluster 38,007403 1,7403,Precinct 116,38.84813349,-76.97614246,,403646237,2016-12-06,2016-12-06,10:30:30,20:45:41
-77.07636537,38.964903,16206199,2016/12/06 02:45:38+00,EVENING,OTHERS,BURGLARY,3800 - 3899 BLOCK OF MCKINLEY STREET NW,393382,144112,3,3G,2,201,Cluster 10,001100 1,1100,Precinct 32,38.9648952,-77.07636306,,403646339,2016-12-02,2016-12-05,12:50:35,03:00:13
-76.92797133,38.89133483,16210724,2016/12/14 03:22:40+00,EVENING,OTHERS,BURGLARY,100 - 199 BLOCK OF DIVISION AVENUE NE,406249,135945,7,7C,6,608,Cluster 33,007804 3,7804,Precinct 97,38.89132704,-76.92796907,,403646363,2016-12-13,2016-12-14,12:00:11,02:30:34
-76.9692428,38.85175204,16198961,2016/11/23 01:06:18+00,EVENING,OTHERS,BURGLARY,2600 - 2799 BLOCK OF JASPER STREET SE,402670,131549,8,8B,7,702,Cluster 36,007408 1,7408,Precinct 115,38.85174426,-76.96924053,,403646378,2016-11-22,2016-11-22,11:30:14,23:00:22
-77.00589947,38.83650464,16211510,2016/12/15 16:47:03+00,DAY,OTHERS,BURGLARY,3720 - 3749 BLOCK OF 1ST STREET SE,399488,129856,8,8C,7,707,Cluster 39,009803 3,9803,Precinct 124,38.83649687,-77.00589719,,403646411,2016-12-15,2016-12-15,13:47:52,14:56:53
-77.00678585,38.83130671,16210443,2016/12/14 16:05:49+00,DAY,OTHERS,BURGLARY,10 - 99 BLOCK OF ATLANTIC STREET SE,399411,129279,8,8D,7,707,Cluster 39,009810 2,9810,Precinct 124,38.83129894,-77.00678357,,403646425,2016-12-13,2016-12-13,18:23:11,20:40:13
-77.02704586,38.92625224,16202649,2016/11/30 03:11:56+00,EVENING,OTHERS,BURGLARY,2800 - 2899 BLOCK OF 11TH STREET NW,397655,139819,1,1B,3,304,Cluster 2,003500 1,3500,Precinct 37,38.92624445,-77.02704356,,403646474,2016-11-29,2016-11-30,12:45:39,01:30:51
-76.93002157,38.89290354,16202746,2016/11/30 07:14:16+00,MIDNIGHT,OTHERS,BURGLARY,200 - 299 BLOCK OF 50TH STREET NE,406071,136119,7,7C,6,602,Cluster 31,007804 2,7804,Precinct 97,38.89289575,-76.9300193,,403646483,2016-11-30,,05:51:59,
-77.01424682,38.87841112,16202766,2016/11/30 09:55:08+00,MIDNIGHT,OTHERS,BURGLARY,200 - 299 BLOCK OF K STREET SW,398764,134508,6,6D,1,105,Cluster 9,010500 1,10500,Precinct 128,38.87840334,-77.01424453,SOUTHWEST,403646484,2016-11-30,2016-11-30,08:00:47,08:30:07
-76.99579434,38.90251833,16199462,2016/11/24 00:57:51+00,EVENING,OTHERS,BURGLARY,700 - 722 BLOCK OF K STREET NE,400365,137184,6,6C,5,501,Cluster 25,010600 3,10600,Precinct 83,38.90251054,-76.99579206,,403646505,2016-11-23,2016-11-23,22:25:06,23:20:50
-76.99025101,38.88841089,16199491,2016/11/24 00:28:06+00,EVENING,OTHERS,BURGLARY,100 - 199 BLOCK OF 12TH STREET SE,400846,135618,6,6B,1,107,Cluster 26,006700 2,6700,Precinct 88,38.88840311,-76.99024873,,403646506,2016-11-23,2016-11-23,20:00:04,20:10:42
-77.00691308,38.83686493,16199558,2016/11/24 03:33:22+00,EVENING,OTHERS,BURGLARY,3651 - 3799 BLOCK OF MARTIN LUTHER KING JR AVENUE SE,399400,129896,8,8C,7,707,Cluster 39,010400 1,10400,Precinct 124,38.83685715,-77.0069108,,403646511,2016-11-23,2016-11-24,16:00:49,00:00:56
-76.98444002,38.84345828,16184060,2016/10/29 04:54:48+00,MIDNIGHT,OTHERS,BURGLARY,3300 - 3399 BLOCK OF 14TH PLACE SE,401351,130628,8,8E,7,705,Cluster 38,007304 1,7304,Precinct 120,38.8434505,-76.98443775,,403646532,2016-10-29,2016-10-29,04:04:43,04:05:40
-77.02183371,38.92793789,16184070,2016/10/29 05:30:57+00,MIDNIGHT,OTHERS,BURGLARY,500 - 699 BLOCK OF HOBART PLACE NW,398107,140006,1,1B,3,306,Cluster 2,003200 4,3200,Precinct 37,38.92793009,-77.02183142,,403646533,2016-10-29,2016-10-29,00:18:19,01:47:14
-77.00057888,38.92321957,16203549,2016/12/01 20:25:12+00,EVENING,OTHERS,BURGLARY,2514 - 2599 BLOCK OF 4TH STREET NE,399950,139482,5,5E,5,502,Cluster 21,009203 2,9203,Precinct 74,38.92321177,-77.0005766,,403646570,2016-12-01,2016-12-01,14:45:20,18:40:53
-76.97614473,38.84814127,16203655,2016/12/01 22:14:14+00,EVENING,OTHERS,BURGLARY,1900 - 2199 BLOCK OF SAVANNAH TERRACE SE,402071,131148,8,8E,7,704,Cluster 38,007403 1,7403,Precinct 116,38.84813349,-76.97614246,,403646584,2016-12-01,2016-12-01,19:30:57,22:13:26
-77.01933566,38.9447298,16183630,2016/10/28 16:31:47+00,DAY,OTHERS,BURGLARY,4400  - 4499 BLOCK OF 5TH STREET NW,398324,141870,4,4C,4,407,Cluster 18,002400 2,2400,Precinct 46,38.944722,-77.01933337,,403646588,2016-10-28,2016-10-28,14:30:21,15:30:28
-77.03156591,38.95080772,16187486,2016/11/03 18:49:02+00,DAY,OTHERS,BURGLARY,1300  - 1399 BLOCK OF FARRAGUT STREET NW,397264,142545,4,4C,4,404,Cluster 18,002002 3,2002,Precinct 54,38.95079993,-77.03156361,,403646598,2016-11-03,2016-11-03,01:00:21,02:00:35
-76.97902217,38.85669083,16187552,2016/11/03 18:01:54+00,DAY,OTHERS,BURGLARY,2400 - 2499 BLOCK OF 18TH STREET SE,401821,132097,8,8B,7,702,Cluster 37,007407 1,7407,Precinct 118,38.85668305,-76.9790199,,403646605,2016-11-01,2016-11-03,22:00:45,02:00:46
-76.98271814,38.86633945,16201168,2016/11/27 14:44:53+00,DAY,OTHERS,BURGLARY,1501 1598  BLOCK OF GOOD HOPE ROAD SE,401500,133168,8,8A,7,701,Cluster 28,007504 1,7504,Precinct 114,38.86633167,-76.98271587,ANACOSTIA,403646634,2016-11-27,2016-11-27,01:00:14,12:30:38
-77.0519083,38.92419895,16201348,2016/11/27 21:32:43+00,EVENING,OTHERS,BURGLARY,2600 - 2649 BLOCK OF CONNECTICUT AVENUE NW,395499,139592,3,3C,2,204,Cluster 15,000501 2,501,Precinct 26,38.92419116,-77.051906,,403646656,2016-11-27,2016-11-27,19:50:52,19:57:32
-77.0000484,38.9013293,16203668,2016/12/02 00:13:22+00,EVENING,OTHERS,BURGLARY,400 - 499 BLOCK OF I STREET NE,399996,137052,6,6C,1,104,Cluster 25,010600 2,10600,Precinct 83,38.90132151,-77.00004611,,403646662,2016-12-01,2016-12-01,21:42:39,22:21:03
-76.99147978,38.92649829,16203684,2016/12/01 22:42:00+00,EVENING,OTHERS,BURGLARY,1000 - 1199 BLOCK OF GIRARD STREET NE,400739,139846,5,5B,5,504,Cluster 22,009302 1,9302,Precinct 73,38.92649049,-76.9914775,,403646663,2016-12-01,2016-12-01,20:12:52,20:55:09
-76.93289491,38.87734774,16187739,2016/11/04 00:33:57+00,EVENING,OTHERS,BURGLARY,1100 - 1199 BLOCK OF 46TH PLACE SE,405823,134392,7,7E,6,604,Cluster 33,007707 1,7707,Precinct 106,38.87733995,-76.93289264,,403646690,2016-11-03,2016-11-03,17:00:08,20:00:18
-77.00204272,38.89813132,16187744,2016/11/04 00:17:12+00,EVENING,OTHERS,BURGLARY,600 - 699 BLOCK OF 3RD STREET NE,399823,136697,6,6C,1,104,Cluster 25,008301 1,8301,Precinct 84,38.89812353,-77.00204044,,403646691,2016-11-03,2016-11-03,12:30:26,22:00:48
-76.93199798,38.87525727,16191525,2016/11/10 04:53:01+00,MIDNIGHT,OTHERS,BURGLARY,4700 - 4727 BLOCK OF SOUTHERN AVENUE SE,405901,134160,7,7E,6,604,Cluster 33,,,Precinct 106,38.87524949,-76.93199572,,403646693,2016-11-09,2016-11-10,13:00:49,03:30:59
-76.99748727,38.95315411,16191595,2016/11/10 10:23:03+00,MIDNIGHT,OTHERS,BURGLARY,5166 - 5199 BLOCK OF SOUTH DAKOTA AVENUE NE,400218,142805,5,5A,4,406,Cluster 19,009508 3,9508,Precinct 66,38.95314631,-76.99748498,,403646700,2016-11-09,2016-11-10,22:30:40,09:30:45
-76.97699233,38.89899387,16204803,2016/12/03 19:12:16+00,DAY,OTHERS,BURGLARY,1800 - 1869 BLOCK OF BENNING ROAD NE,401996,136793,6,6A,5,507,Cluster 25,007901 1,7901,Precinct 81,38.89898608,-76.97699005,,403646714,2016-12-03,2016-12-03,16:23:05,19:12:14
-76.9897371,38.85520587,16206655,2016/12/06 22:57:26+00,EVENING,OTHERS,BURGLARY,2400 - 2699 BLOCK OF POMEROY ROAD SE,400891,131932,8,8B,7,703,Cluster 37,007406 2,7406,Precinct 118,38.85519809,-76.98973483,,403646744,2016-12-06,2016-12-06,13:15:40,21:00:13
-76.9824679,38.89997673,16210965,2016/12/14 18:45:09+00,DAY,OTHERS,BURGLARY,1500 - 1599 BLOCK OF BENNING ROAD NE,401521,136902,6,6A,5,507,Cluster 23,007901 4,7901,Precinct 81,38.89996894,-76.98246563,,403646763,2016-12-14,2016-12-14,04:00:44,17:48:20
-76.97418929,38.93563017,16211635,2016/12/17 14:15:58+00,DAY,OTHERS,BURGLARY,3700 - 3799 BLOCK OF 22ND STREET NE,402238,140860,5,5C,5,503,Cluster 24,009400 4,9400,Precinct 69,38.93562238,-76.97418701,,403646799,2016-12-15,2016-12-15,18:14:07,22:22:01
-76.97614473,38.84814127,16195561,2016/11/17 09:11:40+00,MIDNIGHT,OTHERS,BURGLARY,1900 - 2199 BLOCK OF SAVANNAH TERRACE SE,402071,131148,8,8E,7,704,Cluster 38,007403 1,7403,Precinct 116,38.84813349,-76.97614246,,403646837,2016-11-17,2016-11-17,06:39:04,07:00:33
-76.98007676,38.9171913,16199309,2016/11/23 18:07:30+00,DAY,OTHERS,BURGLARY,1600 - 1779 BLOCK OF NEW YORK AVENUE NE,401728,138813,5,5D,5,505,Cluster 23,008803 1,8803,Precinct 76,38.91718351,-76.98007448,,403646869,2016-11-23,2016-11-23,01:00:05,13:00:59
-76.98928304,38.88680732,16199719,2016/11/24 09:23:05+00,MIDNIGHT,OTHERS,BURGLARY,1200 - 1299 BLOCK OF WALTER STREET SE,400930,135440,6,6B,1,107,Cluster 26,006700 2,6700,Precinct 88,38.88679953,-76.98928076,,403646902,2016-11-24,2016-11-24,07:21:10,07:25:53
-77.01756151,38.90723746,16199838,2016/11/24 19:37:38+00,DAY,OTHERS,BURGLARY,400 - 499 BLOCK OF N STREET NW,398477,137708,6,6E,3,308,Cluster 7,004802 1,4802,Precinct 18,38.90722967,-77.01755922,,403646915,2016-11-24,2016-11-24,17:48:38,19:37:33
-77.05637103,38.90936016,16195644,2016/11/17 15:03:38+00,DAY,OTHERS,BURGLARY,2700 - 2799 BLOCK OF P STREET NW,395111,137945,2,2E,2,206,Cluster 4,000100 2,100,Precinct 5,38.90935237,-77.05636873,,403646918,2016-11-13,2016-11-17,13:00:38,15:03:29
-77.04007192,38.9162943,16183920,2016/10/29 05:05:04+00,MIDNIGHT,OTHERS,BURGLARY,1700 - 1799 BLOCK OF WILLARD STREET NW,396525,138714,2,2B,3,301,Cluster 6,004201 2,4201,Precinct 141,38.91628651,-77.04006962,,403646949,2016-10-28,2016-10-28,13:30:10,22:00:17
-76.97960748,38.90497591,16201466,2016/11/28 01:15:17+00,EVENING,OTHERS,BURGLARY,1600 - 1699 BLOCK OF LYMAN PLACE NE,401769,137457,5,5D,5,507,Cluster 23,008903 1,8903,Precinct 78,38.90496812,-76.97960521,,403646963,2016-11-23,2016-11-27,14:00:51,23:30:26
-76.92744028,38.90347778,16183694,2016/10/28 18:09:29+00,DAY,OTHERS,BURGLARY,5024 - 5139 BLOCK OF SHERIFF ROAD NE,406294,137293,7,7C,6,608,Cluster 31,007809 1,7809,Precinct 94,38.90346999,-76.92743802,,403647010,2016-10-28,2016-10-28,11:00:29,16:00:24
-77.04490756,38.9046988,16209703,2016/12/12 14:12:18+00,DAY,OTHERS,BURGLARY,1100 - 1199 BLOCK OF 20TH STREET NW,396105,137427,2,2A,2,207,Cluster 6,010700 1,10700,Precinct 4,38.90469102,-77.04490527,GOLDEN TRIANGLE,403647045,2016-12-11,2016-12-11,22:23:47,23:15:05
-76.99407813,38.88382588,16209737,2016/12/12 17:09:23+00,DAY,OTHERS,BURGLARY,822 - 825 BLOCK OF PENNSYLVANIA AVENUE SE,400514,135109,6,6B,1,106,Cluster 26,007000 2,7000,Precinct 90,38.8838181,-76.99407585,CAPITOL HILL,403647049,2016-12-11,2016-12-11,14:32:01,14:48:19
-76.92261421,38.88871898,16183805,2016/10/28 21:32:50+00,EVENING,OTHERS,BURGLARY,1 - 84 BLOCK OF 55TH STREET SE,406714,135655,7,7E,6,604,Cluster 33,009903 2,9903,Precinct 105,38.88871119,-76.92261195,,403647095,2016-10-28,2016-10-28,09:00:44,21:32:28
-76.98871474,38.83620697,16183821,2016/10/28 22:12:00+00,EVENING,OTHERS,BURGLARY,1100 - 1199 BLOCK OF VARNEY STREET SE,400980,129823,8,8E,7,706,Cluster 39,009700 1,9700,Precinct 121,38.83619919,-76.98871247,,403647097,2016-10-28,2016-10-28,18:00:36,18:05:46
-77.00004839,38.8973386,16187785,2016/11/04 00:33:43+00,EVENING,OTHERS,BURGLARY,400 - 499 BLOCK OF F STREET NE,399996,136609,6,6C,1,104,Cluster 25,008301 2,8301,Precinct 84,38.89733081,-77.00004611,,403647107,2016-11-03,2016-11-04,12:45:28,00:20:56
-76.99755798,38.90940977,16201241,2016/11/27 17:30:06+00,DAY,OTHERS,BURGLARY,1300 - 1399 BLOCK OF 5TH STREET NE,400212,137949,5,5D,5,501,Cluster 23,008803 1,8803,Precinct 76,38.90940198,-76.9975557,,403647138,2016-11-27,2016-11-27,07:57:21,08:01:13
-76.94027724,38.8831982,16198005,2016/11/21 15:15:13+00,DAY,OTHERS,BURGLARY,4310 - 4399 BLOCK OF E STREET SE,405182,135041,7,7F,6,605,Cluster 33,009907 2,9907,Precinct 103,38.88319041,-76.94027497,,403647164,2016-11-21,2016-11-21,02:15:04,12:50:49
-77.0194318,38.9165608,16205997,2016/12/06 02:16:45+00,EVENING,OTHERS,BURGLARY,500 - 599 BLOCK OF U STREET NW,398315,138743,1,1B,3,306,Cluster 3,003400 2,3400,Precinct 37,38.91655301,-77.01942951,,403647173,2016-12-05,2016-12-05,20:26:07,21:54:46
-76.93631265,38.89590692,16206027,2016/12/06 01:11:34+00,EVENING,OTHERS,BURGLARY,4500 - 4599 BLOCK OF EADS PLACE NE,405525,136452,7,7D,6,602,Cluster 30,007803 2,7803,Precinct 98,38.89589913,-76.93631039,,403647176,2016-11-22,2016-12-05,09:00:29,19:30:21
-77.00910022,38.87653375,16188064,2016/11/04 15:38:13+00,DAY,OTHERS,BURGLARY,1000 - 1299 BLOCK OF SOUTH CAPITOL STREET,399210.55,134299.54,6,6D,1,106,Cluster 9,007200 2,7200,Precinct 128,38.87652596,-77.00909794,SOUTHWEST,403647204,2016-11-04,2016-11-04,08:54:35,15:37:56
-77.00589376,38.90684226,16201601,2016/11/28 11:22:31+00,MIDNIGHT,OTHERS,BURGLARY,1222 - 1299 BLOCK OF 1ST STREET NE,399489,137664,6,6C,5,501,Cluster 25,010600 2,10600,Precinct 83,38.90683448,-77.00589147,NOMA,403647247,2016-11-28,2016-11-28,10:00:40,10:30:20
-77.01216674,38.91297646,16195758,2016/11/17 18:32:56+00,DAY,OTHERS,BURGLARY,1700 - 1721 BLOCK OF 1ST STREET NW,398945,138345,5,5E,3,308,Cluster 21,003302 2,3302,Precinct 19,38.91296867,-77.01216446,,403647263,2016-11-17,2016-11-17,17:53:02,18:32:55
-77.01216674,38.91297646,16209148,2016/12/11 06:03:17+00,MIDNIGHT,OTHERS,BURGLARY,1700 - 1721 BLOCK OF 1ST STREET NW,398945,138345,5,5E,3,308,Cluster 21,003302 2,3302,Precinct 19,38.91296867,-77.01216446,,403647275,2016-12-11,2016-12-11,04:22:33,06:03:10
-77.07294185,38.95702295,16209220,2016/12/11 10:18:29+00,MIDNIGHT,OTHERS,BURGLARY,3700 - 3799 BLOCK OF HARRISON STREET NW,393678,143237,3,3G,2,201,Cluster 10,001100 3,1100,Precinct 32,38.95701516,-77.07293954,,403647281,2016-12-10,2016-12-11,16:30:36,05:30:20
-77.04015578,38.92188844,16205417,2016/12/04 19:08:01+00,DAY,OTHERS,BURGLARY,2322 - 2499 BLOCK OF ONTARIO ROAD NW,396518,139335,1,1C,3,303,Cluster 1,003800 1,3800,Precinct 24,38.92188065,-77.04015349,,403647302,2016-12-03,2016-12-03,09:00:22,16:00:54
-76.9553844,38.88759203,16198111,2016/11/21 19:40:43+00,DAY,OTHERS,BURGLARY,3500 - 3599 BLOCK OF B STREET SE,403871,135528,7,7F,6,603,Cluster 32,007708 1,7708,Precinct 132,38.88758424,-76.95538213,,403647318,2016-11-21,2016-11-21,15:27:05,17:40:27
-77.00907253,38.88078985,16201822,2016/11/28 20:43:21+00,EVENING,OTHERS,BURGLARY,600 - 899 BLOCK OF SOUTH CAPITOL STREET,399213,134772,6,6D,1,103,Cluster 9,010500 1,10500,Precinct 128,38.88078207,-77.00907024,SOUTHWEST,403647341,2016-11-24,2016-11-28,02:30:54,18:30:12
-76.99056864,38.92706574,16213809,2016/12/19 14:22:07+00,DAY,OTHERS,BURGLARY,2900 - 2999 BLOCK OF 12TH STREET NE,400818,139909,5,5B,5,504,Cluster 22,009302 1,9302,Precinct 73,38.92705795,-76.99056636,,403647455,2016-12-18,2016-12-19,04:00:25,11:15:07
-76.9798899,38.92558703,16217821,2016/12/27 00:14:19+00,EVENING,OTHERS,BURGLARY,1700 - 1799 BLOCK OF FRANKLIN STREET NE,401744,139745,5,5C,5,505,Cluster 22,009102 1,9102,Precinct 72,38.92557923,-76.97988762,,403647472,2016-12-26,2016-12-26,23:00:24,23:15:49
-77.04577546,38.90253214,16217836,2016/12/27 00:45:43+00,EVENING,OTHERS,BURGLARY,2000 - 2099 BLOCK OF K STREET NW,396029.6,137186.52,2,2A,2,207,Cluster 6,010700 1,10700,Precinct 2,38.90252435,-77.04577316,GOLDEN TRIANGLE,403647475,2016-12-24,2016-12-26,04:00:45,23:15:33
-77.04257742,38.90252866,16218022,2016/12/27 14:06:44+00,DAY,OTHERS,BURGLARY,1800 - 1899 BLOCK OF K STREET NW,396307,137186,2,2B,2,207,Cluster 6,010700 1,10700,Precinct 17,38.90252087,-77.04257512,GOLDEN TRIANGLE,403647488,2016-12-24,2016-12-27,02:00:09,11:30:25
-76.97327986,38.90019119,16201662,2016/11/28 17:39:33+00,DAY,OTHERS,BURGLARY,2100 - 2399 BLOCK OF H STREET NE,402318,136926,5,5D,5,507,Cluster 23,008904 1,8904,Precinct 79,38.9001834,-76.97327758,,403647578,2016-11-23,2016-11-28,20:00:46,15:04:52
-76.97172438,38.89807386,16208738,2016/12/10 14:39:08+00,DAY,OTHERS,BURGLARY,2400 - 2499 BLOCK OF BENNING ROAD NE,402453,136691,7,7D,5,507,,007903 1,7903,Precinct 80,38.89806607,-76.97172211,,403647610,2016-12-10,2016-12-10,13:34:14,14:39:04
-76.92493949,38.89161218,16219921,2016/12/30 20:38:08+00,EVENING,OTHERS,BURGLARY,5300 - 5351 BLOCK OF BLAINE STREET NE,406512,135976,7,7C,6,608,Cluster 33,007808 1,7808,Precinct 96,38.8916044,-76.92493723,,403647628,2016-12-30,2016-12-30,14:00:44,19:38:00
-76.92757584,38.8835063,16219858,2016/12/31 19:50:45+00,DAY,OTHERS,BURGLARY,5100 - 5299 BLOCK OF D STREET SE,406284,135076,7,7E,6,604,Cluster 33,009905 3,9905,Precinct 104,38.88349852,-76.92757358,,403647634,2016-12-30,2016-12-30,17:22:12,19:12:14
-76.99439358,38.8296312,16208803,2016/12/10 18:53:08+00,DAY,OTHERS,BURGLARY,740 - 829 BLOCK OF BARNABY STREET SE,400487,129093,8,8E,7,706,Cluster 39,009700 2,9700,Precinct 125,38.82962343,-76.9943913,,403647692,2016-12-10,2016-12-10,16:00:34,16:15:48
-76.96238551,38.92237574,16213465,2016/12/19 01:10:52+00,EVENING,OTHERS,BURGLARY,3100 - 3199 BLOCK OF CHANNING STREET NE,403262,139389,5,5C,5,503,Cluster 24,011100 1,11100,Precinct 71,38.92236795,-76.96238324,,403647767,2016-12-18,2016-12-18,17:00:15,19:00:24
-77.01017101,38.82519873,16213557,2016/12/19 00:27:19+00,EVENING,OTHERS,BURGLARY,20 - 199 BLOCK OF FORRESTER STREET SW,399117,128601,8,8D,7,708,Cluster 39,009807 2,9807,Precinct 126,38.82519095,-77.01016873,,403647780,2016-12-18,2016-12-19,21:54:52,00:05:04
-77.01661437,38.94930642,16213603,2016/12/19 00:48:21+00,EVENING,OTHERS,BURGLARY,300  - 399 BLOCK OF DELAFIELD PLACE NW,398560,142378,4,4D,4,407,Cluster 18,002202 2,2202,Precinct 55,38.94929863,-77.01661208,,403647784,2016-12-18,2016-12-18,23:13:56,23:22:49
-77.033424,38.90314421,16218034,2016/12/27 14:00:18+00,DAY,OTHERS,BURGLARY,1000 - 1099 BLOCK OF VERMONT AVENUE NW,397101,137254,2,2F,2,207,Cluster 8,010100 1,10100,Precinct 129,38.90313642,-77.0334217,DOWNTOWN,403647795,2016-12-23,2016-12-27,23:00:11,11:30:55
-76.99144329,38.94233488,16218355,2016/12/28 01:12:58+00,EVENING,OTHERS,BURGLARY,1000 - 1199 BLOCK OF URELL PLACE NE,400742,141604,5,5B,4,405,Cluster 20,009504 2,9504,Precinct 67,38.94232708,-76.991441,,403647817,2016-12-28,2016-12-28,00:18:26,01:12:29
-76.94279866,38.88651454,16200059,2016/11/25 12:24:36+00,DAY,OTHERS,BURGLARY,4310 - 4469 BLOCK OF C STREET SE,404963,135409,7,7F,6,603,Cluster 32,007703 1,7703,Precinct 103,38.88650676,-76.9427964,,403647829,2016-11-25,2016-11-25,06:43:25,08:24:04
-77.02408493,38.93487384,16200123,2016/11/25 15:52:20+00,DAY,OTHERS,BURGLARY,3601 - 3638 BLOCK OF GEORGIA AVENUE NW,397912,140776,1,1A,4,409,Cluster 2,003100 1,3100,Precinct 43,38.93486605,-77.02408264,,403647833,2016-11-25,2016-11-25,13:26:23,13:45:06
-77.02963591,38.91483806,16203741,2016/12/02 00:48:34+00,EVENING,OTHERS,BURGLARY,1800 - 1899 BLOCK OF 13TH STREET NW,397430,138552,1,1B,3,305,Cluster 3,004400 2,4400,Precinct 22,38.91483027,-77.02963362,,403647838,2016-12-01,2016-12-01,22:39:50,22:48:18
-76.996175,38.89852764,16203747,2016/12/02 00:05:34+00,EVENING,OTHERS,BURGLARY,625 - 699 BLOCK OF 7TH STREET NE,400332,136741,6,6C,1,104,Cluster 25,008302 1,8302,Precinct 84,38.89851985,-76.99617272,,403647840,2016-12-01,2016-12-01,14:45:18,22:30:22
-76.98715264,38.94019051,16212803,2016/12/17 18:41:49+00,DAY,OTHERS,BURGLARY,4100 - 4199 BLOCK OF 13TH PLACE NE,401114,141366,5,5B,5,504,Cluster 20,009503 3,9503,Precinct 68,38.94018272,-76.98715035,,403647859,2016-12-11,2016-12-17,22:00:57,18:00:43
-76.98727303,38.91193144,16218208,2016/12/27 20:24:38+00,EVENING,OTHERS,BURGLARY,1800 - 1899 BLOCK OF CORCORAN STREET NE,401104,138229,5,5D,5,506,Cluster 23,008803 1,8803,Precinct 76,38.91192364,-76.98727075,,403647885,2016-11-24,2016-12-27,13:00:35,20:24:31
-76.93180988,38.87914879,16218251,2016/12/27 21:54:18+00,EVENING,OTHERS,BURGLARY,4962 - 4999 BLOCK OF BENNING ROAD SE,405917,134592,7,7E,6,604,Cluster 33,007707 1,7707,Precinct 106,38.879141,-76.93180762,,403647892,2016-12-25,2016-12-27,14:00:54,20:30:01
-76.95204181,38.88758169,16208021,2016/12/09 06:37:38+00,MIDNIGHT,OTHERS,BURGLARY,200 - 243 BLOCK OF 37TH STREET SE,404161,135527,7,7F,6,603,Cluster 32,007703 3,7703,Precinct 107,38.88757391,-76.95203954,,403647937,2016-12-09,2016-12-09,03:47:09,06:37:32
-77.08080756,38.93419078,16208038,2016/12/09 08:51:53+00,MIDNIGHT,OTHERS,BURGLARY,4100 - 4199 BLOCK OF MASSACHUSETTS AVENUE NW,392994,140703,3,3D,2,205,Cluster 14,000801 1,801,Precinct 10,38.93418299,-77.08080525,,403647939,2016-12-09,2016-12-09,04:30:08,08:51:52
-77.02192864,38.8991292,16200683,2016/11/26 17:37:19+00,DAY,OTHERS,BURGLARY,700 - 799 BLOCK OF 7TH STREET NW,398098,136808,2,2C,1,101,Cluster 8,005800 1,5800,Precinct 129,38.89912142,-77.02192635,DOWNTOWN,403647953,2016-11-26,2016-11-26,15:28:02,17:30:08
-77.01460051,38.97354791,16218610,2016/12/28 19:46:38+00,DAY,OTHERS,BURGLARY,6900  - 6999 BLOCK OF WILLOW STREET NW,398735,145069,4,4B,4,401,Cluster 17,001702 2,1702,Precinct 63,38.97354011,-77.01459821,,403648080,2016-12-21,2016-12-28,19:00:25,18:00:07
-76.92693338,38.89186568,16214144,2016/12/19 23:21:39+00,EVENING,OTHERS,BURGLARY,5200 - 5299 BLOCK OF BLAINE STREET NE,406339,136004,7,7C,6,608,Cluster 33,007808 1,7808,Precinct 96,38.89185789,-76.92693112,,403648136,2016-12-19,2016-12-19,22:31:12,23:21:39
-77.00094843,38.96269388,16214246,2016/12/20 02:41:26+00,EVENING,OTHERS,BURGLARY,300  - 599 BLOCK OF PEABODY STREET NE,399918,143864,4,4B,4,406,Cluster 19,009505 1,9505,Precinct 65,38.96268608,-77.00094614,,403648150,2016-12-19,2016-12-20,14:00:10,01:00:11
-76.92814331,38.88081315,16199997,2016/11/28 20:00:20+00,DAY,OTHERS,BURGLARY,5100 - 5298 BLOCK OF FITCH STREET SE,406235,134777,7,7E,6,604,Cluster 33,007707 1,7707,Precinct 105,38.88080536,-76.92814105,,403648180,2016-11-25,2016-11-25,02:49:09,06:02:35
-76.97483672,38.89861508,16213990,2016/12/19 20:25:52+00,EVENING,OTHERS,BURGLARY,1920 - 2099 BLOCK OF BENNING ROAD NE,402183,136751,7,7D,5,507,Cluster 25,007903 1,7903,Precinct 80,38.89860729,-76.97483445,,403648206,2016-12-17,2016-12-19,19:00:58,15:00:57
-77.02091239,38.89303973,16214016,2016/12/19 20:39:28+00,EVENING,OTHERS,BURGLARY,600 - 699 BLOCK OF PENNSYLVANIA AVENUE NW,398186,136132,2,2C,1,102,,006202 1,6202,Precinct 129,38.89303195,-77.0209101,DOWNTOWN,403648211,2016-11-22,2016-11-23,21:40:37,20:37:52
-76.98489871,38.90774227,16213886,2016/12/19 16:43:55+00,DAY,OTHERS,BURGLARY,1200 - 1299 BLOCK OF MEIGS PLACE NE,401310,137764,5,5D,5,506,Cluster 23,008804 1,8804,Precinct 78,38.90773448,-76.98489643,,403648212,2016-12-17,2016-12-19,19:00:33,02:30:40
-76.94772187,38.88433682,16200242,2016/11/25 20:58:58+00,EVENING,OTHERS,BURGLARY,400 - 439 BLOCK OF RIDGE ROAD SE,404536,135167,7,7F,6,603,Cluster 32,007703 3,7703,Precinct 107,38.88432903,-76.9477196,,403648226,2016-11-25,2016-11-25,19:35:46,20:45:29
-76.92699389,38.88905511,16200296,2016/11/28 00:05:24+00,EVENING,OTHERS,BURGLARY,1 - 99 BLOCK OF 52ND STREET SE,406334,135692,7,7E,6,604,Cluster 33,009903 2,9903,Precinct 104,38.88904732,-76.92699163,,403648233,2016-11-25,2016-11-25,18:00:59,20:00:49
-76.9476552,38.89666025,16212979,2016/12/18 00:26:37+00,EVENING,OTHERS,BURGLARY,4000 - 4121 BLOCK OF MINNESOTA AVENUE NE,404541,136535,7,7F,6,602,Cluster 30,007803 1,7803,Precinct 99,38.89665246,-76.94765293,,403648257,2016-12-17,2016-12-17,14:30:50,23:10:28
-76.96458865,38.85156154,16213132,2016/12/18 10:14:04+00,MIDNIGHT,OTHERS,BURGLARY,3000 - 3099 BLOCK OF 30TH STREET SE,403074,131528,8,8B,7,702,Cluster 36,007408 1,7408,Precinct 115,38.85155377,-76.96458639,,403648267,2016-12-18,2016-12-18,04:32:33,04:34:37
-76.92865086,38.89188476,16220418,2016/12/31 18:59:42+00,DAY,OTHERS,BURGLARY,5010 - 5099 BLOCK OF BLAINE STREET NE,406190,136006,7,7C,6,608,Cluster 33,007804 3,7804,Precinct 97,38.89187697,-76.9286486,,403648288,2016-12-31,2016-12-31,16:59:15,17:01:43
-77.04129275,38.93373398,16200865,2016/11/26 23:46:36+00,EVENING,OTHERS,BURGLARY,3337 - 3399 BLOCK OF 18TH STREET NW,396420,140650,1,1D,3,302,Cluster 2,002701 2,2701,Precinct 40,38.93372619,-77.04129045,,403648359,2016-11-26,2016-11-26,22:46:14,23:20:32
-77.01141129,38.87555577,16200870,2016/11/27 02:32:07+00,EVENING,OTHERS,BURGLARY,1200 - 1299 BLOCK OF HOWISON PLACE SW,399010,134191,6,6D,1,105,Cluster 9,006400 1,6400,Precinct 127,38.87554799,-77.011409,,403648360,2016-11-26,2016-11-27,22:54:19,02:21:40
-76.96355157,38.87461377,16200876,2016/11/27 00:33:25+00,EVENING,OTHERS,BURGLARY,3000 - 3099 BLOCK OF N STREET SE,403163,134087,7,7B,6,605,Cluster 34,009901 1,9901,Precinct 108,38.87460598,-76.9635493,,403648361,2016-11-22,2016-11-26,13:00:02,22:30:15
-77.03453725,38.96419316,16208427,2016/12/10 01:49:05+00,EVENING,OTHERS,BURGLARY,1400  - 1499 BLOCK OF FORT STEVENS DRIVE NW,397007,144031,4,4A,4,402,Cluster 17,001803 2,1803,Precinct 60,38.96418536,-77.03453496,,403648430,2016-12-09,2016-12-10,16:30:30,01:48:40
-77.03491517,38.9583557,16208212,2016/12/09 19:28:48+00,DAY,OTHERS,BURGLARY,1400  - 1599 BLOCK OF MADISON STREET NW,396974,143383,4,4A,4,403,Cluster 18,002001 2,2001,Precinct 53,38.9583479,-77.03491287,,403648457,2016-12-09,2016-12-09,16:59:25,17:37:21
-76.99898796,38.88868155,16216811,2016/12/24 17:54:53+00,DAY,OTHERS,BURGLARY,500 - 599 BLOCK OF A STREET SE,400088,135648,6,6B,1,107,Cluster 26,006600 1,6600,Precinct 89,38.88867376,-76.99898568,,403648537,2016-12-24,2016-12-24,04:00:20,13:00:48
-76.93080579,38.88062558,16216881,2016/12/24 19:46:21+00,DAY,OTHERS,BURGLARY,4953 - 5099 BLOCK OF G STREET SE,406004,134756,7,7E,6,604,Cluster 33,007707 1,7707,Precinct 106,38.88061779,-76.93080352,,403648547,2016-12-24,2016-12-24,08:30:14,19:15:15
-77.04578438,38.90566236,16216798,2016/12/24 15:35:57+00,DAY,OTHERS,BURGLARY,2000 - 2099 BLOCK OF M STREET NW,396029,137534,2,2A,2,207,Cluster 6,010700 1,10700,Precinct 4,38.90565457,-77.04578208,GOLDEN TRIANGLE,403648551,2016-12-24,2016-12-24,15:00:27,15:35:54
-76.99987557,38.84468447,16212261,2016/12/17 02:17:33+00,EVENING,OTHERS,BURGLARY,300 - 599 BLOCK OF PARKLAND PLACE SE,400011,130764,8,8C,7,707,Cluster 39,010400 1,10400,Precinct 123,38.84467669,-76.99987329,,403648565,2016-12-16,2016-12-16,20:22:14,21:00:25
-77.06508741,38.95981114,16208967,2016/12/10 23:07:41+00,EVENING,OTHERS,BURGLARY,3200  - 3299 BLOCK OF JOCELYN STREET NW,394359,143546,4,3G,2,201,Cluster 10,001402 2,1402,Precinct 52,38.95980335,-77.06508511,,403648583,2016-12-10,2016-12-10,17:30:31,22:25:23
-77.01764648,38.87787015,16216479,2016/12/24 00:58:35+00,EVENING,OTHERS,BURGLARY,900 - 1199 BLOCK OF 4TH STREET SW,398469,134448,6,6D,1,105,Cluster 9,010200 2,10200,Precinct 142,38.87786237,-77.01764419,SOUTHWEST,403648613,2016-12-23,2016-12-23,23:52:32,23:56:27
-77.02117493,38.96200734,16212541,2016/12/17 05:48:02+00,MIDNIGHT,OTHERS,BURGLARY,500  - 699 BLOCK OF ONEIDA PLACE NW,398165,143788,4,4B,4,402,Cluster 17,001901 1,1901,Precinct 58,38.96199954,-77.02117264,,403648724,2016-12-17,2016-12-17,03:46:05,05:15:50
-77.08080756,38.93419078,16200467,2016/11/26 04:53:53+00,MIDNIGHT,OTHERS,BURGLARY,4100 - 4199 BLOCK OF MASSACHUSETTS AVENUE NW,392994,140703,3,3D,2,205,Cluster 14,000801 1,801,Precinct 10,38.93418299,-77.08080525,,403648743,2016-11-25,2016-11-26,18:00:33,03:00:14
-77.04630952,38.91540918,16216220,2016/12/23 17:54:20+00,DAY,OTHERS,BURGLARY,1811 - 1899 BLOCK OF CONNECTICUT AVENUE NW,395984,138616,2,2D,3,303,Cluster 1,004100 1,4100,Precinct 13,38.91540139,-77.04630722,DUPONT CIRCLE,403648763,2016-12-23,2016-12-23,10:00:02,10:17:47
-76.9824679,38.89997673,16220436,2016/12/31 19:58:54+00,DAY,OTHERS,BURGLARY,1500 - 1599 BLOCK OF BENNING ROAD NE,401521,136902,6,6A,5,507,Cluster 23,007901 4,7901,Precinct 81,38.89996894,-76.98246563,,403648778,2016-12-31,2016-12-31,17:28:13,19:20:58
-77.06013251,38.91267335,16220467,2016/12/31 20:58:13+00,EVENING,OTHERS,BURGLARY,3000 - 3049 BLOCK OF R STREET NW,394785,138313,2,2E,2,206,Cluster 4,000100 1,100,Precinct 5,38.91266557,-77.06013021,,403648783,2016-12-31,2016-12-31,19:28:42,19:30:05
-76.99496487,38.89418556,16215551,2016/12/22 11:08:08+00,MIDNIGHT,OTHERS,BURGLARY,300 - 399 BLOCK OF 8TH STREET NE,400437,136259,6,6C,1,108,Cluster 25,008302 1,8302,Precinct 85,38.89417777,-76.99496259,,403648912,2016-12-22,,09:33:57,
-76.97828311,38.90019223,16212524,2016/12/17 06:52:55+00,MIDNIGHT,OTHERS,BURGLARY,1700 - 1799 BLOCK OF H STREET NE,401884,136926,5,5D,5,507,Cluster 23,008904 2,8904,Precinct 79,38.90018444,-76.97828083,,403648994,2016-12-16,2016-12-17,17:30:07,04:00:31
-77.00589362,38.90516671,16216740,2016/12/24 10:30:30+00,MIDNIGHT,OTHERS,BURGLARY,1151 - 1199 BLOCK OF 1ST STREET NE,399489,137478,6,6C,5,501,Cluster 25,010600 2,10600,Precinct 83,38.90515892,-77.00589133,NOMA,403649040,2016-12-24,2016-12-24,09:23:06,09:24:14
-76.99290053,38.90389647,16217120,2016/12/25 06:40:34+00,MIDNIGHT,OTHERS,BURGLARY,908 - 1006 BLOCK OF FLORIDA AVENUE NE,400616,137337,6,6A,5,506,Cluster 25,008410 1,8410,Precinct 82,38.90388868,-76.99289825,,403649048,2016-12-25,2016-12-25,04:34:57,04:41:48
-76.97727013,38.89545364,16218810,2016/12/28 23:08:04+00,EVENING,OTHERS,BURGLARY,400 - 499 BLOCK OF 19TH STREET NE,401972,136400,6,6A,5,507,Cluster 25,007901 2,7901,Precinct 81,38.89544585,-76.97726785,,403649560,2016-12-28,2016-12-28,12:00:51,21:30:14
-76.98900404,38.90224764,16218815,2016/12/28 22:48:24+00,EVENING,OTHERS,BURGLARY,1211 - 1299 BLOCK OF FLORIDA AVENUE NE,400954,137154,6,6A,5,506,,008410 1,8410,Precinct 82,38.90223985,-76.98900176,,403649561,2016-12-10,2016-12-28,00:00:43,21:50:20
-76.9588831,38.8967278,16218843,2016/12/29 04:15:21+00,MIDNIGHT,OTHERS,BURGLARY,3000 - 3399 BLOCK OF BENNING ROAD NE,403567,136542,7,7D,6,603,Cluster 32,009604 2,9604,Precinct 101,38.89672001,-76.95888083,,403649565,2016-12-27,2016-12-27,14:30:55,14:35:20
-76.92446886,38.88975615,16218863,2016/12/29 00:10:13+00,EVENING,OTHERS,BURGLARY,5320 5345  BLOCK OF EAST CAPITOL STREET,406553,135770,7,7E,6,608,Cluster 33,009903 2,9903,Precinct 105,38.88974837,-76.9244666,,403649567,2016-12-28,2016-12-29,18:00:29,00:10:12
-77.04254973,38.91409539,16215631,2016/12/22 18:03:00+00,DAY,OTHERS,BURGLARY,1800 - 1899 BLOCK OF S STREET NW,396310,138470,2,2B,2,208,Cluster 6,004202 1,4202,Precinct 14,38.9140876,-77.04254744,,403649588,2016-12-21,2016-12-21,14:00:03,23:00:05
-76.91229206,38.89363026,16219796,2016/12/30 17:21:56+00,DAY,OTHERS,BURGLARY,300 - 399 BLOCK OF 62ND STREET NE,407609,136201,7,7C,6,608,Cluster 31,007808 2,7808,Precinct 96,38.89362247,-76.91228981,,403649977,2016-12-30,2016-12-30,11:30:16,11:40:04
-76.96858438,38.8557426,16219799,2016/12/30 17:16:08+00,DAY,OTHERS,BURGLARY,2814 2899  BLOCK OF 28TH STREET SE,402727,131992,8,8B,7,702,Cluster 36,007502 2,7502,Precinct 134,38.85573482,-76.96858211,,403649978,2016-12-30,2016-12-30,12:45:58,14:55:48
-76.9823183,38.85240336,16214864,2016/12/21 06:22:25+00,MIDNIGHT,OTHERS,BURGLARY,3033 3097  BLOCK OF STANTON ROAD SE,401535,131621,8,8E,7,704,Cluster 38,007404 3,7404,Precinct 117,38.85239558,-76.98231603,,403650365,2016-11-25,2016-11-26,17:00:00,02:00:35
-77.01406856,38.96795386,16219016,2016/12/29 05:43:50+00,MIDNIGHT,OTHERS,BURGLARY,6400  - 6499 BLOCK OF BLAIR ROAD NW,398781,144448,4,4B,4,406,Cluster 17,001902 2,1902,Precinct 59,38.96794606,-77.01406627,,403650464,2016-12-29,2016-12-29,03:14:39,03:15:45
-76.98269586,38.86319551,16214890,2016/12/21 09:36:50+00,MIDNIGHT,OTHERS,BURGLARY,2200 - 2231 BLOCK OF 16TH STREET SE,401502,132819,8,8A,7,701,Cluster 28,007503 2,7503,Precinct 114,38.86318773,-76.98269359,,403650636,2016-12-21,2016-12-21,06:00:33,06:05:32
-76.98196664,38.92193899,16214892,2016/12/21 07:51:49+00,MIDNIGHT,OTHERS,BURGLARY,1500 - 1699 BLOCK OF MONTANA AVENUE NE,401564,139340,5,5C,5,505,Cluster 22,009102 3,9102,Precinct 72,38.9219312,-76.98196436,,403650637,2016-12-21,2016-12-21,06:23:26,07:51:43
-76.92661278,38.88976653,16215940,2016/12/23 07:28:20+00,MIDNIGHT,OTHERS,BURGLARY,5200 5299  BLOCK OF EAST CAPITOL STREET,406367,135771,7,7E,6,604,Cluster 33,009903 2,9903,Precinct 104,38.88975874,-76.92661052,,403651007,2016-12-22,2016-12-23,23:20:00,01:47:32
-77.018934,38.90911098,16219377,2016/12/29 22:39:06+00,EVENING,OTHERS,BURGLARY,1400 - 1499 BLOCK OF 5TH STREET NW,398358,137916,6,6E,3,308,Cluster 7,004801 1,4801,Precinct 18,38.90910319,-77.01893171,,403651350,2016-12-29,2016-12-29,21:07:33,22:39:05
-77.04058229,38.90134027,16000620,2016/01/02 03:00:55+00,EVENING,OTHERS,BURGLARY,1700 - 1799 BLOCK OF I STREET NW,396480,137054,2,2B,2,207,Cluster 6,010700 1,10700,Precinct 17,38.90133248,-77.04058,GOLDEN TRIANGLE,403872353,2016-01-01,2016-01-02,03:00:15,00:00:39
-77.04773386,38.90724705,16000703,2016/01/02 06:58:05+00,MIDNIGHT,OTHERS,BURGLARY,2100 - 2199 BLOCK OF N STREET NW,395860,137710,2,2B,2,208,Cluster 5,005500 4,5500,Precinct 14,38.90723926,-77.04773156,,403872839,2016-01-01,2016-01-02,20:00:31,04:00:13
-77.04488879,38.91150011,16012673,2016/01/26 17:49:48+00,DAY,OTHERS,BURGLARY,1600 - 1639 BLOCK OF 20TH STREET NW,396107,138182,2,2B,2,208,Cluster 6,005500 1,5500,Precinct 14,38.91149232,-77.04488649,DUPONT CIRCLE,403873141,2016-01-22,2016-01-26,18:45:39,15:45:38
-77.01242088,38.91565191,16012033,2016/01/24 21:12:00+00,EVENING,OTHERS,BURGLARY,100 - 115 BLOCK OF RHODE ISLAND AVENUE NW,398923,138642,5,5E,3,306,Cluster 21,003301 2,3301,Precinct 135,38.91564412,-77.01241859,,403873550,2016-01-22,2016-01-24,22:00:36,19:00:49
-76.9745143,38.92987394,16012093,2016/01/25 01:15:50+00,EVENING,OTHERS,BURGLARY,2100 - 2199 BLOCK OF RHODE ISLAND AVENUE NE,402210,140221,5,5C,5,503,Cluster 22,009400 2,9400,Precinct 70,38.92986614,-76.97451202,,403873552,2016-01-24,2016-01-24,09:01:59,22:11:58
-77.01302835,38.95873854,16006238,2016/01/13 13:11:08+00,DAY,OTHERS,BURGLARY,121  - 181 BLOCK OF MADISON STREET NW,398871,143425,4,4B,4,406,Cluster 17,002102 1,2102,Precinct 64,38.95873074,-77.01302605,,403873557,2016-01-12,2016-01-12,12:15:34,17:20:09
-77.02969813,38.95349268,16006301,2016/01/12 22:37:56+00,EVENING,OTHERS,BURGLARY,5200  - 5299 BLOCK OF 13TH STREET NW,397426,142843,4,4C,4,403,Cluster 18,002002 3,2002,Precinct 54,38.95348488,-77.02969583,,403873560,2016-01-12,2016-01-12,19:15:01,20:20:46
-77.0383366,38.92715892,16006353,2016/01/12 23:04:30+00,EVENING,OTHERS,BURGLARY,1610 - 1649 BLOCK OF HARVARD STREET NW,396676,139920,1,1C,3,302,Cluster 1,003900 1,3900,Precinct 35,38.92715113,-77.0383343,,403873561,2016-01-12,2016-01-12,13:30:14,20:45:22
-76.99209586,38.88272674,16023600,2016/02/16 19:09:25+00,DAY,OTHERS,BURGLARY,1000 - 1099 BLOCK OF E STREET SE,400686,134987,6,6B,1,106,Cluster 26,007000 2,7000,Precinct 90,38.88271896,-76.99209358,CAPITOL HILL,403873959,2016-02-16,2016-02-16,06:00:32,06:04:25
-76.97901823,38.87011337,16023612,2016/02/16 18:13:12+00,DAY,OTHERS,BURGLARY,1600 - 1637 BLOCK OF 18TH STREET SE,401821,133587,8,8A,6,607,Cluster 34,007601 4,7601,Precinct 140,38.87010559,-76.97901595,,403873961,2016-02-16,2016-02-16,15:30:11,16:50:21
-77.00891503,38.81938836,16023658,2016/02/16 21:03:59+00,EVENING,OTHERS,BURGLARY,151 199  BLOCK OF JOLIET STREET SW,399226,127956,8,8D,7,708,,010900 2,10900,Precinct 126,38.81938059,-77.00891275,,403873965,2016-02-16,2016-02-16,18:35:14,18:40:52
-76.98977224,38.93161487,16023760,2016/02/16 22:38:57+00,EVENING,OTHERS,BURGLARY,1200 - 1299 BLOCK OF LAWRENCE STREET NE,400887,140414,5,5B,5,504,Cluster 22,009301 2,9301,Precinct 73,38.93160708,-76.98976996,,403873972,2016-02-16,2016-02-16,12:15:26,21:45:17
-76.95254517,38.8932842,16019233,2016/02/07 09:58:17+00,MIDNIGHT,OTHERS,BURGLARY,201 - 299 BLOCK OF 35TH STREET NE,404117,136160,7,7F,6,603,Cluster 32,009603 3,9603,Precinct 102,38.89327641,-76.9525429,,403874326,2016-02-07,2016-02-07,01:00:04,07:30:17
-76.99845696,38.92504825,16094912,2016/06/11 14:07:29+00,DAY,OTHERS,BURGLARY,2700 - 2799 BLOCK OF 6TH STREET NE,400134,139685,5,5E,5,502,Cluster 21,009204 1,9204,Precinct 74,38.92504045,-76.99845468,,403875904,2016-06-11,2016-06-11,00:00:45,12:00:12
-77.04707285,38.9188951,16088686,2016/06/02 01:49:31+00,EVENING,OTHERS,BURGLARY,2000 - 2099 BLOCK OF KALORAMA ROAD NW,395918,139003,1,1C,3,303,Cluster 1,004001 2,4001,Precinct 25,38.91888731,-77.04707055,,403875941,2016-06-01,2016-06-02,11:00:40,00:00:23
-76.98743913,38.88535678,16089154,2016/06/02 20:35:54+00,EVENING,OTHERS,BURGLARY,1300 - 1349 BLOCK OF C STREET SE,401090,135279,6,6B,1,107,Cluster 26,006900 1,6900,Precinct 91,38.885349,-76.98743685,,403875958,2016-06-02,2016-06-02,12:30:38,16:55:02
-76.98831591,38.88036623,16005745,2016/01/12 19:13:36+00,DAY,OTHERS,BURGLARY,700 - 799 BLOCK OF 13TH STREET SE,401014,134725,6,6B,1,106,Cluster 26,007100 2,7100,Precinct 91,38.88035844,-76.98831363,,403876275,2016-01-11,2016-01-11,20:51:03,23:03:40
-77.05011773,38.90339047,16004745,2016/01/09 20:57:52+00,EVENING,OTHERS,BURGLARY,1000 - 1099 BLOCK OF 23RD STREET NW,395653,137282,2,2A,2,207,Cluster 5,005500 3,5500,Precinct 4,38.90338269,-77.05011543,,403876592,2015-12-18,2016-01-09,13:00:37,19:30:34
-77.07353343,38.91536819,16005522,2016/01/11 13:22:16+00,DAY,OTHERS,BURGLARY,3700 - 3799 BLOCK OF T STREET NW,393623,138613,2,2E,2,206,Cluster 4,000300 3,300,Precinct 6,38.9153604,-77.07353113,,403876628,2015-12-19,2016-01-10,07:30:23,16:00:39
-76.98630658,38.90109428,16005536,2016/01/11 14:26:35+00,DAY,OTHERS,BURGLARY,1348 - 1385 BLOCK OF FLORIDA AVENUE NE,401188,137026,6,6A,5,506,Cluster 25,008410 1,8410,Precinct 82,38.90108649,-76.9863043,,403876631,2016-01-08,2016-01-11,21:00:09,12:00:28
-77.07524285,38.92902373,16005556,2016/01/11 15:09:35+00,DAY,OTHERS,BURGLARY,3800 - 3825 BLOCK OF CATHEDRAL AVENUE NW,393476,140129,3,3C,2,204,Cluster 14,000701 4,701,Precinct 28,38.92901594,-77.07524054,,403876632,2016-01-10,2016-01-11,16:00:03,11:45:27
-77.01897324,38.96992597,16005814,2016/01/12 00:35:37+00,EVENING,OTHERS,BURGLARY,400  - 499 BLOCK OF VAN BUREN STREET NW,398356,144667,4,4B,4,401,Cluster 17,001902 2,1902,Precinct 59,38.96991817,-77.01897094,,403876652,2016-01-11,2016-01-12,22:07:21,00:10:13
-77.04577546,38.90253214,16100736,2016/06/27 12:28:11+00,DAY,OTHERS,BURGLARY,2000 - 2099 BLOCK OF K STREET NW,396029.6,137186.52,2,2A,2,207,Cluster 6,010700 1,10700,Precinct 2,38.90252435,-77.04577316,GOLDEN TRIANGLE,403876679,2016-06-17,2016-06-20,20:00:05,09:00:35
-76.9715656,38.92045956,16106063,2016/06/28 15:24:56+00,DAY,OTHERS,BURGLARY,2100 - 2199 BLOCK OF 24TH PLACE NE,402466,139176,5,5C,5,503,Cluster 22,011100 1,11100,Precinct 71,38.92045177,-76.97156332,,403876692,2016-06-26,2016-06-28,18:00:08,12:00:51
-77.03136049,38.92965631,16011307,2016/01/22 10:53:34+00,MIDNIGHT,OTHERS,BURGLARY,1300 - 1399 BLOCK OF KENYON STREET NW,397281,140197,1,1A,3,302,Cluster 2,003000 1,3000,Precinct 39,38.92964851,-77.03135819,,403877031,2016-01-22,2016-01-22,04:24:12,05:59:18
-77.00905366,38.91371543,16011618,2016/01/23 00:50:24+00,EVENING,OTHERS,BURGLARY,1724 - 1799 BLOCK OF NORTH CAPITOL STREET,399215,138427,5,5E,3,308,Cluster 21,003302 2,3302,Precinct 19,38.91370764,-77.00905137,,403877041,2016-01-22,2016-01-22,10:30:15,22:20:16
-77.03555806,38.90565691,16011925,2016/01/24 08:25:38+00,MIDNIGHT,OTHERS,BURGLARY,1500 - 1599 BLOCK OF M STREET NW,396916,137533,2,2B,2,208,Cluster 6,010100 2,10100,Precinct 17,38.90564912,-77.03555576,DOWNTOWN,403877055,2016-01-24,2016-01-24,06:26:32,08:25:37
-77.02377324,38.96863691,16106167,2016/06/28 17:53:27+00,DAY,OTHERS,BURGLARY,722  - 799 BLOCK OF UNDERWOOD STREET NW,397940,144524,4,4B,4,402,Cluster 17,001901 4,1901,Precinct 59,38.96862911,-77.02377095,,403877062,2016-06-27,2016-06-28,22:00:51,11:00:05
-77.02652387,38.91811784,16004498,2016/01/09 10:19:33+00,MIDNIGHT,OTHERS,BURGLARY,1000 - 1099 BLOCK OF V STREET NW,397700,138916,1,1B,3,305,Cluster 3,004400 1,4400,Precinct 22,38.91811005,-77.02652158,,403877377,2016-01-08,2016-01-09,14:00:42,05:30:21
-77.04008055,38.91113252,16010715,2016/01/21 03:30:03+00,EVENING,OTHERS,BURGLARY,1700 - 1799 BLOCK OF Q STREET NW,396524,138141,2,2B,2,208,Cluster 6,005301 2,5301,Precinct 15,38.91112473,-77.04007825,,403877430,2016-01-20,2016-01-21,14:30:20,02:00:46
-77.0434378,38.91446441,16112864,2016/07/08 23:01:42+00,EVENING,OTHERS,BURGLARY,1800 - 1819 BLOCK OF 19TH STREET NW,396233,138511,2,2B,2,208,Cluster 6,004202 2,4202,Precinct 14,38.91445662,-77.04343551,,403877463,2016-07-08,2016-07-08,13:00:36,19:45:12
-76.9823183,38.85240336,16121761,2016/07/23 00:54:36+00,EVENING,OTHERS,BURGLARY,3033 - 3097 BLOCK OF STANTON ROAD SE,401535,131621,8,8E,7,704,Cluster 38,007404 3,7404,Precinct 117,38.85239558,-76.98231603,,403877470,2016-07-22,,23:18:45,
-76.98326808,38.92896568,16003568,2016/01/07 20:52:19+00,EVENING,OTHERS,BURGLARY,1500 - 1599 BLOCK OF IRVING STREET NE,401451,140120,5,5B,5,504,Cluster 22,009301 3,9301,Precinct 70,38.92895788,-76.9832658,,403877729,2016-01-07,2016-01-07,19:10:30,19:20:58
-76.95254517,38.8932842,16003658,2016/01/08 01:10:28+00,EVENING,OTHERS,BURGLARY,201 - 299 BLOCK OF 35TH STREET NE,404117,136160,7,7F,6,603,Cluster 32,009603 3,9603,Precinct 102,38.89327641,-76.9525429,,403877732,2016-01-07,2016-01-07,19:36:57,22:19:15
-77.04010142,38.90724091,16009761,2016/01/19 07:46:50+00,MIDNIGHT,OTHERS,BURGLARY,1700 - 1799 BLOCK OF N STREET NW,396522,137709,2,2B,2,208,Cluster 6,010700 2,10700,Precinct 15,38.90723312,-77.04009912,,403877759,2016-01-19,,04:13:57,
-76.9692428,38.85175204,16010608,2016/01/21 04:38:19+00,MIDNIGHT,OTHERS,BURGLARY,2600 - 2799 BLOCK OF JASPER STREET SE,402670,131549,8,8B,7,702,Cluster 36,007408 1,7408,Precinct 115,38.85174426,-76.96924053,,403877799,2016-01-20,2016-01-20,21:00:45,23:35:00
-77.03634784,38.98491155,16017608,2016/02/04 19:46:00+00,DAY,OTHERS,BURGLARY,7720  - 7799 BLOCK OF 16TH STREET NW,396851,146331,4,4A,4,401,Cluster 16,001600 4,1600,Precinct 62,38.98490375,-77.03634554,,403877806,2016-02-04,,18:38:13,
-77.08031367,38.95649564,16018294,2016/02/05 22:38:26+00,EVENING,OTHERS,BURGLARY,5100 - 5199 BLOCK OF 41ST STREET NW,393039,143179,3,3E,2,202,Cluster 11,001100 2,1100,Precinct 32,38.95648785,-77.08031136,,403877828,2016-02-05,2016-02-05,13:20:07,20:45:14
-76.97842071,38.86451003,16018889,2016/02/06 22:11:18+00,EVENING,OTHERS,BURGLARY,1850 - 1999 BLOCK OF U STREET SE,401873,132965,8,8A,7,701,Cluster 28,007504 1,7504,Precinct 114,38.86450225,-76.97841843,,403877856,2016-02-06,2016-02-06,18:00:53,22:07:13
-77.03081439,38.9202878,16001767,2016/01/04 11:26:36+00,MIDNIGHT,OTHERS,BURGLARY,1300 - 1399 BLOCK OF FLORIDA AVENUE NW,397328,139157,1,1B,3,305,Cluster 3,004400 1,4400,Precinct 22,38.92028001,-77.03081209,,403877966,2016-01-01,2016-01-04,06:00:13,10:30:34
-77.04237132,38.9243109,16002180,2016/01/05 03:09:51+00,EVENING,OTHERS,BURGLARY,1730 - 1797 BLOCK OF LANIER PLACE NW,396326,139604,1,1C,3,303,Cluster 1,003900 3,3900,Precinct 35,38.92430311,-77.04236902,ADAMS MORGAN,403877987,2015-12-24,2015-12-31,01:22:51,03:09:50
-77.02397426,38.91446101,16002253,2016/01/05 06:56:34+00,MIDNIGHT,OTHERS,BURGLARY,1800 - 1827 BLOCK OF 9TH STREET NW,397921,138510,1,1B,3,305,Cluster 3,004400 2,4400,Precinct 137,38.91445322,-77.02397197,,403877990,2015-12-31,2016-01-05,08:23:33,05:15:17
-77.03195437,38.91664813,16003053,2016/01/06 20:59:49+00,EVENING,OTHERS,BURGLARY,1921 - 1999 BLOCK OF 14TH STREET NW,397229,138753,2,2B,3,305,Cluster 3,004300 2,4300,Precinct 141,38.91664034,-77.03195208,,403878025,2016-01-04,2016-01-04,07:25:09,07:28:40
-77.03553847,38.91261136,16003163,2016/01/06 23:53:25+00,EVENING,OTHERS,BURGLARY,1500 - 1599 BLOCK OF R STREET NW,396918,138305,2,2B,3,301,Cluster 6,005201 2,5201,Precinct 16,38.91260357,-77.03553617,,403878032,2016-01-06,,22:16:43,
-76.97398492,38.86353622,16008621,2016/01/16 22:26:11+00,EVENING,OTHERS,BURGLARY,2300 - 2399 BLOCK OF GOOD HOPE ROAD SE,402258,132857,8,8A,6,607,Cluster 34,007605 2,7605,Precinct 112,38.86352843,-76.97398264,,403878044,2016-01-10,2016-01-16,18:30:56,20:30:04
-76.95678987,38.88879067,16003288,2016/01/07 05:02:06+00,MIDNIGHT,OTHERS,BURGLARY,3400 - 3499 BLOCK OF A STREET SE,403749,135661,7,7F,6,603,Cluster 32,007708 1,7708,Precinct 132,38.88878288,-76.9567876,,403878092,2016-01-06,2016-01-07,11:00:31,03:30:08
-77.03209623,38.90570692,16003978,2016/01/08 15:49:19+00,DAY,OTHERS,BURGLARY,1300 - 1499 BLOCK OF MASSACHUSETTS AVENUE NW,397216.27,137538.44,2,2F,3,307,Cluster 8,005201 1,5201,Precinct 17,38.90569913,-77.03209394,DOWNTOWN,403878122,2016-01-08,2016-01-08,07:58:02,08:20:08
-77.02192937,38.90148939,16009908,2016/01/19 17:14:33+00,DAY,OTHERS,BURGLARY,900 - 979 BLOCK OF 7TH STREET NW,398098,137070,2,2C,1,101,Cluster 8,005800 1,5800,Precinct 129,38.90148161,-77.02192708,DOWNTOWN,403878138,2016-01-16,2016-01-19,02:30:27,14:30:26
-77.02066994,38.97127692,16009916,2016/01/19 18:24:56+00,DAY,OTHERS,BURGLARY,500  - 599 BLOCK OF WHITTIER STREET NW,398209,144817,4,4B,4,401,Cluster 17,001702 1,1702,Precinct 63,38.97126912,-77.02066764,,403878139,2016-01-19,2016-01-19,16:24:05,16:44:34
-77.07362724,38.96155368,16016793,2016/02/03 04:16:43+00,MIDNIGHT,OTHERS,BURGLARY,5400 - 5419 BLOCK OF CONNECTICUT AVENUE NW,393619,143740,3,3G,2,201,Cluster 10,001100 1,1100,Precinct 32,38.96154588,-77.07362493,,403878146,2016-02-03,2016-02-03,03:00:37,03:30:43
-77.04168147,38.90814119,16016917,2016/02/03 13:42:10+00,DAY,OTHERS,BURGLARY,1300 - 1399 BLOCK OF 18TH STREET NW,396385,137809,2,2B,2,208,Cluster 6,010700 2,10700,Precinct 14,38.9081334,-77.04167917,GOLDEN TRIANGLE,403878155,2015-12-18,2015-12-18,21:00:42,21:45:56
-77.0266095,38.93127898,16017213,2016/02/04 01:22:23+00,EVENING,OTHERS,BURGLARY,3300 - 3399 BLOCK OF SHERMAN AVENUE NW,397693,140377,1,1A,3,302,Cluster 2,003100 1,3100,Precinct 38,38.93127119,-77.02660721,,403878171,2016-02-02,2016-02-03,19:30:12,23:20:13
-77.02351622,38.92409101,16017852,2016/02/05 02:19:31+00,EVENING,OTHERS,BURGLARY,700 - 898 BLOCK OF EUCLID STREET NW,397961,139579,1,1B,3,304,Cluster 2,003500 2,3500,Precinct 37,38.92408322,-77.02351392,,403878188,2016-02-05,2016-02-05,01:00:15,02:19:28
-77.00131617,38.88250179,16001128,2016/01/03 02:52:43+00,EVENING,OTHERS,BURGLARY,300 - 409 BLOCK OF SOUTH CAROLINA AVENUE SE,399886,134962,6,6B,1,106,Cluster 26,007000 1,7000,Precinct 90,38.88249401,-77.00131389,,403878303,2015-12-19,2016-01-03,11:00:08,00:52:34
-76.97480325,38.89545313,16002064,2016/01/05 00:13:05+00,EVENING,OTHERS,BURGLARY,400 - 499 BLOCK OF 21ST STREET NE,402186,136400,7,7D,5,507,Cluster 25,007903 1,7903,Precinct 80,38.89544534,-76.97480098,,403878353,2016-01-04,2016-01-04,14:00:53,22:30:48
-76.95254517,38.8932842,16007955,2016/01/16 02:31:24+00,EVENING,OTHERS,BURGLARY,201 299  BLOCK OF 35TH STREET NE,404117,136160,7,7F,6,603,Cluster 32,009603 3,9603,Precinct 102,38.89327641,-76.9525429,,403878379,2016-01-15,2016-01-15,20:13:32,23:45:12
-76.97819555,38.88490501,16007964,2016/01/15 22:49:24+00,EVENING,OTHERS,BURGLARY,1800 - 1899 BLOCK OF MASSACHUSETTS AVENUE SE,401892,135229,6,6B,1,107,Cluster 26,006802 1,6802,Precinct 87,38.88489722,-76.97819328,,403878380,2016-01-15,2016-01-15,18:50:40,19:45:00
-77.02558057,38.92440587,16008268,2016/01/16 07:48:18+00,MIDNIGHT,OTHERS,BURGLARY,2600 - 2699 BLOCK OF SHERMAN AVENUE NW,397782,139614,1,1B,3,304,Cluster 2,003500 1,3500,Precinct 37,38.92439807,-77.02557828,,403878390,2016-01-16,2016-01-16,04:57:06,04:58:13
-77.00900739,38.82131617,16008302,2016/01/16 07:50:38+00,MIDNIGHT,OTHERS,BURGLARY,100 - 199 BLOCK OF IVANHOE STREET SW,399218,128170,8,8D,7,708,Cluster 39,010900 1,10900,Precinct 126,38.8213084,-77.00900511,,403878393,2016-01-15,2016-01-16,20:00:29,06:30:35
-76.97645628,38.84657387,16015224,2016/01/31 05:22:52+00,MIDNIGHT,OTHERS,BURGLARY,1900 - 1919 BLOCK OF SAVANNAH STREET SE,402044,130974,8,8B,7,704,Cluster 38,007409 2,7409,Precinct 116,38.84656609,-76.97645401,,403878411,2016-01-30,2016-01-31,20:45:20,03:30:34
-76.93263066,38.87648278,16008695,2016/01/17 00:37:50+00,EVENING,OTHERS,BURGLARY,4600 - 4699 BLOCK OF HILLSIDE ROAD SE,405846,134296,7,7E,6,604,Cluster 33,007707 1,7707,Precinct 106,38.876475,-76.9326284,,403878415,2016-01-16,2016-01-17,21:22:08,00:37:48
-76.95495717,38.88878998,16015696,2016/02/01 10:48:51+00,MIDNIGHT,OTHERS,BURGLARY,3500 - 3599 BLOCK OF A STREET SE,403908,135661,7,7F,6,603,Cluster 32,007708 1,7708,Precinct 132,38.88878219,-76.9549549,,403878433,2016-02-01,2016-02-01,02:52:47,05:19:01
-76.95495717,38.88878998,16015766,2016/02/01 09:14:40+00,MIDNIGHT,OTHERS,BURGLARY,3500 - 3599 BLOCK OF A STREET SE,403908,135661,7,7F,6,603,Cluster 32,007708 1,7708,Precinct 132,38.88878219,-76.9549549,,403878437,2016-01-31,2016-02-01,21:30:07,03:30:27
-76.92797241,38.89027185,16009408,2016/01/18 17:05:44+00,DAY,OTHERS,BURGLARY,1 - 99 BLOCK OF DIVISION AVENUE NE,406249,135827,7,7C,6,608,Cluster 33,007804 3,7804,Precinct 97,38.89026406,-76.92797015,,403878504,2016-01-18,2016-01-18,13:49:03,15:58:06
-77.01053563,38.95488325,16016333,2016/02/02 13:40:26+00,DAY,OTHERS,BURGLARY,5300  - 5399 BLOCK OF NEW HAMPSHIRE AVENUE NW,399087,142997,4,4D,4,403,Cluster 18,002102 2,2102,Precinct 57,38.95487545,-77.01053334,,403878517,2016-02-02,,11:39:40,
-77.03453773,38.91755723,16016349,2016/02/02 14:22:15+00,DAY,OTHERS,BURGLARY,2000 - 2099 BLOCK OF 15TH STREET NW,397005,138854,1,1B,3,301,Cluster 6,004300 1,4300,Precinct 22,38.91754944,-77.03453543,,403878518,2016-02-01,2016-02-02,22:45:39,14:00:10
-76.99135348,38.92196709,16016416,2016/02/02 16:48:00+00,DAY,OTHERS,BURGLARY,1000 - 1199 BLOCK OF BRYANT STREET NE,400750,139343,5,5C,5,505,Cluster 22,009102 2,9102,Precinct 72,38.9219593,-76.99135119,,403878521,2016-02-01,2016-02-02,23:00:43,13:00:55
-76.99497667,38.89037502,16007365,2016/01/14 23:30:04+00,EVENING,OTHERS,BURGLARY,1 - 99 BLOCK OF 8TH STREET NE,400436,135836,6,6C,1,108,Cluster 26,008200 1,8200,Precinct 85,38.89036723,-76.99497439,,403878726,2016-01-14,2016-01-14,14:20:48,20:45:42
-77.01061054,38.91557102,16015096,2016/01/31 02:05:25+00,EVENING,OTHERS,BURGLARY,1 - 99 BLOCK OF T STREET NW,399080,138633,5,5E,3,308,Cluster 21,003302 1,3302,Precinct 19,38.91556322,-77.01060825,,403878779,2016-01-30,2016-01-30,23:10:31,23:30:06
-77.04663979,38.90910321,16015852,2016/02/01 15:54:19+00,DAY,OTHERS,BURGLARY,1400 - 1499 BLOCK OF 21ST STREET NW,395955,137916,2,2B,2,208,Cluster 6,005500 4,5500,Precinct 14,38.90909542,-77.04663749,,403878812,2016-01-30,2016-01-31,00:00:07,19:30:58
-77.02459355,38.93815276,16032319,2016/03/02 22:22:44+00,EVENING,OTHERS,BURGLARY,3800  - 3899 BLOCK OF GEORGIA AVENUE NW,397868,141140,4,4C,4,404,Cluster 18,002502 2,2502,Precinct 47,38.93814496,-77.02459126,,403879052,2016-03-01,2016-03-02,23:00:50,12:00:45
-77.09540837,38.91628925,16038978,2016/03/14 08:56:13+00,MIDNIGHT,OTHERS,BURGLARY,4812 - 4859 BLOCK OF MACARTHUR BOULEVARD NW,391726,138717,3,3D,2,205,Cluster 13,000801 4,801,Precinct 8,38.91628146,-77.09540606,,403879063,2016-03-14,2016-03-14,08:02:46,08:06:25
-77.04979208,38.91583114,16000872,2016/01/02 17:26:21+00,DAY,OTHERS,BURGLARY,2200 - 2299 BLOCK OF CALIFORNIA STREET NW,395682,138663,2,2D,2,208,Cluster 1,004100 1,4100,Precinct 13,38.91582335,-77.04978978,,403879091,2015-12-31,2016-01-01,08:00:45,14:00:13
-77.01120464,38.95398236,16000999,2016/01/03 01:35:19+00,EVENING,OTHERS,BURGLARY,5200  - 5299 BLOCK OF NEW HAMPSHIRE AVENUE NW,399029,142897,4,4D,4,403,Cluster 18,002102 2,2102,Precinct 57,38.95397456,-77.01120235,,403879103,2016-01-02,2016-01-02,19:30:43,21:00:42
-77.00905347,38.91222905,16001404,2016/01/04 16:18:05+00,DAY,OTHERS,BURGLARY,1621 - 1699 BLOCK OF NORTH CAPITOL STREET,399215,138262,5,5E,5,502,Cluster 21,003302 2,3302,Precinct 19,38.91222126,-77.00905118,,403879121,2015-12-26,2016-01-03,17:30:12,17:30:55
-76.95631328,38.85767547,16006872,2016/01/14 00:18:22+00,EVENING,OTHERS,BURGLARY,3390 - 3425 BLOCK OF HIGHVIEW TERRACE SE,403792,132207,7,7B,6,606,Cluster 35,007603 3,7603,Precinct 110,38.85766769,-76.95631102,,403879133,2016-01-13,2016-01-13,21:30:59,21:40:05
-77.00889252,38.82360433,16021309,2016/02/11 17:21:52+00,DAY,OTHERS,BURGLARY,2 - 199 BLOCK OF GALVESTON STREET SW,399228,128424,8,8D,7,708,Cluster 39,010900 1,10900,Precinct 126,38.82359656,-77.00889024,,403879174,2016-02-11,2016-02-11,15:05:01,15:07:05
-76.92352546,38.888098,16021400,2016/02/11 20:30:48+00,EVENING,OTHERS,BURGLARY,1 - 149 BLOCK OF 54TH STREET SE,406635,135586,7,7E,6,604,Cluster 33,009903 2,9903,Precinct 105,38.88809021,-76.9235232,,403879182,2016-02-11,2016-02-11,19:25:24,19:30:47
-77.02973674,38.93543106,16021482,2016/02/12 01:05:49+00,EVENING,OTHERS,BURGLARY,3600 - 3699 BLOCK OF 13TH STREET NW,397422,140838,1,1A,4,408,Cluster 2,002900 2,2900,Precinct 42,38.93542326,-77.02973445,,403879186,2016-02-11,2016-02-11,21:38:41,21:45:38
-76.99716552,38.92094043,16039027,2016/03/14 15:52:43+00,DAY,OTHERS,BURGLARY,500 - 799 BLOCK OF RHODE ISLAND AVENUE NE,400246,139229,5,5E,5,502,Cluster 21,009204 2,9204,Precinct 74,38.92093264,-76.99716323,,403879429,2016-03-12,2016-03-14,23:30:11,12:30:03
-77.00026765,38.95647819,16039548,2016/03/15 13:12:41+00,DAY,OTHERS,BURGLARY,5500  - 5532 BLOCK OF 4TH STREET NE,399977,143174,4,4B,4,406,Cluster 19,009507 1,9507,Precinct 65,38.95647039,-77.00026536,,403879457,2016-03-15,2016-03-15,10:00:58,10:10:29
-77.04360926,38.90993522,16045720,2016/03/25 16:08:11+00,DAY,OTHERS,BURGLARY,1300 - 1699 BLOCK OF CONNECTICUT AVENUE NW,396217.89,138008.23,2,2B,2,208,Cluster 6,005500 1,5500,Precinct 14,38.90992743,-77.04360696,DUPONT CIRCLE,403879463,2016-03-25,,14:02:16,
-76.99321364,38.88465461,16006528,2016/01/13 05:54:23+00,MIDNIGHT,OTHERS,BURGLARY,900 - 999 BLOCK OF SOUTH CAROLINA AVENUE SE,400589,135201,6,6B,1,107,Cluster 26,006900 1,6900,Precinct 90,38.88464682,-76.99321136,,403879483,2016-01-12,2016-01-13,12:30:21,03:00:17
-76.97721708,38.84500655,16014060,2016/01/29 06:19:49+00,MIDNIGHT,OTHERS,BURGLARY,1800 - 1899 BLOCK OF TRENTON PLACE SE,401978,130800,8,8B,7,704,Cluster 38,007409 3,7409,Precinct 116,38.84499877,-76.9772148,,403879532,2016-01-29,2016-01-29,02:59:35,05:36:05
-77.0457814,38.90101405,16014137,2016/01/29 13:02:56+00,DAY,OTHERS,BURGLARY,2000 - 2099 BLOCK OF PENNSYLVANIA AVENUE NW,396029,137018,2,2A,2,207,Cluster 5,010800 1,10800,Precinct 2,38.90100626,-77.0457791,,403879537,2016-01-29,2016-01-29,05:20:21,11:00:57
-77.02999869,38.90010031,16014234,2016/01/29 17:40:13+00,DAY,OTHERS,BURGLARY,1300 - 1309 BLOCK OF NEW YORK AVENUE NW,397398,136916,2,2C,2,209,Cluster 8,005800 1,5800,Precinct 129,38.90009253,-77.0299964,DOWNTOWN,403879542,2016-01-29,2016-01-29,15:31:28,17:25:33
-77.03974356,38.94782349,16045985,2016/03/25 22:32:27+00,EVENING,OTHERS,BURGLARY,4700  - 4749 BLOCK OF BLAGDEN AVENUE NW,396555,142214,4,4A,4,404,Cluster 18,002600 2,2600,Precinct 48,38.94781569,-77.03974126,,403879869,2016-03-11,2016-03-25,21:00:04,21:00:22
-76.98055321,38.9037149,16046006,2016/03/25 23:26:07+00,EVENING,OTHERS,BURGLARY,1600 - 1699 BLOCK OF L STREET NE,401687,137317,5,5D,5,507,Cluster 23,008903 1,8903,Precinct 78,38.90370711,-76.98055093,,403879870,2016-03-23,2016-03-24,22:30:10,04:30:10
-76.97735846,38.87138324,16046067,2016/03/26 02:23:38+00,EVENING,OTHERS,BURGLARY,1500 - 1599 BLOCK OF 19TH STREET SE,401965,133728,8,8A,6,607,Cluster 34,007601 3,7601,Precinct 140,38.87137546,-76.97735619,,403879874,2016-03-26,2016-03-26,00:01:19,01:15:11
-77.01990374,38.91356995,16051634,2016/04/04 17:35:23+00,DAY,OTHERS,BURGLARY,1705 - 1799 BLOCK OF 6TH STREET NW,398274,138411,6,6E,3,308,Cluster 7,004801 1,4801,Precinct 21,38.91356216,-77.01990144,,403879879,2016-04-04,2016-04-04,14:15:29,14:20:29
-77.00702739,38.94502846,16051803,2016/04/04 23:35:26+00,EVENING,OTHERS,BURGLARY,1 - 83 BLOCK OF WEBSTER STREET NE,399391,141903,5,5A,4,405,Cluster 19,009501 2,9501,Precinct 44,38.94502066,-77.0070251,,403879890,2016-04-04,2016-04-04,12:15:02,19:02:26
-76.93263066,38.87648278,16013940,2016/01/29 02:15:04+00,EVENING,OTHERS,BURGLARY,4600 - 4699 BLOCK OF HILLSIDE ROAD SE,405846,134296,7,7E,6,604,Cluster 33,007707 1,7707,Precinct 106,38.876475,-76.9326284,,403879925,2016-01-27,2016-01-28,19:00:36,23:30:32
-77.03454848,38.91593573,16058032,2016/04/15 05:45:54+00,MIDNIGHT,OTHERS,BURGLARY,1900 - 1919 BLOCK OF 15TH STREET NW,397004,138674,2,2B,3,301,Cluster 6,004300 2,4300,Precinct 141,38.91592794,-77.03454618,,403880183,2016-03-12,2016-04-15,16:00:37,00:00:15
-77.03654827,38.90313426,16051399,2016/04/04 01:42:30+00,EVENING,OTHERS,BURGLARY,1000 - 1099 BLOCK OF 16TH STREET NW,396830,137253,2,2B,2,207,Cluster 6,010700 1,10700,Precinct 17,38.90312648,-77.03654597,,403880218,2016-04-03,2016-04-04,22:00:25,00:49:29
-77.02704929,38.90491149,16051551,2016/04/07 10:16:38+00,MIDNIGHT,OTHERS,BURGLARY,1101 - 1199 BLOCK OF 11TH STREET NW,397654,137450,2,2F,3,307,Cluster 8,005002 4,5002,Precinct 17,38.90490371,-77.027047,,403880224,2016-04-04,2016-04-04,10:09:22,13:34:24
-77.02886696,38.89523608,16019699,2016/02/08 18:05:23+00,DAY,OTHERS,BURGLARY,1200 - 1299 BLOCK OF PENNSYLVANIA AVENUE NW,397496,136376,2,2C,2,209,,006202 1,6202,Precinct 129,38.89522829,-77.02886466,DOWNTOWN,403880269,2016-02-05,2016-02-08,23:00:52,13:05:50
-77.00103906,38.84789147,16064574,2016/04/25 09:09:40+00,MIDNIGHT,OTHERS,BURGLARY,400 - 499 BLOCK OF MELLON STREET SE,399910,131120,8,8C,7,707,Cluster 39,010400 2,10400,Precinct 123,38.84788369,-77.00103678,,403880581,2016-04-24,2016-04-25,22:00:31,06:45:53
-77.0239831,38.90644358,16064601,2016/04/25 11:07:36+00,DAY,OTHERS,BURGLARY,1200 - 1299 BLOCK OF 9TH STREET NW,397920,137620,2,2F,3,307,Cluster 7,004902 2,4902,Precinct 129,38.9064358,-77.0239808,,403880583,2016-04-25,2016-04-25,09:10:59,09:11:16
-77.08427507,38.91117206,16070943,2016/05/05 16:15:41+00,DAY,OTHERS,BURGLARY,1600 - 1618 BLOCK OF FOXHALL ROAD NW,392691,138148,3,3D,2,205,Cluster 13,000802 1,802,Precinct 7,38.91116427,-77.08427276,,403880591,2016-05-05,2016-05-05,12:15:42,14:56:27
-76.97781488,38.84888029,16071204,2016/05/05 23:12:04+00,EVENING,OTHERS,BURGLARY,1826 - 1889 BLOCK OF ALABAMA AVENUE SE,401926,131230,8,8E,7,704,Cluster 38,007404 1,7404,Precinct 117,38.84887251,-76.9778126,,403880601,2016-05-05,2016-05-05,22:42:08,22:45:56
-77.0259548,38.93868395,16064239,2016/04/24 19:00:33+00,DAY,OTHERS,BURGLARY,900  - 998 BLOCK OF RANDOLPH STREET NW,397750,141199,4,4C,4,404,Cluster 18,002502 2,2502,Precinct 47,38.93867616,-77.02595251,,403880627,2016-04-23,2016-04-24,09:30:40,17:30:25
-77.04532575,38.90964423,16064631,2016/04/25 13:55:57+00,DAY,OTHERS,BURGLARY,2000 - 2016 BLOCK OF P STREET NW,396069,137976,2,2B,2,208,Cluster 6,005500 5,5500,Precinct 14,38.90963644,-77.04532345,DUPONT CIRCLE,403880642,2016-04-24,2016-04-25,16:30:58,11:55:57
-76.96793061,38.87486729,16064752,2016/04/25 17:34:50+00,DAY,OTHERS,BURGLARY,2714 - 2799 BLOCK OF MINNESOTA AVENUE SE,402783,134115,7,7B,6,605,Cluster 34,007709 2,7709,Precinct 111,38.8748595,-76.96792834,,403880648,2016-04-25,,16:26:56,
-76.98848197,38.92259743,16064801,2016/04/25 20:01:18+00,EVENING,OTHERS,BURGLARY,1220 - 1281 BLOCK OF BRENTWOOD ROAD NE,400999,139413,5,5C,5,505,Cluster 22,009102 2,9102,Precinct 72,38.92258963,-76.98847969,,403880653,2016-04-25,2016-04-25,17:00:12,19:11:48
-76.9777696,38.84631288,16071172,2016/05/05 22:32:26+00,EVENING,OTHERS,BURGLARY,1800 - 1899 BLOCK OF SAVANNAH STREET SE,401930,130945,8,8B,7,704,Cluster 38,007409 3,7409,Precinct 116,38.8463051,-76.97776732,,403880976,2016-05-05,2016-05-05,11:15:34,21:30:22
-76.93107445,38.88884138,16083075,2016/05/24 20:58:54+00,EVENING,OTHERS,BURGLARY,4900 - 4999 BLOCK OF AYERS PLACE SE,405980,135668,7,7E,6,604,Cluster 33,009904 1,9904,Precinct 104,38.8888336,-76.93107219,,403881397,2016-05-24,2016-05-24,16:30:41,18:31:44
-77.04707285,38.9188951,16083110,2016/05/24 21:24:42+00,EVENING,OTHERS,BURGLARY,2000 - 2099 BLOCK OF KALORAMA ROAD NW,395918,139003,1,1C,3,303,Cluster 1,004001 2,4001,Precinct 25,38.91888731,-77.04707055,,403881399,2016-05-24,2016-05-24,18:15:40,19:15:26
-76.99663889,38.83972977,16080424,2016/05/20 17:00:09+00,DAY,OTHERS,BURGLARY,3335 - 3499 BLOCK OF 7TH STREET SE,400292,130214,8,8C,7,705,Cluster 39,009804 1,9804,Precinct 122,38.83972199,-76.99663661,,403881707,2016-04-30,2016-05-20,15:32:43,15:30:00
-76.9654018,38.86146205,16161468,2016/09/23 10:23:38+00,MIDNIGHT,OTHERS,BURGLARY,2801 - 2999 BLOCK OF AKRON PLACE SE,403003,132627,7,7B,6,606,Cluster 35,007604 2,7604,Precinct 113,38.86145427,-76.96539953,,403881763,2016-09-23,2016-09-23,08:30:33,10:23:34
-76.99498878,38.88199722,16087011,2016/05/30 18:35:40+00,DAY,OTHERS,BURGLARY,500 - 699 BLOCK OF 8TH STREET SE,400435,134906,6,6B,1,106,Cluster 26,007000 2,7000,Precinct 90,38.88198944,-76.9949865,CAPITOL HILL,403881784,2016-05-30,2016-05-30,04:20:08,04:35:37
-76.9995416,38.83095558,16092984,2016/06/08 19:36:15+00,EVENING,OTHERS,BURGLARY,400 - 599 BLOCK OF ATLANTIC STREET SE,400040,129240,8,8E,7,706,Cluster 39,009802 2,9802,Precinct 125,38.83094781,-76.99953932,,403881795,2016-06-08,2016-06-08,17:47:10,18:00:34
-76.9884354,38.85417879,16087369,2016/05/31 08:50:38+00,MIDNIGHT,OTHERS,BURGLARY,2400 - 2599 BLOCK OF ELVANS ROAD SE,401004,131818,8,8B,7,703,Cluster 37,007406 2,7406,Precinct 118,38.85417101,-76.98843313,,403881803,2016-05-29,2016-05-31,23:00:26,02:00:20
-76.99464681,38.83147795,16087391,2016/05/31 07:30:37+00,MIDNIGHT,OTHERS,BURGLARY,4000 - 4099 BLOCK OF 8TH STREET SE,400465,129298,8,8E,7,706,Cluster 39,009802 1,9802,Precinct 121,38.83147017,-76.99464454,,403881805,2016-05-31,2016-05-31,03:38:29,07:15:29
-77.02294859,38.91614578,16087485,2016/05/31 12:01:09+00,DAY,OTHERS,BURGLARY,1900 - 1999 BLOCK OF 8TH STREET NW,398010,138697,1,1B,3,305,Cluster 3,004400 2,4400,Precinct 137,38.91613799,-77.0229463,,403881811,2016-05-31,2016-05-31,09:35:53,09:45:49
-77.07177427,38.93181849,16093456,2016/06/09 12:57:44+00,DAY,OTHERS,BURGLARY,3600 - 3699 BLOCK OF WOODLEY ROAD NW,393777,140439,3,3C,2,204,Cluster 15,000400 1,400,Precinct 12,38.93181069,-77.07177196,,403881818,2016-06-08,2016-06-09,20:30:15,10:45:31
-77.02417386,38.92502774,16093568,2016/06/09 15:48:32+00,DAY,OTHERS,BURGLARY,700 - 799 BLOCK OF FAIRMONT STREET NW,397904,139683,1,1B,3,304,Cluster 2,003500 1,3500,Precinct 37,38.92501995,-77.02417157,,403881822,2016-05-26,2016-05-26,12:30:21,18:30:16
-76.9973283,38.88514123,16093932,2016/06/10 01:12:42+00,EVENING,OTHERS,BURGLARY,600 - 669 BLOCK OF PENNSYLVANIA AVENUE SE,400232,135255,6,6B,1,107,Cluster 26,006500 1,6500,Precinct 89,38.88513344,-76.99732602,CAPITOL HILL,403881836,2016-06-09,2016-06-09,03:04:21,03:20:21
-76.99731638,38.89545582,16094302,2016/06/10 18:40:11+00,DAY,OTHERS,BURGLARY,600 - 699 BLOCK OF LEXINGTON PLACE NE,400233,136400,6,6C,1,108,Cluster 25,008302 1,8302,Precinct 84,38.89544803,-76.9973141,,403881854,2016-06-10,2016-06-10,07:55:54,10:00:46
-76.9884354,38.85417879,16094369,2016/06/10 18:25:34+00,DAY,OTHERS,BURGLARY,2400 - 2599 BLOCK OF ELVANS ROAD SE,401004,131818,8,8B,7,703,Cluster 37,007406 2,7406,Precinct 118,38.85417101,-76.98843313,,403881860,2016-06-10,2016-06-10,17:30:45,18:25:31
-77.04257929,38.90565456,16100257,2016/06/19 16:36:22+00,DAY,OTHERS,BURGLARY,1800 - 1899 BLOCK OF M STREET NW,396307,137533,2,2B,2,208,Cluster 6,010700 1,10700,Precinct 17,38.90564677,-77.04257699,GOLDEN TRIANGLE,403881893,2016-06-18,2016-06-19,03:00:28,12:00:14
-77.00278043,38.89613144,16166114,2016/09/30 17:11:47+00,DAY,OTHERS,BURGLARY,200 - 299 BLOCK OF E STREET NE,399759,136475,6,6C,1,108,Cluster 25,008301 2,8301,Precinct 84,38.89612366,-77.00277814,,403881900,2016-09-30,2016-09-30,03:59:25,17:11:21
-77.02091496,38.90181388,16073354,2016/05/09 13:24:55+00,DAY,OTHERS,BURGLARY,600 - 699 BLOCK OF MASSACHUSETTS AVENUE NW,398186,137106,2,2C,1,101,Cluster 8,005800 2,5800,Precinct 129,38.90180609,-77.02091267,DOWNTOWN,403882059,2016-05-07,2016-05-09,17:00:13,10:30:38
-77.0477076,38.91968757,16079400,2016/05/19 00:49:42+00,EVENING,OTHERS,BURGLARY,2300 - 2399 BLOCK OF ASHMEAD PLACE NW,395863,139091,1,1C,3,303,Cluster 1,004001 3,4001,Precinct 25,38.91967978,-77.0477053,,403882084,2016-05-18,2016-05-18,12:30:33,21:05:30
-76.99860718,38.90985119,16079702,2016/05/19 20:21:23+00,EVENING,OTHERS,BURGLARY,1300 - 1399 BLOCK OF 4TH STREET NE,400121,137998,5,5D,5,501,Cluster 23,008803 1,8803,Precinct 76,38.9098434,-76.9986049,,403882102,2016-05-18,2016-05-19,22:00:46,11:00:31
-77.04007192,38.9162943,16079877,2016/05/19 21:13:04+00,EVENING,OTHERS,BURGLARY,1700 - 1799 BLOCK OF WILLARD STREET NW,396525,138714,2,2B,3,301,Cluster 6,004201 2,4201,Precinct 141,38.91628651,-77.04006962,,403882109,2016-05-19,2016-05-19,18:30:25,19:30:04
-77.04020946,38.9148349,16079966,2016/05/19 22:54:02+00,EVENING,OTHERS,BURGLARY,1700 - 1799 BLOCK OF SWANN STREET NW,396513,138552,2,2B,3,301,Cluster 6,004201 2,4201,Precinct 141,38.91482711,-77.04020717,,403882113,2016-05-19,2016-05-19,21:00:19,21:40:59
-77.0588836,38.93619472,16092308,2016/06/07 21:58:57+00,EVENING,OTHERS,BURGLARY,3500 - 3599 BLOCK OF CONNECTICUT AVENUE NW,394895,140924,3,3C,2,203,Cluster 15,000600 2,600,Precinct 27,38.93618693,-77.0588813,,403882115,2016-06-06,2016-06-07,23:30:51,14:45:50
-76.97735846,38.87138324,16092313,2016/06/08 03:21:51+00,MIDNIGHT,OTHERS,BURGLARY,1500 - 1599 BLOCK OF 19TH STREET SE,401965,133728,8,8A,6,607,Cluster 34,007601 3,7601,Precinct 140,38.87137546,-76.97735619,,403882116,2016-06-07,2016-06-07,13:30:23,19:00:32
-77.02189955,38.91701078,16086848,2016/05/30 10:29:50+00,MIDNIGHT,OTHERS,BURGLARY,2000 - 2099 BLOCK OF GEORGIA AVENUE NW,398101,138793,1,1B,3,305,Cluster 3,003500 2,3500,Precinct 37,38.91700299,-77.02189726,,403882121,2016-05-30,,09:20:18,
-76.99558827,38.87928572,16092818,2016/06/08 16:23:57+00,DAY,OTHERS,BURGLARY,700 - 799 BLOCK OF I STREET SE,400383,134605,6,6B,1,106,Cluster 26,007000 2,7000,Precinct 90,38.87927794,-76.99558598,,403882137,2016-06-08,2016-06-08,09:00:21,13:15:42
-77.03457762,38.90469331,16092849,2016/06/08 16:35:12+00,DAY,OTHERS,BURGLARY,1100 - 1199 BLOCK OF 15TH STREET NW,397001,137426,2,2B,2,207,Cluster 6,010100 2,10100,Precinct 17,38.90468552,-77.03457532,DOWNTOWN,403882139,2016-06-08,2016-06-08,05:00:57,10:30:07
-77.08139634,38.94478413,16166716,2016/10/01 15:33:38+00,DAY,OTHERS,BURGLARY,4100 - 4199 BLOCK OF WARREN STREET NW,392944,141879,3,3E,2,202,Cluster 11,001001 4,1001,Precinct 30,38.94477634,-77.08139403,,403882149,2016-09-30,2016-10-01,20:30:32,11:25:23
-77.07316614,38.95072603,16166843,2016/10/01 19:52:44+00,EVENING,OTHERS,BURGLARY,3700 - 3799 BLOCK OF CHESAPEAKE STREET NW,393658,142538,3,3F,2,202,Cluster 11,001200 1,1200,Precinct 33,38.95071824,-77.07316383,,403882155,2016-10-01,2016-10-01,16:35:05,19:00:35
-77.01171534,38.90251782,16171958,2016/10/10 03:28:29+00,MIDNIGHT,OTHERS,BURGLARY,43 - 99 BLOCK OF K STREET NW,398984,137184,6,6E,1,102,Cluster 8,004702 1,4702,Precinct 1,38.90251003,-77.01171306,,403882159,2016-10-10,2016-10-10,01:20:04,01:30:24
-76.99345091,38.93660573,16172093,2016/10/10 12:03:57+00,DAY,OTHERS,BURGLARY,3726 - 3799 BLOCK OF 10TH STREET NE,400568,140968,5,5B,4,405,Cluster 20,009504 1,9504,Precinct 68,38.93659794,-76.99344863,,403882166,2016-10-10,2016-10-10,09:30:59,09:47:00
-76.99025063,38.89119448,16093204,2016/06/09 01:00:56+00,EVENING,OTHERS,BURGLARY,100 - 199 BLOCK OF 12TH STREET NE,400846,135927,6,6A,1,108,Cluster 26,008100 3,8100,Precinct 85,38.8911867,-76.99024835,,403882178,2016-06-08,2016-06-08,05:00:36,10:00:40
-77.07098905,38.90769466,16089470,2016/06/03 04:12:06+00,MIDNIGHT,OTHERS,BURGLARY,3600 - 3699 BLOCK OF O STREET NW,393843,137761,2,2E,2,206,Cluster 4,000202 4,202,Precinct 6,38.90768687,-77.07098674,,403882296,2016-06-02,2016-06-03,12:00:18,02:00:56
-77.0906117,38.95271365,16095253,2016/06/12 01:28:58+00,EVENING,OTHERS,BURGLARY,4800 - 4899 BLOCK OF 46TH STREET NW,392146,142760,3,3E,2,202,Cluster 11,001001 5,1001,Precinct 31,38.95270585,-77.09060939,,403882301,2016-06-11,2016-06-11,20:00:30,23:30:50
-77.00131654,38.9025184,16166142,2016/09/30 18:05:32+00,DAY,OTHERS,BURGLARY,300 - 399 BLOCK OF K STREET NE,399886,137184,6,6C,5,501,Cluster 25,010600 2,10600,Precinct 83,38.90251061,-77.00131426,,403882329,2016-09-29,2016-09-30,16:00:19,12:00:18
-77.00430336,38.91756226,16166355,2016/09/30 23:40:37+00,EVENING,OTHERS,BURGLARY,100 - 199 BLOCK OF UHLAND TERRACE NE,399627,138854,5,5E,5,502,Cluster 21,008701 2,8701,Precinct 75,38.91755447,-77.00430107,,403882341,2016-09-30,2016-09-30,13:30:29,22:00:19
-77.04166296,38.91593341,16089634,2016/06/03 14:39:07+00,DAY,OTHERS,BURGLARY,1900 - 1923 BLOCK OF 18TH STREET NW,396387,138674,2,2B,2,208,Cluster 6,004202 2,4202,Precinct 14,38.91592562,-77.04166066,,403882353,2016-06-03,2016-06-03,04:10:46,04:30:58
-77.0000484,38.89891506,16089912,2016/06/03 23:35:04+00,EVENING,OTHERS,BURGLARY,400 - 499 BLOCK OF G STREET NE,399996,136784,6,6C,1,104,Cluster 25,008301 1,8301,Precinct 84,38.89890727,-77.00004611,,403882393,2016-06-03,2016-06-03,20:00:15,20:30:54
-76.9769457,38.86491513,16078481,2016/05/17 19:16:56+00,EVENING,OTHERS,BURGLARY,1935 - 2199 BLOCK OF GOOD HOPE ROAD SE,402001,133010,8,8A,6,607,Cluster 28,007504 1,7504,Precinct 114,38.86490734,-76.97694343,,403882402,2016-05-17,2016-05-17,17:08:09,17:13:42
-77.02082357,38.94415301,16078601,2016/05/17 21:26:06+00,EVENING,OTHERS,BURGLARY,509  - 699 BLOCK OF WEBSTER STREET NW,398195,141806,4,4C,4,407,Cluster 18,002400 2,2400,Precinct 46,38.94414522,-77.02082127,,403882425,2016-05-17,2016-05-17,12:00:54,17:17:32
-76.94818516,38.86533831,16078656,2016/05/18 02:02:47+00,EVENING,OTHERS,BURGLARY,3900 - 3999 BLOCK OF S STREET SE,404497,133058,7,7B,6,605,Cluster 34,009902 2,9902,Precinct 110,38.86533053,-76.9481829,,403882429,2016-05-17,2016-05-17,20:30:54,20:35:20
-76.94881138,38.89189534,16078680,2016/05/17 22:52:28+00,EVENING,OTHERS,BURGLARY,3826 - 3999 BLOCK OF BLAINE STREET NE,404441,136006,7,7F,6,603,Cluster 32,009603 2,9603,Precinct 102,38.89188755,-76.94880911,,403882431,2016-05-17,2016-05-17,09:30:46,20:00:23
-76.97621878,38.90251598,16079200,2016/05/18 22:00:14+00,EVENING,OTHERS,BURGLARY,900 - 999 BLOCK OF 19TH STREET NE,402063,137184,5,5D,5,507,Cluster 23,008904 2,8904,Precinct 79,38.90250819,-76.9762165,,403882454,2016-05-18,2016-05-18,15:30:56,17:30:49
-77.04274325,38.90992446,16084906,2016/05/27 09:48:00+00,MIDNIGHT,OTHERS,BURGLARY,11- 15 BLOCK OF DUPONT CIRCLE NW,396293,138007,2,2B,2,208,Cluster 6,005500 1,5500,Precinct 14,38.90991667,-77.04274095,,403882469,2016-05-27,2016-05-27,07:51:05,07:55:38
-76.98887574,38.91177846,16079731,2016/05/19 20:53:50+00,EVENING,OTHERS,BURGLARY,900 - 1020 BLOCK OF MOUNT OLIVET ROAD NE,400965,138212,5,5D,5,506,Cluster 23,008803 1,8803,Precinct 76,38.91177067,-76.98887346,,403882473,2016-05-10,2016-05-10,04:30:58,04:40:01
-76.96561289,38.87771328,16085159,2016/05/27 20:31:45+00,EVENING,OTHERS,BURGLARY,2900 - 2999 BLOCK OF M PLACE SE,402984,134431,7,7B,6,605,Cluster 34,007709 1,7709,Precinct 111,38.8777055,-76.96561062,,403882479,2016-05-27,2016-05-27,18:32:42,19:31:44
-76.9807813,38.87011367,16085440,2016/05/28 03:19:53+00,MIDNIGHT,OTHERS,BURGLARY,1600 - 1699 BLOCK OF 17TH STREET SE,401668,133587,8,8A,6,607,Cluster 34,007601 4,7601,Precinct 140,38.87010589,-76.98077903,,403882494,2016-05-27,2016-05-28,22:00:57,01:00:33
-77.00623299,38.96270273,16091815,2016/06/07 02:25:56+00,EVENING,OTHERS,BURGLARY,40  - 99 BLOCK OF PEABODY STREET NE,399460,143865,4,4B,4,406,Cluster 19,009505 2,9505,Precinct 64,38.96269493,-77.0062307,,403882516,2016-06-06,2016-06-06,10:00:12,21:45:05
-77.03362386,38.93582637,16091861,2016/06/07 01:06:56+00,EVENING,OTHERS,BURGLARY,1400 - 1499 BLOCK OF PARKWOOD PLACE NW,397085,140882,1,1A,4,408,Cluster 2,002801 2,2801,Precinct 41,38.93581857,-77.03362157,,403882519,2016-06-01,2016-06-04,22:30:27,05:00:39
-77.03209935,38.90570295,16098645,2016/06/17 06:18:46+00,MIDNIGHT,OTHERS,BURGLARY,1300 - 1499 BLOCK OF MASSACHUSETTS AVENUE NW,397216,137538,2,2F,2,209,Cluster 8,005201 1,5201,Precinct 17,38.90569516,-77.03209705,DOWNTOWN,403882552,2016-06-13,2016-06-15,19:00:24,19:35:37
-76.98897558,38.86261973,16098834,2016/06/17 15:41:56+00,DAY,OTHERS,BURGLARY,2200 - 2399 BLOCK OF PAYNE TERRACE SE,400957,132755,8,8A,7,701,Cluster 28,007503 2,7503,Precinct 114,38.86261195,-76.9889733,,403882557,2016-06-12,2016-06-17,14:44:12,14:41:49
-77.02421419,38.94190929,16104308,2016/06/25 18:38:54+00,DAY,OTHERS,BURGLARY,800  - 899 BLOCK OF UPSHUR STREET NW,397901,141557,4,4C,4,407,Cluster 18,002400 3,2400,Precinct 45,38.9419015,-77.0242119,,403882577,2016-06-25,2016-06-25,05:15:43,13:00:41
-76.93499517,38.88692485,16104826,2016/06/27 17:04:31+00,DAY,OTHERS,BURGLARY,1 - 99 BLOCK OF BASS CIRCLE SE,405640,135455,7,7E,6,604,Cluster 33,009906 1,9906,Precinct 104,38.88691706,-76.93499291,,403882602,2016-06-26,2016-06-26,13:18:13,14:04:51
-77.04542091,38.93233616,16111549,2016/07/07 11:21:24+00,DAY,OTHERS,BURGLARY,3200 - 3299 BLOCK OF WALBRIDGE PLACE NW,396062,140495,1,1D,3,302,Cluster 2,002702 3,2702,Precinct 40,38.93232837,-77.04541861,,403882651,2016-07-06,2016-07-06,16:30:28,21:40:19
-77.02962551,38.91755858,16111796,2016/07/07 01:48:45+00,EVENING,OTHERS,BURGLARY,2000 - 2099 BLOCK OF 13TH STREET NW,397431,138854,1,1B,3,305,Cluster 3,004400 1,4400,Precinct 22,38.91755079,-77.02962322,,403882662,2016-07-07,2016-07-07,00:55:27,01:00:00
-77.00748457,38.90468918,16111963,2016/07/07 12:12:50+00,DAY,OTHERS,BURGLARY,1 - 99 BLOCK OF PIERCE STREET NE,399351,137425,6,6C,5,501,Cluster 25,010600 2,10600,Precinct 144,38.90468139,-77.00748229,NOMA,403882669,2016-07-06,2016-07-07,18:30:58,09:50:33
-77.05434095,38.92337809,16100784,2016/06/20 15:29:08+00,DAY,OTHERS,BURGLARY,2400 - 2798 BLOCK OF CALVERT STREET NW,395288,139501,3,3C,2,204,Cluster 15,000501 2,501,Precinct 26,38.9233703,-77.05433865,,403882684,2016-06-19,2016-06-20,20:00:03,00:30:01
-77.04549526,38.9223279,16100900,2016/06/22 13:49:13+00,DAY,OTHERS,BURGLARY,1850 - 1947 BLOCK OF BILTMORE STREET NW,396055,139384,1,1C,3,303,Cluster 1,004001 1,4001,Precinct 25,38.9223201,-77.04549296,,403882693,2016-06-20,2016-06-20,16:00:35,17:15:01
-76.96905777,38.93311561,16100934,2016/06/20 20:04:45+00,EVENING,OTHERS,BURGLARY,2600 - 2799 BLOCK OF MONROE STREET NE,402683,140581,5,5C,5,503,Cluster 24,009400 3,9400,Precinct 71,38.93310781,-76.9690555,,403882695,2016-06-15,2016-06-19,16:00:13,14:00:39
-76.92148722,38.88635803,16096192,2016/06/13 18:17:22+00,DAY,OTHERS,BURGLARY,5445 - 5598 BLOCK OF CENTRAL AVENUE SE,406812,135393,7,7E,6,604,Cluster 33,009905 2,9905,Precinct 105,38.88635024,-76.92148496,,403882741,2016-06-13,2016-06-13,02:00:34,10:00:02
-77.02963243,38.9064513,16101541,2016/06/21 17:52:20+00,DAY,OTHERS,BURGLARY,1200 - 1299 BLOCK OF 13TH STREET NW,397430,137621,2,2F,3,307,Cluster 7,005002 2,5002,Precinct 17,38.90644351,-77.02963013,,403882747,2016-06-21,2016-06-21,08:53:46,09:05:01
-77.00103906,38.84789147,16095914,2016/06/13 02:07:46+00,EVENING,OTHERS,BURGLARY,400 - 499 BLOCK OF MELLON STREET SE,399910,131120,8,8C,7,707,Cluster 39,010400 2,10400,Precinct 123,38.84788369,-77.00103678,,403882783,2016-06-12,2016-06-13,09:00:38,01:00:45
-77.05257137,38.90069589,16090397,2016/06/04 21:19:26+00,EVENING,OTHERS,BURGLARY,2400 - 2499 BLOCK OF I STREET NW,395440,136983,2,2A,2,207,Cluster 5,005600 4,5600,Precinct 3,38.90068811,-77.05256907,,403882801,2016-06-04,2016-06-04,12:30:28,15:30:21
-77.03181214,38.93385406,16090475,2016/06/04 21:51:02+00,EVENING,OTHERS,BURGLARY,1300 - 1399 BLOCK OF OAK STREET NW,397242,140663,1,1A,4,408,Cluster 2,002900 2,2900,Precinct 41,38.93384626,-77.03180985,,403882808,2016-05-28,2016-06-04,19:00:06,18:46:11
-76.96562478,38.92480899,16085015,2016/05/27 15:19:53+00,DAY,OTHERS,BURGLARY,2700 - 2741 BLOCK OF BLADENSBURG ROAD NE,402981,139659,5,5C,5,503,Cluster 24,011100 1,11100,Precinct 71,38.92480119,-76.9656225,,403882842,2016-05-27,2016-05-27,01:00:41,12:00:45
-77.03599506,38.92631289,16091515,2016/06/06 15:59:11+00,DAY,OTHERS,BURGLARY,1500 - 1599 BLOCK OF HARVARD STREET NW,396879,139826,1,1A,3,304,Cluster 2,003700 2,3700,Precinct 36,38.92630509,-77.03599276,,403882869,2016-06-06,2016-06-06,00:00:02,14:05:27
-76.9260229,38.88060463,16091535,2016/06/06 16:45:39+00,DAY,OTHERS,BURGLARY,605 - 699 BLOCK OF 53RD STREET SE,406419,134754,7,7E,6,604,Cluster 33,007707 1,7707,Precinct 105,38.88059684,-76.92602064,,403882871,2016-06-03,2016-06-06,22:15:00,13:30:15
-76.93117589,38.90317376,16091910,2016/06/07 03:36:53+00,MIDNIGHT,OTHERS,BURGLARY,4900 - 4919 BLOCK OF SHERIFF ROAD NE,405970,137259,7,7C,6,608,Cluster 31,007809 1,7809,Precinct 94,38.90316597,-76.93117363,,403882887,2016-06-06,2016-06-07,12:00:14,01:30:03
-76.99951793,38.92450776,16091946,2016/06/07 03:53:23+00,MIDNIGHT,OTHERS,BURGLARY,400 - 599 BLOCK OF EVARTS STREET NE,400042,139625,5,5E,5,502,Cluster 21,009204 1,9204,Precinct 74,38.92449996,-76.99951565,,403882888,2016-06-06,2016-06-06,23:00:33,23:30:13
-77.02192194,38.91483076,16092110,2016/06/07 17:28:55+00,DAY,OTHERS,BURGLARY,1800 - 1899 BLOCK OF 7TH STREET NW,398099,138551,1,1B,3,306,Cluster 3,004400 2,4400,Precinct 137,38.91482297,-77.02191965,,403882899,2016-06-07,2016-06-07,11:50:28,11:59:47
-76.95278114,38.88508667,16092132,2016/06/07 15:23:25+00,DAY,OTHERS,BURGLARY,230 - 499 BLOCK OF 37TH STREET SE,404097,135250,7,7F,6,603,Cluster 32,007703 3,7703,Precinct 107,38.88507889,-76.95277887,,403882900,2016-06-07,2016-06-07,13:09:11,15:20:22
-76.9560756,38.88818684,16171737,2016/10/09 19:38:05+00,EVENING,OTHERS,BURGLARY,100 - 199 BLOCK OF 35TH STREET SE,403811,135594,7,7F,6,603,Cluster 32,007708 1,7708,Precinct 132,38.88817905,-76.95607333,,403882937,2016-10-07,2016-10-07,16:00:59,19:38:04
-77.00430333,38.91700374,16171830,2016/10/09 22:28:25+00,EVENING,OTHERS,BURGLARY,141 - 199 BLOCK OF U STREET NE,399627,138792,5,5E,5,502,Cluster 21,008701 2,8701,Precinct 75,38.91699595,-77.00430104,,403882947,2016-10-09,2016-10-09,21:29:27,22:28:23
-77.02192149,38.91335339,16176967,2016/10/18 08:36:42+00,MIDNIGHT,OTHERS,BURGLARY,1700 - 1799 BLOCK OF 7TH STREET NW,398099,138387,6,6E,3,308,Cluster 7,004901 1,4901,Precinct 21,38.9133456,-77.0219192,,403882957,2016-10-18,2016-10-18,06:58:43,07:38:07
-77.00708979,38.87648398,16110654,2016/07/05 15:30:11+00,DAY,OTHERS,BURGLARY,50 - 53 BLOCK OF M STREET SE,399385,134294,6,6D,1,106,Cluster 27,007200 2,7200,Precinct 131,38.8764762,-77.0070875,CAPITOL RIVERFRONT,403882980,2016-07-01,2016-07-05,11:20:16,10:45:53
-76.93017261,38.90346143,16110773,2016/07/05 17:35:13+00,DAY,OTHERS,BURGLARY,4920 - 5019 BLOCK OF SHERIFF ROAD NE,406057,137291,7,7C,6,608,Cluster 31,007806 1,7806,Precinct 93,38.90345364,-76.93017035,,403882987,2016-07-03,2016-07-05,14:00:53,16:19:07
-77.02192058,38.91038965,16111339,2016/07/06 12:55:06+00,DAY,OTHERS,BURGLARY,1500 - 1599 BLOCK OF 7TH STREET NW,398099,138058,6,6E,3,307,Cluster 7,004901 2,4901,Precinct 18,38.91038186,-77.02191828,,403883013,2016-07-06,2016-07-06,07:31:51,11:45:53
-77.06934844,38.90417338,16117572,2016/07/16 11:57:15+00,DAY,OTHERS,BURGLARY,3400 - 3599 BLOCK OF WATER STREET NW,393985,137370,2,2E,2,206,Cluster 4,000202 4,202,Precinct 6,38.90416559,-77.06934614,GEORGETOWN,403883036,2016-07-16,2016-07-16,09:19:24,09:30:41
-77.0005789,38.92505726,16117670,2016/07/16 16:37:36+00,DAY,OTHERS,BURGLARY,2700 - 2799 BLOCK OF 4TH STREET NE,399950,139686,5,5E,5,502,Cluster 21,009204 1,9204,Precinct 74,38.92504947,-77.00057661,,403883042,2016-07-16,2016-07-16,03:30:28,15:12:21
-76.92744028,38.90347778,16182259,2016/10/26 07:47:29+00,MIDNIGHT,OTHERS,BURGLARY,5024 - 5139 BLOCK OF SHERIFF ROAD NE,406294,137293,7,7C,6,602,Cluster 31,007809 1,7809,Precinct 94,38.90346999,-76.92743802,,403883066,2016-10-26,,06:12:14,
-76.93121211,38.90148021,16106438,2016/06/29 01:07:03+00,EVENING,OTHERS,BURGLARY,4900 - 4915 BLOCK OF JAY STREET NE,405967,137071,7,7C,6,608,Cluster 31,007809 1,7809,Precinct 94,38.90147242,-76.93120985,,403883081,2016-06-28,2016-06-28,22:40:01,22:45:12
-76.96621311,38.87573161,16106509,2016/06/29 02:39:17+00,EVENING,OTHERS,BURGLARY,2826 - 2899 BLOCK OF MINNESOTA AVENUE SE,402932,134211,7,7B,6,605,Cluster 34,007709 1,7709,Precinct 111,38.87572383,-76.96621084,,403883086,2016-06-29,2016-06-29,01:38:26,02:39:16
-76.97842667,38.84477256,16106671,2016/06/29 13:20:53+00,DAY,OTHERS,BURGLARY,1700 - 1799 BLOCK OF TRENTON PLACE SE,401873,130774,8,8B,7,704,Cluster 38,007409 3,7409,Precinct 116,38.84476478,-76.9784244,,403883094,2016-06-28,2016-06-29,21:13:30,11:55:42
-76.98551353,38.88923917,16096416,2016/06/13 23:39:10+00,EVENING,OTHERS,BURGLARY,1 - 99 BLOCK OF 14TH STREET SE,401257,135710,6,6B,1,107,Cluster 26,006700 1,6700,Precinct 88,38.88923139,-76.98551125,,403883201,2016-06-13,2016-06-13,17:40:17,21:00:01
-76.99568722,38.95818067,16090751,2016/06/05 05:18:44+00,MIDNIGHT,OTHERS,BURGLARY,667  - 798 BLOCK OF NICHOLSON STREET NE,400374,143363,4,4B,4,406,Cluster 19,009507 1,9507,Precinct 65,38.95817287,-76.99568494,,403883207,2016-06-05,2016-06-05,01:57:35,02:00:23
-77.00057889,38.92397627,16091008,2016/06/05 17:45:38+00,DAY,OTHERS,BURGLARY,2600 - 2699 BLOCK OF 4TH STREET NE,399950,139566,5,5E,5,502,Cluster 21,009204 1,9204,Precinct 74,38.92396847,-77.0005766,,403883220,2016-06-05,2016-06-05,14:30:20,16:49:15
-76.98897558,38.86261973,16096874,2016/06/14 17:40:29+00,DAY,OTHERS,BURGLARY,2200 - 2399 BLOCK OF PAYNE TERRACE SE,400957,132755,8,8A,7,701,Cluster 28,007503 2,7503,Precinct 114,38.86261195,-76.9889733,,403883240,2016-06-14,2016-06-14,02:00:52,15:40:14
-76.99183662,38.83163093,16096951,2016/06/14 19:49:10+00,EVENING,OTHERS,BURGLARY,812 - 899 BLOCK OF BARNABY STREET SE,400709,129315,8,8E,7,706,Cluster 39,009700 2,9700,Precinct 125,38.83162316,-76.99183434,,403883247,2016-06-14,2016-06-14,16:52:11,16:58:48
-76.99557369,38.92841728,16091782,2016/06/06 23:29:24+00,EVENING,OTHERS,BURGLARY,700 - 799 BLOCK OF IRVING STREET NE,400384,140059,5,5E,5,502,Cluster 21,009201 1,9201,Precinct 74,38.92840949,-76.99557141,,403883253,2016-06-06,2016-06-06,21:34:53,21:50:53
-77.03499418,38.90778305,16097293,2016/06/15 04:50:59+00,MIDNIGHT,OTHERS,BURGLARY,1500 - 1549 BLOCK OF RHODE ISLAND AVENUE NW,396965,137769,2,2B,2,208,Cluster 6,005201 2,5201,Precinct 17,38.90777526,-77.03499188,,403883255,2016-06-14,2016-06-15,20:00:01,03:00:18
-76.92990262,38.89664194,16097325,2016/06/15 05:54:21+00,MIDNIGHT,OTHERS,BURGLARY,512 - 601 BLOCK OF 50TH STREET NE,406081,136534,7,7C,6,602,Cluster 31,007804 2,7804,Precinct 97,38.89663415,-76.92990036,,403883259,2016-06-15,2016-06-15,04:13:30,05:54:11
-76.9701021,38.86304883,16103194,2016/06/24 00:57:10+00,EVENING,OTHERS,BURGLARY,2585 - 2649 BLOCK OF NAYLOR ROAD SE,402595,132803,8,8B,6,606,Cluster 35,007605 2,7605,Precinct 134,38.86304105,-76.97009983,,403883294,2016-06-23,2016-06-23,20:00:34,23:00:24
-77.0455933,38.91334655,16103610,2016/06/25 11:58:46+00,DAY,OTHERS,BURGLARY,1700 - 1799 BLOCK OF CONNECTICUT AVENUE NW,396046,138387,2,2B,2,208,Cluster 6,005500 1,5500,Precinct 14,38.91333876,-77.045591,DUPONT CIRCLE,403883309,2016-06-21,2016-06-23,20:49:43,21:20:52
-77.03811834,38.92877148,16177106,2016/10/18 15:50:23+00,DAY,OTHERS,BURGLARY,1611 - 1699 BLOCK OF IRVING STREET NW,396695,140099,1,1D,3,302,Cluster 2,002702 2,2702,Precinct 39,38.92876369,-77.03811605,,403883328,2016-10-18,,14:14:17,
-76.98267787,38.842359,16177180,2016/10/18 17:57:24+00,DAY,OTHERS,BURGLARY,1000 - 1005 BLOCK OF ANDERSON PLACE SE,401504,130506,8,8E,7,704,Cluster 38,007304 1,7304,Precinct 120,38.84235122,-76.9826756,,403883334,2016-10-18,2016-10-18,15:30:22,16:30:11
-76.98332269,38.84340408,16177309,2016/10/18 20:38:40+00,EVENING,OTHERS,BURGLARY,3400 - 3489 BLOCK OF 15TH STREET SE,401448,130622,8,8E,7,705,Cluster 38,007304 1,7304,Precinct 120,38.8433963,-76.98332041,,403883339,2016-10-18,2016-10-18,10:40:56,19:13:37
-76.98489871,38.90774227,16103917,2016/06/25 01:42:27+00,EVENING,OTHERS,BURGLARY,1200 - 1299 BLOCK OF MEIGS PLACE NE,401310,137764,5,5D,5,506,Cluster 23,008804 1,8804,Precinct 78,38.90773448,-76.98489643,,403883351,2016-06-25,2016-06-25,00:16:07,01:46:26
-76.95087766,38.88758121,16104601,2016/06/26 19:11:23+00,EVENING,OTHERS,BURGLARY,101 - 198 BLOCK OF RIDGE ROAD SE,404262,135527,7,7F,6,603,Cluster 32,007703 3,7703,Precinct 107,38.88757342,-76.9508754,,403883387,2016-06-26,2016-06-26,03:00:44,04:30:00
-77.00470433,38.87797049,16117241,2016/07/16 01:14:47+00,EVENING,OTHERS,BURGLARY,1000 - 1099 BLOCK OF NEW JERSEY AVENUE SE,399592,134459,6,6D,1,106,Cluster 27,007200 1,7200,Precinct 131,38.8779627,-77.00470205,CAPITOL RIVERFRONT,403883391,2016-07-15,,21:34:06,
-76.99154081,38.89812202,16187767,2016/11/03 23:56:38+00,EVENING,OTHERS,BURGLARY,600 - 699 BLOCK OF 11TH STREET NE,400734,136696,6,6A,1,104,Cluster 25,008402 2,8402,Precinct 82,38.89811423,-76.99153853,,403883445,2016-11-03,2016-11-03,13:00:57,19:30:16
-76.99989863,38.8257667,16113024,2016/07/09 02:30:07+00,EVENING,OTHERS,BURGLARY,4230 - 4299 BLOCK OF 4TH STREET SE,400009,128664,8,8D,7,706,Cluster 39,009811 1,9811,Precinct 125,38.82575893,-76.99989635,,403883467,2016-07-08,2016-07-09,22:30:47,01:05:45
-76.953987,38.89182542,16113088,2016/07/09 05:29:50+00,MIDNIGHT,OTHERS,BURGLARY,100 - 222 BLOCK OF 35TH STREET NE,403992,135998,7,7F,6,603,Cluster 32,009603 3,9603,Precinct 102,38.89181763,-76.95398473,,403883472,2016-07-09,2016-07-09,03:30:19,04:53:26
-77.04168147,38.90814119,16107363,2016/06/30 15:11:49+00,DAY,OTHERS,BURGLARY,1300 - 1399 BLOCK OF 18TH STREET NW,396385,137809,2,2B,2,208,Cluster 6,010700 2,10700,Precinct 14,38.9081334,-77.04167917,GOLDEN TRIANGLE,403883511,2016-06-29,2016-06-30,22:00:39,11:30:39
-77.02397246,38.90911006,16107400,2016/06/30 17:23:47+00,DAY,OTHERS,BURGLARY,1400 - 1499 BLOCK OF 9TH STREET NW,397921,137916,2,2F,3,307,Cluster 7,004901 2,4901,Precinct 129,38.90910227,-77.02397017,,403883514,2016-06-30,2016-06-30,08:17:52,14:00:37
-77.04019336,38.92718532,16107440,2016/06/30 17:40:48+00,DAY,OTHERS,BURGLARY,1650 - 1798 BLOCK OF HARVARD STREET NW,396515,139923,1,1C,3,303,Cluster 1,003900 1,3900,Precinct 35,38.92717753,-77.04019107,,403883538,2016-06-30,2016-06-30,15:16:13,15:22:41
-77.00843093,38.91297679,16102287,2016/06/22 20:32:32+00,EVENING,OTHERS,BURGLARY,1700 - 1719 BLOCK OF LINCOLN ROAD NE,399269,138345,5,5E,5,502,Cluster 21,008701 1,8701,Precinct 75,38.912969,-77.00842864,,403883571,2016-06-17,2016-06-22,16:00:10,20:00:23
-76.98431831,38.87315904,16096854,2016/06/14 17:04:05+00,DAY,OTHERS,BURGLARY,1800 - 1899 BLOCK OF ANACOSTIA DRIVE SE,401361,133925,8,8A,6,607,Cluster 34,007601 5,7601,Precinct 140,38.87315126,-76.98431603,,403883612,2016-06-13,2016-06-14,21:00:24,14:30:41
-76.9884354,38.85417879,16102099,2016/06/22 17:03:35+00,DAY,OTHERS,BURGLARY,2400 - 2599 BLOCK OF ELVANS ROAD SE,401004,131818,8,8B,7,703,Cluster 37,007406 2,7406,Precinct 118,38.85417101,-76.98843313,,403883615,2016-06-22,2016-06-22,05:00:10,14:50:53
-77.00589891,38.82971226,16097245,2016/06/15 02:49:50+00,EVENING,OTHERS,BURGLARY,4100 - 4199 BLOCK OF 1ST STREET SE,399488,129102,8,8D,7,708,Cluster 39,009810 2,9810,Precinct 124,38.82970449,-77.00589662,,403883624,2016-06-15,,02:30:25,
-77.00746999,38.8755651,16103138,2016/06/24 16:50:12+00,DAY,OTHERS,BURGLARY,1200 - 1299 BLOCK OF HALF STREET SE,399352,134192,6,6D,1,106,Cluster 27,007200 2,7200,Precinct 131,38.87555732,-77.00746771,CAPITOL RIVERFRONT,403883664,2016-06-19,2016-06-24,08:45:29,00:35:08
-77.0318753,38.92033256,16110088,2016/07/04 13:23:26+00,DAY,OTHERS,BURGLARY,2300 - 2398 BLOCK OF 14TH STREET NW,397236,139162,1,1B,3,304,Cluster 2,003700 3,3700,Precinct 23,38.92032477,-77.03187301,,403883748,2016-07-03,2016-07-04,17:15:38,12:00:20
-77.00562397,38.84831473,16110118,2016/07/04 14:48:04+00,DAY,OTHERS,BURGLARY,2800 - 2899 BLOCK OF 2ND STREET SE,399512,131167,8,8C,7,707,,010400 2,10400,Precinct 123,38.84830696,-77.00562168,,403883751,2016-07-02,2016-07-04,17:30:27,13:55:59
-77.02183371,38.92793789,16193483,2016/11/13 19:17:23+00,DAY,OTHERS,BURGLARY,500 - 699 BLOCK OF HOBART PLACE NW,398107,140006,1,1B,3,306,Cluster 2,003200 4,3200,Precinct 37,38.92793009,-77.02183142,,403883832,2016-11-13,2016-11-13,18:32:28,19:17:16
-76.99558498,38.93237193,16193703,2016/11/14 02:52:18+00,EVENING,OTHERS,BURGLARY,700 - 799 BLOCK OF MONROE STREET NE,400383,140498,5,5E,5,502,Cluster 21,009201 1,9201,Precinct 74,38.93236414,-76.9955827,,403883850,2016-11-14,2016-11-14,01:39:24,02:52:09
-77.07672576,38.96739805,16118708,2016/07/18 13:23:27+00,DAY,OTHERS,BURGLARY,0 - 0 BLOCK OF CHEVY CHASE CIRCLE NW,393351,144389,3,3G,2,201,Cluster 10,001401 2,1401,Precinct 50,38.96739025,-77.07672344,,403883878,2016-07-15,2016-07-18,17:15:06,11:00:20
-77.07270026,38.93507892,16118710,2016/07/18 14:15:26+00,DAY,OTHERS,BURGLARY,3400 - 3421 BLOCK OF WISCONSIN AVENUE NW,393697,140801,3,3C,2,203,Cluster 14,001002 2,1002,Precinct 29,38.93507113,-77.07269795,,403883879,2016-07-16,2016-07-18,20:00:06,11:00:17
-76.99951793,38.92450776,16118810,2016/07/18 16:00:30+00,DAY,OTHERS,BURGLARY,400 - 599 BLOCK OF EVARTS STREET NE,400042,139625,5,5E,5,502,Cluster 21,009204 1,9204,Precinct 74,38.92449996,-76.99951565,,403883888,2016-07-17,2016-07-18,00:00:31,14:00:22
-76.97686464,38.90170536,16026881,2016/02/22 14:09:55+00,DAY,OTHERS,BURGLARY,1800 - 1899 BLOCK OF I STREET NE,402007,137094,5,5D,5,507,Cluster 23,008904 2,8904,Precinct 79,38.90169757,-76.97686237,,403883894,2016-02-19,2016-02-22,15:00:18,12:30:34
-76.98283485,38.90812034,16107827,2016/07/01 02:04:30+00,EVENING,OTHERS,BURGLARY,1700 - 1725 BLOCK OF TRINIDAD AVENUE NE,401489,137806,5,5D,5,506,Cluster 23,008804 2,8804,Precinct 78,38.90811255,-76.98283257,,403883929,2016-06-24,2016-06-30,17:00:00,23:00:13
-76.94175668,38.87807317,16107983,2016/07/01 10:16:36+00,MIDNIGHT,OTHERS,BURGLARY,4200 - 4299 BLOCK OF HILDRETH STREET SE,405054,134472,7,7E,6,605,Cluster 33,007707 2,7707,Precinct 106,38.87806538,-76.94175442,,403883954,2016-07-01,2016-07-01,04:37:02,10:16:11
-76.96302522,38.93409576,16108028,2016/07/01 13:25:43+00,DAY,OTHERS,BURGLARY,3112 - 3199 BLOCK OF NEWTON STREET NE,403206,140690,5,5C,5,503,Cluster 24,011100 2,11100,Precinct 71,38.93408797,-76.96302294,,403883958,2016-07-01,2016-07-01,12:21:17,12:26:58
-77.02192149,38.91335339,16114339,2016/07/11 13:58:08+00,DAY,OTHERS,BURGLARY,1700 - 1799 BLOCK OF 7TH STREET NW,398099,138387,6,6E,3,308,Cluster 7,004901 1,4901,Precinct 21,38.9133456,-77.0219192,,403883971,2016-07-11,2016-07-11,04:10:37,08:21:18
-76.98077371,38.89830091,16114583,2016/07/11 20:40:06+00,EVENING,OTHERS,BURGLARY,1600 - 1699 BLOCK OF GALES STREET NE,401668,136716,6,6A,5,507,Cluster 25,007901 4,7901,Precinct 81,38.89829312,-76.98077143,,403883988,2016-07-11,2016-07-11,19:41:02,19:44:57
-76.98222876,38.88813069,16115008,2016/07/12 14:42:37+00,DAY,OTHERS,BURGLARY,100 - 199 BLOCK OF 16TH STREET SE,401542,135587,6,6B,1,107,Cluster 26,006801 2,6801,Precinct 87,38.8881229,-76.98222649,,403884004,2016-07-12,2016-07-12,03:30:45,12:30:17
-77.01442536,38.90646317,16109321,2016/07/03 05:06:11+00,MIDNIGHT,OTHERS,BURGLARY,200 - 299 BLOCK OF MORGAN STREET NW,398749,137622,6,6E,3,308,Cluster 21,004600 2,4600,Precinct 1,38.90645538,-77.01442307,,403884071,2016-07-03,2016-07-03,03:30:02,04:20:34
-76.99951793,38.92450776,16115420,2016/07/13 02:06:07+00,EVENING,OTHERS,BURGLARY,400 - 599 BLOCK OF EVARTS STREET NE,400042,139625,5,5E,5,502,Cluster 21,009204 1,9204,Precinct 74,38.92449996,-76.99951565,,403884081,2016-07-13,2016-07-13,00:45:13,01:30:50
-76.93844091,38.88757532,16115754,2016/07/13 18:20:46+00,DAY,OTHERS,BURGLARY,4400 - 4499 BLOCK OF B STREET SE,405341,135527,7,7F,6,604,Cluster 33,009906 1,9906,Precinct 103,38.88756753,-76.93843865,,403884094,2016-07-13,2016-07-13,14:00:25,16:00:36
-76.99845881,38.8397208,16188194,2016/11/04 19:27:53+00,EVENING,OTHERS,BURGLARY,3301 - 3699 BLOCK OF 6TH STREET SE,400134,130213,8,8C,7,705,Cluster 39,009804 2,9804,Precinct 122,38.83971302,-76.99845653,,403884115,2016-11-04,2016-11-04,15:04:25,19:10:14
-76.95468693,38.86057556,16188282,2016/11/05 01:06:48+00,EVENING,OTHERS,BURGLARY,3600 - 3709 BLOCK OF BANGOR STREET SE,403933,132529,7,7B,6,606,Cluster 35,007603 3,7603,Precinct 110,38.86056778,-76.95468466,,403884121,2016-11-04,2016-11-04,13:15:25,20:00:37
-77.03721228,38.91630425,16116281,2016/07/14 15:16:32+00,DAY,OTHERS,BURGLARY,1900 - 1999 BLOCK OF NEW HAMPSHIRE AVENUE NW,396773,138715,2,2B,3,301,Cluster 6,004201 1,4201,Precinct 141,38.91629646,-77.03720998,,403884148,2016-07-14,2016-07-14,05:00:26,12:00:07
-77.01441399,38.90723789,16121400,2016/07/22 15:32:02+00,DAY,OTHERS,BURGLARY,200 - 299 BLOCK OF N STREET NW,398750,137708,6,6E,3,308,Cluster 21,004600 2,4600,Precinct 1,38.9072301,-77.0144117,,403884156,2016-07-22,2016-07-22,13:45:25,13:50:41
-77.02443978,38.9269915,16024557,2016/02/18 07:54:16+00,MIDNIGHT,OTHERS,BURGLARY,700 - 999 BLOCK OF HARVARD STREET NW,397881,139901,1,1B,3,304,Cluster 2,003500 1,3500,Precinct 37,38.9269837,-77.02443748,,403884201,2016-02-18,2016-02-18,05:25:42,05:30:08
-77.06444046,38.90784258,16024922,2016/02/19 00:41:37+00,EVENING,OTHERS,BURGLARY,3200 - 3247 BLOCK OF O STREET NW,394411,137777,2,2E,2,206,Cluster 4,000202 3,202,Precinct 6,38.9078348,-77.06443815,,403884214,2016-02-17,2016-02-17,08:31:44,08:34:33
-77.01893522,38.91372325,16025034,2016/02/19 03:44:29+00,EVENING,OTHERS,BURGLARY,1712 - 1799 BLOCK OF 5TH STREET NW,398358,138428,6,6E,3,308,Cluster 7,004801 1,4801,Precinct 21,38.91371546,-77.01893293,,403884225,2016-02-18,2016-02-19,14:00:07,01:30:30
-77.0425493,38.91336571,16026507,2016/02/21 19:18:41+00,DAY,OTHERS,BURGLARY,1800 - 1899 BLOCK OF RIGGS PLACE NW,396310,138389,2,2B,2,208,Cluster 6,004202 1,4202,Precinct 14,38.91335793,-77.042547,,403884247,2016-02-20,2016-02-21,23:00:25,18:00:36
-76.95463584,38.8865828,16026776,2016/02/22 04:49:45+00,MIDNIGHT,OTHERS,BURGLARY,220 - 299 BLOCK OF 36TH STREET SE,403936,135416,7,7F,6,603,Cluster 32,007703 4,7703,Precinct 107,38.88657501,-76.95463357,,403884261,2016-02-22,2016-02-22,01:00:09,04:49:28
-77.02459355,38.93815276,16033307,2016/03/04 18:20:28+00,DAY,OTHERS,BURGLARY,3800  - 3899 BLOCK OF GEORGIA AVENUE NW,397868,141140,4,4C,4,404,Cluster 18,002502 2,2502,Precinct 47,38.93814496,-77.02459126,,403884291,2016-03-03,2016-03-04,19:00:33,15:00:54
-77.0020868,38.82870345,16027420,2016/02/23 12:03:22+00,DAY,OTHERS,BURGLARY,4000 - 4399 BLOCK OF 3RD STREET SE,399819,128990,8,8D,7,708,Cluster 39,009810 1,9810,Precinct 125,38.82869567,-77.00208452,,403884315,2016-02-23,2016-02-23,00:53:22,00:56:18
-77.04346476,38.90193378,16114328,2016/07/11 12:10:09+00,DAY,OTHERS,BURGLARY,900 - 999 BLOCK OF 19TH STREET NW,396230,137120,2,2B,2,207,Cluster 6,010700 1,10700,Precinct 17,38.901926,-77.04346246,GOLDEN TRIANGLE,403884319,2016-07-08,2016-07-11,17:30:29,09:30:01
-77.07479469,38.96355277,16114329,2016/07/11 13:26:28+00,DAY,OTHERS,BURGLARY,5500 - 5530 BLOCK OF CONNECTICUT AVENUE NW,393518,143962,3,3G,2,201,Cluster 10,001100 1,1100,Precinct 32,38.96354497,-77.07479238,,403884320,2016-07-09,2016-07-11,20:30:30,11:30:16
-77.06535287,38.94731652,16114397,2016/07/11 15:44:45+00,DAY,OTHERS,BURGLARY,4400 - 4499 BLOCK OF CONNECTICUT AVENUE NW,394335,142159,3,3F,2,203,Cluster 12,001200 3,1200,Precinct 33,38.94730873,-77.06535056,,403884345,2016-07-11,2016-07-11,02:30:00,14:00:21
-77.05590174,38.92844904,16114480,2016/07/12 17:50:20+00,DAY,OTHERS,BURGLARY,2700 - 2799 BLOCK OF CATHEDRAL AVENUE NW,395153,140064,3,3C,2,204,Cluster 15,000502 1,502,Precinct 26,38.92844125,-77.05589944,,403884350,2016-07-11,2016-07-11,12:30:00,17:10:44
-76.99497717,38.88323137,16119573,2016/07/19 20:00:25+00,EVENING,OTHERS,BURGLARY,400 - 499 BLOCK OF 8TH STREET SE,400436,135043,6,6B,1,106,Cluster 26,007000 2,7000,Precinct 90,38.88322359,-76.99497489,CAPITOL HILL,403884362,2016-07-19,2016-07-19,01:14:45,01:20:55
-76.97587428,38.86440143,16120350,2016/07/20 23:27:16+00,EVENING,OTHERS,BURGLARY,2200 - 2299 BLOCK OF GOOD HOPE ROAD SE,402094,132953,8,8B,6,607,Cluster 28,007504 1,7504,Precinct 114,38.86439365,-76.97587201,,403884397,2016-07-19,2016-07-20,18:00:21,21:00:05
-76.94948398,38.90247145,16120471,2016/07/21 02:52:54+00,EVENING,OTHERS,BURGLARY,3601 3764  BLOCK OF HAYES STREET NE,404382,137180,7,7D,6,601,Cluster 30,009602 1,9602,Precinct 100,38.90246366,-76.94948171,,403884405,2016-07-21,2016-07-21,01:10:36,01:30:41
-76.99666168,38.8450898,16120795,2016/07/21 17:28:37+00,DAY,OTHERS,BURGLARY,600 - 699 BLOCK OF MALCOLM X AVENUE SE,400290,130809,8,8C,7,705,Cluster 39,010400 1,10400,Precinct 123,38.84508202,-76.9966594,,403884416,2016-07-20,2016-07-21,15:20:37,17:28:27
-76.99931111,38.84583755,16029212,2016/02/26 18:10:07+00,DAY,OTHERS,BURGLARY,500 - 599 BLOCK OF NEWCOMB STREET SE,400060,130892,8,8C,7,707,Cluster 39,010400 2,10400,Precinct 123,38.84582977,-76.99930883,,403884437,2016-02-26,2016-02-26,13:00:14,15:15:42
-76.94262103,38.89241494,16029219,2016/02/26 18:07:40+00,DAY,OTHERS,BURGLARY,100 - 199 BLOCK OF 42ND STREET NE,404978,136064,7,7F,6,603,Cluster 32,009603 1,9603,Precinct 102,38.89240716,-76.94261876,,403884438,2015-08-20,2016-02-26,15:44:38,18:02:20
-76.98291604,38.90607546,16029516,2016/02/27 02:29:44+00,EVENING,OTHERS,BURGLARY,1300 - 1399 BLOCK OF CHILDRESS STREET NE,401482,137579,5,5D,5,506,Cluster 23,008804 1,8804,Precinct 78,38.90606767,-76.98291376,,403884451,2016-02-27,2016-02-27,00:35:10,02:00:32
-76.91960331,38.89095102,16029620,2016/02/27 05:16:42+00,MIDNIGHT,OTHERS,BURGLARY,5715 - 5739 BLOCK OF BLAINE STREET NE,406975,135903,7,7C,6,608,Cluster 31,007808 3,7808,Precinct 96,38.89094323,-76.91960105,,403884455,2016-02-26,2016-02-27,14:00:12,02:15:35
-76.98326808,38.92896568,16194092,2016/11/14 21:48:04+00,EVENING,OTHERS,BURGLARY,1500 - 1599 BLOCK OF IRVING STREET NE,401451,140120,5,5B,5,504,Cluster 22,009301 3,9301,Precinct 70,38.92895788,-76.9832658,,403884514,2016-11-14,2016-11-14,10:00:29,21:47:51
-77.00475989,38.84692747,16199297,2016/11/23 17:56:24+00,DAY,OTHERS,BURGLARY,200 - 398 BLOCK OF ORANGE STREET SE,399587,131013,8,8C,7,707,Cluster 39,010400 2,10400,Precinct 123,38.84691969,-77.0047576,,403884515,2016-11-22,2016-11-22,14:00:01,23:45:11
-77.0307899,38.91699976,16121547,2016/07/22 20:17:58+00,EVENING,OTHERS,BURGLARY,1300 - 1399 BLOCK OF U STREET NW,397330,138792,1,1B,3,305,Cluster 3,004400 2,4400,Precinct 22,38.91699197,-77.03078761,,403884535,2016-07-22,,18:01:21,
-76.98520684,38.92299342,16030819,2016/02/29 11:14:23+00,MIDNIGHT,OTHERS,BURGLARY,1400 - 1479 BLOCK OF SARATOGA AVENUE NE,401283,139457,5,5C,5,505,Cluster 22,009102 3,9102,Precinct 72,38.92298563,-76.98520456,,403884577,2016-02-29,2016-02-29,10:14:54,10:17:16
-76.99089104,38.93106546,16030823,2016/02/29 12:04:35+00,DAY,OTHERS,BURGLARY,3300 - 3399 BLOCK OF 12TH STREET NE,400790,140353,5,5B,5,504,Cluster 22,009301 2,9301,Precinct 73,38.93105766,-76.99088876,,403884578,2016-02-29,2016-02-29,10:40:24,10:41:31
-77.02191847,38.90355231,16031473,2016/03/01 16:30:01+00,DAY,OTHERS,BURGLARY,1004 - 1099 BLOCK OF 7TH STREET NW,398099,137299,2,2F,3,308,Cluster 8,004902 2,4902,Precinct 129,38.90354452,-77.02191618,DOWNTOWN,403884612,2016-03-01,2016-03-01,08:50:03,08:54:54
-77.02491632,38.93761219,16038583,2016/03/13 15:05:47+00,DAY,OTHERS,BURGLARY,828  - 899 BLOCK OF QUINCY STREET NW,397840,141080,4,4C,4,404,Cluster 18,002502 2,2502,Precinct 49,38.9376044,-77.02491403,,403884635,2016-03-13,2016-03-13,07:30:41,12:00:43
-76.97852356,38.90563332,16198987,2016/11/23 01:50:09+00,EVENING,OTHERS,BURGLARY,1700 - 1799 BLOCK OF M STREET NE,401863,137530,5,5D,5,507,Cluster 23,008903 1,8903,Precinct 78,38.90562553,-76.97852128,,403884646,2016-11-22,2016-11-23,23:48:39,00:05:57
-77.01407412,38.87929397,16199023,2016/11/23 02:03:37+00,EVENING,OTHERS,BURGLARY,200 - 299 BLOCK OF I STREET SW,398779,134606,6,6D,1,103,Cluster 9,010500 1,10500,Precinct 128,38.87928618,-77.01407184,SOUTHWEST,403884650,2016-11-21,2016-11-22,13:00:27,03:30:33
-76.93097971,38.87954467,16033864,2016/03/05 16:35:54+00,DAY,OTHERS,BURGLARY,5000 - 5099 BLOCK OF HANNA PLACE SE,405989,134636,7,7E,6,604,Cluster 33,007707 1,7707,Precinct 106,38.87953689,-76.93097745,,403884704,2016-03-05,2016-03-05,12:13:12,14:16:48
-77.01990326,38.91186737,16119486,2016/07/19 17:52:21+00,DAY,OTHERS,BURGLARY,1600 - 1699 BLOCK OF 6TH STREET NW,398274,138222,6,6E,3,308,Cluster 7,004801 1,4801,Precinct 18,38.91185958,-77.01990097,,403884707,2016-07-19,2016-07-19,12:30:54,16:00:35
-76.98861163,38.90502217,16028011,2016/02/24 17:09:58+00,DAY,OTHERS,BURGLARY,1300 - 1399 BLOCK OF MONTELLO AVENUE NE,400988,137462,5,5D,5,506,Cluster 23,008802 3,8802,Precinct 77,38.90501438,-76.98860934,,403884754,2016-02-24,2016-02-24,11:45:41,14:09:52
-77.04755884,38.92141723,16120257,2016/07/20 21:17:07+00,EVENING,OTHERS,BURGLARY,2000 - 2048 BLOCK OF ALLEN PLACE NW,395876,139283,1,1C,3,303,Cluster 1,004001 3,4001,Precinct 25,38.92140944,-77.04755654,,403884765,2016-07-20,2016-07-20,14:00:09,18:30:57
-76.99437078,38.82662237,16028519,2016/02/25 12:05:38+00,DAY,OTHERS,BURGLARY,734 - 855 BLOCK OF SOUTHERN AVENUE SE,400489,128759,8,8D,7,706,Cluster 39,009811 2,9811,Precinct 125,38.8266146,-76.99436851,,403884776,2016-02-25,2016-02-25,10:01:29,11:40:49
-77.03090235,38.91038761,16028781,2016/02/25 23:03:54+00,EVENING,OTHERS,BURGLARY,1500 - 1599 BLOCK OF KINGMAN PLACE NW,397320,138058,2,2F,3,307,Cluster 7,005001 2,5001,Precinct 16,38.91037983,-77.03090005,,403884787,2016-02-25,2016-02-25,16:00:12,19:49:41
-77.01284815,38.91917412,16028853,2016/02/25 23:57:53+00,EVENING,OTHERS,BURGLARY,100 - 139 BLOCK OF W STREET NW,398886,139033,5,5E,3,306,Cluster 21,003301 3,3301,Precinct 135,38.91916633,-77.01284586,,403884788,2016-02-25,2016-02-25,12:30:07,22:35:08
-77.02883083,38.91992797,16035299,2016/03/08 02:57:26+00,EVENING,OTHERS,BURGLARY,2200 - 2299 BLOCK OF 12TH PLACE NW,397500,139117,1,1B,3,305,Cluster 3,004400 1,4400,Precinct 22,38.91992018,-77.02882853,,403884802,2016-03-07,2016-03-08,12:30:38,00:30:12
-77.04236972,38.92162642,16029261,2016/02/26 19:11:06+00,DAY,OTHERS,BURGLARY,2400 - 2499 BLOCK OF 18TH STREET NW,396326,139306,1,1C,3,303,Cluster 1,003800 1,3800,Precinct 24,38.92161863,-77.04236742,ADAMS MORGAN,403884807,2016-02-26,2016-02-26,07:49:15,18:37:04
-77.02395897,38.97190687,16029300,2016/02/26 23:13:21+00,EVENING,OTHERS,BURGLARY,6700  - 6799 BLOCK OF PINEY BRANCH ROAD NW,397924,144887,4,4B,4,401,Cluster 17,001702 1,1702,Precinct 63,38.97189907,-77.02395668,,403884813,2016-02-26,2016-02-26,18:08:05,18:15:14
-77.00040546,38.84554027,16199552,2016/11/24 02:00:46+00,EVENING,OTHERS,BURGLARY,500 - 599 BLOCK OF OAKWOOD STREET SE,399965,130859,8,8C,7,707,Cluster 39,010400 2,10400,Precinct 123,38.84553249,-77.00040318,,403884901,2016-11-24,2016-11-24,00:42:45,02:00:35
-76.97801881,38.89742661,16030191,2016/02/28 05:59:29+00,MIDNIGHT,OTHERS,BURGLARY,600 - 699 BLOCK OF 18TH STREET NE,401907,136619,6,6A,5,507,Cluster 25,007901 1,7901,Precinct 81,38.89741882,-76.97801653,,403884929,2016-02-28,2016-02-28,03:53:53,04:00:22
-76.96937156,38.84702264,16044304,2016/03/23 16:47:25+00,DAY,OTHERS,BURGLARY,3400 - 3465 BLOCK OF 25TH STREET SE,402659,131024,8,8B,7,704,Cluster 38,007409 1,7409,Precinct 116,38.84701487,-76.96936929,,403885006,2016-03-23,2016-03-23,09:15:55,12:20:57
-77.0896336,38.94554381,16038771,2016/03/13 23:14:47+00,EVENING,OTHERS,BURGLARY,4500 - 4599 BLOCK OF WINDOM PLACE NW,392230,141964,3,3E,2,202,Cluster 11,001001 6,1001,Precinct 30,38.94553602,-77.08963129,,403885013,2016-03-13,,21:01:23,
-76.98689383,38.90488687,16032980,2016/03/03 23:39:19+00,EVENING,OTHERS,BURGLARY,1200 - 1299 BLOCK OF OATES STREET NE,401137,137447,5,5D,5,506,Cluster 23,008802 3,8802,Precinct 77,38.90487908,-76.98689155,,403885069,2016-03-03,2016-03-03,13:00:53,22:35:13
-77.02785637,38.93456672,16033156,2016/03/04 07:14:48+00,MIDNIGHT,OTHERS,BURGLARY,1000 - 1099 BLOCK OF OTIS PLACE NW,397585,140742,1,1A,4,408,Cluster 2,002900 1,2900,Precinct 42,38.93455893,-77.02785408,,403885074,2016-03-04,2016-03-04,05:05:46,05:22:33
-77.06692253,38.90465503,16027957,2016/02/24 10:20:16+00,MIDNIGHT,OTHERS,BURGLARY,3300 - 3399 BLOCK OF CADY'S ALLEY NW,394195.46,137423.31,2,2E,2,206,Cluster 4,000202 4,202,Precinct 6,38.90464724,-77.06692022,GEORGETOWN,403885095,2016-02-24,2016-02-24,08:23:14,08:31:36
-77.07582804,38.94790474,16035478,2016/03/08 14:23:39+00,DAY,OTHERS,BURGLARY,3800 - 3899 BLOCK OF ALBEMARLE STREET NW,393427,142225,3,3E,2,202,Cluster 11,001200 3,1200,Precinct 33,38.94789695,-77.07582573,,403885178,2016-03-03,2016-03-07,15:30:02,21:30:08
-77.02397206,38.90791195,16035539,2016/03/08 17:16:11+00,DAY,OTHERS,BURGLARY,1300 - 1399 BLOCK OF 9TH STREET NW,397921,137783,2,2F,3,307,Cluster 7,004902 1,4902,Precinct 129,38.90790416,-77.02396977,,403885180,2016-03-08,2016-03-08,06:00:46,17:15:19
-77.02191148,38.88077914,16042523,2016/03/20 05:51:16+00,MIDNIGHT,OTHERS,BURGLARY,700 - 799 BLOCK OF 7TH STREET SW,398099,134771,6,6D,1,103,Cluster 9,010200 2,10200,Precinct 142,38.88077136,-77.02190919,SOUTHWEST,403885208,2016-03-19,2016-03-19,18:00:07,23:45:57
-77.02678728,38.97471682,16123848,2016/07/26 13:19:26+00,DAY,OTHERS,BURGLARY,6900  - 7099 BLOCK OF GEORGIA AVENUE NW,397679,145199,4,4A,4,401,,010300 1,10300,Precinct 62,38.97470902,-77.02678499,,403885260,2016-07-26,2016-07-26,05:00:14,11:00:18
-77.04362656,38.94029118,16049206,2016/03/31 15:27:40+00,DAY,OTHERS,BURGLARY,4000  - 4099 BLOCK OF ARGYLE TERRACE NW,396218,141378,4,4A,4,404,Cluster 18,002600 1,2600,Precinct 47,38.94028338,-77.04362426,,403885286,2016-03-31,,14:03:11,
-76.99988706,38.85935921,16043755,2016/03/22 16:25:49+00,DAY,OTHERS,BURGLARY,1100 - 1399 BLOCK OF STEVENS ROAD SE,400010,132393,8,8C,7,703,Cluster 37,007401 1,7401,Precinct 119,38.85935143,-76.99988478,,403885291,2016-03-06,2016-03-07,15:33:21,17:20:34
-76.93755068,38.90384396,16043796,2016/03/22 17:55:46+00,DAY,OTHERS,BURGLARY,1000 - 1099 BLOCK OF 45TH STREET NE,405417,137333,7,7D,6,602,Cluster 31,007806 2,7806,Precinct 93,38.90383617,-76.93754842,,403885295,2016-03-21,2016-03-22,21:30:00,15:00:44
-77.06640583,38.9383707,16049606,2016/04/01 02:59:44+00,EVENING,OTHERS,BURGLARY,3700 - 3707 BLOCK OF RENO ROAD NW,394243,141166,3,3C,2,203,Cluster 15,000600 4,600,Precinct 27,38.9383629,-77.06640352,,403885301,2016-03-31,2016-04-01,21:00:08,00:45:33
-77.01811446,38.81466685,16049726,2016/04/01 09:08:05+00,MIDNIGHT,OTHERS,BURGLARY,4900 - 5099 BLOCK OF SHEPHERD PARKWAY SW,398427,127432,8,8D,7,708,,010900 2,10900,Precinct 126,38.81465908,-77.01811218,,403885307,2016-04-01,2016-04-01,07:20:14,07:25:38
-76.96561411,38.85126457,16036745,2016/03/10 17:41:21+00,DAY,OTHERS,BURGLARY,3030 - 3299 BLOCK OF BUENA VISTA TERRACE SE,402985,131495,8,8B,7,702,Cluster 36,007502 2,7502,Precinct 115,38.85125679,-76.96561184,,403885312,2016-03-10,2016-03-10,15:30:34,15:45:03
-76.93088291,38.88429204,16036766,2016/03/10 18:58:27+00,DAY,OTHERS,BURGLARY,321 - 399 BLOCK OF 50TH STREET SE,405997,135163,7,7E,6,604,Cluster 33,009904 1,9904,Precinct 104,38.88428425,-76.93088065,,403885314,2016-02-02,2016-02-02,13:00:11,21:00:21
-76.98641764,38.92326382,16043204,2016/03/21 18:06:16+00,DAY,OTHERS,BURGLARY,2500 - 2599 BLOCK OF 14TH STREET NE,401178,139487,5,5C,5,505,Cluster 22,009102 3,9102,Precinct 72,38.92325603,-76.98641536,,403885325,2016-02-18,2016-03-21,23:00:48,17:00:06
-77.02651983,38.90724478,16043210,2016/03/21 18:32:32+00,DAY,OTHERS,BURGLARY,1000 - 1099 BLOCK OF N STREET NW,397700,137709,2,2F,3,307,Cluster 7,004902 2,4902,Precinct 129,38.90723699,-77.02651753,,403885326,2016-03-21,,17:14:59,
-77.04093118,38.98699093,16043548,2016/03/22 02:56:10+00,EVENING,OTHERS,BURGLARY,1700  - 1799 BLOCK OF POPLAR LANE NW,396454,146562,4,4A,4,401,Cluster 16,001600 4,1600,Precinct 62,38.98698313,-77.04092888,,403885345,2016-03-22,2016-03-22,02:11:50,02:50:08
-76.94993506,38.88395043,16037873,2016/03/12 08:52:48+00,MIDNIGHT,OTHERS,BURGLARY,400 - 499 BLOCK OF 37TH PLACE SE,404344,135124,7,7F,6,603,Cluster 32,007703 3,7703,Precinct 107,38.88394264,-76.9499328,,403885353,2016-03-11,2016-03-12,13:40:16,06:25:17
-76.98637405,38.90996752,16044352,2016/03/23 19:39:51+00,EVENING,OTHERS,BURGLARY,1700 - 1799 BLOCK OF WEST VIRGINIA AVENUE NE,401182,138011,5,5D,5,501,Cluster 23,008803 1,8803,Precinct 76,38.90995972,-76.98637177,,403885377,2016-03-21,2016-03-23,19:00:13,12:00:41
-76.98023203,38.85624062,16050580,2016/04/02 17:30:00+00,DAY,OTHERS,BURGLARY,1700 1728  BLOCK OF FRANKFORD STREET SE,401716,132047,8,8B,7,702,Cluster 37,007407 1,7407,Precinct 118,38.85623284,-76.98022975,,403885398,2016-04-01,2016-04-02,12:00:28,05:29:52
-77.04454977,38.94097546,16051066,2016/04/03 15:07:15+00,DAY,OTHERS,BURGLARY,1900  - 1950 BLOCK OF UPSHUR STREET NW,396138,141454,4,4A,4,404,Cluster 18,002600 1,2600,Precinct 48,38.94096766,-77.04454747,,403885421,2016-03-26,2016-04-03,08:00:02,13:00:09
-77.03080082,38.91557645,16039924,2016/03/16 00:06:56+00,EVENING,OTHERS,BURGLARY,1300 - 1399 BLOCK OF T STREET NW,397329,138634,1,1B,3,305,Cluster 3,004400 2,4400,Precinct 22,38.91556866,-77.03079853,,403885466,2016-03-15,2016-03-15,07:30:07,07:45:50
-77.06639643,38.92827239,16040188,2016/03/16 15:58:40+00,DAY,OTHERS,BURGLARY,2900 - 2928 BLOCK OF 34TH STREET NW,394243,140045,3,3C,2,204,Cluster 15,000400 1,400,Precinct 12,38.9282646,-77.06639412,,403885478,2016-03-16,2016-03-16,05:30:26,11:20:57
-77.03850073,38.9107547,16040282,2016/03/16 17:32:23+00,DAY,OTHERS,BURGLARY,1518 - 1599 BLOCK OF 17TH STREET NW,396661,138099,2,2B,2,208,Cluster 6,005301 2,5301,Precinct 15,38.91074691,-77.03849844,,403885486,2016-03-16,2016-03-16,04:30:00,14:30:09
-77.02598565,38.89674115,16040443,2016/03/17 10:38:39+00,MIDNIGHT,OTHERS,BURGLARY,500 - 599 BLOCK OF 10TH STREET NW,397746,136543,2,2C,2,209,Cluster 8,005800 1,5800,Precinct 129,38.89673337,-77.02598336,DOWNTOWN,403885516,2016-03-15,2016-03-15,06:30:35,13:00:26
-76.98467595,38.92497519,16041343,2016/03/18 09:35:11+00,MIDNIGHT,OTHERS,BURGLARY,1400 - 1499 BLOCK OF RHODE ISLAND AVENUE NE,401329,139677,5,5C,5,504,Cluster 22,009102 1,9102,Precinct 72,38.92496739,-76.98467367,,403885530,2016-03-18,2016-03-18,05:58:08,06:15:18
-77.04343735,38.91372572,16035142,2016/03/07 23:49:27+00,EVENING,OTHERS,BURGLARY,1721 - 1799 BLOCK OF 19TH STREET NW,396233,138429,2,2B,2,208,Cluster 6,004202 2,4202,Precinct 14,38.91371793,-77.04343506,,403885531,2016-03-07,2016-03-07,21:46:07,21:50:22
-76.95919784,38.89061123,16035217,2016/03/08 03:46:39+00,EVENING,OTHERS,BURGLARY,3300 - 3399 BLOCK OF AMES STREET NE,403540,135863,7,7D,6,603,Cluster 32,009604 1,9604,Precinct 101,38.89060344,-76.95919557,,403885536,2016-03-07,2016-03-07,19:00:24,23:20:07
-76.94993506,38.88395043,16035291,2016/03/08 03:22:04+00,EVENING,OTHERS,BURGLARY,400 - 499 BLOCK OF 37TH PLACE SE,404344,135124,7,7F,6,603,Cluster 32,007703 3,7703,Precinct 107,38.88394264,-76.9499328,,403885539,2016-03-08,2016-03-08,02:04:55,02:55:31
-76.97901892,38.86775317,16042144,2016/03/19 16:23:54+00,DAY,OTHERS,BURGLARY,1800 - 1899 BLOCK OF 18TH STREET SE,401821,133325,8,8A,6,607,Cluster 34,007605 3,7605,Precinct 112,38.86774538,-76.97901665,,403885558,2016-03-04,2016-03-17,17:00:34,02:00:24
-76.9750201,38.9345944,16042211,2016/03/19 18:33:54+00,DAY,OTHERS,BURGLARY,3600 - 3699 BLOCK OF SOUTH DAKOTA AVENUE NE,402166,140745,5,5B,5,503,Cluster 22,009400 2,9400,Precinct 69,38.9345866,-76.97501782,,403885564,2016-03-19,2016-03-19,17:57:52,18:25:52
-76.93117589,38.90317376,16042779,2016/03/20 23:44:32+00,EVENING,OTHERS,BURGLARY,4900 - 4919 BLOCK OF SHERIFF ROAD NE,405970,137259,7,7C,6,608,Cluster 31,007809 1,7809,Precinct 94,38.90316597,-76.93117363,,403885588,2016-03-17,2016-03-20,04:30:45,17:00:34
-77.05961675,38.90259328,16048560,2016/03/30 14:19:09+00,DAY,OTHERS,BURGLARY,3000 - 3029 BLOCK OF K STREET NW,394829,137194,2,2E,2,206,Cluster 4,000100 4,100,Precinct 5,38.90258549,-77.05961445,GEORGETOWN,403885598,2016-03-30,2016-03-30,04:01:12,12:00:26
-76.9823183,38.85240336,16048831,2016/03/30 22:54:08+00,EVENING,OTHERS,BURGLARY,3033 - 3097 BLOCK OF STANTON ROAD SE,401535,131621,8,8E,7,704,Cluster 38,007404 3,7404,Precinct 117,38.85239558,-76.98231603,,403885610,2016-03-30,2016-03-30,22:02:40,22:33:15
-76.99731616,38.90132927,16048891,2016/03/31 00:22:27+00,EVENING,OTHERS,BURGLARY,600 - 699 BLOCK OF I STREET NE,400233,137052,6,6C,5,501,Cluster 25,010600 3,10600,Precinct 83,38.90132148,-76.99731388,,403885614,2016-03-30,2016-03-30,09:45:40,17:00:26
-77.03196326,38.91075667,16049218,2016/03/31 16:36:08+00,DAY,OTHERS,BURGLARY,1517 - 1599 BLOCK OF 14TH STREET NW,397228,138099,2,2F,2,208,Cluster 7,005201 4,5201,Precinct 16,38.91074888,-77.03196097,,403885652,2016-03-31,2016-03-31,03:45:22,03:50:20
-76.97805036,38.86982492,16049791,2016/04/01 15:05:31+00,DAY,OTHERS,BURGLARY,1800 - 1899 BLOCK OF MINNESOTA AVENUE SE,401905,133555,8,8A,6,607,Cluster 34,007601 3,7601,Precinct 133,38.86981714,-76.97804808,,403885676,2016-03-31,2016-04-01,16:00:48,13:05:24
-77.02600516,38.91864945,16056215,2016/04/12 14:04:47+00,DAY,OTHERS,BURGLARY,2100 - 2199 BLOCK OF 10TH STREET NW,397745,138975,1,1B,3,305,Cluster 3,004400 1,4400,Precinct 22,38.91864166,-77.02600287,,403885690,2016-04-12,2016-04-12,02:30:02,11:00:38
-77.04010142,38.90724091,16056828,2016/04/15 02:45:10+00,EVENING,OTHERS,BURGLARY,1700 - 1799 BLOCK OF N STREET NW,396522,137709,2,2B,2,208,Cluster 6,010700 2,10700,Precinct 17,38.90723312,-77.04009912,,403885721,2016-04-10,2016-04-10,06:00:56,07:00:04
-77.0413088,38.92161779,16056843,2016/04/13 11:52:28+00,DAY,OTHERS,BURGLARY,2300 - 2499 BLOCK OF CHAMPLAIN STREET NW,396418,139305,1,1C,3,303,Cluster 1,003800 1,3800,Precinct 24,38.92161,-77.0413065,ADAMS MORGAN,403885722,2016-04-12,2016-04-13,22:00:33,10:00:48
-77.09137255,38.93426408,16057119,2016/04/13 20:08:07+00,EVENING,OTHERS,BURGLARY,4600 - 4809 BLOCK OF ROCKWOOD PARKWAY NW,392078,140712,3,3D,2,205,Cluster 13,000901 3,901,Precinct 9,38.93425628,-77.09137024,,403885733,2016-04-13,2016-04-13,12:30:35,18:25:58
-76.98209513,38.91539897,16050360,2016/04/02 06:25:03+00,MIDNIGHT,OTHERS,BURGLARY,1429 - 1599 BLOCK OF OKIE STREET NE,401553,138614,5,5D,5,506,Cluster 23,008803 1,8803,Precinct 76,38.91539118,-76.98209285,,403885758,2016-04-02,2016-04-02,04:10:04,05:00:37
-77.02346604,38.91179465,16050374,2016/04/02 07:49:41+00,MIDNIGHT,OTHERS,BURGLARY,800 - 899 BLOCK OF RHODE ISLAND AVENUE NW,397965,138214,6,6E,3,307,Cluster 7,004901 1,4901,Precinct 21,38.91178686,-77.02346375,,403885759,2016-04-02,2016-04-02,06:07:13,06:08:40
-76.98930631,38.88535697,16057491,2016/04/14 12:12:19+00,DAY,OTHERS,BURGLARY,1200 - 1299 BLOCK OF C STREET SE,400928,135279,6,6B,1,107,Cluster 26,006900 1,6900,Precinct 91,38.88534918,-76.98930403,,403885802,2016-04-14,2016-04-14,02:30:30,10:15:14
-77.01216674,38.91297646,16123669,2016/07/26 01:50:35+00,EVENING,OTHERS,BURGLARY,1700 - 1721 BLOCK OF 1ST STREET NW,398945,138345,5,5E,3,308,Cluster 21,003302 2,3302,Precinct 19,38.91296867,-77.01216446,,403885825,2016-07-26,2016-07-26,00:59:56,01:45:30
-77.00780809,38.91111211,16123676,2016/07/26 01:45:24+00,EVENING,OTHERS,BURGLARY,1 - 99 BLOCK OF Q STREET NE,399323,138138,5,5E,5,502,Cluster 21,008701 1,8701,Precinct 75,38.91110432,-77.0078058,,403885826,2016-07-16,2016-07-26,20:00:51,01:00:17
-77.06791593,38.91320058,16046998,2016/03/27 15:16:53+00,DAY,OTHERS,BURGLARY,1680 - 1699 BLOCK OF 34TH STREET NW,394110,138372,2,2E,2,206,Cluster 4,000202 1,202,Precinct 6,38.91319279,-77.06791362,,403885904,2016-03-12,2016-03-22,12:00:24,21:00:19
-76.99376604,38.8941855,16040872,2016/03/17 16:59:58+00,DAY,OTHERS,BURGLARY,300 - 399 BLOCK OF 9TH STREET NE,400541,136259,6,6A,1,108,Cluster 25,008100 2,8100,Precinct 85,38.89417772,-76.99376376,,403885915,2016-03-16,2016-03-16,21:00:29,21:45:20
-77.02963303,38.90791065,16041107,2016/03/17 23:32:19+00,EVENING,OTHERS,BURGLARY,1300 - 1399 BLOCK OF 13TH STREET NW,397430,137783,2,2F,3,307,Cluster 7,005002 2,5002,Precinct 17,38.90790286,-77.02963074,,403885930,2016-03-17,2016-03-17,22:02:01,23:20:14
-77.00057814,38.83213569,16034628,2016/03/07 01:11:06+00,EVENING,OTHERS,BURGLARY,3900 - 3945 BLOCK OF 4TH STREET SE,399950,129371,8,8C,7,708,Cluster 39,009801 1,9801,Precinct 121,38.83212791,-77.00057586,,403885933,2016-03-06,2016-03-06,23:15:52,23:20:05
-77.0110019,38.91112086,16034816,2016/03/07 13:55:37+00,DAY,OTHERS,BURGLARY,1 - 99 BLOCK OF Q STREET NW,399046,138139,5,5E,3,308,Cluster 21,004600 1,4600,Precinct 19,38.91111307,-77.01099961,,403885939,2016-03-05,2016-03-07,19:00:52,13:00:29
-76.99748727,38.95315411,16034842,2016/03/07 15:25:19+00,DAY,OTHERS,BURGLARY,5166 - 5199 BLOCK OF SOUTH DAKOTA AVENUE NE,400218,142805,5,5A,4,406,Cluster 19,009508 3,9508,Precinct 66,38.95314631,-76.99748498,,403885941,2016-03-05,2016-03-07,20:30:32,11:00:08
-76.9911325,38.8442247,16034846,2016/03/07 23:03:00+00,EVENING,OTHERS,BURGLARY,1100 - 1199 BLOCK OF ALABAMA AVENUE SE,400770,130713,8,8E,7,703,Cluster 39,007304 2,7304,Precinct 120,38.84421692,-76.99113023,,403885942,2016-03-06,2016-03-06,02:00:49,16:30:52
-77.03969345,38.91997884,16048220,2016/03/29 21:33:39+00,EVENING,OTHERS,BURGLARY,2120 - 2323 BLOCK OF ONTARIO ROAD NW,396558,139123,1,1C,3,303,Cluster 1,003800 2,3800,Precinct 24,38.91997105,-77.03969115,,403885948,2016-03-28,2016-03-29,21:00:50,15:00:33
-77.00702739,38.94502846,16048227,2016/03/29 21:33:10+00,EVENING,OTHERS,BURGLARY,1 - 83 BLOCK OF WEBSTER STREET NE,399391,141903,5,5A,4,405,Cluster 19,009501 2,9501,Precinct 44,38.94502066,-77.0070251,,403885949,2016-03-29,2016-03-29,14:00:29,20:33:05
-77.02651707,38.8998219,16048311,2016/03/30 00:28:02+00,EVENING,OTHERS,BURGLARY,1000 - 1099 BLOCK OF H STREET NW,397700,136885,2,2C,2,209,Cluster 8,005800 1,5800,Precinct 129,38.89981411,-77.02651477,DOWNTOWN,403885957,2016-03-29,2016-03-29,12:30:13,21:00:54
-77.02504387,38.97234804,16048327,2016/03/30 01:00:13+00,EVENING,OTHERS,BURGLARY,800  - 899 BLOCK OF ASPEN STREET NW,397830,144936,4,4B,4,401,Cluster 17,010300 1,10300,Precinct 63,38.97234024,-77.02504157,,403885959,2016-03-24,2016-03-29,17:00:21,22:30:08
-76.95344862,38.86897993,16048365,2016/03/30 01:44:33+00,EVENING,OTHERS,BURGLARY,3432 - 3599 BLOCK OF TEXAS AVENUE SE,404040,133462,7,7B,6,605,Cluster 34,009901 2,9901,Precinct 109,38.86897214,-76.95344635,,403885962,2016-03-30,2016-03-30,00:44:32,01:44:13
-77.01711317,38.96074685,16048636,2016/03/30 18:13:56+00,DAY,OTHERS,BURGLARY,5800  - 5899 BLOCK OF 3RD PLACE NW,398517,143648,4,4B,4,402,Cluster 17,001902 1,1902,Precinct 64,38.96073905,-77.01711088,,403885969,2016-03-30,2016-03-30,14:00:37,16:50:30
-77.03759966,38.92933017,16055142,2016/04/10 16:22:43+00,DAY,OTHERS,BURGLARY,3100 - 3145 BLOCK OF MOUNT PLEASANT STREET NW,396740,140161,1,1D,3,302,Cluster 2,002702 1,2702,Precinct 39,38.92932237,-77.03759736,,403885988,2016-04-09,2016-04-10,22:00:00,15:00:36
-77.02809138,38.91628879,16055175,2016/04/10 18:39:55+00,DAY,OTHERS,BURGLARY,1900 - 1999 BLOCK OF 12TH STREET NW,397564,138713,1,1B,3,305,Cluster 3,004400 2,4400,Precinct 22,38.916281,-77.02808909,,403885991,2016-04-10,2016-04-10,16:13:29,17:30:54
-76.99101904,38.83051382,16055343,2016/04/10 23:33:44+00,EVENING,OTHERS,BURGLARY,800 - 899 BLOCK OF MONTERIA COURT SE,400780,129191,8,8E,7,706,Cluster 39,009700 2,9700,Precinct 125,38.83050605,-76.99101676,,403885996,2016-04-09,2016-04-10,15:30:23,18:30:37
-77.01026408,38.91185961,16055354,2016/04/10 23:58:41+00,EVENING,OTHERS,BURGLARY,1 - 99 BLOCK OF QUINCY PLACE NW,399110,138221,5,5E,3,308,Cluster 21,003302 2,3302,Precinct 19,38.91185182,-77.0102618,,403885997,2016-04-10,2016-04-10,16:00:38,22:55:32
-77.04733413,38.9129585,16130348,2016/08/05 14:15:18+00,DAY,OTHERS,BURGLARY,2116 - 2145 BLOCK OF FLORIDA AVENUE NW,395895,138344,2,2D,2,208,Cluster 1,004100 3,4100,Precinct 13,38.91295071,-77.04733183,,403886019,2016-08-05,2016-08-05,06:01:55,11:30:08
-76.99682231,38.85945826,16055977,2016/04/12 01:20:34+00,EVENING,OTHERS,BURGLARY,2600 2698  BLOCK OF WADE ROAD SE,400276,132404,8,8C,7,703,Cluster 37,007401 2,7401,Precinct 119,38.85945048,-76.99682003,,403886049,2016-04-11,2016-04-12,23:43:14,01:00:29
-76.98807372,38.88135713,16056183,2016/04/13 02:33:09+00,EVENING,OTHERS,BURGLARY,1300 - 1318 BLOCK OF PENNSYLVANIA AVENUE SE,401035,134835,6,6B,1,106,Cluster 26,007100 2,7100,Precinct 91,38.88134934,-76.98807144,CAPITOL HILL,403886060,2016-04-12,2016-04-12,07:21:58,07:22:46
-76.98457882,38.89418465,16056373,2016/04/12 19:27:46+00,EVENING,OTHERS,BURGLARY,300 - 399 BLOCK OF 14TH PLACE NE,401338,136259,6,6A,1,108,Cluster 25,008001 3,8001,Precinct 81,38.89417686,-76.98457654,,403886067,2016-04-09,2016-04-09,03:00:04,15:00:22
-77.00771759,38.82070368,16062691,2016/04/22 08:13:27+00,MIDNIGHT,OTHERS,BURGLARY,100 - 107 BLOCK OF IRVINGTON STREET SW,399330,128102,8,8D,7,708,Cluster 39,010900 2,10900,Precinct 126,38.82069591,-77.00771531,,403886081,2016-04-22,2016-04-22,05:10:29,05:20:22
-77.01344448,38.90170688,16062703,2016/04/22 07:45:03+00,MIDNIGHT,OTHERS,BURGLARY,900 - 949 BLOCK OF NEW JERSEY AVENUE NW,398834,137094,6,6E,1,102,Cluster 8,004702 1,4702,Precinct 1,38.90169909,-77.01344219,MOUNT VERNON TRIANGLE CID,403886082,2016-04-22,2016-04-22,05:10:59,05:20:53
-77.04663979,38.90910321,16062791,2016/04/22 14:03:22+00,DAY,OTHERS,BURGLARY,1400 - 1499 BLOCK OF 21ST STREET NW,395955,137916,2,2B,2,208,Cluster 6,005500 4,5500,Precinct 14,38.90909542,-77.04663749,,403886085,2016-04-22,2016-04-22,00:45:00,13:00:17
-77.00482821,38.83515342,16056944,2016/04/13 16:04:55+00,DAY,OTHERS,BURGLARY,100 - 147 BLOCK OF WAYNE PLACE SE,399581,129706,8,8C,7,707,Cluster 39,009803 3,9803,Precinct 124,38.83514565,-77.00482593,,403886094,2016-04-13,,07:30:16,
-76.97323527,38.89611039,16063159,2016/04/22 23:34:21+00,EVENING,OTHERS,BURGLARY,2300 - 2399 BLOCK OF E STREET NE,402322,136473,7,7D,5,507,Cluster 25,007903 1,7903,Precinct 80,38.89610261,-76.973233,,403886105,2016-04-22,2016-04-22,21:50:52,21:55:14
-77.00131625,38.88677177,16063492,2016/04/23 14:47:45+00,DAY,OTHERS,BURGLARY,300 - 399 BLOCK OF PENNSYLVANIA AVENUE SE,399886,135436,6,6B,1,106,Cluster 26,006500 1,6500,Precinct 89,38.88676398,-77.00131397,CAPITOL HILL,403886118,2016-04-23,2016-04-23,10:04:58,10:06:54
-76.99377834,38.88531225,16063555,2016/04/23 16:34:23+00,DAY,OTHERS,BURGLARY,300 - 339 BLOCK OF 9TH STREET SE,400540,135274,6,6B,1,107,Cluster 26,006700 3,6700,Precinct 89,38.88530447,-76.99377606,,403886120,2016-04-23,2016-04-23,14:50:59,14:54:53
-76.9777696,38.84631288,16070097,2016/05/04 04:40:27+00,MIDNIGHT,OTHERS,BURGLARY,1800 - 1899 BLOCK OF SAVANNAH STREET SE,401930,130945,8,8B,7,704,Cluster 38,007409 3,7409,Precinct 116,38.8463051,-76.97776732,,403886139,2016-05-03,2016-05-04,08:30:11,02:30:06
-77.02599757,38.89783116,16070449,2016/05/04 23:46:51+00,EVENING,OTHERS,BURGLARY,600 - 699 BLOCK OF 10TH STREET NW,397745,136664,2,2C,2,209,Cluster 8,005800 1,5800,Precinct 129,38.89782338,-77.02599528,DOWNTOWN,403886152,2016-05-04,2016-05-04,18:22:36,19:00:41
-76.99087926,38.84282837,16136311,2016/08/15 03:48:00+00,MIDNIGHT,OTHERS,BURGLARY,1100 - 1199 BLOCK OF SAVANNAH STREET SE,400792,130558,8,8E,7,705,Cluster 39,007304 2,7304,Precinct 120,38.84282059,-76.99087698,,403886220,2016-08-14,2016-08-15,20:33:24,02:00:51
-77.03196558,38.91593647,16052085,2016/04/05 13:35:00+00,DAY,OTHERS,BURGLARY,1900 - 1920 BLOCK OF 14TH STREET NW,397228,138674,2,2B,3,301,Cluster 3,004300 2,4300,Precinct 141,38.91592868,-77.03196329,,403886228,2016-04-05,2016-04-05,03:39:38,03:41:45
-76.95498588,38.86155759,16052965,2016/04/07 02:55:48+00,EVENING,OTHERS,BURGLARY,3600 - 3699 BLOCK OF AUSTIN STREET SE,403907,132638,7,7B,6,606,Cluster 35,007603 3,7603,Precinct 110,38.86154981,-76.95498361,,403886285,2016-04-06,2016-04-07,19:34:29,02:55:47
-76.9170948,38.89715604,16053166,2016/04/07 06:55:40+00,MIDNIGHT,OTHERS,BURGLARY,5800 - 5899 BLOCK OF FOOTE STREET NE,407192,136592,7,7C,6,608,Cluster 31,007807 1,7807,Precinct 95,38.89714825,-76.91709254,,403886294,2016-04-07,2016-04-07,03:49:29,03:55:00
-77.01990326,38.91186737,16041430,2016/03/18 14:44:10+00,DAY,OTHERS,BURGLARY,1600 - 1699 BLOCK OF 6TH STREET NW,398274,138222,6,6E,3,308,Cluster 7,004801 1,4801,Precinct 18,38.91185958,-77.01990097,,403886323,2016-03-17,2016-03-18,21:00:42,12:00:03
-77.03326504,38.90838711,16047963,2016/03/29 12:46:03+00,DAY,OTHERS,BURGLARY,1400 - 1499 BLOCK OF RHODE ISLAND AVENUE NW,397115,137836,2,2F,2,208,Cluster 7,005201 3,5201,Precinct 16,38.90837932,-77.03326274,,403886359,2016-03-28,2016-03-29,20:00:25,11:00:47
-77.01880785,38.9554137,16070603,2016/05/05 00:46:43+00,EVENING,OTHERS,BURGLARY,400  - 499 BLOCK OF JEFFERSON STREET NW,398370,143056,4,4D,4,403,Cluster 18,002102 6,2102,Precinct 56,38.9554059,-77.01880556,,403886372,2016-05-04,2016-05-04,12:15:33,22:10:34
-76.92363086,38.88653962,16070644,2016/05/05 01:39:10+00,EVENING,OTHERS,BURGLARY,5334 - 5399 BLOCK OF CENTRAL AVENUE SE,406626,135413,7,7E,6,604,Cluster 33,009905 1,9905,Precinct 105,38.88653183,-76.9236286,,403886375,2016-05-04,2016-05-05,14:00:38,00:00:07
-76.99682231,38.85945826,16136528,2016/08/15 16:42:35+00,DAY,OTHERS,BURGLARY,2600 2698  BLOCK OF WADE ROAD SE,400276,132404,8,8C,7,703,Cluster 37,007401 2,7401,Precinct 119,38.85945048,-76.99682003,,403886387,2016-08-14,2016-08-15,22:00:08,14:00:38
-77.00471625,38.88392503,16058847,2016/04/16 10:22:21+00,MIDNIGHT,OTHERS,BURGLARY,100 - 199 BLOCK OF NORTH CAROLINA AVENUE SE,399591,135120,6,6B,1,106,Cluster 26,006500 2,6500,Precinct 130,38.88391725,-77.00471397,,403886414,2016-04-16,2016-04-16,07:10:20,07:15:02
-77.04360926,38.90993522,16058919,2016/04/16 14:21:02+00,DAY,OTHERS,BURGLARY,1300 - 1699 BLOCK OF CONNECTICUT AVENUE NW,396217.89,138008.23,2,2B,2,208,Cluster 6,005500 1,5500,Precinct 14,38.90992743,-77.04360696,DUPONT CIRCLE,403886417,2016-04-16,2016-04-16,12:57:30,13:56:06
-77.00131652,38.90132929,16054944,2016/04/10 05:14:07+00,MIDNIGHT,OTHERS,BURGLARY,300 - 399 BLOCK OF I STREET NE,399886,137052,6,6C,5,501,Cluster 25,010600 2,10600,Precinct 83,38.90132151,-77.00131424,,403886458,2016-04-10,2016-04-10,02:15:48,04:42:24
-76.97923289,38.84523213,16061379,2016/04/20 07:03:35+00,MIDNIGHT,OTHERS,BURGLARY,3400 - 3499 BLOCK OF STANTON ROAD SE,401803,130825,8,8B,7,704,Cluster 38,007409 3,7409,Precinct 116,38.84522436,-76.97923062,,403886478,2016-04-19,2016-04-20,15:00:31,03:00:52
-76.94326335,38.8819295,16061398,2016/04/20 06:38:36+00,MIDNIGHT,OTHERS,BURGLARY,4307 - 4325 BLOCK OF TEXAS AVENUE SE,404923,134900,7,7F,6,603,Cluster 33,007703 2,7703,Precinct 103,38.88192171,-76.94326108,,403886479,2016-04-20,2016-04-20,03:37:33,03:43:27
-77.00768402,38.82971216,16061439,2016/04/20 13:39:08+00,DAY,OTHERS,BURGLARY,4037 - 4199 BLOCK OF SOUTH CAPITOL STREET,399333,129102,8,8D,7,708,Cluster 39,009807 1,9807,Precinct 124,38.82970439,-77.00768173,,403886483,2016-04-19,2016-04-20,20:00:16,09:45:00
-77.0327459,38.93282685,16061901,2016/04/21 01:38:19+00,EVENING,OTHERS,BURGLARY,3429 - 3464 BLOCK OF 14TH STREET NW,397161,140549,1,1A,4,408,Cluster 2,002801 1,2801,Precinct 41,38.93281906,-77.0327436,,403886503,2016-04-19,2016-04-19,21:26:57,21:29:57
-76.97639938,38.84447489,16061923,2016/04/21 02:01:40+00,EVENING,OTHERS,BURGLARY,3500 - 3599 BLOCK OF 19TH STREET SE,402049,130741,8,8B,7,704,Cluster 38,007409 3,7409,Precinct 116,38.84446711,-76.97639711,,403886504,2016-04-21,2016-04-21,00:15:45,01:03:06
-76.9884354,38.85417879,16062343,2016/04/21 20:42:01+00,EVENING,OTHERS,BURGLARY,2400 - 2599 BLOCK OF ELVANS ROAD SE,401004,131818,8,8B,7,703,Cluster 37,007406 2,7406,Precinct 118,38.85417101,-76.98843313,,403886545,2016-04-21,2016-04-21,18:15:17,19:00:27
-77.00059005,38.87884439,16069837,2016/05/03 22:02:20+00,EVENING,OTHERS,BURGLARY,900 - 999 BLOCK OF 4TH STREET SE,399949,134556,6,6D,1,106,Cluster 27,007200 1,7200,Precinct 131,38.87883661,-77.00058776,CAPITOL RIVERFRONT,403886602,2016-01-08,2016-05-03,14:00:01,20:00:08
-76.99025101,38.88841089,16069874,2016/05/03 22:21:44+00,EVENING,OTHERS,BURGLARY,100 - 199 BLOCK OF 12TH STREET SE,400846,135618,6,6B,1,107,Cluster 26,006700 2,6700,Precinct 88,38.88840311,-76.99024873,,403886606,2016-04-19,2016-05-03,18:00:13,22:10:38
-77.02963591,38.91483806,16070140,2016/05/04 06:34:08+00,MIDNIGHT,OTHERS,BURGLARY,1800 - 1899 BLOCK OF 13TH STREET NW,397430,138552,1,1B,3,305,Cluster 3,004400 2,4400,Precinct 22,38.91483027,-77.02963362,,403886611,2016-05-04,2016-05-04,02:00:54,05:11:01
-77.04475664,38.92140032,16076220,2016/05/14 00:28:47+00,EVENING,OTHERS,BURGLARY,1800 - 1899 BLOCK OF MINTWOOD PLACE NW,396119,139281,1,1C,3,303,Cluster 1,004001 1,4001,Precinct 25,38.92139253,-77.04475434,,403886630,2016-05-13,2016-05-14,21:53:56,00:08:59
-77.02092482,38.8961296,16070744,2016/05/05 06:26:47+00,MIDNIGHT,OTHERS,BURGLARY,600 - 699 BLOCK OF E STREET NW,398185,136475,2,2C,1,101,Cluster 8,005800 2,5800,Precinct 143,38.89612182,-77.02092253,DOWNTOWN,403886637,2016-05-05,2016-05-05,02:18:06,02:48:44
-77.01363816,38.94992838,16076568,2016/05/14 10:44:03+00,MIDNIGHT,OTHERS,BURGLARY,100  - 199 BLOCK OF EMERSON STREET NW,398818,142447,4,4D,4,407,Cluster 19,002202 1,2202,Precinct 57,38.94992058,-77.01363587,,403886640,2016-05-14,2016-05-14,08:54:30,10:05:54
-77.01064452,38.91147222,16076579,2016/05/14 11:44:07+00,DAY,OTHERS,BURGLARY,16 - 59 BLOCK OF FLORIDA AVENUE NW,399077,138178,5,5E,3,308,Cluster 21,004600 1,4600,Precinct 19,38.91146443,-77.01064223,,403886641,2016-05-13,2016-05-13,07:00:05,07:30:18
-77.0020868,38.82870345,16064960,2016/04/25 22:49:02+00,EVENING,OTHERS,BURGLARY,4000 - 4399 BLOCK OF 3RD STREET SE,399819,128990,8,8D,7,708,Cluster 39,009810 1,9810,Precinct 125,38.82869567,-77.00208452,,403886663,2016-04-25,2016-04-25,18:00:55,21:05:48
-76.98028597,38.869483,16053357,2016/04/07 17:54:58+00,DAY,OTHERS,BURGLARY,1700 - 1721 BLOCK OF R STREET SE,401711,133517,8,8A,6,607,Cluster 34,007601 4,7601,Precinct 140,38.86947522,-76.9802837,,403886694,2016-04-07,2016-04-07,16:30:22,16:40:46
-77.00057812,38.82964935,16053363,2016/04/07 17:52:04+00,DAY,OTHERS,BURGLARY,4100 - 4199 BLOCK OF 4TH STREET SE,399950,129095,8,8D,7,708,Cluster 39,009811 1,9811,Precinct 125,38.82964158,-77.00057584,,403886695,2016-04-07,2016-04-07,03:00:06,16:51:59
-77.0307899,38.91699976,16059666,2016/04/17 18:42:09+00,DAY,OTHERS,BURGLARY,1300 - 1399 BLOCK OF U STREET NW,397330,138792,1,1B,3,305,Cluster 3,004400 2,4400,Precinct 22,38.91699197,-77.03078761,,403886707,2016-04-17,2016-04-17,08:00:25,15:30:10
-77.01015898,38.90251796,16048108,2016/03/29 18:25:27+00,DAY,OTHERS,BURGLARY,1 - 60 BLOCK OF K STREET NW,399119,137184,6,6E,1,102,Cluster 8,004702 1,4702,Precinct 1,38.90251017,-77.0101567,,403886764,2016-03-29,2016-03-29,16:22:45,16:55:18
-76.97971616,38.84715102,16068587,2016/05/01 19:44:07+00,EVENING,OTHERS,BURGLARY,1700 - 1799 BLOCK OF ALABAMA AVENUE SE,401761,131038,8,8E,7,704,Cluster 38,007404 1,7404,Precinct 117,38.84714324,-76.97971388,,403886778,2016-04-29,2016-05-01,17:30:58,19:00:26
-76.99862033,38.82605497,16068664,2016/05/02 00:54:39+00,EVENING,OTHERS,BURGLARY,4284 - 4293 BLOCK OF 6TH STREET SE,400120,128696,8,8D,7,706,Cluster 39,009811 1,9811,Precinct 125,38.82604719,-76.99861805,,403886785,2016-05-01,2016-05-02,21:32:36,00:13:25
-76.95757928,38.85995507,16068727,2016/05/02 01:41:07+00,EVENING,OTHERS,BURGLARY,2400 - 2499 BLOCK OF 34TH STREET SE,403682,132460,7,7B,6,606,Cluster 35,007603 3,7603,Precinct 110,38.85994728,-76.95757701,,403886791,2016-05-01,2016-05-02,22:55:02,01:35:26
-76.99803007,38.93241704,16148975,2016/09/03 23:33:18+00,EVENING,OTHERS,BURGLARY,MONROE STREET NE AND MICHIGAN AVENUE NE,400171,140503,5,5A,4,405,Cluster 20,009501 3,9501,Precinct 68,38.93240925,-76.99802778,,403886814,2016-09-02,2016-09-03,15:00:43,22:00:08
-76.9801313,38.84558362,16068933,2016/05/02 16:55:01+00,DAY,OTHERS,BURGLARY,1600 - 1699 BLOCK OF SAVANNAH STREET SE,401725,130864,8,8B,7,704,Cluster 38,007409 3,7409,Precinct 116,38.84557584,-76.98012903,,403886819,2016-04-29,2016-05-02,16:00:37,11:00:47
-77.00131625,38.88677177,16075173,2016/05/12 12:03:18+00,DAY,OTHERS,BURGLARY,300 - 399 BLOCK OF PENNSYLVANIA AVENUE SE,399886,135436,6,6B,1,106,Cluster 26,006500 1,6500,Precinct 89,38.88676398,-77.00131397,CAPITOL HILL,403886837,2016-05-12,2016-05-12,06:54:43,06:58:02
-77.02085754,38.94200903,16075220,2016/05/12 13:30:22+00,DAY,OTHERS,BURGLARY,600  - 699 BLOCK OF UPSHUR STREET NW,398192,141568,4,4C,4,407,Cluster 18,002400 3,2400,Precinct 45,38.94200124,-77.02085525,,403886841,2016-05-12,2016-05-12,03:00:09,13:00:13
-77.03156116,38.96613078,16075647,2016/05/13 02:08:07+00,EVENING,OTHERS,BURGLARY,1300  - 1399 BLOCK OF SHERIDAN STREET NW,397265,144246,4,4A,4,402,Cluster 17,001804 3,1804,Precinct 60,38.96612298,-77.03155886,,403886865,2016-05-12,2016-05-13,15:00:28,00:00:49
-77.04236972,38.92162642,16076036,2016/05/13 19:46:33+00,EVENING,OTHERS,BURGLARY,2400 - 2499 BLOCK OF 18TH STREET NW,396326,139306,1,1C,3,303,Cluster 1,004002 1,4002,Precinct 25,38.92161863,-77.04236742,ADAMS MORGAN,403886882,2016-05-13,2016-05-13,01:30:20,11:45:26
-76.97572194,38.93965721,16076540,2016/05/14 08:40:29+00,MIDNIGHT,OTHERS,BURGLARY,2000 - 2099 BLOCK OF SHEPHERD STREET NE,402105,141307,5,5B,5,503,Cluster 24,009400 4,9400,Precinct 69,38.93964941,-76.97571966,,403886904,2016-05-14,2016-05-14,05:00:00,07:30:17
-77.03644043,38.94027562,16082461,2016/05/23 21:49:32+00,EVENING,OTHERS,BURGLARY,4000  - 4099 BLOCK OF 16TH STREET NW,396841,141376,4,4A,4,404,Cluster 18,002600 1,2600,Precinct 47,38.94026783,-77.03643813,,403886937,2016-05-23,2016-05-23,20:00:32,20:10:28
-76.96523921,38.93508735,16148793,2016/09/03 18:24:00+00,DAY,OTHERS,BURGLARY,3000 - 3079 BLOCK OF OTIS STREET NE,403014,140800,5,5C,5,503,Cluster 24,009400 3,9400,Precinct 69,38.93507956,-76.96523693,,403886951,2016-09-03,2016-09-03,16:26:28,17:40:54
-77.0235416,38.9311265,16071594,2016/05/06 17:11:33+00,DAY,OTHERS,BURGLARY,3291 - 3300 BLOCK OF GEORGIA AVENUE NW,397959,140360,1,1A,4,409,Cluster 2,003100 1,3100,Precinct 38,38.9311187,-77.02353931,,403886966,2016-05-06,2016-05-06,15:46:14,17:02:59
-77.01573754,38.94895522,16065140,2016/04/26 04:40:34+00,MIDNIGHT,OTHERS,BURGLARY,4800  - 4825 BLOCK OF 3RD STREET NW,398636,142339,4,4D,4,407,Cluster 18,002202 2,2202,Precinct 55,38.94894742,-77.01573525,,403887005,2016-04-26,2016-04-26,02:25:46,04:20:29
-76.92326913,38.90137617,16065524,2016/04/27 02:44:55+00,EVENING,OTHERS,BURGLARY,5300 - 5399 BLOCK OF JAY STREET NE,406656,137060,7,7C,6,608,Cluster 31,007807 2,7807,Precinct 95,38.90136838,-76.92326687,,403887024,2016-04-23,2016-04-25,18:00:23,14:00:40
-77.02123412,38.92830734,16065608,2016/04/26 23:52:51+00,EVENING,OTHERS,BURGLARY,500 - 699 BLOCK OF COLUMBIA ROAD NW,398159,140047,1,1B,4,409,Cluster 2,003200 4,3200,Precinct 37,38.92829954,-77.02123183,,403887027,2016-04-26,2016-04-26,18:30:14,18:40:31
-77.01989791,38.97533076,16065654,2016/04/27 00:36:37+00,EVENING,OTHERS,BURGLARY,7000  - 7099 BLOCK OF 5TH STREET NW,398276,145267,4,4B,4,401,Cluster 17,001702 1,1702,Precinct 63,38.97532296,-77.01989561,,403887028,2016-04-26,2016-04-26,15:00:56,23:00:26
-77.04880677,38.90823752,16065746,2016/04/27 03:47:22+00,MIDNIGHT,OTHERS,BURGLARY,1320 - 1399 BLOCK OF 22ND STREET NW,395767,137820,2,2B,2,208,Cluster 6,005500 2,5500,Precinct 14,38.90822973,-77.04880447,,403887034,2016-04-26,2016-04-26,00:00:39,09:00:33
-76.92871142,38.88895708,16071914,2016/05/07 03:15:35+00,MIDNIGHT,OTHERS,BURGLARY,5000 - 5069 BLOCK OF CENTRAL AVENUE SE,406185,135681,7,7E,6,604,Cluster 33,009904 2,9904,Precinct 104,38.88894929,-76.92870916,,403887040,2016-05-06,2016-05-06,04:01:53,09:00:14
-77.01654486,38.94802726,16059780,2016/04/17 22:54:24+00,EVENING,OTHERS,BURGLARY,4700  - 4799 BLOCK OF 3RD PLACE NW,398566,142236,4,4C,4,407,Cluster 18,002202 2,2202,Precinct 55,38.94801946,-77.01654256,,403887053,2016-04-16,2016-04-17,01:00:43,18:00:16
-77.03279574,38.90253056,16060117,2016/04/18 14:52:31+00,DAY,OTHERS,BURGLARY,1400 - 1433 BLOCK OF K STREET NW,397155.47,137185.86,2,2F,2,207,Cluster 8,010100 1,10100,Precinct 129,38.90252277,-77.03279345,DOWNTOWN,403887086,2016-04-15,2016-04-18,23:30:14,10:50:18
-76.98467733,38.86488036,16060133,2016/04/18 14:53:10+00,DAY,OTHERS,BURGLARY,1400 - 1499 BLOCK OF V STREET SE,401330,133006,8,8A,7,701,Cluster 28,007503 1,7503,Precinct 114,38.86487258,-76.98467505,,403887087,2016-04-18,2016-04-18,13:20:12,14:00:10
-77.04071206,38.9267077,16054143,2016/04/08 22:38:43+00,EVENING,OTHERS,BURGLARY,2814 - 2849 BLOCK OF QUARRY ROAD NW,396470,139870,1,1C,3,303,Cluster 1,003900 3,3900,Precinct 35,38.92669991,-77.04070976,,403887110,2016-04-08,2016-04-08,13:30:28,20:15:36
-76.99034755,38.85642206,16054163,2016/04/08 23:17:46+00,EVENING,OTHERS,BURGLARY,2600 - 2657 BLOCK OF DOUGLASS PLACE SE,400838,132067,8,8C,7,703,Cluster 37,007406 1,7406,Precinct 118,38.85641428,-76.99034527,,403887111,2016-04-08,2016-04-08,17:30:54,17:46:34
-77.00131652,38.90132929,16054561,2016/04/09 15:40:13+00,DAY,OTHERS,BURGLARY,300 - 399 BLOCK OF I STREET NE,399886,137052,6,6C,5,501,Cluster 25,010600 2,10600,Precinct 83,38.90132151,-77.00131424,,403887121,2016-04-08,2016-04-09,04:00:43,06:52:08
-77.06095383,38.96976749,16054583,2016/04/09 16:05:29+00,DAY,OTHERS,BURGLARY,2900  - 2999 BLOCK OF RITTENHOUSE STREET NW,394718,144651,4,3G,2,201,Cluster 10,001500 1,1500,Precinct 51,38.96975969,-77.06095153,,403887122,2016-04-02,2016-04-09,14:30:22,14:15:08
-77.02160369,38.93002786,16067514,2016/04/29 23:46:12+00,EVENING,OTHERS,BURGLARY,500 - 699 BLOCK OF KENYON STREET NW,398127,140238,1,1A,4,409,Cluster 2,003200 4,3200,Precinct 38,38.93002006,-77.0216014,,403887168,2016-04-29,2016-04-29,05:00:38,06:00:02
-76.99903494,38.82377583,16061580,2016/04/20 17:44:35+00,DAY,OTHERS,BURGLARY,600 - 699 BLOCK OF GALVESTON STREET SE,400084,128443,8,8D,7,706,Cluster 39,009811 2,9811,Precinct 125,38.82376805,-76.99903267,,403887175,2016-04-20,2016-04-20,11:30:08,17:39:34
-77.0000484,38.90021226,16061620,2016/05/01 15:16:36+00,DAY,OTHERS,BURGLARY,400 - 499 BLOCK OF H STREET NE,399996,136928,6,6C,1,104,Cluster 25,008301 1,8301,Precinct 83,38.90020448,-77.00004611,,403887178,2016-04-20,2016-04-20,17:32:59,19:15:34
-76.99964463,38.95686554,16068082,2016/04/30 22:14:13+00,EVENING,OTHERS,BURGLARY,5500  - 5599 BLOCK OF 5TH STREET NE,400031,143217,4,4B,4,406,Cluster 19,009507 1,9507,Precinct 65,38.95685774,-76.99964234,,403887190,2016-04-30,2016-04-30,15:55:46,16:00:38
-76.98692006,38.88759081,16154952,2016/09/13 12:56:34+00,DAY,OTHERS,BURGLARY,1300 - 1399 BLOCK OF INDEPENDENCE AVENUE SE,401135,135527,6,6B,1,107,Cluster 26,006700 1,6700,Precinct 88,38.88758302,-76.98691778,,403887197,2016-09-12,2016-09-13,23:30:58,09:30:22
-77.02443978,38.9269915,16154981,2016/09/13 13:41:03+00,DAY,OTHERS,BURGLARY,700 - 999 BLOCK OF HARVARD STREET NW,397881,139901,1,1B,3,304,Cluster 2,003500 1,3500,Precinct 37,38.9269837,-77.02443748,,403887201,2016-09-13,2016-09-13,03:30:15,12:00:17
-76.99497759,38.87733988,16155075,2016/09/14 11:07:55+00,DAY,OTHERS,BURGLARY,1100 - 1119 BLOCK OF 8TH STREET SE,400436,134389,6,6B,1,106,Cluster 27,007200 2,7200,Precinct 131,38.8773321,-76.9949753,CAPITOL RIVERFRONT,403887205,2016-09-12,2016-09-13,16:30:09,13:00:49
-77.00567504,38.91112124,16082179,2016/05/23 13:21:07+00,DAY,OTHERS,BURGLARY,100 - 149 BLOCK OF Q STREET NE,399508,138139,5,5E,5,502,Cluster 21,008701 1,8701,Precinct 75,38.91111345,-77.00567275,NOMA,403887292,2016-05-20,2016-05-23,23:30:36,11:00:58
-77.007578,38.91592258,16160771,2016/09/22 07:29:13+00,MIDNIGHT,OTHERS,BURGLARY,1900 - 1923 BLOCK OF LINCOLN ROAD NE,399343,138672,5,5E,5,502,Cluster 21,008701 2,8701,Precinct 75,38.91591479,-77.00757571,,403887353,2016-09-22,2016-09-22,04:42:24,04:47:59
-76.93776405,38.89714185,16071787,2016/05/07 02:42:42+00,EVENING,OTHERS,BURGLARY,546 - 599 BLOCK OF 45TH STREET NE,405399,136589,7,7D,6,602,Cluster 30,007803 2,7803,Precinct 98,38.89713406,-76.93776178,,403887408,2016-05-06,2016-05-06,11:00:15,20:30:49
-76.94262184,38.891397,16066296,2016/04/27 23:18:52+00,EVENING,OTHERS,BURGLARY,2 - 199 BLOCK OF 42ND STREET NE,404978,135951,7,7F,6,603,Cluster 32,009603 1,9603,Precinct 102,38.89138921,-76.94261958,,403887465,2016-03-30,2016-04-27,13:00:29,23:10:50
-76.94089857,38.89837763,16066467,2016/04/28 06:04:22+00,MIDNIGHT,OTHERS,BURGLARY,4200 - 4399 BLOCK OF GRANT STREET NE,405127,136726,7,7D,6,602,Cluster 30,007803 4,7803,Precinct 99,38.89836984,-76.9408963,,403887477,2016-04-28,2016-04-28,02:50:46,03:00:05
-76.99154293,38.88027642,16066554,2016/04/28 13:07:28+00,DAY,OTHERS,BURGLARY,600 - 799 BLOCK OF 11TH STREET SE,400734,134715,6,6B,1,106,Cluster 26,007000 2,7000,Precinct 90,38.88026864,-76.99154065,CAPITOL HILL,403887479,2016-04-26,2016-04-28,19:00:44,12:00:17
-77.0588836,38.93619472,16066599,2016/04/28 14:39:24+00,DAY,OTHERS,BURGLARY,3500 - 3599 BLOCK OF CONNECTICUT AVENUE NW,394895,140924,3,3C,2,203,Cluster 15,000600 2,600,Precinct 27,38.93618693,-77.0588813,,403887482,2016-04-28,2016-04-28,02:26:09,02:31:18
-77.04295555,38.91782469,16060543,2016/04/19 01:26:06+00,EVENING,OTHERS,BURGLARY,1800 - 1899 BLOCK OF CALIFORNIA STREET NW,396275,138884,1,1C,3,303,Cluster 1,004002 2,4002,Precinct 25,38.9178169,-77.04295325,,403887498,2016-04-18,2016-04-18,18:00:05,22:15:51
-76.97901941,38.86609562,16060995,2016/04/19 18:48:50+00,DAY,OTHERS,BURGLARY,1926 - 1935 BLOCK OF 18TH STREET SE,401821,133141,8,8A,6,607,Cluster 34,007605 3,7605,Precinct 112,38.86608784,-76.97901714,,403887514,2016-04-15,2016-04-19,19:00:31,18:04:38
-77.01017101,38.82519873,16067206,2016/04/29 16:58:16+00,DAY,OTHERS,BURGLARY,20 - 199 BLOCK OF FORRESTER STREET SW,399117,128601,8,8D,7,708,Cluster 39,009807 2,9807,Precinct 126,38.82519095,-77.01016873,,403887524,2016-04-29,2016-04-29,14:00:30,14:22:04
-77.01756486,38.8740416,16067285,2016/04/29 18:19:40+00,DAY,OTHERS,BURGLARY,1300 - 1369 BLOCK OF 4TH STREET SW,398476,134023,6,6D,1,105,Cluster 9,011000 2,11000,Precinct 127,38.87403381,-77.01756257,,403887532,2016-04-29,,16:31:47,
-77.03326451,38.90724305,16067618,2016/04/30 04:38:23+00,MIDNIGHT,OTHERS,BURGLARY,1400 - 1499 BLOCK OF N STREET NW,397115,137709,2,2F,2,208,Cluster 7,005201 1,5201,Precinct 17,38.90723526,-77.03326221,,403887537,2016-04-30,2016-04-30,02:27:06,02:30:10
-77.00204346,38.92396724,16067766,2016/04/30 09:01:08+00,MIDNIGHT,OTHERS,BURGLARY,2600 - 2699 BLOCK OF 3RD STREET NE,399823,139565,5,5E,5,502,Cluster 21,009204 1,9204,Precinct 74,38.92395945,-77.00204118,,403887543,2016-04-29,2016-04-30,12:45:05,06:00:25
-76.98678318,38.87981655,16067828,2016/04/30 14:52:34+00,DAY,OTHERS,BURGLARY,1350 - 1399 BLOCK OF POTOMAC AVENUE SE,401147,134664,6,6B,1,106,Cluster 26,007100 2,7100,Precinct 91,38.87980877,-76.9867809,,403887546,2016-04-30,2016-04-30,02:00:50,12:25:24
-77.03196258,38.90924327,16073920,2016/05/10 09:38:40+00,MIDNIGHT,OTHERS,BURGLARY,1400 - 1499 BLOCK OF 14TH STREET NW,397228,137931,2,2F,2,208,Cluster 7,005201 3,5201,Precinct 16,38.90923548,-77.03196029,,403887555,2016-05-10,2016-05-10,09:02:51,09:05:32
-77.01855262,38.94998175,16074394,2016/05/11 01:33:12+00,EVENING,OTHERS,BURGLARY,400  - 499 BLOCK OF EMERSON STREET NW,398392,142453,4,4D,4,407,Cluster 18,002202 3,2202,Precinct 55,38.94997396,-77.01855033,,403887575,2016-05-10,2016-05-10,17:30:15,23:30:05
-77.02574181,38.95574568,16074532,2016/05/11 06:17:00+00,MIDNIGHT,OTHERS,BURGLARY,5400  - 5499 BLOCK OF 9TH STREET NW,397769,143093,4,4D,4,403,Cluster 18,002101 5,2101,Precinct 56,38.95573789,-77.02573951,,403887580,2016-05-10,2016-05-11,21:30:51,05:30:44
-77.03461421,38.93257408,16074701,2016/05/11 17:34:38+00,DAY,OTHERS,BURGLARY,1400 - 1599 BLOCK OF NEWTON STREET NW,396999,140521,1,1A,4,408,Cluster 2,002802 2,2802,Precinct 41,38.93256629,-77.03461191,,403887584,2016-05-11,2016-05-11,15:22:21,16:37:50
-76.92107171,38.88688023,16074826,2016/05/12 02:52:27+00,EVENING,OTHERS,BURGLARY,112 - 199 BLOCK OF 56TH STREET SE,406848,135451,7,7E,6,604,Cluster 33,009903 2,9903,Precinct 105,38.88687245,-76.92106945,,403887588,2016-05-11,2016-05-11,18:45:28,19:05:29
-77.02598918,38.90644316,16087134,2016/05/30 22:29:12+00,EVENING,OTHERS,BURGLARY,1200 - 1299 BLOCK OF 10TH STREET NW,397746,137620,2,2F,3,307,Cluster 7,004902 2,4902,Precinct 129,38.90643537,-77.02598689,,403887632,2016-05-30,2016-05-30,17:30:43,19:20:08
-76.98437446,38.87985229,16087564,2016/05/31 14:23:13+00,DAY,OTHERS,BURGLARY,1400 1499  BLOCK OF PENNSYLVANIA AVENUE SE,401356,134668,6,6B,1,106,Cluster 26,007100 2,7100,Precinct 91,38.8798445,-76.98437219,CAPITOL HILL,403887652,2016-05-27,2016-05-31,21:00:54,13:00:06
-77.03751013,38.91261074,16087622,2016/05/31 16:51:58+00,DAY,OTHERS,BURGLARY,1600 - 1699 BLOCK OF R STREET NW,396747,138305,2,2B,3,301,Cluster 6,005301 4,5301,Precinct 15,38.91260295,-77.03750784,,403887656,2016-05-31,2016-05-31,08:20:16,08:52:33
-77.04492557,38.89668136,16088069,2016/06/01 03:18:18+00,MIDNIGHT,OTHERS,BURGLARY,500 - 599 BLOCK OF 20TH STREET NW,396103,136537,2,2A,2,207,Cluster 5,010800 2,10800,Precinct 2,38.89667357,-77.04492327,,403887674,2016-06-01,2016-06-01,02:20:47,02:30:18
-76.99731638,38.89545582,16094210,2016/06/10 14:22:49+00,DAY,OTHERS,BURGLARY,600 - 699 BLOCK OF LEXINGTON PLACE NE,400233,136400,6,6C,1,108,Cluster 25,008302 1,8302,Precinct 84,38.89544803,-76.9973141,,403887686,2016-06-10,2016-06-10,04:00:33,11:00:43
-76.9801313,38.84558362,16094744,2016/06/11 08:29:16+00,MIDNIGHT,OTHERS,BURGLARY,1600 - 1699 BLOCK OF SAVANNAH STREET SE,401725,130864,8,8B,7,704,Cluster 38,007409 3,7409,Precinct 116,38.84557584,-76.98012903,,403887711,2016-06-11,2016-06-11,03:24:51,05:08:58
-77.02598972,38.90791152,16161026,2016/09/22 18:37:15+00,DAY,OTHERS,BURGLARY,1300 - 1399 BLOCK OF 10TH STREET NW,397746,137783,2,2F,3,307,Cluster 7,004902 1,4902,Precinct 129,38.90790373,-77.02598743,,403887727,2016-09-22,2016-09-22,17:22:09,17:23:58
-77.03768723,38.98591104,16161082,2016/09/22 22:50:31+00,EVENING,OTHERS,BURGLARY,1600  - 1641 BLOCK OF KALMIA ROAD NW,396735,146442,4,4A,4,401,Cluster 16,001600 4,1600,Precinct 62,38.98590323,-77.03768493,,403887731,2016-09-21,2016-09-22,22:00:57,19:00:04
-77.01646687,38.91008426,16166104,2016/09/30 17:38:24+00,DAY,OTHERS,BURGLARY,1500 - 1529 BLOCK OF NEW JERSEY AVENUE NW,398572,138024,6,6E,3,308,Cluster 7,004801 1,4801,Precinct 18,38.91007647,-77.01646459,,403887738,2016-09-30,2016-09-30,15:00:01,15:29:25
-76.9931524,38.92221944,16083445,2016/05/25 07:12:54+00,MIDNIGHT,OTHERS,BURGLARY,900 - 999 BLOCK OF RHODE ISLAND AVENUE NE,400594,139371,5,5C,5,504,Cluster 22,009102 2,9102,Precinct 72,38.92221165,-76.99315012,,403887743,2016-05-25,2016-05-25,06:22:59,07:10:47
-77.0372766,38.90699862,16089558,2016/06/03 08:14:54+00,MIDNIGHT,OTHERS,BURGLARY,1600 - 1614 BLOCK OF RHODE ISLAND AVENUE NW,396767,137682,2,2B,2,208,Cluster 6,010700 2,10700,Precinct 17,38.90699083,-77.0372743,,403887760,2016-06-03,2016-06-03,07:00:02,07:02:00
-76.99748727,38.95315411,16197984,2016/11/21 13:50:03+00,DAY,OTHERS,BURGLARY,5166 - 5199 BLOCK OF SOUTH DAKOTA AVENUE NE,400218,142805,5,5A,4,406,Cluster 19,009508 3,9508,Precinct 66,38.95314631,-76.99748498,,403887810,2016-11-18,2016-11-21,13:04:39,13:00:39
-76.96394082,38.87970363,16198108,2016/11/21 18:25:26+00,DAY,OTHERS,BURGLARY,700 - 799 BLOCK OF BAYLEY PLACE SE,403129,134652,7,7B,6,605,Cluster 34,007709 1,7709,Precinct 132,38.87969585,-76.96393855,,403887818,2016-11-09,2016-11-21,05:00:48,17:50:14
-77.044164,38.91409479,16078401,2016/05/17 16:04:23+00,DAY,OTHERS,BURGLARY,1900 - 1999 BLOCK OF S STREET NW,396170,138470,2,2B,2,208,Cluster 6,004202 2,4202,Precinct 14,38.914087,-77.0441617,,403887842,2016-05-13,2016-05-17,19:00:47,02:00:53
-77.02971702,38.94346646,16078438,2016/05/17 21:00:36+00,EVENING,OTHERS,BURGLARY,4200  - 4499 BLOCK OF 13TH STREET NW,397424,141730,4,4C,4,404,Cluster 18,002501 1,2501,Precinct 48,38.94345866,-77.02971473,,403887845,2016-05-13,2016-05-14,22:00:22,12:45:51
-77.02397426,38.91446101,16073031,2016/05/08 22:23:22+00,EVENING,OTHERS,BURGLARY,1800 - 1827 BLOCK OF 9TH STREET NW,397921,138510,1,1B,3,305,Cluster 3,004400 2,4400,Precinct 137,38.91445322,-77.02397197,,403887862,2016-05-08,2016-05-08,20:45:31,20:50:43
-76.92938304,38.88584058,16073649,2016/05/10 02:27:36+00,EVENING,OTHERS,BURGLARY,5000 - 5099 BLOCK OF BASS PLACE SE,406127,135335,7,7E,6,604,Cluster 33,009904 2,9904,Precinct 104,38.88583279,-76.92938078,,403887914,2016-05-06,2016-05-09,16:30:18,20:45:35
-77.0273601,38.93372006,16073727,2016/05/10 00:08:39+00,EVENING,OTHERS,BURGLARY,3500 - 3599 BLOCK OF 10TH STREET NW,397628,140648,1,1A,4,408,Cluster 2,002900 1,2900,Precinct 42,38.93371226,-77.0273578,,403887917,2016-05-09,2016-05-09,21:12:58,23:50:25
-77.01829818,38.90252598,16074030,2016/05/10 17:18:17+00,DAY,OTHERS,BURGLARY,444 - 499 BLOCK OF K STREET NW,398413,137185,6,6E,1,101,Cluster 8,004702 1,4702,Precinct 1,38.90251819,-77.01829589,MOUNT VERNON TRIANGLE CID,403887925,2016-05-10,2016-05-10,08:21:55,14:15:05
-77.05617914,38.95849155,16074208,2016/05/10 20:55:39+00,EVENING,OTHERS,BURGLARY,5100 - 5399 BLOCK OF 27TH STREET NW,395131,143399,4,3G,2,201,Cluster 10,001402 2,1402,Precinct 52,38.95848375,-77.05617683,,403887933,2016-05-08,2016-05-10,20:00:36,01:00:06
-77.0106101,38.91260727,16080307,2016/05/20 14:21:58+00,DAY,OTHERS,BURGLARY,1 - 99 BLOCK OF R STREET NW,399080,138304,5,5E,3,308,Cluster 21,003302 2,3302,Precinct 19,38.91259948,-77.01060781,,403887961,2016-05-20,2016-05-20,11:23:00,14:00:50
-77.04138083,38.92650929,16080356,2016/05/20 15:37:43+00,DAY,OTHERS,BURGLARY,2900 - 2923 BLOCK OF 18TH STREET NW,396412,139848,1,1C,3,303,Cluster 1,003900 2,3900,Precinct 35,38.92650149,-77.04137853,,403887965,2016-05-20,2016-05-20,10:00:13,12:50:59
-77.00057885,38.9194721,16080372,2016/05/20 15:34:46+00,DAY,OTHERS,BURGLARY,2201 - 2279 BLOCK OF 4TH STREET NE,399950,139066,5,5E,5,502,Cluster 21,008702 1,8702,Precinct 75,38.91946431,-77.00057657,,403887967,2016-05-20,2016-05-20,13:25:48,15:00:53
-77.03369671,38.92694487,16080743,2016/05/21 00:44:14+00,EVENING,OTHERS,BURGLARY,1400 - 1499 BLOCK OF HARVARD COURT NW,397078.32,139896.08,1,1A,3,302,Cluster 2,002802 1,2802,Precinct 36,38.92693708,-77.03369441,,403887986,2016-05-12,2016-05-16,09:00:21,03:30:58
-77.05440498,38.9014968,16155125,2016/09/13 17:12:59+00,DAY,OTHERS,BURGLARY,2500 - 2599 BLOCK OF QUEEN ANNES LANE NW,395281,137072,2,2A,2,207,Cluster 5,005600 1,5600,Precinct 3,38.90148901,-77.05440268,,403887994,2016-09-13,2016-09-13,12:40:18,16:40:41
-76.99025181,38.88254644,16155219,2016/09/13 21:51:10+00,EVENING,OTHERS,BURGLARY,500 - 503 BLOCK OF 12TH STREET SE,400846,134967,6,6B,1,106,Cluster 26,006900 1,6900,Precinct 91,38.88253865,-76.99024954,CAPITOL HILL,403888002,2016-09-13,2016-09-13,18:33:50,18:35:32
-77.01841645,38.91409268,16161243,2016/09/23 00:20:55+00,EVENING,OTHERS,BURGLARY,432 - 499 BLOCK OF S STREET NW,398403,138469,6,6E,3,308,Cluster 7,004801 1,4801,Precinct 21,38.91408489,-77.01841416,,403888012,2016-09-22,2016-09-22,13:15:53,22:10:10
-76.9761134,38.87293244,16081050,2016/05/21 16:16:56+00,DAY,OTHERS,BURGLARY,2100 - 2149 BLOCK OF YOUNG STREET SE,402073,133900,8,8A,6,607,Cluster 34,007601 1,7601,Precinct 133,38.87292466,-76.97611112,,403888021,2016-05-21,2016-05-21,07:30:06,13:00:55
-77.08407606,38.95752895,16086886,2016/05/30 14:42:06+00,DAY,OTHERS,BURGLARY,5200 - 5223 BLOCK OF WISCONSIN AVENUE NW,392713,143294,3,3E,2,202,Cluster 11,001001 1,1001,Precinct 31,38.95752115,-77.08407375,,403888038,2016-05-27,2016-05-30,19:00:44,10:30:31
-76.93126971,38.87759002,16179703,2016/10/22 11:06:52+00,DAY,OTHERS,BURGLARY,5000 - 5069 BLOCK OF BENNING ROAD SE,405964,134419,7,7E,6,604,Cluster 33,007707 1,7707,Precinct 106,38.87758224,-76.93126745,,403888082,2016-10-22,2016-10-22,00:30:53,08:30:38
-76.93218952,38.87986067,16184809,2016/10/30 09:59:22+00,MIDNIGHT,OTHERS,BURGLARY,4900 - 4971 BLOCK OF BENNING ROAD SE,405884,134671,7,7E,6,604,Cluster 33,007707 1,7707,Precinct 106,38.87985289,-76.93218726,,403888086,2016-10-29,2016-10-30,20:00:06,06:30:16
-77.0304523,38.93648484,16184841,2016/10/30 08:06:33+00,MIDNIGHT,OTHERS,BURGLARY,1301  - 1334 BLOCK OF SPRING ROAD NW,397360,140955,1,1A,4,408,Cluster 2,002900 2,2900,Precinct 42,38.93647705,-77.03045,,403888090,2016-10-30,2016-10-30,06:50:17,07:05:00
-77.04007192,38.9162943,16191426,2016/11/10 00:41:20+00,EVENING,OTHERS,BURGLARY,1700 - 1799 BLOCK OF WILLARD STREET NW,396525,138714,2,2B,3,301,Cluster 6,004201 2,4201,Precinct 141,38.91628651,-77.04006962,,403888146,2016-11-09,2016-11-09,14:45:20,23:15:10
-77.0063903,38.91557132,16191472,2016/11/10 02:26:06+00,EVENING,OTHERS,BURGLARY,33 - 119 BLOCK OF T STREET NE,399446,138633,5,5E,5,502,Cluster 21,008701 1,8701,Precinct 75,38.91556353,-77.00638801,,403888149,2016-11-10,2016-11-10,00:00:24,00:05:58
-76.9777696,38.84631288,16191478,2016/11/10 03:10:22+00,EVENING,OTHERS,BURGLARY,1800 - 1899 BLOCK OF SAVANNAH STREET SE,401930,130945,8,8B,7,704,Cluster 38,007409 3,7409,Precinct 116,38.8463051,-76.97776732,,403888150,2016-11-09,2016-11-10,11:30:50,00:30:15
-77.0135173,38.9209667,16191492,2016/11/10 03:38:51+00,EVENING,OTHERS,BURGLARY,100 - 199 BLOCK OF BRYANT STREET NW,398828,139232,5,5E,3,306,Cluster 21,003301 3,3301,Precinct 135,38.92095891,-77.01351501,,403888151,2016-11-09,2016-11-10,14:00:27,01:30:05
-76.92562976,38.88184754,16191582,2016/11/10 07:59:11+00,MIDNIGHT,OTHERS,BURGLARY,5300 - 5399 BLOCK OF E STREET SE,406453,134892,7,7E,6,604,Cluster 33,009905 3,9905,Precinct 105,38.88183975,-76.9256275,,403888153,2016-11-09,2016-11-10,16:00:29,06:36:52
-76.99498878,38.88199722,16198069,2016/11/21 17:06:38+00,DAY,OTHERS,BURGLARY,500 - 699 BLOCK OF 8TH STREET SE,400435,134906,6,6B,1,106,Cluster 26,007000 2,7000,Precinct 90,38.88198944,-76.9949865,CAPITOL HILL,403888187,2016-11-20,2016-11-21,17:30:49,08:30:01
-76.93002157,38.89290354,16202577,2016/11/30 04:01:02+00,MIDNIGHT,OTHERS,BURGLARY,200 - 299 BLOCK OF 50TH STREET NE,406071,136119,7,7C,6,602,Cluster 31,007804 2,7804,Precinct 97,38.89289575,-76.9300193,,403888191,2016-11-29,2016-11-30,23:48:46,03:16:06
-76.96561411,38.85126457,16203222,2016/12/01 02:33:15+00,EVENING,OTHERS,BURGLARY,3030 - 3299 BLOCK OF BUENA VISTA TERRACE SE,402985,131495,8,8B,7,702,Cluster 36,007502 2,7502,Precinct 115,38.85125679,-76.96561184,,403888225,2016-11-30,2016-12-01,12:00:17,02:32:59
-76.93220355,38.90148079,16198260,2016/11/21 22:29:01+00,EVENING,OTHERS,BURGLARY,4824 - 4899 BLOCK OF JAY STREET NE,405881,137071,7,7C,6,602,Cluster 31,007809 2,7809,Precinct 94,38.901473,-76.93220129,,403888257,2016-11-21,2016-11-21,10:30:05,20:30:51
-76.95221845,38.86478151,16198429,2016/11/22 02:57:15+00,EVENING,OTHERS,BURGLARY,2000 2098  BLOCK OF 38TH STREET SE,404147,132996,7,7B,6,606,Cluster 35,007603 1,7603,Precinct 110,38.86477372,-76.95221618,,403888263,2016-11-21,2016-11-22,13:00:55,01:30:08
-76.99579434,38.90251833,16203397,2016/12/01 15:04:32+00,DAY,OTHERS,BURGLARY,700 - 722 BLOCK OF K STREET NE,400365,137184,6,6C,5,501,Cluster 25,010600 3,10600,Precinct 83,38.90251054,-76.99579206,,403888283,2016-12-01,,14:05:22,
-77.05077512,38.90374151,16198872,2016/11/22 22:12:18+00,EVENING,OTHERS,BURGLARY,2300 - 2399 BLOCK OF L STREET NW,395596,137321,2,2A,2,207,Cluster 5,005500 3,5500,Precinct 4,38.90373373,-77.05077282,,403888288,2016-11-22,2016-11-22,07:00:33,16:00:11
-77.02294496,38.97655532,16172463,2016/10/11 01:27:50+00,EVENING,OTHERS,BURGLARY,7100  - 7199 BLOCK OF 7TH STREET NW,398012,145403,4,4B,4,401,Cluster 17,010300 3,10300,Precinct 63,38.97654752,-77.02294267,,403888398,2016-10-10,2016-10-10,05:00:07,22:00:40
-77.02212966,38.95253948,16172509,2016/10/11 03:29:00+00,MIDNIGHT,OTHERS,BURGLARY,5100  - 5199 BLOCK OF 7TH STREET NW,398082,142737,4,4D,4,403,Cluster 18,002101 3,2101,Precinct 56,38.95253168,-77.02212737,,403888401,2016-10-11,2016-10-11,02:23:49,03:29:00
-77.02971702,38.94346646,16172587,2016/10/11 10:58:36+00,MIDNIGHT,OTHERS,BURGLARY,4200  - 4499 BLOCK OF 13TH STREET NW,397424,141730,4,4C,4,404,Cluster 18,002501 1,2501,Precinct 48,38.94345866,-77.02971473,,403888405,2016-10-08,2016-10-11,00:00:26,10:00:30
-77.05277468,38.91060499,16172787,2016/10/11 17:39:06+00,DAY,OTHERS,BURGLARY,2300 - 2699 BLOCK OF Q STREET NW,395423,138083,2,2E,2,206,Cluster 4,000100 2,100,Precinct 5,38.9105972,-77.05277238,,403888412,2016-10-11,2016-10-11,06:57:03,07:22:01
-77.01518686,38.90911153,16178054,2016/10/20 02:00:51+00,EVENING,OTHERS,BURGLARY,1400 - 1499 BLOCK OF 3RD STREET NW,398683,137916,5,5E,3,308,Cluster 21,004600 2,4600,Precinct 19,38.90910374,-77.01518457,,403888427,2016-10-19,2016-10-19,13:15:23,22:15:50
-77.02825424,38.94899791,16173325,2016/10/12 16:05:15+00,DAY,OTHERS,BURGLARY,1200  - 1299 BLOCK OF DELAFIELD PLACE NW,397551,142344,4,4C,4,404,Cluster 18,002002 1,2002,Precinct 54,38.94899011,-77.02825195,,403888438,2016-10-11,2016-10-12,00:00:09,08:00:50
-77.03363724,38.93974497,16178647,2016/10/20 23:23:24+00,EVENING,OTHERS,BURGLARY,1400  - 1499 BLOCK OF SHEPHERD STREET NW,397084,141317,4,4C,4,404,Cluster 18,002502 4,2502,Precinct 47,38.93973718,-77.03363495,,403888455,2016-10-20,2016-10-20,14:21:00,22:00:16
-76.99731605,38.90440112,16190886,2016/11/09 02:40:45+00,EVENING,OTHERS,BURGLARY,600 - 699 BLOCK OF MORTON PLACE NE,400233,137393,6,6C,5,501,Cluster 25,010600 1,10600,Precinct 83,38.90439333,-76.99731377,,403888494,2016-11-09,2016-11-09,01:31:54,02:40:43
-77.04602173,38.93401147,16191068,2016/11/09 15:28:20+00,DAY,OTHERS,BURGLARY,2000 - 2099 BLOCK OF PIERCE MILL ROAD NW,396010,140681,1,1D,3,302,Cluster 2,002701 3,2701,Precinct 40,38.93400368,-77.04601943,,403888496,2016-11-09,2016-11-09,13:25:02,15:28:14
-76.99619869,38.88671766,16196973,2016/11/19 15:47:29+00,DAY,OTHERS,BURGLARY,200 - 299 BLOCK OF 7TH STREET SE,400330,135430,6,6B,1,107,Cluster 26,006600 1,6600,Precinct 89,38.88670988,-76.99619641,CAPITOL HILL,403888517,2016-11-19,2016-11-19,04:45:39,12:22:18
-76.98512607,38.86790725,16196980,2016/11/19 17:37:41+00,DAY,OTHERS,BURGLARY,1800 - 1899 BLOCK OF 14TH STREET SE,401291,133342,8,8A,6,607,Cluster 34,007601 5,7601,Precinct 140,38.86789946,-76.9851238,,403888518,2016-11-19,2016-11-19,14:18:41,14:33:28
-76.97818835,38.87074381,16191688,2016/11/10 15:21:19+00,DAY,OTHERS,BURGLARY,1800 - 1899 BLOCK OF Q STREET SE,401893,133657,8,8A,6,607,Cluster 34,007601 3,7601,Precinct 140,38.87073602,-76.97818608,,403888526,2016-11-09,2016-11-09,17:00:41,20:00:39
-76.99755798,38.90940977,16197248,2016/11/20 00:51:48+00,EVENING,OTHERS,BURGLARY,1300 - 1399 BLOCK OF 5TH STREET NE,400212,137949,5,5D,5,501,Cluster 23,008803 1,8803,Precinct 76,38.90940198,-76.9975557,,403888536,2016-11-19,2016-11-19,00:42:05,00:45:46
-76.97899751,38.90138146,16208604,2016/12/10 06:01:09+00,MIDNIGHT,OTHERS,BURGLARY,900 - 979 BLOCK OF 17TH STREET NE,401822,137058,5,5D,5,507,Cluster 23,008904 2,8904,Precinct 79,38.90137367,-76.97899523,,403888581,2016-12-10,2016-12-10,05:00:11,06:01:07
-77.02400402,38.93434237,16122724,2016/07/24 14:55:39+00,DAY,OTHERS,BURGLARY,3553 - 3610 BLOCK OF GEORGIA AVENUE NW,397919,140717,1,1A,4,409,Cluster 2,003200 2,3200,Precinct 43,38.93433457,-77.02400172,,403888634,2016-07-23,2016-07-24,14:30:55,13:00:58
-77.00057869,38.89956366,16209876,2016/12/13 00:51:20+00,EVENING,OTHERS,BURGLARY,700 - 799 BLOCK OF 4TH STREET NE,399950,136856,6,6C,1,104,Cluster 25,008301 1,8301,Precinct 83,38.89955587,-77.00057641,,403888645,2016-12-12,2016-12-12,19:50:53,21:33:07
-77.03540936,38.93124962,16177378,2016/10/19 00:05:19+00,EVENING,OTHERS,BURGLARY,1500 - 1530 BLOCK OF PARK ROAD NW,396930,140374,1,1A,3,302,Cluster 2,002802 2,2802,Precinct 39,38.93124183,-77.03540706,,403888762,2016-10-17,2016-10-17,18:30:22,18:45:39
-76.9777696,38.84631288,16177721,2016/10/19 14:40:53+00,DAY,OTHERS,BURGLARY,1800 - 1899 BLOCK OF SAVANNAH STREET SE,401930,130945,8,8B,7,704,Cluster 38,007409 3,7409,Precinct 116,38.8463051,-76.97776732,,403888779,2016-10-19,2016-10-19,13:58:33,14:40:52
-76.94091142,38.89678315,16177775,2016/02/05 00:46:12+00,EVENING,OTHERS,BURGLARY,4200 - 4399 BLOCK OF EDSON PLACE NE,405126,136549,7,7D,6,602,Cluster 30,007803 4,7803,Precinct 99,38.89677536,-76.94090915,,403888783,2016-02-04,2016-02-05,22:55:06,00:46:12
-77.04237132,38.9243109,16177901,2016/10/20 03:05:16+00,MIDNIGHT,OTHERS,BURGLARY,1730 - 1797 BLOCK OF LANIER PLACE NW,396326,139604,1,1C,3,303,Cluster 1,003900 3,3900,Precinct 35,38.92430311,-77.04236902,ADAMS MORGAN,403888790,2016-10-19,2016-10-19,18:34:52,21:48:44
-77.00204342,38.92264302,16178000,2016/10/19 23:24:37+00,EVENING,OTHERS,BURGLARY,2500 - 2523 BLOCK OF 3RD STREET NE,399823,139418,5,5E,5,502,Cluster 21,009203 2,9203,Precinct 74,38.92263522,-77.00204114,,403888798,2016-10-19,2016-10-19,14:30:38,19:30:56
-76.98801171,38.90741833,16183532,2016/10/28 13:30:26+00,DAY,OTHERS,BURGLARY,1100 - 1199 BLOCK OF QUEEN STREET NE,401040,137728,5,5D,5,506,Cluster 23,008802 4,8802,Precinct 77,38.90741054,-76.98800943,,403888820,2016-10-19,2016-10-28,17:00:46,13:30:25
-77.04254973,38.91409539,16183831,2016/10/28 22:10:28+00,EVENING,OTHERS,BURGLARY,1800 - 1899 BLOCK OF S STREET NW,396310,138470,2,2B,2,208,Cluster 6,004202 1,4202,Precinct 14,38.9140876,-77.04254744,,403888839,2016-10-28,2016-10-28,14:00:59,20:00:16
-77.04255062,38.91558177,16183934,2016/10/29 00:21:53+00,EVENING,OTHERS,BURGLARY,1800 - 1899 BLOCK OF T STREET NW,396310,138635,2,2B,2,208,Cluster 6,004202 2,4202,Precinct 14,38.91557398,-77.04254832,,403888847,2016-10-28,2016-10-29,22:33:01,00:21:52
-77.0161787,38.91038157,16189879,2016/11/07 13:54:54+00,DAY,OTHERS,BURGLARY,1500 - 1599 BLOCK OF 4TH STREET NW,398597,138057,5,5E,3,308,Cluster 21,004600 2,4600,Precinct 19,38.91037378,-77.01617641,,403888868,2016-11-07,2016-11-07,00:00:58,13:00:32
-76.93776528,38.89572754,16201927,2016/11/28 22:55:23+00,EVENING,OTHERS,BURGLARY,500 - 521 BLOCK OF 45TH STREET NE,405399,136432,7,7D,6,602,Cluster 30,007803 2,7803,Precinct 98,38.89571975,-76.93776302,,403888917,2016-11-28,2016-11-28,10:00:01,22:45:24
-76.93776528,38.89572754,16202068,2016/11/29 04:44:14+00,MIDNIGHT,OTHERS,BURGLARY,500 - 521 BLOCK OF 45TH STREET NE,405399,136432,7,7D,6,602,Cluster 30,007803 2,7803,Precinct 98,38.89571975,-76.93776302,,403888928,2016-11-28,2016-11-29,11:30:29,02:00:22
-77.01176121,38.83108111,16208225,2016/12/09 18:53:21+00,DAY,OTHERS,BURGLARY,4000 - 4099 BLOCK OF 1ST STREET SW,398979,129254,8,8D,7,708,Cluster 39,009807 1,9807,Precinct 124,38.83107333,-77.01175892,,403888934,2016-12-09,2016-12-09,18:00:01,18:10:45
-77.0365295,38.91150303,16122048,2016/07/23 12:40:09+00,DAY,OTHERS,BURGLARY,1600 - 1619 BLOCK OF 16TH STREET NW,396832,138182,2,2B,3,301,Cluster 6,005301 4,5301,Precinct 15,38.91149524,-77.0365272,,403888969,2016-07-23,2016-07-23,03:00:00,10:00:58
-76.98711005,38.92051636,16122595,2016/07/24 06:39:36+00,MIDNIGHT,OTHERS,BURGLARY,2300 - 2399 BLOCK OF 13TH PLACE NE,401118,139182,5,5C,5,505,Cluster 22,009102 2,9102,Precinct 72,38.92050857,-76.98710777,,403889000,2016-07-24,2016-07-24,05:45:04,05:59:11
-76.9823183,38.85240336,16128792,2016/08/03 00:18:05+00,EVENING,OTHERS,BURGLARY,3033 - 3097 BLOCK OF STANTON ROAD SE,401535,131621,8,8E,7,704,Cluster 38,007404 3,7404,Precinct 117,38.85239558,-76.98231603,,403889028,2016-08-02,2016-08-03,23:14:17,00:18:03
-77.03195571,38.91962988,16123394,2016/07/25 22:27:36+00,EVENING,OTHERS,BURGLARY,2200 - 2299 BLOCK OF 14TH STREET NW,397229,139084,1,1B,3,305,Cluster 3,004300 1,4300,Precinct 22,38.91962209,-77.03195341,,403889038,2016-04-22,2016-05-04,19:30:43,03:59:33
-77.00330785,38.8347481,16129201,2016/08/03 18:14:19+00,DAY,OTHERS,BURGLARY,166 - 199 BLOCK OF MISSISSIPPI AVENUE SE,399713,129661,8,8C,7,707,Cluster 39,009803 3,9803,Precinct 124,38.83474032,-77.00330557,,403889045,2016-08-03,2016-08-03,16:08:04,16:10:41
-76.93263066,38.87648278,16129290,2016/08/03 20:43:32+00,EVENING,OTHERS,BURGLARY,4600 - 4699 BLOCK OF HILLSIDE ROAD SE,405846,134296,7,7E,6,604,Cluster 33,007707 1,7707,Precinct 106,38.876475,-76.9326284,,403889048,2016-08-02,2016-08-03,18:00:31,19:00:29
-76.92814331,38.88081315,16129424,2016/08/04 01:46:14+00,EVENING,OTHERS,BURGLARY,5100 - 5298 BLOCK OF FITCH STREET SE,406235,134777,7,7E,6,604,Cluster 33,007707 1,7707,Precinct 105,38.88080536,-76.92814105,,403889056,2016-08-03,2016-08-03,11:45:41,22:30:13
-77.02431258,38.92600962,16177639,2016/10/19 10:18:36+00,MIDNIGHT,OTHERS,BURGLARY,700 - 999 BLOCK OF GIRARD STREET NW,397892,139792,1,1B,3,304,Cluster 2,003500 1,3500,Precinct 37,38.92600183,-77.02431029,,403889146,2016-10-19,2016-10-19,07:40:05,07:44:20
-76.91571082,38.88794849,16183290,2016/10/28 00:45:34+00,EVENING,OTHERS,BURGLARY,5800 - 5998 BLOCK OF SOUTHERN AVENUE SE,407313,135570,7,7E,6,604,Cluster 33,009903 1,9903,Precinct 105,38.8879407,-76.91570856,,403889176,2016-10-27,2016-10-27,21:30:38,21:35:28
-76.9931524,38.92221944,16189311,2016/11/06 10:38:31+00,MIDNIGHT,OTHERS,BURGLARY,900 - 999 BLOCK OF RHODE ISLAND AVENUE NE,400594,139371,5,5C,5,505,Cluster 22,009102 2,9102,Precinct 72,38.92221165,-76.99315012,,403889207,2016-11-06,2016-11-06,08:37:31,08:48:26
-76.99089659,38.88759118,16183946,2016/10/29 01:25:08+00,EVENING,OTHERS,BURGLARY,1100 - 1199 BLOCK OF INDEPENDENCE AVENUE SE,400790,135527,6,6B,1,107,Cluster 26,006700 2,6700,Precinct 88,38.8875834,-76.99089431,,403889214,2016-10-28,2016-10-29,14:30:55,00:00:57
-77.01518721,38.91075105,16189994,2016/11/07 18:05:19+00,DAY,OTHERS,BURGLARY,1522 - 1599 BLOCK OF 3RD STREET NW,398683,138098,5,5E,3,308,Cluster 21,004600 2,4600,Precinct 19,38.91074326,-77.01518492,,403889238,2016-11-07,2016-11-07,16:50:22,17:30:06
-77.01061054,38.91557102,16190041,2016/11/07 20:53:08+00,EVENING,OTHERS,BURGLARY,1 - 99 BLOCK OF T STREET NW,399080,138633,5,5E,3,308,Cluster 21,003302 1,3302,Precinct 19,38.91556322,-77.01060825,,403889242,2016-11-07,2016-11-07,16:45:46,18:40:02
-77.00980836,38.95166736,16207950,2016/12/09 03:14:56+00,EVENING,OTHERS,BURGLARY,1  - 99 BLOCK OF FARRAGUT PLACE NW,399150,142640,4,4D,4,407,Cluster 19,002202 1,2202,Precinct 57,38.95165956,-77.00980607,,403889318,2016-12-09,2016-12-09,01:36:39,03:13:24
-76.99497717,38.88323137,16207959,2016/12/09 04:08:08+00,MIDNIGHT,OTHERS,BURGLARY,400 - 499 BLOCK OF 8TH STREET SE,400436,135043,6,6B,1,106,Cluster 26,007000 2,7000,Precinct 90,38.88322359,-76.99497489,CAPITOL HILL,403889319,2016-12-09,2016-12-09,02:12:33,02:20:50
-76.97688343,38.84372728,16122231,2016/07/23 19:54:13+00,EVENING,OTHERS,BURGLARY,1800 - 1916 BLOCK OF MISSISSIPPI AVENUE SE,402007,130658,8,8B,7,704,Cluster 38,007409 3,7409,Precinct 116,38.8437195,-76.97688116,,403889353,2016-07-23,2016-07-23,18:40:43,19:15:05
-77.01464412,38.90502181,16128128,2016/08/02 01:54:20+00,EVENING,OTHERS,BURGLARY,1102 - 1179 BLOCK OF NEW JERSEY AVENUE NW,398730,137462,6,6E,1,102,Cluster 8,004701 2,4701,Precinct 1,38.90501402,-77.01464183,MOUNT VERNON TRIANGLE CID,403889370,2016-08-01,2016-08-01,23:12:11,23:13:49
-77.02356243,38.95923234,16188842,2016/11/05 20:43:47+00,EVENING,OTHERS,BURGLARY,700  - 799 BLOCK OF MARIETTA PLACE NW,397958,143480,4,4B,4,403,Cluster 18,002101 1,2101,Precinct 58,38.95922454,-77.02356013,,403889500,2016-11-02,2016-11-05,13:15:56,17:29:14
-77.07834756,38.92067998,16188509,2016/11/05 06:03:39+00,MIDNIGHT,OTHERS,BURGLARY,3916 - 3999 BLOCK OF BENTON STREET NW,393206,139203,3,3B,2,204,Cluster 14,000300 2,300,Precinct 11,38.92067219,-77.07834526,,403889541,2016-11-02,2016-11-04,14:30:03,23:00:11
-77.06694057,38.90594042,16189239,2016/11/06 07:17:43+00,MIDNIGHT,OTHERS,BURGLARY,3300 - 3399 BLOCK OF PROSPECT STREET NW,394194,137566,2,2E,2,206,Cluster 4,000202 3,202,Precinct 6,38.90593263,-77.06693826,,403889577,2016-11-06,2016-11-06,05:10:37,05:25:23
-76.99089776,38.87840263,16189464,2016/11/06 19:25:29+00,DAY,OTHERS,BURGLARY,1100 - 1199 BLOCK OF K STREET SE,400790,134507,6,6B,1,106,Cluster 26,007100 1,7100,Precinct 91,38.87839484,-76.99089549,,403889592,2016-11-06,2016-11-06,00:00:38,17:30:05
-77.05332033,38.90018208,16195269,2016/11/17 01:57:30+00,EVENING,OTHERS,BURGLARY,800 - 899 BLOCK OF 25TH STREET NW,395375,136926,2,2A,2,207,Cluster 5,005600 2,5600,Precinct 3,38.90017429,-77.05331803,,403889616,2016-11-11,2016-11-11,16:45:24,16:49:15
-76.97770113,38.84424092,16195781,2016/11/17 19:27:25+00,DAY,OTHERS,BURGLARY,3500 - 3599 BLOCK OF 18TH STREET SE,401936,130715,8,8B,7,704,Cluster 38,007409 3,7409,Precinct 116,38.84423315,-76.97769885,,403889633,2016-11-17,2016-11-17,18:09:11,19:18:57
-76.9247265,38.88590974,16201484,2016/11/28 01:43:54+00,EVENING,OTHERS,BURGLARY,5300 - 5399 BLOCK OF B STREET SE,406531,135343,7,7E,6,604,Cluster 33,009905 1,9905,Precinct 105,38.88590195,-76.92472424,,403889688,2016-11-27,2016-11-28,21:00:43,00:00:23
-77.07137319,38.94592573,16201663,2016/11/28 16:04:06+00,DAY,OTHERS,BURGLARY,4326 - 4399 BLOCK OF RENO ROAD NW,393813,142005,3,3F,2,202,Cluster 11,001200 4,1200,Precinct 33,38.94591793,-77.07137088,,403889700,2016-11-28,2016-11-28,00:40:35,12:15:52
-77.01218311,38.87380806,16201685,2016/11/28 18:34:27+00,DAY,OTHERS,BURGLARY,1300 - 1399 BLOCK OF 1ST STREET SW,398943,133997,6,6D,1,105,Cluster 9,006400 1,6400,Precinct 127,38.87380028,-77.01218083,,403889701,2016-11-23,2016-11-27,11:30:23,10:00:56
-76.98745403,38.93173175,16201835,2016/11/28 20:38:24+00,EVENING,OTHERS,BURGLARY,1300 - 1399 BLOCK OF LAWRENCE STREET NE,401088,140427,5,5B,5,504,Cluster 22,009301 4,9301,Precinct 73,38.93172396,-76.98745175,,403889709,2016-11-28,2016-11-28,19:59:33,20:20:18
-76.9884354,38.85417879,16207347,2016/12/08 02:16:49+00,EVENING,OTHERS,BURGLARY,2400 - 2599 BLOCK OF ELVANS ROAD SE,401004,131818,8,8B,7,703,Cluster 37,007406 2,7406,Precinct 118,38.85417101,-76.98843313,,403889716,2016-12-07,2016-12-08,23:23:26,01:05:28
-77.01065508,38.82779312,16128279,2016/08/02 07:24:46+00,MIDNIGHT,OTHERS,BURGLARY,10 - 199 BLOCK OF DANBURY STREET SW,399075,128889,8,8D,7,708,Cluster 39,009807 2,9807,Precinct 126,38.82778535,-77.01065279,,403889745,2016-08-02,2016-08-02,04:17:30,06:17:45
-77.03363724,38.93974497,16134789,2016/08/12 20:19:52+00,EVENING,OTHERS,BURGLARY,1400  - 1499 BLOCK OF SHEPHERD STREET NW,397084,141317,4,4C,4,404,Cluster 18,002502 4,2502,Precinct 47,38.93973718,-77.03363495,,403889750,2016-08-11,2016-08-12,20:30:01,15:30:42
-77.04666701,38.89784275,16134910,2016/08/12 21:06:55+00,EVENING,OTHERS,BURGLARY,600 - 699 BLOCK OF 21ST STREET NW,395952,136666,2,2A,2,207,Cluster 5,010800 3,10800,Precinct 2,38.89783497,-77.04666471,,403889758,2016-07-03,2016-08-12,19:37:34,21:06:53
-76.97993556,38.92726258,16135272,2016/08/13 07:41:40+00,MIDNIGHT,OTHERS,BURGLARY,1700 - 1799 BLOCK OF RHODE ISLAND AVENUE NE,401740,139931,5,5C,5,505,Cluster 22,009102 1,9102,Precinct 72,38.92725479,-76.97993328,,403889764,2016-08-13,2016-08-13,05:23:40,05:24:29
-76.99988706,38.85935921,16135321,2016/08/13 10:17:08+00,MIDNIGHT,OTHERS,BURGLARY,1100 - 1399 BLOCK OF STEVENS ROAD SE,400010,132393,8,8C,7,703,Cluster 37,007401 1,7401,Precinct 119,38.85935143,-76.99988478,,403889768,2016-08-13,2016-08-13,08:30:14,09:00:02
-77.02192194,38.91483076,16135385,2016/08/13 15:30:35+00,DAY,OTHERS,BURGLARY,1800 - 1899 BLOCK OF 7TH STREET NW,398099,138551,1,1B,3,306,Cluster 3,004400 2,4400,Precinct 137,38.91482297,-77.02191965,,403889773,2016-08-13,,13:20:00,
-77.04254973,38.91409539,16141185,2016/08/23 00:10:38+00,EVENING,OTHERS,BURGLARY,1800 - 1899 BLOCK OF S STREET NW,396310,138470,2,2B,2,208,Cluster 6,004202 1,4202,Precinct 14,38.9140876,-77.04254744,,403889784,2016-08-22,2016-08-22,12:30:17,21:50:26
-76.93563215,38.88355606,16135895,2016/08/14 09:23:37+00,MIDNIGHT,OTHERS,BURGLARY,4439 - 4499 BLOCK OF E STREET SE,405585,135081,7,7F,6,604,Cluster 33,009907 2,9907,Precinct 103,38.88354828,-76.93562988,,403889799,2016-08-13,2016-08-14,18:15:46,07:55:32
-77.05382874,38.91700944,16141610,2016/08/23 17:22:44+00,DAY,OTHERS,BURGLARY,2400 - 2499 BLOCK OF WYOMING AVENUE NW,395332,138794,2,2D,2,208,Cluster 1,004100 2,4100,Precinct 13,38.91700165,-77.05382644,,403889804,2016-08-23,2016-08-23,12:00:46,16:30:37
-76.97695831,38.89723723,16142195,2016/08/24 15:12:09+00,DAY,OTHERS,BURGLARY,600 - 699 BLOCK OF 19TH STREET NE,401999,136598,6,6A,5,507,Cluster 25,007901 1,7901,Precinct 81,38.89722944,-76.97695604,,403889828,2016-08-24,2016-08-24,13:00:23,15:12:09
-76.98832632,38.88720359,16194413,2016/11/15 14:40:19+00,DAY,OTHERS,BURGLARY,200 221  BLOCK OF 13TH STREET SE,401013,135484,6,6B,1,107,Cluster 26,006700 2,6700,Precinct 88,38.88719581,-76.98832404,,403889890,2016-11-15,2016-11-15,03:30:48,10:00:12
-77.0110019,38.91112086,16194695,2016/11/15 23:49:03+00,EVENING,OTHERS,BURGLARY,1 - 99 BLOCK OF Q STREET NW,399046,138139,5,5E,3,308,Cluster 21,004600 1,4600,Precinct 19,38.91111307,-77.01099961,,403889961,2016-11-15,2016-11-15,19:55:36,22:43:01
-76.95886277,38.8919984,16199976,2016/11/25 04:27:36+00,MIDNIGHT,OTHERS,BURGLARY,3300 - 3389 BLOCK OF BLAINE STREET NE,403569,136017,7,7D,6,603,Cluster 32,009604 1,9604,Precinct 101,38.89199061,-76.9588605,,403889966,2016-11-25,2016-11-25,00:56:08,02:00:36
-76.9260229,38.88060463,16200799,2016/11/26 21:39:21+00,EVENING,OTHERS,BURGLARY,605 - 699 BLOCK OF 53RD STREET SE,406419,134754,7,7E,6,604,Cluster 33,007707 1,7707,Precinct 105,38.88059684,-76.92602064,,403890016,2016-11-26,2016-11-26,20:30:00,21:38:51
-76.99401741,38.84510122,16200808,2016/11/26 22:15:55+00,EVENING,OTHERS,BURGLARY,800 - 899 BLOCK OF MALCOLM X AVENUE SE,400519.55,130810.28,8,8C,7,705,Cluster 39,010400 1,10400,Precinct 123,38.84509345,-76.99401513,,403890018,2016-11-26,2016-11-26,21:13:03,22:08:00
-77.01756111,38.90564298,16200933,2016/11/27 02:16:55+00,EVENING,OTHERS,BURGLARY,400 - 499 BLOCK OF M STREET NW,398477,137531,6,6E,3,308,Cluster 8,004802 1,4802,Precinct 18,38.90563519,-77.01755882,,403890019,2016-11-26,2016-11-27,20:30:41,00:30:52
-76.97813512,38.89403949,16206979,2016/12/07 17:28:50+00,DAY,OTHERS,BURGLARY,300 - 399 BLOCK OF 18TH PLACE NE,401897,136243,6,6A,5,507,Cluster 25,007901 2,7901,Precinct 81,38.8940317,-76.97813285,,403890070,2016-12-07,2016-12-07,00:00:14,17:17:48
-76.94928154,38.86289751,16207179,2016/12/08 00:14:40+00,EVENING,OTHERS,BURGLARY,2100 - 2199 BLOCK OF SUITLAND TERRACE SE,404402,132787,7,7B,6,606,Cluster 35,007603 1,7603,Precinct 110,38.86288973,-76.94927928,,403890083,2016-12-07,2016-12-07,12:30:37,21:00:00
-77.06907567,38.9082273,16207188,2016/12/07 23:22:20+00,EVENING,OTHERS,BURGLARY,1400 - 1499 BLOCK OF 35TH STREET NW,394009,137820,2,2E,2,206,Cluster 4,000202 4,202,Precinct 6,38.90821951,-77.06907337,,403890084,2016-12-07,2016-12-07,14:15:47,19:30:47
-76.95223071,38.86367348,16207261,2016/12/08 01:52:08+00,EVENING,OTHERS,BURGLARY,2021 - 2199 BLOCK OF 38TH STREET SE,404146,132873,7,7B,6,606,Cluster 35,007603 1,7603,Precinct 110,38.86366569,-76.95222844,,403890089,2016-12-07,2016-12-08,22:15:36,01:05:05
-76.92646043,38.88101929,16207692,2016/12/08 20:05:21+00,EVENING,OTHERS,BURGLARY,5133 - 5300 BLOCK OF FITCH STREET SE,406381,134800,7,7E,6,604,Cluster 33,007707 1,7707,Precinct 105,38.8810115,-76.92645817,,403890100,2016-12-08,2016-12-08,17:11:43,20:05:07
-77.03969345,38.91997884,16213754,2016/12/19 07:31:13+00,MIDNIGHT,OTHERS,BURGLARY,2120 - 2323 BLOCK OF ONTARIO ROAD NW,396558,139123,1,1C,3,303,Cluster 1,003800 2,3800,Precinct 24,38.91997105,-77.03969115,,403890113,2016-12-19,2016-12-19,02:30:51,04:10:28
-76.94721173,38.90397484,16210478,2016/12/14 01:14:09+00,EVENING,OTHERS,BURGLARY,3500 - 3899 BLOCK OF JAY STREET NE,404579,137347,7,7D,6,601,Cluster 30,009602 1,9602,Precinct 100,38.90396705,-76.94720947,,403890129,2016-12-13,2016-12-13,18:48:10,22:07:42
-77.00359537,38.8264603,16210560,2016/12/13 22:51:47+00,EVENING,OTHERS,BURGLARY,4180 - 4530 BLOCK OF LIVINGSTON ROAD SE,399688,128741,8,8D,7,708,Cluster 39,009810 1,9810,Precinct 125,38.82645253,-77.00359309,,403890135,2016-12-13,2016-12-13,15:00:45,19:00:30
-76.97733028,38.85127644,16127631,2016/08/01 06:38:24+00,MIDNIGHT,OTHERS,BURGLARY,1830 - 1899 BLOCK OF FREDERICK DOUGLASS PLACE SE,401968,131496,8,8E,7,704,Cluster 38,007404 1,7404,Precinct 117,38.85126866,-76.977328,,403890145,2016-07-31,2016-07-31,19:00:54,20:00:04
-77.02822793,38.94080938,16127685,2016/08/01 10:58:31+00,MIDNIGHT,OTHERS,BURGLARY,1200  - 1299 BLOCK OF TAYLOR STREET NW,397553,141435,4,4C,4,404,Cluster 18,002502 1,2502,Precinct 47,38.94080159,-77.02822563,,403890149,2016-07-29,2016-08-01,19:00:59,09:30:21
-76.9915431,38.87884409,16127695,2016/08/01 12:16:15+00,DAY,OTHERS,BURGLARY,800 - 999 BLOCK OF 11TH STREET SE,400734,134556,6,6B,1,106,Cluster 26,007000 2,7000,Precinct 90,38.8788363,-76.99154082,CAPITOL HILL,403890150,2016-08-01,2016-08-01,04:01:16,11:00:08
-77.044164,38.91409479,16141442,2016/08/23 11:30:40+00,DAY,OTHERS,BURGLARY,1900 - 1999 BLOCK OF S STREET NW,396170,138470,2,2B,2,208,Cluster 6,004202 2,4202,Precinct 14,38.914087,-77.0441617,,403890171,2016-08-17,2016-08-22,10:15:21,23:00:23
-77.04776183,38.89735586,16141523,2016/08/23 16:12:31+00,DAY,OTHERS,BURGLARY,2100 - 2199 BLOCK OF F STREET NW,395857,136612,2,2A,2,207,Cluster 5,010800 3,10800,Precinct 2,38.89734807,-77.04775953,,403890177,2016-08-23,2016-08-23,02:00:54,12:30:20
-77.02417386,38.92502774,16147640,2016/09/01 22:26:12+00,EVENING,OTHERS,BURGLARY,700 - 799 BLOCK OF FAIRMONT STREET NW,397904,139683,1,1B,3,304,Cluster 2,003500 1,3500,Precinct 37,38.92501995,-77.02417157,,403890200,2016-09-01,2016-09-01,20:15:30,20:17:15
-77.03409274,38.92743049,16147686,2016/09/02 00:05:05+00,EVENING,OTHERS,BURGLARY,1400 - 1499 BLOCK OF COLUMBIA ROAD NW,397044,139950,1,1A,3,302,Cluster 2,002802 1,2802,Precinct 36,38.9274227,-77.03409044,,403890204,2016-09-01,2016-09-01,13:00:32,23:00:58
-76.92814331,38.88081315,16205441,2016/12/04 20:57:36+00,EVENING,OTHERS,BURGLARY,5100 - 5298 BLOCK OF FITCH STREET SE,406235,134777,7,7E,6,604,Cluster 33,007707 1,7707,Precinct 105,38.88080536,-76.92814105,,403890325,2016-12-02,2016-12-04,19:08:26,19:57:07
-77.06013664,38.90389922,16205677,2016/12/05 07:43:34+00,MIDNIGHT,OTHERS,BURGLARY,1000 - 1099 BLOCK OF THOMAS JEFFERSON STREET NW,394784,137339,2,2E,2,206,Cluster 4,000100 4,100,Precinct 5,38.90389143,-77.06013434,GEORGETOWN,403890333,2016-12-05,,03:41:34,
-76.99034755,38.85642206,16205806,2016/12/05 15:56:54+00,DAY,OTHERS,BURGLARY,2600 - 2657 BLOCK OF DOUGLASS PLACE SE,400838,132067,8,8C,7,703,Cluster 37,007406 1,7406,Precinct 118,38.85641428,-76.99034527,,403890341,2016-12-05,2016-12-05,14:00:01,14:10:41
-77.03196393,38.91224305,16211454,2016/12/15 14:14:28+00,DAY,OTHERS,BURGLARY,1618 - 1699 BLOCK OF 14TH STREET NW,397228,138264,2,2F,3,301,Cluster 7,005201 4,5201,Precinct 16,38.91223526,-77.03196163,,403890369,2016-12-15,2016-12-15,10:39:14,10:47:00
-77.04726006,38.9055897,16211457,2016/12/15 11:43:44+00,MIDNIGHT,OTHERS,BURGLARY,1200 - 1225 BLOCK OF NEW HAMPSHIRE AVENUE NW,395901,137526,2,2A,2,208,Cluster 5,005500 3,5500,Precinct 4,38.90558191,-77.04725776,GOLDEN TRIANGLE,403890370,2016-12-15,2016-12-15,09:20:40,10:34:40
-77.00691308,38.83686493,16211485,2016/12/15 14:34:50+00,DAY,OTHERS,BURGLARY,3651 - 3799 BLOCK OF MARTIN LUTHER KING JR AVENUE SE,399400,129896,8,8C,7,707,Cluster 39,010400 1,10400,Precinct 124,38.83685715,-77.0069108,,403890373,2016-12-15,2016-12-15,03:00:04,11:30:37
-76.98975955,38.93965928,16211496,2016/12/15 14:24:14+00,DAY,OTHERS,BURGLARY,1200 - 1299 BLOCK OF SHEPHERD STREET NE,400888,141307,5,5B,4,405,Cluster 20,009504 1,9504,Precinct 68,38.93965149,-76.98975727,,403890374,2016-12-14,2016-12-15,22:30:06,13:30:06
-77.02598863,38.90491174,16211508,2016/12/15 17:16:58+00,DAY,OTHERS,BURGLARY,1100 - 1199 BLOCK OF 10TH STREET NW,397746,137450,2,2F,3,307,Cluster 8,004902 2,4902,Precinct 129,38.90490395,-77.02598633,,403890375,2016-12-15,2016-12-15,01:30:56,12:30:51
-77.04597544,38.98743947,16205627,2016/12/05 02:41:35+00,EVENING,OTHERS,BURGLARY,1871  - 2199 BLOCK OF PLYMOUTH STREET NW,396017,146612,4,4A,4,401,Cluster 16,001600 4,1600,Precinct 62,38.98743167,-77.04597314,,403890388,2016-12-04,2016-12-05,13:00:51,01:45:26
-76.92337205,38.89142199,16206007,2016/12/06 03:59:03+00,EVENING,OTHERS,BURGLARY,5352 - 5421 BLOCK OF BLAINE STREET NE,406648,135955,7,7C,6,608,Cluster 31,007808 1,7808,Precinct 96,38.8914142,-76.92336979,,403890402,2016-12-05,2016-12-05,16:00:24,20:00:39
-76.98343515,38.85516911,16206092,2016/12/05 23:43:38+00,EVENING,OTHERS,BURGLARY,1500 - 1549 BLOCK OF GAINESVILLE STREET SE,401438,131928,8,8B,7,703,Cluster 37,007407 1,7407,Precinct 118,38.85516133,-76.98343287,,403890407,2016-12-05,2016-12-05,14:00:46,20:00:32
-76.9884354,38.85417879,16206144,2016/12/06 01:10:37+00,EVENING,OTHERS,BURGLARY,2400 - 2599 BLOCK OF ELVANS ROAD SE,401004,131818,8,8B,7,703,Cluster 37,007406 2,7406,Precinct 118,38.85417101,-76.98843313,,403890411,2016-12-06,2016-12-06,00:03:33,01:00:30
-76.978997,38.90311107,16206401,2016/12/06 14:52:45+00,DAY,OTHERS,BURGLARY,1000 - 1099 BLOCK OF 17TH STREET NE,401822,137250,5,5D,5,507,Cluster 23,008903 1,8903,Precinct 78,38.90310328,-76.97899472,,403890419,2016-12-05,2016-12-06,23:00:33,14:00:38
-76.99696121,38.84427004,16206454,2016/12/06 17:45:57+00,DAY,OTHERS,BURGLARY,600 - 699 BLOCK OF RALEIGH PLACE SE,400264,130718,8,8C,7,705,Cluster 39,010400 1,10400,Precinct 123,38.84426226,-76.99695893,,403890423,2016-12-03,2016-12-06,13:00:39,14:53:37
-77.02963591,38.91483806,16206474,2016/12/06 17:46:38+00,DAY,OTHERS,BURGLARY,1800 - 1899 BLOCK OF 13TH STREET NW,397430,138552,1,1B,3,305,Cluster 3,004400 2,4400,Precinct 22,38.91483027,-77.02963362,,403890424,2016-12-05,2016-12-06,23:49:40,14:30:33
-76.93217747,38.89253547,16212508,2016/12/17 09:24:06+00,MIDNIGHT,OTHERS,BURGLARY,4900 - 4927 BLOCK OF BROOKS STREET NE,405884,136078,7,7C,6,602,Cluster 33,007804 3,7804,Precinct 97,38.89252768,-76.93217521,,403890475,2016-12-17,2016-12-17,03:31:49,05:41:31
-77.03854283,38.98864926,16210666,2016/12/14 01:31:12+00,EVENING,OTHERS,BURGLARY,1620  - 1699 BLOCK OF PRIMROSE ROAD NW,396661,146746,4,4A,4,401,Cluster 16,001600 4,1600,Precinct 62,38.98864145,-77.03854053,,403890512,2016-12-13,2016-12-13,09:45:10,23:10:01
-77.00905319,38.910013,16140870,2016/08/22 15:32:50+00,DAY,OTHERS,BURGLARY,1500 - 1519 BLOCK OF NORTH CAPITOL STREET,399215,138016,5,5E,5,501,Cluster 21,010600 2,10600,Precinct 19,38.91000521,-77.0090509,NOMA,403890570,2016-08-22,2016-08-22,08:44:15,14:00:40
-76.99619869,38.88671766,16154410,2016/09/12 17:05:16+00,DAY,OTHERS,BURGLARY,200 - 299 BLOCK OF 7TH STREET SE,400330,135430,6,6B,1,107,Cluster 26,006600 1,6600,Precinct 89,38.88670988,-76.99619641,CAPITOL HILL,403890617,2016-09-12,2016-09-12,04:30:11,14:10:43
-77.06558537,38.91164347,16213354,2016/12/18 17:48:27+00,DAY,OTHERS,BURGLARY,1600 - 1677 BLOCK OF WISCONSIN AVENUE NW,394312,138199,2,2E,2,206,Cluster 4,000202 1,202,Precinct 6,38.91163568,-77.06558306,GEORGETOWN,403890712,2016-12-17,2016-12-18,23:30:30,16:02:12
-77.03455822,38.91224231,16213539,2016/12/18 23:02:09+00,EVENING,OTHERS,BURGLARY,1620 - 1699 BLOCK OF 15TH STREET NW,397003,138264,2,2B,3,301,Cluster 6,005201 2,5201,Precinct 16,38.91223452,-77.03455592,,403890722,2016-12-18,2016-12-18,21:15:25,21:20:09
-76.97952749,38.9025076,16213664,2016/12/19 03:13:47+00,EVENING,OTHERS,BURGLARY,1638 - 1699 BLOCK OF K STREET NE,401776,137183,5,5D,5,507,Cluster 23,008903 1,8903,Precinct 79,38.90249981,-76.97952521,,403890730,2016-12-18,2016-12-19,14:00:23,01:10:35
-76.98637125,38.86428602,16125028,2016/07/28 02:37:28+00,EVENING,OTHERS,BURGLARY,1326 - 1399 BLOCK OF W STREET SE,401183,132940,8,8A,7,701,Cluster 28,007503 2,7503,Precinct 114,38.86427824,-76.98636897,,403890736,2016-07-28,2016-07-28,01:58:46,02:05:14
-77.0448937,38.91930133,16211617,2016/12/15 18:42:16+00,DAY,OTHERS,BURGLARY,2200 - 2299 BLOCK OF 19TH STREET NW,396107,139048,1,1C,3,303,Cluster 1,004001 2,4001,Precinct 25,38.91929354,-77.0448914,,403890745,2016-12-15,2016-12-15,17:52:53,18:41:34
-76.96064296,38.88283749,16125748,2016/07/29 05:00:28+00,MIDNIGHT,OTHERS,BURGLARY,3200 - 3299 BLOCK OF E STREET SE,403415,135000,7,7B,6,603,Cluster 32,007708 2,7708,Precinct 132,38.8828297,-76.96064069,,403890768,2016-07-27,2016-07-28,16:00:08,02:00:19
-77.01802385,38.91186768,16126055,2016/07/29 19:53:55+00,EVENING,OTHERS,BURGLARY,400 - 499 BLOCK OF WARNER STREET NW,398437,138222,6,6E,3,308,Cluster 7,004801 1,4801,Precinct 18,38.91185989,-77.01802156,,403890775,2016-07-29,2016-07-29,13:30:01,18:00:45
-77.0684651,38.90874113,16211771,2016/12/15 23:31:41+00,EVENING,OTHERS,BURGLARY,3400 - 3499 BLOCK OF P STREET NW,394062,137877,2,2E,2,206,Cluster 4,000202 2,202,Precinct 6,38.90873334,-77.0684628,,403890808,2016-12-02,2016-12-15,22:12:45,21:00:16
-76.99951852,38.83782003,16125881,2016/07/29 14:41:42+00,DAY,OTHERS,BURGLARY,400 - 499 BLOCK OF WOODCREST DRIVE SE,400042,130002,8,8C,7,705,Cluster 39,009804 2,9804,Precinct 122,38.83781225,-76.99951624,,403890824,2016-07-28,2016-07-29,22:30:59,10:00:40
-76.97014031,38.93698045,16126295,2016/07/30 02:56:55+00,EVENING,OTHERS,BURGLARY,3800 - 3899 BLOCK OF 26TH STREET NE,402589,141010,5,5C,5,503,Cluster 24,009400 3,9400,Precinct 69,38.93697266,-76.97013803,,403890842,2016-07-30,2016-07-30,02:07:09,02:49:38
-76.96458865,38.85156154,16126823,2016/07/30 21:30:30+00,EVENING,OTHERS,BURGLARY,3000 - 3099 BLOCK OF 30TH STREET SE,403074,131528,8,8B,7,702,Cluster 36,007408 1,7408,Precinct 115,38.85155377,-76.96458639,,403890871,2016-07-30,2016-07-30,09:15:09,21:10:23
-76.99012726,38.86647544,16133527,2016/08/10 17:39:35+00,DAY,OTHERS,BURGLARY,2000 - 2099 BLOCK OF SHANNON PLACE SE,400857,133183,8,8A,7,701,Cluster 28,007503 1,7503,Precinct 114,38.86646766,-76.99012498,ANACOSTIA,403890898,2016-08-08,2016-08-08,07:00:51,08:00:11
-77.05635253,38.90053198,16134038,2016/08/11 14:37:54+00,DAY,OTHERS,BURGLARY,2700 - 2749 BLOCK OF VIRGINIA AVENUE NW,395112,136965,2,2A,2,207,Cluster 5,005600 2,5600,Precinct 3,38.9005242,-77.05635022,,403890915,2016-05-11,2016-07-26,04:00:45,04:00:35
-77.03739284,38.9308076,16140824,2016/08/22 13:36:22+00,DAY,OTHERS,BURGLARY,1600 - 1665 BLOCK OF LAMONT STREET NW,396758,140325,1,1D,3,302,Cluster 2,002702 1,2702,Precinct 39,38.9307998,-77.03739055,,403890945,2016-08-19,2016-08-22,19:00:13,12:00:17
-77.00057812,38.82964935,16146399,2016/08/30 23:45:52+00,EVENING,OTHERS,BURGLARY,4100 - 4199 BLOCK OF 4TH STREET SE,399950,129095,8,8D,7,706,Cluster 39,009811 1,9811,Precinct 125,38.82964158,-77.00057584,,403890950,2016-08-30,2016-08-30,16:15:36,21:30:42
-77.03391341,38.91409822,16141174,2016/08/22 23:35:54+00,EVENING,OTHERS,BURGLARY,1416 - 1499 BLOCK OF S STREET NW,397059,138470,2,2F,3,301,Cluster 7,005201 4,5201,Precinct 16,38.91409043,-77.03391111,,403890958,2016-08-20,2016-08-22,21:00:09,21:29:16
-76.97469975,38.89477748,16147411,2016/09/01 16:30:52+00,DAY,OTHERS,BURGLARY,2100 - 2199 BLOCK OF D STREET NE,402195,136325,7,7D,5,507,Cluster 25,007903 1,7903,Precinct 80,38.89476969,-76.97469747,,403890989,2016-09-01,2016-09-01,15:44:14,16:30:34
-76.95198523,38.86889826,16124129,2016/07/27 01:14:39+00,EVENING,OTHERS,BURGLARY,1600 - 1799 BLOCK OF 38TH STREET SE,404167,133453,7,7B,6,605,Cluster 34,009901 2,9901,Precinct 109,38.86889047,-76.95198296,,403891073,2016-07-26,2016-07-26,12:00:48,19:00:57
-77.0161787,38.91038157,16124694,2016/07/27 19:41:14+00,EVENING,OTHERS,BURGLARY,1500 - 1599 BLOCK OF 4TH STREET NW,398597,138057,5,5E,3,308,Cluster 21,004600 2,4600,Precinct 19,38.91037378,-77.01617641,,403891092,2016-07-27,2016-07-27,16:40:00,17:00:04
-76.99497412,38.9265075,16124776,2016/07/27 21:44:52+00,EVENING,OTHERS,BURGLARY,2700 - 2999 BLOCK OF 8TH STREET NE,400436,139847,5,5E,5,502,Cluster 21,009201 1,9201,Precinct 74,38.9264997,-76.99497184,,403891100,2016-07-27,,19:21:35,
-77.005641,38.91812072,16138899,2016/08/19 10:38:18+00,MIDNIGHT,OTHERS,BURGLARY,120 - 139 BLOCK OF V STREET NE,399511,138916,5,5E,5,502,Cluster 21,009203 2,9203,Precinct 74,38.91811293,-77.00563872,,403891194,2016-08-19,2016-08-19,02:00:51,09:00:11
-76.99005924,38.85846695,16138982,2016/08/19 17:20:08+00,DAY,OTHERS,BURGLARY,2627 - 2699 BLOCK OF STANTON ROAD SE,400863,132294,8,8A,7,703,Cluster 37,007406 1,7406,Precinct 118,38.85845917,-76.99005696,,403891198,2016-08-19,2016-08-19,04:00:25,12:45:41
-76.98077672,38.88712152,16139458,2016/08/20 03:59:31+00,MIDNIGHT,OTHERS,BURGLARY,200 - 245 BLOCK OF 17TH STREET SE,401668,135475,6,6B,1,107,Cluster 26,006801 2,6801,Precinct 87,38.88711373,-76.98077445,,403891214,2016-08-19,2016-08-19,19:15:01,19:30:23
-77.01216687,38.91371515,16139492,2016/08/20 05:59:29+00,MIDNIGHT,OTHERS,BURGLARY,1720 - 1799 BLOCK OF 1ST STREET NW,398945,138427,5,5E,3,308,Cluster 21,003302 1,3302,Precinct 19,38.91370736,-77.01216458,,403891217,2016-08-19,2016-08-20,11:25:00,03:00:22
-76.98573795,38.86212392,16139508,2016/08/20 07:04:47+00,MIDNIGHT,OTHERS,BURGLARY,1424 - 1455 BLOCK OF CEDAR STREET SE,401238,132700,8,8A,7,701,Cluster 28,007503 2,7503,Precinct 114,38.86211614,-76.98573567,,403891218,2016-08-20,2016-08-20,03:35:01,03:37:24
-77.03272968,38.94773558,16139778,2016/08/20 17:31:49+00,DAY,OTHERS,BURGLARY,4700  - 4799 BLOCK OF 14TH STREET NW,397163,142204,4,4C,4,404,Cluster 18,002501 2,2501,Precinct 48,38.94772779,-77.03272738,,403891286,2016-07-27,2016-08-20,16:30:53,15:30:11
-77.01692627,38.90252619,16140304,2016/08/21 14:27:59+00,DAY,OTHERS,BURGLARY,400 - 443 BLOCK OF K STREET NW,398532,137185,6,6E,1,101,Cluster 8,004702 1,4702,Precinct 1,38.9025184,-77.01692398,MOUNT VERNON TRIANGLE CID,403891309,2016-08-20,2016-08-21,22:00:00,10:37:50
-76.97234631,38.89956039,16140365,2016/08/21 15:56:11+00,DAY,OTHERS,BURGLARY,600 - 799 BLOCK OF 24TH STREET NE,402399,136856,5,5D,5,507,Cluster 23,008904 1,8904,Precinct 79,38.8995526,-76.97234404,,403891314,2016-08-21,2016-08-21,14:45:58,15:00:08
-77.00063681,38.95309108,16152822,2016/09/09 23:32:50+00,EVENING,OTHERS,BURGLARY,300 - 399 BLOCK OF HAMILTON STREET NE,399945,142798,5,5A,4,406,Cluster 19,009508 1,9508,Precinct 66,38.95308328,-77.00063452,,403891339,2016-09-09,2016-09-09,20:45:35,23:32:49
-77.0279064,38.94451187,16153263,2016/09/10 16:03:08+00,DAY,OTHERS,BURGLARY,4400  - 4499 BLOCK OF IOWA AVENUE NW,397581,141846,4,4C,4,404,Cluster 18,002501 1,2501,Precinct 48,38.94450407,-77.02790411,,403891358,2016-09-10,2016-09-10,14:00:52,14:20:02
-77.02091608,38.90564243,16153283,2016/09/10 17:42:14+00,DAY,OTHERS,BURGLARY,600 - 699 BLOCK OF M STREET NW,398186,137531,6,6E,3,308,Cluster 8,004802 2,4802,Precinct 18,38.90563464,-77.02091379,,403891360,2016-09-10,2016-09-10,01:00:01,15:00:50
-76.99466173,38.940083,16160527,2016/09/21 22:25:21+00,EVENING,OTHERS,BURGLARY,4000 - 4099 BLOCK OF 8TH STREET NE,400463,141354,5,5B,4,405,Cluster 20,009504 1,9504,Precinct 68,38.9400752,-76.99465945,,403891433,2016-09-21,2016-09-21,15:30:57,21:25:10
-77.0270404,38.91186594,16160547,2016/09/21 23:03:25+00,EVENING,OTHERS,BURGLARY,1600 - 1699 BLOCK OF 11TH STREET NW,397655,138222,2,2F,3,307,Cluster 7,005001 1,5001,Precinct 16,38.91185815,-77.02703811,,403891434,2016-09-21,2016-09-21,12:00:27,22:00:14
-77.02377367,38.96992509,16160582,2016/09/21 23:54:43+00,EVENING,OTHERS,BURGLARY,715  - 799 BLOCK OF VAN BUREN STREET NW,397940,144667,4,4B,4,401,Cluster 17,001901 4,1901,Precinct 59,38.96991729,-77.02377138,,403891437,2016-09-21,2016-09-21,12:30:38,21:00:31
-76.95128128,38.87041138,16124452,2016/07/27 05:26:16+00,MIDNIGHT,OTHERS,BURGLARY,1516 1599  BLOCK OF 38TH STREET SE,404228,133621,7,7B,6,605,Cluster 34,009901 2,9901,Precinct 109,38.87040359,-76.95127901,,403891457,2016-07-27,2016-07-27,03:59:12,05:26:16
-77.08530189,38.95991525,16124520,2016/07/27 09:41:15+00,MIDNIGHT,OTHERS,BURGLARY,5300 - 5399 BLOCK OF WISCONSIN AVENUE NW,392607,143559,3,3E,2,202,Cluster 11,001001 1,1001,Precinct 31,38.95990745,-77.08529958,,403891462,2016-07-27,2016-07-27,09:06:45,09:07:08
-76.97987574,38.8940398,16130598,2016/08/05 20:46:44+00,EVENING,OTHERS,BURGLARY,300 - 399 BLOCK OF 17TH PLACE NE,401746,136243,6,6A,5,507,Cluster 25,007901 2,7901,Precinct 81,38.89403201,-76.97987346,,403891473,2016-07-30,2016-08-05,14:00:36,18:00:37
-77.03387266,38.92540368,16130686,2016/08/05 23:06:31+00,EVENING,OTHERS,BURGLARY,1400 - 1499 BLOCK OF GIRARD STREET NW,397063,139725,1,1B,3,304,Cluster 2,003700 2,3700,Precinct 36,38.92539589,-77.03387036,,403891477,2016-08-05,2016-08-05,21:46:35,22:20:21
-76.94091142,38.89678315,16131265,2016/08/06 22:37:00+00,EVENING,OTHERS,BURGLARY,4200 - 4399 BLOCK OF EDSON PLACE NE,405126,136549,7,7D,6,602,Cluster 30,007803 4,7803,Precinct 99,38.89677536,-76.94090915,,403891495,2016-08-04,2016-08-06,12:00:03,20:40:42
-76.99376725,38.88027656,16131674,2016/08/07 15:14:03+00,DAY,OTHERS,BURGLARY,700 - 799 BLOCK OF 9TH STREET SE,400541,134715,6,6B,1,106,Cluster 26,007000 2,7000,Precinct 90,38.88026878,-76.99376497,,403891508,2016-08-06,2016-08-07,21:00:24,08:00:55
-76.92833467,38.88535349,16131750,2016/08/07 17:47:02+00,DAY,OTHERS,BURGLARY,220 - 299 BLOCK OF 51ST STREET SE,406218,135281,7,7E,6,604,Cluster 33,009904 2,9904,Precinct 104,38.8853457,-76.92833241,,403891514,2016-08-06,2016-08-07,04:00:29,17:45:01
-77.0175745,38.91319197,16131757,2016/08/07 18:18:17+00,DAY,OTHERS,BURGLARY,1700 - 1739 BLOCK OF NEW JERSEY AVENUE NW,398476,138369,5,6E,3,308,Cluster 21,004801 1,4801,Precinct 18,38.91318418,-77.01757221,,403891515,2016-08-07,2016-08-07,06:22:49,06:24:02
-77.01274319,38.91260706,16138618,2016/08/18 23:10:26+00,EVENING,OTHERS,BURGLARY,100 - 199 BLOCK OF R STREET NW,398895,138304,5,5E,3,308,Cluster 21,003302 2,3302,Precinct 19,38.91259927,-77.0127409,,403891555,2016-08-18,2016-08-18,22:21:33,23:00:25
-77.04469985,38.92278763,16144579,2016/08/28 01:13:29+00,EVENING,OTHERS,BURGLARY,2500 - 2599 BLOCK OF CLIFFBOURNE PLACE NW,396124,139435,1,1C,3,303,Cluster 1,004001 1,4001,Precinct 25,38.92277984,-77.04469755,,403891570,2016-08-01,2016-08-27,16:00:25,23:30:16
-77.02972371,38.93184575,16144974,2016/08/28 21:08:34+00,EVENING,OTHERS,BURGLARY,3400 - 3499 BLOCK OF 13TH STREET NW,397423,140440,1,1A,3,302,Cluster 2,002900 2,2900,Precinct 42,38.93183796,-77.02972142,,403891592,2016-08-28,2016-08-28,18:27:17,18:40:50
-76.99025151,38.88477151,16152100,2016/09/09 00:00:45+00,EVENING,OTHERS,BURGLARY,300 - 399 BLOCK OF 12TH STREET SE,400846,135214,6,6B,1,107,Cluster 26,006900 1,6900,Precinct 91,38.88476372,-76.99024923,,403891651,2016-09-08,2016-09-08,21:59:00,22:43:58
-76.96561411,38.85126457,16140122,2016/08/21 04:19:40+00,MIDNIGHT,OTHERS,BURGLARY,3030 - 3299 BLOCK OF BUENA VISTA TERRACE SE,402985,131495,8,8B,7,702,Cluster 36,007502 2,7502,Precinct 115,38.85125679,-76.96561184,,403891670,2016-08-21,2016-08-21,02:20:14,02:25:27
-76.97699233,38.89899387,16146105,2016/08/30 20:46:32+00,EVENING,OTHERS,BURGLARY,1800 - 1869 BLOCK OF BENNING ROAD NE,401996,136793,6,6A,5,507,Cluster 25,007901 1,7901,Precinct 81,38.89898608,-76.97699005,,403891695,2016-08-30,2016-08-30,12:00:35,14:35:33
-77.01554443,38.96270186,16146312,2016/08/30 21:18:31+00,EVENING,OTHERS,BURGLARY,219  - 299 BLOCK OF PEABODY STREET NW,398653,143865,4,4B,4,406,Cluster 17,001902 1,1902,Precinct 64,38.96269406,-77.01554214,,403891707,2016-08-30,2016-08-30,13:30:13,20:05:19
-77.02809138,38.91628879,16152941,2016/09/10 05:20:39+00,MIDNIGHT,OTHERS,BURGLARY,1900 - 1999 BLOCK OF 12TH STREET NW,397564,138713,1,1B,3,305,Cluster 3,004400 2,4400,Precinct 22,38.916281,-77.02808909,,403891713,2016-09-10,2016-09-10,02:05:43,02:55:17
-77.04419069,38.90133896,16158892,2016/09/19 13:46:30+00,DAY,OTHERS,BURGLARY,1900 - 1999 BLOCK OF I STREET NW,396167,137054,2,2B,2,207,Cluster 6,010700 1,10700,Precinct 17,38.90133117,-77.04418839,GOLDEN TRIANGLE,403891727,2016-09-18,2016-09-19,19:20:48,11:30:20
-76.92605796,38.89126157,16159314,2016/09/20 01:09:14+00,EVENING,OTHERS,BURGLARY,100 - 199 BLOCK OF 53RD STREET NE,406415,135937,7,7C,6,608,Cluster 33,007808 1,7808,Precinct 96,38.89125378,-76.9260557,,403891740,2016-09-19,2016-09-19,08:30:01,21:45:08
-76.9915718,38.92855219,16159386,2016/09/20 02:45:55+00,EVENING,OTHERS,BURGLARY,1000 - 1199 BLOCK OF IRVING STREET NE,400731,140074,5,5B,5,504,Cluster 22,009301 2,9301,Precinct 73,38.92854439,-76.99156952,,403891746,2016-09-20,2016-09-20,01:25:56,02:45:54
-76.93015852,38.90607385,16159410,2016/09/20 10:59:24+00,MIDNIGHT,OTHERS,BURGLARY,4914 - 4999 BLOCK OF MEADE STREET NE,406058,137581,7,7C,6,602,Cluster 31,007806 1,7806,Precinct 93,38.90606605,-76.93015626,,403891748,2016-09-20,2016-09-20,02:40:24,04:59:55
-77.01695121,38.91044452,16159721,2016/09/21 10:24:35+00,MIDNIGHT,OTHERS,BURGLARY,400 - 499 BLOCK OF FRANKLIN STREET NW,398530,138064,6,6E,3,308,Cluster 7,004801 1,4801,Precinct 18,38.91043673,-77.01694892,,403891759,2016-09-20,2016-09-20,18:10:42,19:39:16
-76.99147978,38.92649829,16159863,2016/09/21 00:02:15+00,EVENING,OTHERS,BURGLARY,1000 - 1199 BLOCK OF GIRARD STREET NE,400739,139846,5,5B,5,504,Cluster 22,009302 1,9302,Precinct 73,38.92649049,-76.9914775,,403891769,2016-09-20,2016-09-20,21:07:35,23:08:44
-77.04138083,38.92650929,16159973,2016/09/21 02:56:10+00,EVENING,OTHERS,BURGLARY,2900 - 2923 BLOCK OF 18TH STREET NW,396412,139848,1,1C,3,303,Cluster 1,003900 2,3900,Precinct 35,38.92650149,-77.04137853,,403891773,2016-09-20,2016-09-20,21:00:42,23:00:04
-76.99527303,38.94073162,16159986,2016/09/21 02:16:59+00,EVENING,OTHERS,BURGLARY,710 - 799 BLOCK OF TAYLOR STREET NE,400410,141426,5,5B,4,405,Cluster 20,009504 1,9504,Precinct 68,38.94072383,-76.99527074,,403891774,2016-09-20,2016-09-21,23:47:39,01:18:39
-77.04361952,38.90993314,16165341,2016/09/29 09:53:30+00,MIDNIGHT,OTHERS,BURGLARY,1300 - 1699 BLOCK OF CONNECTICUT AVENUE NW,396217,138008,2,2B,2,208,Cluster 6,005500 1,5500,Precinct 14,38.90992535,-77.04361722,,403891777,2016-09-29,,08:14:36,
-77.11093182,38.933004,16160166,2016/09/21 11:55:21+00,DAY,OTHERS,BURGLARY,5700 - 5799 BLOCK OF SHERIER PLACE NW,390382,140574,3,3D,2,205,Cluster 13,000902 2,902,Precinct 8,38.93299621,-77.1109295,,403891781,2016-09-21,2016-09-21,10:40:55,10:47:02
-76.9823183,38.85240336,16160279,2016/09/21 16:42:22+00,DAY,OTHERS,BURGLARY,3033 - 3097 BLOCK OF STANTON ROAD SE,401535,131621,8,8E,7,704,Cluster 38,007404 3,7404,Precinct 117,38.85239558,-76.98231603,,403891788,2016-09-21,2016-09-21,14:39:10,16:42:14
-77.01087047,38.95659479,16165722,2016/09/30 18:25:41+00,DAY,OTHERS,BURGLARY,11  - 99 BLOCK OF KENNEDY STREET NW,399058,143187,4,4B,4,406,Cluster 17,002102 2,2102,Precinct 57,38.95658699,-77.01086818,,403891797,2016-09-29,2016-09-29,18:00:36,19:00:26
-77.02562164,38.9745189,16165739,2016/09/29 23:48:03+00,EVENING,OTHERS,BURGLARY,6900  - 7015 BLOCK OF 9TH STREET NW,397780,145177,4,4B,4,401,Cluster 17,010300 3,10300,Precinct 63,38.9745111,-77.02561935,,403891799,2016-09-29,2016-09-29,22:39:49,22:44:42
-77.02155335,38.91611902,16137607,2016/08/17 06:58:49+00,MIDNIGHT,OTHERS,BURGLARY,631 - 699 BLOCK OF FLORIDA AVENUE NW,398131,138694,1,1B,3,306,Cluster 3,003400 2,3400,Precinct 37,38.91611123,-77.02155106,,403891875,2016-08-16,2016-08-17,06:00:42,05:16:42
-77.02331042,38.92953207,16143608,2016/08/26 18:50:58+00,DAY,OTHERS,BURGLARY,3100 - 3199 BLOCK OF GEORGIA AVENUE NW,397979,140183,1,1A,4,409,Cluster 2,003100 1,3100,Precinct 38,38.92952428,-77.02330812,,403891893,2016-08-26,2016-08-26,16:32:26,18:49:52
-76.98155946,38.84653875,16138063,2016/08/18 02:35:09+00,EVENING,OTHERS,BURGLARY,1500 - 1699 BLOCK OF ALABAMA AVENUE SE,401601,130970,8,8E,7,704,Cluster 38,007304 1,7304,Precinct 120,38.84653097,-76.98155719,,403891902,2016-08-17,2016-08-17,15:00:00,15:15:42
-76.97989435,38.8689064,16144302,2016/08/27 17:34:14+00,DAY,OTHERS,BURGLARY,1700 - 1799 BLOCK OF MINNESOTA AVENUE SE,401745,133453,8,8A,6,607,Cluster 34,007601 4,7601,Precinct 133,38.86889861,-76.97989207,,403891924,2016-08-27,2016-08-27,16:01:05,17:34:08
-76.99617482,38.90192379,16144473,2016/08/28 00:51:36+00,EVENING,OTHERS,BURGLARY,900 - 999 BLOCK OF 7TH STREET NE,400332,137118,6,6C,5,501,Cluster 25,010600 3,10600,Precinct 83,38.901916,-76.99617254,,403891938,2016-08-27,2016-08-27,20:25:29,20:27:51
-76.9920938,38.90132003,16144810,2016/08/28 12:28:17+00,DAY,OTHERS,BURGLARY,1000 - 1099 BLOCK OF I STREET NE,400686,137051,6,6A,1,104,Cluster 25,008410 1,8410,Precinct 82,38.90131224,-76.99209151,,403891950,2016-08-28,2016-08-28,11:07:43,12:07:29
-77.03752853,38.90374652,16145075,2016/08/29 00:11:48+00,EVENING,OTHERS,BURGLARY,1600 - 1699 BLOCK OF L STREET NW,396745,137321,2,2B,2,207,Cluster 6,010700 1,10700,Precinct 17,38.90373873,-77.03752624,GOLDEN TRIANGLE,403891967,2016-08-26,2016-08-28,10:30:20,22:00:44
-77.03750936,38.91113337,16151727,2016/09/08 12:26:01+00,DAY,OTHERS,BURGLARY,1600 - 1699 BLOCK OF Q STREET NW,396747,138141,2,2B,3,301,Cluster 6,005301 2,5301,Precinct 15,38.91112558,-77.03750706,,403892004,2016-09-08,2016-09-08,02:30:55,10:30:50
-76.93552728,38.91031987,16151771,2016/09/08 15:15:23+00,DAY,OTHERS,BURGLARY,1500 - 1599 BLOCK OF KENILWORTH AVENUE NE,405592,138052,7,7D,6,602,Cluster 31,009601 1,9601,Precinct 92,38.91031207,-76.93552502,,403892007,2016-09-07,2016-09-08,00:00:27,11:30:11
-77.01654486,38.94802726,16152150,2016/09/09 00:42:40+00,EVENING,OTHERS,BURGLARY,4700  - 4799 BLOCK OF 3RD PLACE NW,398566,142236,4,4C,4,407,Cluster 18,002202 2,2202,Precinct 55,38.94801946,-77.01654256,,403892019,2016-09-08,2016-09-08,11:30:59,21:00:24
-77.03500518,38.90671105,16158255,2016/09/18 08:49:10+00,MIDNIGHT,OTHERS,BURGLARY,1500 - 1549 BLOCK OF MASSACHUSETTS AVENUE NW,396964,137650,2,2B,2,208,Cluster 6,010100 2,10100,Precinct 17,38.90670326,-77.03500288,DOWNTOWN,403892038,2016-09-17,2016-09-18,22:30:35,00:30:48
-76.97720474,38.91971311,16164802,2016/09/28 13:55:21+00,DAY,OTHERS,BURGLARY,2000 - 2299 BLOCK OF LAWRENCE AVENUE NE,401977,139093,5,5C,5,505,Cluster 22,011100 3,11100,Precinct 72,38.91970531,-76.97720247,,403892071,2016-09-27,2016-09-28,22:00:53,10:00:14
-77.00057884,38.91755333,16164970,2016/09/28 20:14:02+00,EVENING,OTHERS,BURGLARY,2000 - 2099 BLOCK OF 4TH STREET NE,399950,138853,5,5E,5,502,Cluster 21,008702 1,8702,Precinct 75,38.91754554,-77.00057655,,403892081,2016-09-28,2016-09-28,13:00:05,18:00:51
-76.96874872,38.87511975,16164723,2016/09/28 06:28:30+00,MIDNIGHT,OTHERS,BURGLARY,2500 - 2599 BLOCK OF N STREET SE,402712,134143,7,7B,6,605,Cluster 34,007709 1,7709,Precinct 111,38.87511196,-76.96874644,,403892126,2016-09-28,2016-09-28,04:10:27,04:45:17
-77.01060977,38.91038221,16165022,2016/09/28 20:46:43+00,EVENING,OTHERS,BURGLARY,1 - 99 BLOCK OF BATES STREET NW,399080,138057,5,5E,3,308,Cluster 21,004600 1,4600,Precinct 19,38.91037442,-77.01060748,,403892137,2016-09-28,2016-09-28,18:21:30,20:46:42
-77.01990326,38.91186737,16165097,2016/09/28 22:55:13+00,EVENING,OTHERS,BURGLARY,1600 - 1699 BLOCK OF 6TH STREET NW,398274,138222,6,6E,3,308,Cluster 7,004801 1,4801,Precinct 18,38.91185958,-77.01990097,,403892142,2016-09-28,2016-09-28,13:30:58,21:00:07
-77.00780809,38.91111211,16165156,2016/09/29 00:51:16+00,EVENING,OTHERS,BURGLARY,1 - 99 BLOCK OF Q STREET NE,399323,138138,5,5E,5,502,Cluster 21,008701 1,8701,Precinct 75,38.91110432,-77.0078058,,403892148,2016-09-28,2016-09-29,22:38:23,00:09:17
-77.01736364,38.94693714,16165568,2016/09/29 19:11:02+00,EVENING,OTHERS,BURGLARY,4600  - 4699 BLOCK OF 4TH STREET NW,398495,142115,4,4C,4,407,Cluster 18,002202 2,2202,Precinct 46,38.94692934,-77.01736135,,403892168,2016-09-29,2016-09-29,17:20:51,17:40:09
-76.9937641,38.91639109,16170989,2016/10/08 13:21:42+00,DAY,OTHERS,BURGLARY,1900 - 1999 BLOCK OF 9TH STREET NE,400541,138724,5,5C,5,505,Cluster 22,009102 2,9102,Precinct 72,38.9163833,-76.99376182,,403892173,2016-10-08,2016-10-08,02:00:21,10:00:33
-77.04081378,38.92309533,16165838,2016/09/30 03:09:19+00,MIDNIGHT,OTHERS,BURGLARY,1734 - 1769 BLOCK OF EUCLID STREET NW,396461,139469,1,1C,3,303,Cluster 1,003800 1,3800,Precinct 24,38.92308754,-77.04081148,,403892178,2016-09-30,2016-09-30,00:45:16,03:00:05
-77.02483614,38.93921568,16216223,2016/12/23 19:34:56+00,DAY,OTHERS,BURGLARY,3900  - 3999 BLOCK OF GEORGIA AVENUE NW,397847,141258,4,4C,4,404,Cluster 18,002502 1,2502,Precinct 47,38.93920789,-77.02483385,,403892268,2016-12-23,2016-12-23,01:12:22,01:15:50
-77.06772144,38.93909061,16137155,2016/08/16 17:51:14+00,DAY,OTHERS,BURGLARY,3400 - 3499 BLOCK OF RODMAN STREET NW,394129,141246,3,3C,2,203,Cluster 15,000600 4,600,Precinct 27,38.93908281,-77.06771913,,403892286,2016-08-16,2016-08-16,15:00:16,17:15:05
-77.00278119,38.91557146,16150100,2016/09/05 22:19:13+00,EVENING,OTHERS,BURGLARY,200 - 299 BLOCK OF T STREET NE,399759,138633,5,5E,5,502,Cluster 21,008702 2,8702,Precinct 75,38.91556367,-77.0027789,,403892310,2016-09-05,2016-09-05,21:06:31,22:00:09
-76.94733415,38.89431793,16150471,2016/09/06 17:16:02+00,DAY,OTHERS,BURGLARY,3920 - 3999 BLOCK OF BENNING ROAD NE,404569,136275,7,7F,6,603,Cluster 32,009603 2,9603,Precinct 102,38.89431014,-76.94733189,,403892328,2016-09-06,2016-09-06,13:28:29,14:55:53
-77.01532473,38.90685042,16156722,2016/09/16 01:06:22+00,EVENING,OTHERS,BURGLARY,1221 - 1299 BLOCK OF NEW JERSEY AVENUE NW,398671,137665,6,6E,3,308,Cluster 7,004802 1,4802,Precinct 1,38.90684263,-77.01532244,,403892339,2016-09-15,2016-09-15,12:40:47,22:00:07
-76.99005924,38.85846695,16157417,2016/09/17 02:03:43+00,EVENING,OTHERS,BURGLARY,2627 - 2699 BLOCK OF STANTON ROAD SE,400863,132294,8,8A,7,703,Cluster 37,007406 1,7406,Precinct 118,38.85845917,-76.99005696,,403892369,2016-09-16,2016-09-17,20:00:13,00:40:04
-77.04665698,38.90013989,16157633,2016/09/17 09:00:35+00,MIDNIGHT,OTHERS,BURGLARY,800 - 899 BLOCK OF 21ST STREET NW,395953,136921,2,2A,2,207,Cluster 5,010800 1,10800,Precinct 2,38.9001321,-77.04665468,,403892382,2016-09-17,2016-09-17,08:20:49,09:00:04
-76.97688343,38.84372728,16158333,2016/09/18 15:18:06+00,DAY,OTHERS,BURGLARY,1800 - 1916 BLOCK OF MISSISSIPPI AVENUE SE,402007,130658,8,8B,7,704,Cluster 38,007409 3,7409,Precinct 116,38.8437195,-76.97688116,,403892414,2016-09-17,2016-09-18,15:00:33,11:40:44
-77.03272919,38.9466636,16158412,2016/09/18 16:28:19+00,DAY,OTHERS,BURGLARY,4600  - 4699 BLOCK OF 14TH STREET NW,397163,142085,4,4C,4,404,Cluster 18,002501 2,2501,Precinct 48,38.9466558,-77.03272689,,403892422,2016-09-18,2016-09-18,04:30:48,06:30:07
-77.02598918,38.90644316,16163870,2016/09/26 23:40:06+00,EVENING,OTHERS,BURGLARY,1200 - 1299 BLOCK OF 10TH STREET NW,397746,137620,2,2F,3,307,Cluster 7,004902 2,4902,Precinct 129,38.90643537,-77.02598689,,403892425,2016-09-26,2016-09-26,16:15:32,23:39:57
-76.98342908,38.93093852,16164525,2016/09/27 23:08:39+00,EVENING,OTHERS,BURGLARY,1500 - 1599 BLOCK OF KEARNY STREET NE,401437,140339,5,5B,5,504,Cluster 22,009301 1,9301,Precinct 70,38.93093072,-76.9834268,,403892455,2016-09-27,2016-09-27,12:00:02,22:00:38
-77.00546761,38.91259862,16164569,2016/09/27 23:48:57+00,EVENING,OTHERS,BURGLARY,100 - 159 BLOCK OF R STREET NE,399526,138303,5,5E,5,502,Cluster 21,008701 1,8701,Precinct 75,38.91259083,-77.00546533,,403892458,2016-09-27,2016-09-27,09:13:51,09:16:00
-77.03969345,38.91997884,16175781,2016/10/16 08:28:54+00,MIDNIGHT,OTHERS,BURGLARY,2120 - 2323 BLOCK OF ONTARIO ROAD NW,396558,139123,1,1C,3,303,Cluster 1,003800 2,3800,Precinct 24,38.91997105,-77.03969115,,403892483,2016-10-16,2016-10-16,07:40:21,07:46:47
-76.97327986,38.90019119,16165323,2016/09/29 07:18:57+00,MIDNIGHT,OTHERS,BURGLARY,2100 - 2399 BLOCK OF H STREET NE,402318,136926,5,5D,5,507,Cluster 23,008904 1,8904,Precinct 79,38.9001834,-76.97327758,,403892523,2016-09-29,2016-09-29,06:08:22,06:10:47
-77.0413088,38.92161779,16171524,2016/10/09 08:43:10+00,MIDNIGHT,OTHERS,BURGLARY,2300 - 2499 BLOCK OF CHAMPLAIN STREET NW,396418,139305,1,1C,3,303,Cluster 1,003800 1,3800,Precinct 24,38.92161,-77.0413065,ADAMS MORGAN,403892568,2016-10-09,2016-10-09,06:30:56,06:40:57
-77.02509896,38.96495226,16176586,2016/10/17 22:38:55+00,EVENING,OTHERS,BURGLARY,800  - 899 BLOCK OF RITTENHOUSE STREET NW,397825,144115,4,4B,4,402,Cluster 17,001901 2,1901,Precinct 59,38.96494446,-77.02509667,,403892578,2016-10-17,2016-10-17,18:38:02,18:46:35
-77.02452067,38.92747793,16176742,2016/10/17 23:58:48+00,EVENING,OTHERS,BURGLARY,700 - 999 BLOCK OF HOBART PLACE NW,397874,139955,1,1B,3,304,Cluster 2,003100 1,3100,Precinct 37,38.92747014,-77.02451838,,403892590,2016-10-17,2016-10-17,12:15:42,22:29:06
-76.99731625,38.89891503,16215680,2016/12/22 18:17:33+00,DAY,OTHERS,BURGLARY,600 - 699 BLOCK OF G STREET NE,400233,136784,6,6C,1,104,Cluster 25,008302 1,8302,Precinct 84,38.89890724,-76.99731397,,403892613,2016-12-22,2016-12-22,03:40:06,14:30:13
-76.91229206,38.89363026,16216362,2016/12/24 04:57:00+00,MIDNIGHT,OTHERS,BURGLARY,300 - 399 BLOCK OF 62ND STREET NE,407609,136201,7,7C,6,608,Cluster 31,007808 2,7808,Precinct 96,38.89362247,-76.91228981,,403892646,2016-12-23,2016-12-23,20:26:09,21:32:39
-76.99732836,38.88355575,16137477,2016/08/17 01:27:05+00,EVENING,OTHERS,BURGLARY,600 - 699 BLOCK OF SOUTH CAROLINA AVENUE SE,400232,135079,6,6B,1,107,Cluster 26,007000 1,7000,Precinct 90,38.88354797,-76.99732608,,403892669,2016-08-16,2016-08-17,11:30:48,00:20:18
-77.00755459,38.9125985,16143403,2016/08/26 07:57:47+00,MIDNIGHT,OTHERS,BURGLARY,10 - 99 BLOCK OF R STREET NE,399345,138303,5,5E,5,502,Cluster 21,008701 1,8701,Precinct 75,38.91259071,-77.0075523,,403892687,2016-08-26,2016-08-26,06:50:37,06:55:43
-76.9213897,38.89117745,16143637,2016/08/27 11:03:34+00,DAY,OTHERS,BURGLARY,5600 - 5635 BLOCK OF BLAINE STREET NE,406820,135928,7,7C,6,608,Cluster 31,007808 3,7808,Precinct 96,38.89116966,-76.92138745,,403892692,2016-08-26,2016-08-26,11:00:30,18:00:41
-77.05748388,38.95971604,16157055,2016/09/16 17:06:54+00,DAY,OTHERS,BURGLARY,5300  - 5399 BLOCK OF 28TH STREET NW,395018,143535,4,3G,2,201,Cluster 10,001402 2,1402,Precinct 52,38.95970824,-77.05748157,,403892727,2016-09-16,2016-09-16,15:35:06,15:40:45
-76.99751452,38.83321668,16157258,2016/09/16 22:01:43+00,EVENING,OTHERS,BURGLARY,444 - 799 BLOCK OF CONDON TERRACE SE,400216,129491,8,8E,7,706,Cluster 39,009801 1,9801,Precinct 121,38.8332089,-76.99751224,,403892729,2016-09-16,2016-09-16,13:00:03,20:15:35
-76.98334277,38.90543592,16157356,2016/09/17 02:52:58+00,EVENING,OTHERS,BURGLARY,1300 - 1399 BLOCK OF QUEEN STREET NE,401445,137508,5,5D,5,506,Cluster 23,008802 1,8802,Precinct 77,38.90542813,-76.98334049,,403892739,2016-09-16,2016-09-17,23:19:00,00:55:49
-77.10342484,38.93393874,16162923,2016/09/25 11:25:40+00,DAY,OTHERS,BURGLARY,5029 - 5056 BLOCK OF MACOMB STREET NW,391033,140677,3,3D,2,205,Cluster 13,000901 1,901,Precinct 8,38.93393095,-77.10342252,,403892743,2016-09-25,2016-09-25,07:27:11,08:45:01
-77.02901143,38.93868323,16163018,2016/09/25 15:57:16+00,DAY,OTHERS,BURGLARY,1200  - 1299 BLOCK OF RANDOLPH STREET NW,397485,141199,4,4C,4,404,Cluster 18,002502 2,2502,Precinct 47,38.93867544,-77.02900913,,403892751,2016-09-21,2016-09-25,23:30:15,14:45:10
-76.99301321,38.93046205,16163822,2016/09/26 21:27:05+00,EVENING,OTHERS,BURGLARY,900 - 999 BLOCK OF KEARNY STREET NE,400606,140286,5,5B,5,504,Cluster 22,009301 2,9301,Precinct 73,38.93045425,-76.99301093,,403892791,2016-09-26,2016-09-26,17:15:13,17:30:00
-77.00764675,38.91185981,16169184,2016/10/05 17:25:24+00,DAY,OTHERS,BURGLARY,2 - 99 BLOCK OF QUINCY PLACE NE,399337,138221,5,5E,5,502,Cluster 21,008701 1,8701,Precinct 75,38.91185202,-77.00764446,,403892798,2016-10-05,2016-10-05,11:00:08,14:30:10
-77.02600516,38.91864945,16169476,2016/10/06 01:23:28+00,EVENING,OTHERS,BURGLARY,2100 - 2199 BLOCK OF 10TH STREET NW,397745,138975,1,1B,3,305,Cluster 3,004400 1,4400,Precinct 22,38.91864166,-77.02600287,,403892814,2016-10-05,2016-10-06,23:28:10,00:46:37
-77.03166085,38.98275094,16169488,2016/10/06 01:11:16+00,EVENING,OTHERS,BURGLARY,7600  - 7699 BLOCK OF MORNINGSIDE DRIVE NW,397257,146091,4,4A,4,401,Cluster 16,001600 3,1600,Precinct 62,38.98274314,-77.03165856,,403892815,2016-10-05,2016-10-05,18:10:30,22:35:13
-76.99243713,38.92504801,16169591,2016/10/06 05:07:39+00,MIDNIGHT,OTHERS,BURGLARY,2700 - 2799 BLOCK OF 10TH STREET NE,400656,139685,5,5B,5,504,Cluster 22,009302 1,9302,Precinct 74,38.92504022,-76.99243485,,403892821,2016-10-06,2016-10-06,02:51:31,04:40:58
-77.017795,38.9188762,16169971,2016/10/06 22:17:12+00,EVENING,OTHERS,BURGLARY,2100 - 2199 BLOCK OF 4TH STREET NW,398457,139000,1,1B,3,306,Cluster 3,003400 2,3400,Precinct 37,38.91886841,-77.01779271,,403892839,2016-10-02,2016-10-06,00:00:00,21:22:50
-76.98533187,38.9318396,16169984,2016/10/06 22:36:05+00,EVENING,OTHERS,BURGLARY,1400 - 1499 BLOCK OF LAWRENCE STREET NE,401272,140439,5,5B,5,504,Cluster 22,009301 4,9301,Precinct 73,38.93183181,-76.98532959,,403892840,2016-10-06,2016-10-06,21:29:42,22:00:46
-77.01897131,38.96270136,16170040,2016/10/06 23:56:02+00,EVENING,OTHERS,BURGLARY,400  - 499 BLOCK OF PEABODY STREET NW,398356,143865,4,4B,4,402,Cluster 17,001902 1,1902,Precinct 58,38.96269356,-77.01896902,,403892842,2016-10-06,2016-10-06,18:00:26,22:21:41
-76.97014172,38.93360234,16170094,2016/10/07 01:28:37+00,EVENING,OTHERS,BURGLARY,3500 - 3599 BLOCK OF 26TH STREET NE,402589,140635,5,5C,5,503,Cluster 24,009400 3,9400,Precinct 71,38.93359454,-76.97013945,,403892844,2016-10-06,2016-10-07,21:00:41,01:28:33
-77.005641,38.91812072,16175862,2016/10/16 14:54:22+00,DAY,OTHERS,BURGLARY,120 - 139 BLOCK OF V STREET NE,399511,138916,5,5E,5,502,Cluster 21,009203 2,9203,Precinct 74,38.91811293,-77.00563872,,403892856,2016-10-16,2016-10-16,13:30:07,14:50:58
-76.99464674,38.83250491,16181113,2016/10/24 17:35:12+00,DAY,OTHERS,BURGLARY,3900 - 3999 BLOCK OF 8TH STREET SE,400465,129412,8,8E,7,706,Cluster 39,009801 1,9801,Precinct 121,38.83249714,-76.99464446,,403892880,2016-10-21,2016-10-24,22:00:50,16:39:22
-76.93268905,38.87566305,16181318,2016/10/25 00:18:46+00,EVENING,OTHERS,BURGLARY,4600 - 4699 BLOCK OF EASY PLACE SE,405841,134205,7,7E,6,604,Cluster 33,007707 1,7707,Precinct 106,38.87565526,-76.93268679,,403892898,2016-10-24,2016-10-24,11:00:41,20:00:38
-77.03451722,38.94666308,16176496,2016/10/17 17:57:49+00,DAY,OTHERS,BURGLARY,4600  - 4699 BLOCK OF 15TH STREET NW,397008,142085,4,4C,4,404,Cluster 18,002501 2,2501,Precinct 48,38.94665529,-77.03451493,,403892949,2016-10-17,2016-10-17,16:05:36,16:12:15
-77.04346528,38.92170709,16181370,2016/10/25 01:11:13+00,EVENING,OTHERS,BURGLARY,1811 - 1852 BLOCK OF COLUMBIA ROAD NW,396231,139315,1,1C,3,303,Cluster 1,004001 1,4001,Precinct 25,38.9216993,-77.04346298,ADAMS MORGAN,403892957,2016-10-24,2016-10-24,10:50:52,22:20:08
-76.97958804,38.93262247,16149867,2016/09/05 12:00:09+00,DAY,OTHERS,BURGLARY,3400 - 3499 BLOCK OF 18TH STREET NE,401770,140526,5,5B,5,504,Cluster 22,009301 1,9301,Precinct 70,38.93261467,-76.97958577,,403893091,2016-09-05,2016-09-05,10:44:59,11:59:47
-77.01518686,38.90911153,16149881,2016/09/05 13:00:37+00,DAY,OTHERS,BURGLARY,1400 - 1499 BLOCK OF 3RD STREET NW,398683,137916,5,5E,3,308,Cluster 21,004600 2,4600,Precinct 19,38.90910374,-77.01518457,,403893093,2016-09-05,2016-09-05,03:45:49,11:30:31
-77.0281431,38.95968174,16149894,2016/09/05 15:14:54+00,DAY,OTHERS,BURGLARY,5700  - 5899 BLOCK OF GEORGIA AVENUE NW,397561,143530,4,4C,4,403,Cluster 18,002002 2,2002,Precinct 54,38.95967394,-77.0281408,,403893096,2016-09-05,2016-09-05,09:35:41,09:38:46
-76.99731664,38.88868152,16149960,2016/09/05 17:21:28+00,DAY,OTHERS,BURGLARY,600 - 699 BLOCK OF A STREET SE,400233,135648,6,6B,1,107,Cluster 26,006600 1,6600,Precinct 89,38.88867374,-76.99731436,,403893099,2016-09-05,2016-09-05,16:38:40,17:21:25
-76.96844888,38.92771947,16156478,2016/09/15 18:27:58+00,DAY,OTHERS,BURGLARY,2700 - 2799 BLOCK OF HAMLIN STREET NE,402736,139982,5,5C,5,503,Cluster 22,011100 2,11100,Precinct 71,38.92771167,-76.96844661,,403893126,2016-09-14,2016-09-15,23:00:49,17:30:45
-77.03554925,38.91112498,16156485,2016/09/15 19:23:12+00,EVENING,OTHERS,BURGLARY,1500 - 1599 BLOCK OF Q STREET NW,396917,138140,2,2B,3,301,Cluster 6,005201 2,5201,Precinct 16,38.91111719,-77.03554696,,403893127,2016-09-15,2016-09-15,13:45:16,17:30:58
-76.99290053,38.90389647,16156744,2016/09/16 01:47:13+00,EVENING,OTHERS,BURGLARY,908 - 1006 BLOCK OF FLORIDA AVENUE NE,400616,137337,6,6A,5,506,Cluster 25,008410 1,8410,Precinct 82,38.90388868,-76.99289825,,403893132,2016-09-16,2016-09-16,00:38:43,01:47:09
-76.92481017,38.90494448,16156804,2016/09/16 03:32:12+00,MIDNIGHT,OTHERS,BURGLARY,1104 - 1109 BLOCK OF EASTERN AVENUE NE,406522,137456,7,7C,6,602,Cluster 31,007806 1,7806,Precinct 93,38.90493669,-76.92480791,,403893135,2016-09-15,2016-09-16,20:09:49,02:03:58
-77.03281214,38.9013337,16156885,2016/09/16 09:15:39+00,MIDNIGHT,OTHERS,BURGLARY,1400 - 1499 BLOCK OF I STREET NW,397154,137053,2,2C,2,207,Cluster 8,010100 1,10100,Precinct 129,38.90132591,-77.03280985,DOWNTOWN,403893141,2016-09-16,2016-09-16,07:19:01,07:24:22
-76.9594868,38.86891912,16156934,2016/09/16 13:58:54+00,DAY,OTHERS,BURGLARY,3200 - 3299 BLOCK OF PENNSYLVANIA AVENUE SE,403516,133455,7,7B,6,607,Cluster 34,007604 2,7604,Precinct 109,38.86891133,-76.95948453,,403893144,2016-09-15,2016-09-16,22:30:58,10:30:46
-77.00204272,38.89813132,16162842,2016/09/25 07:14:21+00,MIDNIGHT,OTHERS,BURGLARY,600 - 699 BLOCK OF 3RD STREET NE,399823,136697,6,6C,1,104,Cluster 25,008301 1,8301,Precinct 84,38.89812353,-77.00204044,,403893217,2016-09-24,2016-09-25,23:45:11,05:30:54
-77.06792894,38.91475902,16163075,2016/09/25 18:02:06+00,DAY,OTHERS,BURGLARY,1700 - 1799 BLOCK OF 34TH STREET NW,394109,138545,2,2E,2,206,Cluster 4,000202 1,202,Precinct 6,38.91475123,-77.06792664,,403893231,2016-09-25,2016-09-25,04:01:32,11:00:49
-76.98608255,38.86758306,16168382,2016/10/04 10:20:16+00,MIDNIGHT,OTHERS,BURGLARY,1300 - 1399 BLOCK OF T STREET SE,401208,133306,8,8A,6,607,Cluster 34,007601 5,7601,Precinct 140,38.86757528,-76.98608027,,403893241,2016-10-04,2016-10-04,08:46:12,10:19:05
-77.03650871,38.91593513,16168478,2016/10/04 15:37:26+00,DAY,OTHERS,BURGLARY,1900 - 1926 BLOCK OF 16TH STREET NW,396834,138674,2,2B,3,301,Cluster 6,004201 1,4201,Precinct 141,38.91592734,-77.03650641,,403893246,2016-10-04,2016-10-04,04:30:00,13:00:18
-76.98919666,38.92446222,16168921,2016/10/05 02:16:44+00,EVENING,OTHERS,BURGLARY,1200 - 1299 BLOCK OF EVARTS STREET NE,400937,139620,5,5B,5,504,Cluster 22,009302 1,9302,Precinct 73,38.92445442,-76.98919438,,403893266,2016-10-05,2016-10-05,01:28:36,02:16:43
-77.01907839,38.97478139,16169038,2016/10/05 08:24:07+00,MIDNIGHT,OTHERS,BURGLARY,403 - 499 BLOCK OF CEDAR STREET NW,398347,145206,4,4B,4,401,Cluster 17,001702 1,1702,Precinct 63,38.97477359,-77.0190761,,403893271,2016-10-05,2016-10-05,06:00:04,06:48:23
-77.03488073,38.9822816,16169367,2016/10/05 21:46:42+00,EVENING,OTHERS,BURGLARY,1400  - 1499 BLOCK OF IRIS STREET NW,396978,146039,4,4A,4,401,Cluster 16,001600 3,1600,Precinct 62,38.9822738,-77.03487843,,403893284,2016-10-05,2016-10-05,17:30:48,19:30:33
-76.99951809,38.90192385,16169722,2016/10/06 16:02:17+00,DAY,OTHERS,BURGLARY,900 - 999 BLOCK OF 5TH STREET NE,400042,137118,6,6C,5,501,Cluster 25,010600 2,10600,Precinct 83,38.90191606,-76.9995158,,403893304,2016-10-06,2016-10-06,04:00:41,10:30:09
-77.00151302,38.92559775,16180969,2016/10/24 12:44:56+00,DAY,OTHERS,BURGLARY,300 - 399 BLOCK OF FRANKLIN STREET NE,399869,139746,5,5E,5,502,Cluster 21,009204 1,9204,Precinct 74,38.92558996,-77.00151074,,403893351,2016-10-24,2016-10-24,00:00:00,10:50:41
-77.09553019,38.93835953,16186175,2016/11/01 13:15:33+00,DAY,OTHERS,BURGLARY,4800 - 4899 BLOCK OF QUEBEC STREET NW,391718,141167,3,3D,2,205,Cluster 13,000901 3,901,Precinct 9,38.93835174,-77.09552787,,403893370,2016-10-31,2016-11-01,21:00:00,11:35:25
-76.99090769,38.89096032,16186724,2016/11/03 03:32:27+00,MIDNIGHT,OTHERS,BURGLARY,1 - 99 BLOCK OF WALTER HOUP COURT NE,400789,135901,6,6A,1,108,Cluster 26,008100 3,8100,Precinct 85,38.89095253,-76.99090541,,403893396,2016-11-02,2016-11-02,08:05:45,09:59:55
-77.01756064,38.90373321,16192715,2016/11/12 08:55:23+00,MIDNIGHT,OTHERS,BURGLARY,400 497  BLOCK OF L STREET NW,398477,137319,6,6E,1,101,Cluster 8,004701 2,4701,Precinct 1,38.90372542,-77.01755835,MOUNT VERNON TRIANGLE CID,403893421,2016-11-11,2016-11-12,22:00:07,06:15:07
-77.03409274,38.92743049,16155394,2016/09/14 04:28:50+00,MIDNIGHT,OTHERS,BURGLARY,1400 - 1499 BLOCK OF COLUMBIA ROAD NW,397044,139950,1,1A,3,302,Cluster 2,002802 1,2802,Precinct 36,38.9274227,-77.03409044,,403893482,2016-09-13,2016-09-13,20:00:02,21:10:03
-76.99025169,38.8834743,16155399,2016/09/14 01:05:01+00,EVENING,OTHERS,BURGLARY,400 - 499 BLOCK OF 12TH STREET SE,400846,135070,6,6B,1,107,Cluster 26,006900 1,6900,Precinct 91,38.88346652,-76.99024941,,403893483,2016-09-12,2016-09-13,22:00:59,21:00:27
-76.93601039,38.91159932,16155687,2016/09/14 14:34:40+00,DAY,OTHERS,BURGLARY,4500 - 4599 BLOCK OF QUARLES STREET NE,405550,138194,7,7D,6,601,Cluster 29,009601 1,9601,Precinct 92,38.91159152,-76.93600813,,403893493,2016-09-13,2016-09-14,19:00:51,13:00:38
-77.03390235,38.98784896,16155742,2016/09/14 16:40:00+00,DAY,OTHERS,BURGLARY,1400  - 1499 BLOCK OF PRIMROSE ROAD NW,397063,146657,4,4A,4,401,Cluster 16,001600 1,1600,Precinct 62,38.98784116,-77.03390005,,403893497,2016-09-14,2016-09-14,15:43:20,16:00:51
-77.04295555,38.91782469,16156091,2016/09/15 02:44:08+00,EVENING,OTHERS,BURGLARY,1800 - 1899 BLOCK OF CALIFORNIA STREET NW,396275,138884,1,1C,3,303,Cluster 1,004002 2,4002,Precinct 25,38.9178169,-77.04295325,,403893506,2016-09-14,2016-09-15,12:30:54,00:07:00
-76.99114547,38.83253173,16156107,2016/09/15 02:22:07+00,EVENING,OTHERS,BURGLARY,3876 - 3999 BLOCK OF 9TH STREET SE,400769,129415,8,8E,7,706,Cluster 39,009802 1,9802,Precinct 121,38.83252395,-76.9911432,,403893507,2016-09-15,2016-09-15,00:44:15,01:35:55
-77.03851018,38.90689912,16156271,2016/09/15 13:19:27+00,DAY,OTHERS,BURGLARY,1222 - 1299 BLOCK OF 17TH STREET NW,396660,137671,2,2B,2,208,Cluster 6,010700 2,10700,Precinct 17,38.90689134,-77.03850789,,403893517,2016-09-15,,11:05:15,
-76.98264589,38.8791584,16156639,2016/09/15 22:49:09+00,EVENING,OTHERS,BURGLARY,1500 - 1599 BLOCK OF PENNSYLVANIA AVENUE SE,401506,134591,6,6B,1,106,Cluster 26,007100 2,7100,Precinct 91,38.87915061,-76.98264361,CAPITOL HILL,403893531,2016-09-15,2016-09-15,13:05:37,18:57:00
-77.06785095,38.90549848,16162214,2016/09/24 08:39:03+00,MIDNIGHT,OTHERS,BURGLARY,1200 - 1230 BLOCK OF 34TH STREET NW,394115,137517,2,2E,2,206,Cluster 4,000202 3,202,Precinct 6,38.9054907,-77.06784864,,403893537,2016-09-24,2016-09-24,07:04:21,08:39:02
-76.98458802,38.90493163,16162276,2016/09/24 18:51:24+00,DAY,OTHERS,BURGLARY,1300 - 1319 BLOCK OF LEVIS STREET NE,401337,137452,5,5D,5,506,Cluster 23,008802 1,8802,Precinct 77,38.90492384,-76.98458574,,403893542,2016-09-24,2016-09-24,00:30:16,12:00:43
-76.92801586,38.88147969,16162324,2016/09/24 20:06:03+00,EVENING,OTHERS,BURGLARY,5100 - 5299 BLOCK OF F STREET SE,406246,134851,7,7E,6,604,Cluster 33,009905 3,9905,Precinct 104,38.8814719,-76.9280136,,403893548,2016-09-23,2016-09-24,19:30:49,01:30:23
-77.03848961,38.9115024,16174603,2016/10/14 16:51:40+00,DAY,OTHERS,BURGLARY,1600 - 1618 BLOCK OF 17TH STREET NW,396662,138182,2,2B,3,301,Cluster 6,005301 4,5301,Precinct 15,38.91149461,-77.03848731,,403893556,2016-10-14,2016-10-14,04:01:53,14:30:25
-76.94124756,38.90854824,16180611,2016/10/24 00:56:10+00,EVENING,OTHERS,BURGLARY,4300 - 4399 BLOCK OF ORD STREET NE,405096,137855,7,7D,6,601,Cluster 29,009601 1,9601,Precinct 92,38.90854045,-76.94124529,,403893627,2016-10-21,2016-10-23,20:30:39,21:00:25
-76.97808623,38.9031109,16192032,2016/11/11 01:38:13+00,EVENING,OTHERS,BURGLARY,1000 - 1099 BLOCK OF 18TH STREET NE,401901,137250,5,5D,5,507,Cluster 23,008903 1,8903,Precinct 78,38.90310311,-76.97808395,,403893649,2016-11-08,2016-11-08,10:30:27,17:50:51
-76.92646043,38.88101929,16192106,2016/11/11 03:39:27+00,EVENING,OTHERS,BURGLARY,5133 5300  BLOCK OF FITCH STREET SE,406381,134800,7,7E,6,604,Cluster 33,007707 1,7707,Precinct 105,38.8810115,-76.92645817,,403893655,2016-11-11,2016-11-11,02:56:25,03:39:07
-77.01944753,38.93192899,16192445,2016/11/12 04:45:37+00,MIDNIGHT,OTHERS,BURGLARY,400 - 499 BLOCK OF LURAY PLACE NW,398314,140449,1,1A,4,409,Cluster 2,003200 3,3200,Precinct 38,38.9319212,-77.01944523,,403893670,2016-11-08,2016-11-11,19:35:55,21:14:46
-77.01441399,38.90723789,16192859,2016/11/12 17:03:22+00,DAY,OTHERS,BURGLARY,200 - 299 BLOCK OF N STREET NW,398750,137708,6,6E,3,308,Cluster 21,004600 2,4600,Precinct 1,38.9072301,-77.0144117,,403893688,2016-11-12,2016-11-12,02:30:23,15:56:19
-76.96141121,38.86883869,16198752,2016/11/22 19:06:19+00,DAY,OTHERS,BURGLARY,3100 - 3199 BLOCK OF WESTOVER DRIVE SE,403349,133446,7,7B,6,607,Cluster 34,007604 3,7604,Precinct 108,38.86883091,-76.96140894,,403893722,2016-11-22,2016-11-22,16:54:50,19:06:17
-76.99437724,38.89093351,16161870,2016/09/23 23:09:33+00,EVENING,OTHERS,BURGLARY,800 - 899 BLOCK OF A STREET NE,400488,135898,6,6A,1,108,Cluster 26,008100 3,8100,Precinct 85,38.89092572,-76.99437496,,403893869,2016-09-23,2016-09-23,12:45:28,21:05:11
-77.00130536,38.92130079,16161889,2016/09/23 23:06:14+00,EVENING,OTHERS,BURGLARY,300 - 399 BLOCK OF BRYANT STREET NE,399887,139269,5,5E,5,502,Cluster 21,009203 2,9203,Precinct 74,38.921293,-77.00130307,,403893872,2016-09-23,2016-09-23,21:30:30,23:04:42
-76.99243725,38.92390396,16168013,2016/10/03 19:56:33+00,EVENING,OTHERS,BURGLARY,2601 - 2699 BLOCK OF 10TH STREET NE,400656,139558,5,5B,5,504,Cluster 22,009302 1,9302,Precinct 74,38.92389616,-76.99243497,,403893918,2016-10-03,2016-10-03,18:30:29,19:15:27
-76.98825057,38.92719165,16168020,2016/10/03 20:45:52+00,EVENING,OTHERS,BURGLARY,2900 - 2999 BLOCK OF 13TH STREET NE,401019,139923,5,5B,5,504,Cluster 22,009302 1,9302,Precinct 73,38.92718385,-76.98824829,,403893919,2016-10-03,2016-10-03,18:45:07,20:00:44
-77.07715903,38.96258735,16168024,2016/10/03 23:12:19+00,EVENING,OTHERS,BURGLARY,5421 - 5499 BLOCK OF 39TH STREET NW,393313,143855,3,3G,2,201,Cluster 10,001100 1,1100,Precinct 32,38.96257956,-77.07715672,,403893920,2016-10-03,2016-10-03,18:15:37,18:26:25
-77.04776183,38.89735586,16168036,2016/10/03 21:10:03+00,EVENING,OTHERS,BURGLARY,2100 - 2199 BLOCK OF F STREET NW,395857,136612,2,2A,2,207,Cluster 5,010800 3,10800,Precinct 2,38.89734807,-77.04775953,,403893922,2016-09-28,2016-09-28,16:40:38,18:00:58
-77.01893522,38.91372325,16168190,2016/10/04 01:17:43+00,EVENING,OTHERS,BURGLARY,1712 - 1799 BLOCK OF 5TH STREET NW,398358,138428,6,6E,3,308,Cluster 7,004801 1,4801,Precinct 21,38.91371546,-77.01893293,,403893932,2016-10-03,2016-10-03,12:45:29,22:00:31
-77.00351917,38.91593178,16168581,2016/10/04 18:13:19+00,DAY,OTHERS,BURGLARY,1900 - 1921 BLOCK OF 2ND STREET NE,399695,138673,5,5E,5,502,Cluster 21,008701 2,8701,Precinct 75,38.91592399,-77.00351688,,403893943,2016-10-04,2016-10-04,15:00:27,15:30:11
-77.05813109,38.94690596,16174001,2016/10/13 17:38:24+00,DAY,OTHERS,BURGLARY,4400 - 4499 BLOCK OF 29TH STREET NW,394961,142113,3,3F,2,203,Cluster 12,001302 1,1302,Precinct 138,38.94689816,-77.05812878,,403893963,2016-10-13,2016-10-13,16:47:12,16:48:18
-77.00910656,38.87652888,16185524,2016/10/31 16:38:56+00,DAY,OTHERS,BURGLARY,1000 - 1299 BLOCK OF SOUTH CAPITOL STREET,399210,134299,6,6D,1,106,Cluster 9,007200 2,7200,Precinct 128,38.8765211,-77.00910428,SOUTHWEST,403893992,2016-10-30,2016-10-31,23:00:48,11:00:40
-76.97688343,38.84372728,16167468,2016/10/02 20:29:38+00,EVENING,OTHERS,BURGLARY,1800 - 1916 BLOCK OF MISSISSIPPI AVENUE SE,402007,130658,8,8B,7,704,Cluster 38,007409 3,7409,Precinct 116,38.8437195,-76.97688116,,403894272,2016-10-02,2016-10-02,18:59:20,20:29:36
-77.05534748,38.92756649,16167934,2016/10/03 17:51:10+00,DAY,OTHERS,BURGLARY,2806 - 2899 BLOCK OF 27TH STREET NW,395201,139966,3,3C,2,204,Cluster 15,000502 1,502,Precinct 26,38.9275587,-77.05534518,,403894288,2016-10-03,2016-10-03,16:37:14,16:38:45
-77.0013053,38.91811184,16173042,2016/10/12 00:32:14+00,EVENING,OTHERS,BURGLARY,300 - 399 BLOCK OF V STREET NE,399887,138915,5,5E,5,502,Cluster 21,008702 1,8702,Precinct 75,38.91810405,-77.00130302,,403894296,2016-10-11,2016-10-12,13:00:08,00:28:17
-77.02442329,38.94618819,16173156,2016/10/12 04:57:17+00,MIDNIGHT,OTHERS,BURGLARY,800  - 899 BLOCK OF BUCHANAN STREET NW,397883,142032,4,4C,4,407,Cluster 18,002400 2,2400,Precinct 46,38.94618039,-77.02442099,,403894304,2016-10-11,2016-10-11,13:00:17,17:30:34
-76.99619018,38.8300817,16179236,2016/10/21 21:26:47+00,EVENING,OTHERS,BURGLARY,600 - 898 BLOCK OF BRANDYWINE STREET SE,400331,129143,8,8E,7,706,Cluster 39,009802 2,9802,Precinct 125,38.83007392,-76.99618791,,403894357,2016-10-19,2016-10-21,22:00:36,19:40:46
-76.9815016,38.89201319,16179591,2016/10/22 06:20:28+00,MIDNIGHT,OTHERS,BURGLARY,1600 - 1699 BLOCK OF CONSTITUTION AVENUE NE,401605,136018,6,6A,1,108,Cluster 26,008002 1,8002,Precinct 86,38.8920054,-76.98149932,,403894375,2016-10-22,2016-10-22,00:00:00,04:00:00
-77.05398821,38.97534701,16185165,2016/10/30 23:26:22+00,EVENING,OTHERS,BURGLARY,2727  - 2780 BLOCK OF UNICORN LANE NW,395322,145270,4,3G,2,201,Cluster 10,001500 4,1500,Precinct 51,38.97533921,-77.05398591,,403894400,2016-10-30,2016-10-30,03:00:31,11:15:16
-77.05398821,38.97534701,16185171,2016/10/30 22:51:58+00,EVENING,OTHERS,BURGLARY,2727  - 2780 BLOCK OF UNICORN LANE NW,395322,145270,4,3G,2,201,Cluster 10,001500 4,1500,Precinct 51,38.97533921,-77.05398591,,403894401,2016-10-30,2016-10-30,03:00:38,11:15:48
-76.95616335,38.89545663,16215077,2016/12/21 17:40:55+00,DAY,OTHERS,BURGLARY,3400 - 3698 BLOCK OF EADS STREET NE,403803,136401,7,7D,6,603,Cluster 32,009604 2,9604,Precinct 101,38.89544884,-76.95616108,,403896515,2016-12-21,2016-12-21,15:15:39,17:00:19
-77.07653049,38.92525741,16214176,2016/12/20 00:52:29+00,EVENING,OTHERS,BURGLARY,2600 - 3899 BLOCK OF TUNLAW ROAD NW,393364,139711,3,3B,2,204,Cluster 14,000702 3,702,Precinct 11,38.92524962,-77.07652818,,403896751,2016-12-19,2016-12-19,17:15:05,22:15:17
-77.02346631,38.9126054,16214186,2016/12/20 01:32:26+00,EVENING,OTHERS,BURGLARY,800 - 899 BLOCK OF R STREET NW,397965,138304,6,6E,3,307,Cluster 7,004901 1,4901,Precinct 21,38.91259761,-77.02346402,,403896753,2016-12-19,2016-12-19,13:30:19,23:30:57
-76.96937156,38.84702264,16214309,2016/12/20 06:51:14+00,MIDNIGHT,OTHERS,BURGLARY,3400 - 3465 BLOCK OF 25TH STREET SE,402659,131024,8,8B,7,704,Cluster 38,007409 1,7409,Precinct 116,38.84701487,-76.96936929,,403896763,2016-12-20,2016-12-20,04:30:22,04:40:45
-76.93914698,38.87057685,16214845,2016/12/21 05:51:35+00,MIDNIGHT,OTHERS,BURGLARY,4300 - 4399 BLOCK OF BARKER STREET SE,405281,133640,7,7E,6,605,Cluster 32,009902 1,9902,Precinct 106,38.87056906,-76.93914472,,403896868,2016-12-21,2016-12-21,03:10:53,05:20:05
-77.0110019,38.91112086,16214991,2016/12/21 15:08:26+00,DAY,OTHERS,BURGLARY,1 - 99 BLOCK OF Q STREET NW,399046,138139,5,5E,3,308,Cluster 21,004600 1,4600,Precinct 19,38.91111307,-77.01099961,,403896874,2016-12-21,2016-12-21,02:00:50,12:30:03
-76.98729291,38.92975892,16215303,2016/12/22 01:20:31+00,EVENING,OTHERS,BURGLARY,1300 - 1399 BLOCK OF JACKSON STREET NE,401102,140208,5,5B,5,504,Cluster 22,009301 3,9301,Precinct 73,38.92975112,-76.98729063,,403896891,2016-12-21,2016-12-21,13:45:47,23:00:24
-76.94200414,38.89973844,16220520,2017/01/01 02:26:17+00,EVENING,OTHERS,BURGLARY,4200 - 4299 BLOCK OF HAYES STREET NE,405031,136877,7,7D,6,602,Cluster 30,007803 1,7803,Precinct 99,38.89973065,-76.94200188,,403896901,2016-12-13,2016-12-13,14:00:49,16:00:03
-77.06013251,38.91267335,16220583,2017/01/01 00:33:45+00,EVENING,OTHERS,BURGLARY,3000 - 3049 BLOCK OF R STREET NW,394785,138313,2,2E,2,206,Cluster 4,000100 1,100,Precinct 5,38.91266557,-77.06013021,,403896904,2016-12-30,2016-12-31,12:00:49,20:25:36
-77.01317008,38.91409339,16219736,2016/12/30 14:40:33+00,DAY,OTHERS,BURGLARY,100 - 199 BLOCK OF S STREET NW,398858,138469,5,5E,3,308,Cluster 21,003302 1,3302,Precinct 19,38.9140856,-77.0131678,,403897149,2016-12-30,2016-12-30,00:00:29,12:40:15
-76.97828311,38.90019223,16220017,2016/12/31 00:06:52+00,EVENING,OTHERS,BURGLARY,1700 - 1799 BLOCK OF H STREET NE,401884,136926,5,5D,5,507,Cluster 23,008904 2,8904,Precinct 79,38.90018444,-76.97828083,,403897171,2016-12-30,2016-12-30,13:30:31,22:45:55
-76.9884354,38.85417879,16219443,2016/12/29 23:34:56+00,EVENING,OTHERS,BURGLARY,2400 - 2599 BLOCK OF ELVANS ROAD SE,401004,131818,8,8B,7,703,Cluster 37,007406 2,7406,Precinct 118,38.85417101,-76.98843313,,403897532,2016-12-29,2016-12-29,22:38:44,23:34:53
-77.044164,38.91409479,16401810,2016/08/30 15:37:40+00,DAY,OTHERS,BURGLARY,1900 - 1999 BLOCK OF S STREET NW,396170,138470,2,2B,2,208,Cluster 6,004202 2,4202,Precinct 14,38.914087,-77.0441617,,403897652,2016-08-25,2016-08-29,17:00:42,01:30:16
-76.94140133,38.88978389,16218374,2016/12/28 02:50:00+00,EVENING,OTHERS,BURGLARY,4100 - 4276 BLOCK OF EAST CAPITOL STREET,405084,135772,7,7F,6,603,Cluster 32,007703 1,7703,Precinct 103,38.8897761,-76.94139906,,403897846,2016-12-23,2016-12-27,18:00:28,23:00:52
-76.97480325,38.89545313,16218382,2016/12/28 02:28:51+00,EVENING,OTHERS,BURGLARY,400 - 499 BLOCK OF 21ST STREET NE,402186,136400,7,7D,5,507,Cluster 25,007903 1,7903,Precinct 80,38.89544534,-76.97480098,,403897847,2016-12-25,2016-12-28,21:00:59,01:30:25
-76.99025022,38.89418526,16218881,2016/12/29 01:08:40+00,EVENING,OTHERS,BURGLARY,300 - 399 BLOCK OF 12TH STREET NE,400846,136259,6,6A,1,108,Cluster 25,008100 2,8100,Precinct 85,38.89417747,-76.99024794,,403897873,2016-12-28,2016-12-28,13:00:39,23:20:30
-76.95448671,38.88547471,16219137,2016/12/29 14:59:31+00,DAY,OTHERS,BURGLARY,200 - 499 BLOCK OF ANACOSTIA ROAD SE,403949,135293,7,7F,6,603,Cluster 32,007703 3,7703,Precinct 107,38.88546692,-76.95448444,,403897883,2016-12-29,2016-12-29,14:02:37,14:30:23
-76.974457,38.89664216,16216726,2016/12/24 09:38:27+00,MIDNIGHT,OTHERS,BURGLARY,500 - 599 BLOCK OF 21ST STREET NE,402216,136532,7,7D,5,507,Cluster 25,007903 1,7903,Precinct 80,38.89663437,-76.97445473,,403898569,2016-12-24,2016-12-24,08:32:55,08:34:15
-77.0288579,38.90133474,16216835,2016/12/24 18:04:10+00,DAY,OTHERS,BURGLARY,1200 - 1299 BLOCK OF I STREET NW,397497,137053,2,2C,2,209,Cluster 8,010100 1,10100,Precinct 129,38.90132696,-77.0288556,DOWNTOWN,403898944,2016-12-24,2016-12-24,16:32:32,17:04:02
-76.9908974,38.8812673,16216876,2016/12/24 19:22:53+00,DAY,OTHERS,BURGLARY,1100 - 1199 BLOCK OF G STREET SE,400790,134825,6,6B,1,106,Cluster 26,007100 2,7100,Precinct 91,38.88125951,-76.99089512,CAPITOL HILL,403898948,2016-12-23,2016-12-24,20:30:01,15:00:45
-77.00107354,38.84283773,16216902,2016/12/24 19:49:21+00,DAY,OTHERS,BURGLARY,3200 - 3299 BLOCK OF MARTIN LUTHER KING JR AVENUE SE,399907,130559,8,8C,7,707,Cluster 39,010400 1,10400,Precinct 122,38.84282995,-77.00107126,,403898952,2016-12-24,2016-12-24,17:29:03,17:35:16
-76.92693338,38.89186568,16216930,2016/12/24 21:04:32+00,EVENING,OTHERS,BURGLARY,5200 - 5299 BLOCK OF BLAINE STREET NE,406339,136004,7,7C,6,608,Cluster 33,007808 1,7808,Precinct 96,38.89185789,-76.92693112,,403898956,2016-12-24,2016-12-24,19:34:54,21:04:23
-76.93017261,38.90346143,16217392,2016/12/25 23:28:12+00,EVENING,OTHERS,BURGLARY,4920 - 5019 BLOCK OF SHERIFF ROAD NE,406057,137291,7,7C,6,602,Cluster 31,007806 1,7806,Precinct 93,38.90345364,-76.93017035,,403898971,2016-12-25,2016-12-25,22:17:06,23:27:57
-77.03381748,38.93063753,16217592,2016/12/26 11:51:53+00,MIDNIGHT,OTHERS,BURGLARY,1400 - 1499 BLOCK OF PARK ROAD NW,397068,140306,1,1A,3,302,Cluster 2,002802 2,2802,Precinct 39,38.93062973,-77.03381518,,403898975,2016-12-26,2016-12-26,10:30:59,10:38:49
-77.03196393,38.91224305,16217610,2016/12/26 15:00:43+00,DAY,OTHERS,BURGLARY,1618 - 1699 BLOCK OF 14TH STREET NW,397228,138264,2,2F,3,301,Cluster 7,005201 4,5201,Precinct 16,38.91223526,-77.03196163,,403898977,2016-12-25,2016-12-25,12:50:28,13:00:23
